split,week,cluster_id,complaint_count,unique_text_count,novel_count,is_complete_week,weekly_total,proportion
calibration,2024-09-30,0,13,2,0,False,15112,0.0008602435150873478
calibration,2024-09-30,1,118,18,0,False,15112,0.0078083642138697725
calibration,2024-09-30,2,264,50,0,False,15112,0.017469560614081524
calibration,2024-09-30,3,1020,474,0,False,15112,0.06749602964531498
calibration,2024-09-30,4,134,34,2,False,15112,0.008867125463208047
calibration,2024-09-30,5,145,16,0,False,15112,0.00959502382212811
calibration,2024-09-30,6,178,18,0,False,15112,0.011778718898888301
calibration,2024-09-30,7,206,31,0,False,15112,0.01363155108523028
calibration,2024-09-30,8,1235,1198,4,False,15112,0.08172313393329804
calibration,2024-09-30,9,47,9,0,False,15112,0.0031101111699311807
calibration,2024-09-30,10,67,17,2,False,15112,0.004433562731604023
calibration,2024-09-30,11,1039,818,9,False,15112,0.06875330862890418
calibration,2024-09-30,12,1109,900,14,False,15112,0.07338538909475913
calibration,2024-09-30,13,1076,943,21,False,15112,0.07120169401799895
calibration,2024-09-30,14,2948,2420,9,False,15112,0.19507676019057701
calibration,2024-09-30,15,96,4,0,False,15112,0.006352567496029645
calibration,2024-09-30,16,267,21,0,False,15112,0.01766807834833245
calibration,2024-09-30,17,606,357,0,False,15112,0.040100582318687135
calibration,2024-09-30,18,69,19,3,False,15112,0.004565907887771308
calibration,2024-09-30,19,977,456,1,False,15112,0.06465060878771837
calibration,2024-09-30,20,75,4,0,False,15112,0.00496294335627316
calibration,2024-09-30,21,50,8,0,False,15112,0.003308628904182107
calibration,2024-09-30,22,181,25,2,False,15112,0.011977236633139227
calibration,2024-09-30,23,142,16,0,False,15112,0.009396506087877184
calibration,2024-09-30,24,149,28,0,False,15112,0.00985971413446268
calibration,2024-09-30,25,145,19,3,False,15112,0.00959502382212811
calibration,2024-09-30,26,113,15,1,False,15112,0.007477501323451562
calibration,2024-09-30,27,121,18,0,False,15112,0.008006881948120699
calibration,2024-09-30,28,214,21,0,False,15112,0.014160931709899417
calibration,2024-09-30,29,145,30,0,False,15112,0.00959502382212811
calibration,2024-09-30,30,367,138,0,False,15112,0.024285336156696664
calibration,2024-09-30,31,249,15,0,False,15112,0.016476971942826893
calibration,2024-09-30,32,127,18,2,False,15112,0.008403917416622551
calibration,2024-09-30,33,19,6,0,False,15112,0.0012572789835892007
calibration,2024-09-30,34,98,2,0,False,15112,0.00648491265219693
calibration,2024-09-30,35,30,2,0,False,15112,0.0019851773425092643
calibration,2024-09-30,36,709,512,33,False,15112,0.04691635786130228
calibration,2024-09-30,37,169,15,0,False,15112,0.011183165696135521
calibration,2024-09-30,38,166,15,0,False,15112,0.010984647961884595
calibration,2024-09-30,39,229,92,2,False,15112,0.01515352038115405
calibration,2024-10-07,0,23,3,0,True,18288,0.001257655293088364
calibration,2024-10-07,1,161,15,0,True,18288,0.008803587051618548
calibration,2024-10-07,2,431,39,0,True,18288,0.023567366579177604
calibration,2024-10-07,3,1314,538,0,True,18288,0.0718503937007874
calibration,2024-10-07,4,148,28,4,True,18288,0.008092738407699038
calibration,2024-10-07,5,217,22,2,True,18288,0.011865704286964129
calibration,2024-10-07,6,160,24,0,True,18288,0.008748906386701663
calibration,2024-10-07,7,260,32,0,True,18288,0.0142169728783902
calibration,2024-10-07,8,1475,1304,4,True,18288,0.08065398075240594
calibration,2024-10-07,9,24,7,0,True,18288,0.0013123359580052493
calibration,2024-10-07,10,64,15,0,True,18288,0.003499562554680665
calibration,2024-10-07,11,1270,900,3,True,18288,0.06944444444444445
calibration,2024-10-07,12,1345,1189,35,True,18288,0.07354549431321085
calibration,2024-10-07,13,1179,943,25,True,18288,0.06446850393700787
calibration,2024-10-07,14,3228,2577,42,True,18288,0.17650918635170604
calibration,2024-10-07,15,110,5,0,True,18288,0.006014873140857393
calibration,2024-10-07,16,296,20,0,True,18288,0.016185476815398076
calibration,2024-10-07,17,642,313,0,True,18288,0.03510498687664042
calibration,2024-10-07,18,257,36,1,True,18288,0.014052930883639545
calibration,2024-10-07,19,1373,536,0,True,18288,0.07507655293088364
calibration,2024-10-07,20,83,3,0,True,18288,0.0045384951881014875
calibration,2024-10-07,21,79,11,0,True,18288,0.004319772528433945
calibration,2024-10-07,22,246,34,1,True,18288,0.013451443569553806
calibration,2024-10-07,23,147,21,0,True,18288,0.008038057742782153
calibration,2024-10-07,24,216,35,0,True,18288,0.011811023622047244
calibration,2024-10-07,25,206,22,4,True,18288,0.01126421697287839
calibration,2024-10-07,26,210,18,5,True,18288,0.011482939632545932
calibration,2024-10-07,27,212,9,0,True,18288,0.011592300962379702
calibration,2024-10-07,28,224,22,0,True,18288,0.012248468941382326
calibration,2024-10-07,29,154,26,0,True,18288,0.00842082239720035
calibration,2024-10-07,30,470,178,0,True,18288,0.025699912510936132
calibration,2024-10-07,31,352,11,0,True,18288,0.019247594050743656
calibration,2024-10-07,32,246,18,2,True,18288,0.013451443569553806
calibration,2024-10-07,33,18,4,0,True,18288,0.000984251968503937
calibration,2024-10-07,34,96,3,0,True,18288,0.005249343832020997
calibration,2024-10-07,35,26,2,0,True,18288,0.0014216972878390202
calibration,2024-10-07,36,601,445,0,True,18288,0.03286307961504812
calibration,2024-10-07,37,247,11,0,True,18288,0.01350612423447069
calibration,2024-10-07,38,231,28,0,True,18288,0.012631233595800526
calibration,2024-10-07,39,247,108,0,True,18288,0.01350612423447069
calibration,2024-10-14,0,15,1,0,True,16930,0.0008860011813349084
calibration,2024-10-14,1,130,16,0,True,16930,0.00767867690490254
calibration,2024-10-14,2,329,27,0,True,16930,0.01943295924394566
calibration,2024-10-14,3,1142,537,0,True,16930,0.06745422327229769
calibration,2024-10-14,4,164,46,4,True,16930,0.009686946249261665
calibration,2024-10-14,5,227,15,0,True,16930,0.013408151210868281
calibration,2024-10-14,6,176,22,0,True,16930,0.010395747194329593
calibration,2024-10-14,7,270,32,0,True,16930,0.01594802126402835
calibration,2024-10-14,8,1303,1258,4,True,16930,0.07696396928529238
calibration,2024-10-14,9,21,4,0,True,16930,0.0012404016538688717
calibration,2024-10-14,10,144,15,1,True,16930,0.00850561134081512
calibration,2024-10-14,11,1460,1058,0,True,16930,0.08623744831659776
calibration,2024-10-14,12,1296,1151,35,True,16930,0.07655050206733609
calibration,2024-10-14,13,1272,1000,24,True,16930,0.07513290017720024
calibration,2024-10-14,14,3069,2537,11,True,16930,0.18127584170112226
calibration,2024-10-14,15,78,4,0,True,16930,0.004607206142941524
calibration,2024-10-14,16,348,18,0,True,16930,0.020555227406969877
calibration,2024-10-14,17,643,324,72,True,16930,0.03797991730655641
calibration,2024-10-14,18,91,27,1,True,16930,0.005375073833431778
calibration,2024-10-14,19,1212,526,0,True,16930,0.0715888954518606
calibration,2024-10-14,20,46,6,0,True,16930,0.0027170702894270525
calibration,2024-10-14,21,79,31,0,True,16930,0.004666272888363851
calibration,2024-10-14,22,236,33,3,True,16930,0.013939751919669226
calibration,2024-10-14,23,112,13,0,True,16930,0.0066154754873006495
calibration,2024-10-14,24,186,29,0,True,16930,0.010986414648552864
calibration,2024-10-14,25,168,27,0,True,16930,0.009923213230950974
calibration,2024-10-14,26,154,18,2,True,16930,0.009096278795038394
calibration,2024-10-14,27,116,12,0,True,16930,0.006851742468989959
calibration,2024-10-14,28,219,28,0,True,16930,0.012935617247489664
calibration,2024-10-14,29,62,26,0,True,16930,0.003662138216184288
calibration,2024-10-14,30,468,160,0,True,16930,0.027643236857649144
calibration,2024-10-14,31,205,10,0,True,16930,0.012108682811577082
calibration,2024-10-14,32,206,20,4,True,16930,0.012167749556999409
calibration,2024-10-14,33,16,4,0,True,16930,0.0009450679267572357
calibration,2024-10-14,34,52,2,0,True,16930,0.0030714707619610157
calibration,2024-10-14,35,55,2,0,True,16930,0.0032486709982279976
calibration,2024-10-14,36,592,434,0,True,16930,0.03496751329001772
calibration,2024-10-14,37,149,11,0,True,16930,0.008800945067926757
calibration,2024-10-14,38,215,19,3,True,16930,0.012699350265800354
calibration,2024-10-14,39,204,107,0,True,16930,0.012049616066154754
calibration,2024-10-21,0,25,4,0,True,17421,0.0014350496527179841
calibration,2024-10-21,1,59,15,0,True,17421,0.0033867171804144425
calibration,2024-10-21,2,312,22,0,True,17421,0.01790941966592044
calibration,2024-10-21,3,1101,455,0,True,17421,0.06319958670570001
calibration,2024-10-21,4,133,33,0,True,17421,0.007634464152459675
calibration,2024-10-21,5,382,16,0,True,17421,0.021927558693530795
calibration,2024-10-21,6,172,20,0,True,17421,0.00987314161069973
calibration,2024-10-21,7,187,24,0,True,17421,0.01073417140233052
calibration,2024-10-21,8,1455,1408,1,True,17421,0.08351988978818667
calibration,2024-10-21,9,17,7,0,True,17421,0.0009758337638482292
calibration,2024-10-21,10,177,16,2,True,17421,0.010160151541243327
calibration,2024-10-21,11,1408,965,4,True,17421,0.08082199644107686
calibration,2024-10-21,12,1282,1162,4,True,17421,0.07358934619137822
calibration,2024-10-21,13,1331,1038,22,True,17421,0.07640204351070547
calibration,2024-10-21,14,3915,3140,24,True,17421,0.2247287756156363
calibration,2024-10-21,15,72,6,0,True,17421,0.004132942999827794
calibration,2024-10-21,16,360,16,0,True,17421,0.02066471499913897
calibration,2024-10-21,17,619,315,101,True,17421,0.03553182940129729
calibration,2024-10-21,18,77,19,0,True,17421,0.004419952930371391
calibration,2024-10-21,19,1299,568,0,True,17421,0.07456517995522645
calibration,2024-10-21,20,52,4,0,True,17421,0.002984903277653407
calibration,2024-10-21,21,55,12,0,True,17421,0.003157109235979565
calibration,2024-10-21,22,230,20,2,True,17421,0.013202456805005452
calibration,2024-10-21,23,97,11,0,True,17421,0.005567992652545778
calibration,2024-10-21,24,169,20,0,True,17421,0.009700935652373573
calibration,2024-10-21,25,136,20,0,True,17421,0.0078066701107858336
calibration,2024-10-21,26,157,19,4,True,17421,0.00901211181906894
calibration,2024-10-21,27,48,12,0,True,17421,0.002755295333218529
calibration,2024-10-21,28,233,22,0,True,17421,0.01337466276333161
calibration,2024-10-21,29,73,19,0,True,17421,0.004190344985936513
calibration,2024-10-21,30,400,150,0,True,17421,0.022960794443487746
calibration,2024-10-21,31,224,6,0,True,17421,0.012858044888353137
calibration,2024-10-21,32,76,20,0,True,17421,0.004362550944262671
calibration,2024-10-21,33,9,4,0,True,17421,0.0005166178749784743
calibration,2024-10-21,34,29,4,0,True,17421,0.0016646575971528614
calibration,2024-10-21,35,29,2,0,True,17421,0.0016646575971528614
calibration,2024-10-21,36,564,427,0,True,17421,0.03237472016531772
calibration,2024-10-21,37,58,5,0,True,17421,0.0033293151943057228
calibration,2024-10-21,38,248,24,0,True,17421,0.014235692554962402
calibration,2024-10-21,39,151,72,0,True,17421,0.008667699902416623
calibration,2024-10-28,0,4,2,0,True,16490,0.00024257125530624622
calibration,2024-10-28,1,57,14,0,True,16490,0.0034566403881140084
calibration,2024-10-28,2,242,34,1,True,16490,0.014675560946027896
calibration,2024-10-28,3,1119,448,1,True,16490,0.06785930867192237
calibration,2024-10-28,4,110,27,1,True,16490,0.0066707095209217705
calibration,2024-10-28,5,363,14,0,True,16490,0.022013341419041845
calibration,2024-10-28,6,118,12,0,True,16490,0.007155852031534263
calibration,2024-10-28,7,167,19,0,True,16490,0.01012734990903578
calibration,2024-10-28,8,1414,1365,2,True,16490,0.08574893875075804
calibration,2024-10-28,9,17,5,0,True,16490,0.0010309278350515464
calibration,2024-10-28,10,133,12,1,True,16490,0.008065494238932687
calibration,2024-10-28,11,1187,856,8,True,16490,0.07198302001212856
calibration,2024-10-28,12,1215,1068,22,True,16490,0.07368101879927229
calibration,2024-10-28,13,1305,1010,4,True,16490,0.07913887204366282
calibration,2024-10-28,14,3596,2904,29,True,16490,0.21807155852031535
calibration,2024-10-28,15,64,6,0,True,16490,0.0038811400848999394
calibration,2024-10-28,16,328,24,0,True,16490,0.019890842935112188
calibration,2024-10-28,17,549,305,68,True,16490,0.03329290479078229
calibration,2024-10-28,18,71,24,2,True,16490,0.0043056397816858705
calibration,2024-10-28,19,1563,537,0,True,16490,0.0947847180109157
calibration,2024-10-28,20,32,3,0,True,16490,0.0019405700424499697
calibration,2024-10-28,21,49,14,0,True,16490,0.002971497877501516
calibration,2024-10-28,22,174,22,1,True,16490,0.01055184960582171
calibration,2024-10-28,23,75,16,0,True,16490,0.004548211036992117
calibration,2024-10-28,24,164,21,0,True,16490,0.009945421467556094
calibration,2024-10-28,25,185,24,0,True,16490,0.011218920557913887
calibration,2024-10-28,26,116,18,2,True,16490,0.00703456640388114
calibration,2024-10-28,27,43,18,0,True,16490,0.0026076409945421466
calibration,2024-10-28,28,198,20,0,True,16490,0.012007277137659188
calibration,2024-10-28,29,72,29,0,True,16490,0.004366282595512432
calibration,2024-10-28,30,319,143,0,True,16490,0.019345057610673136
calibration,2024-10-28,31,249,8,0,True,16490,0.015100060642813827
calibration,2024-10-28,32,119,26,1,True,16490,0.007216494845360825
calibration,2024-10-28,33,14,5,0,True,16490,0.0008489993935718618
calibration,2024-10-28,34,31,2,0,True,16490,0.0018799272286234082
calibration,2024-10-28,35,24,2,0,True,16490,0.0014554275318374773
calibration,2024-10-28,36,618,421,0,True,16490,0.03747725894481504
calibration,2024-10-28,37,32,6,0,True,16490,0.0019405700424499697
calibration,2024-10-28,38,222,31,12,True,16490,0.013462704669496665
calibration,2024-10-28,39,132,83,0,True,16490,0.008004851425106124
calibration,2024-11-04,0,13,3,0,True,17683,0.0007351693717129446
calibration,2024-11-04,1,46,15,0,True,17683,0.0026013685460611886
calibration,2024-11-04,2,340,38,0,True,17683,0.01922750664480009
calibration,2024-11-04,3,1215,608,0,True,17683,0.06871006051009444
calibration,2024-11-04,4,195,45,2,True,17683,0.01102754057569417
calibration,2024-11-04,5,293,17,0,True,17683,0.016569586608607138
calibration,2024-11-04,6,155,32,1,True,17683,0.00876548097042357
calibration,2024-11-04,7,168,36,0,True,17683,0.009500650342136515
calibration,2024-11-04,8,1542,1430,3,True,17683,0.08720239778318159
calibration,2024-11-04,9,17,5,0,True,17683,0.0009613753322400045
calibration,2024-11-04,10,200,26,3,True,17683,0.011310298026352994
calibration,2024-11-04,11,1366,963,1,True,17683,0.07724933551999096
calibration,2024-11-04,12,1338,1147,41,True,17683,0.07566589379630154
calibration,2024-11-04,13,1279,1017,23,True,17683,0.0723293558785274
calibration,2024-11-04,14,3644,2887,16,True,17683,0.20607363004015156
calibration,2024-11-04,15,79,6,0,True,17683,0.004467567720409433
calibration,2024-11-04,16,261,18,0,True,17683,0.014759938924390658
calibration,2024-11-04,17,624,321,104,True,17683,0.03528812984222134
calibration,2024-11-04,18,97,24,0,True,17683,0.005485494542781202
calibration,2024-11-04,19,1818,522,0,True,17683,0.10281060905954872
calibration,2024-11-04,20,43,4,0,True,17683,0.002431714075665894
calibration,2024-11-04,21,49,11,0,True,17683,0.002771023016456484
calibration,2024-11-04,22,203,39,2,True,17683,0.01147995249674829
calibration,2024-11-04,23,78,12,0,True,17683,0.004411016230277668
calibration,2024-11-04,24,208,23,0,True,17683,0.011762709947407114
calibration,2024-11-04,25,161,28,2,True,17683,0.00910478991121416
calibration,2024-11-04,26,108,17,3,True,17683,0.006107560934230617
calibration,2024-11-04,27,50,19,0,True,17683,0.0028275745065882486
calibration,2024-11-04,28,227,26,0,True,17683,0.012837188259910648
calibration,2024-11-04,29,65,18,0,True,17683,0.003675846858564723
calibration,2024-11-04,30,396,149,0,True,17683,0.022394390092178928
calibration,2024-11-04,31,188,8,0,True,17683,0.010631680144771815
calibration,2024-11-04,32,45,14,1,True,17683,0.002544817055929424
calibration,2024-11-04,33,15,7,0,True,17683,0.0008482723519764746
calibration,2024-11-04,34,54,2,0,True,17683,0.0030537804671153085
calibration,2024-11-04,35,26,2,0,True,17683,0.0014703387434258893
calibration,2024-11-04,36,614,437,0,True,17683,0.034722614940903694
calibration,2024-11-04,37,62,11,1,True,17683,0.0035061923881694284
calibration,2024-11-04,38,286,37,19,True,17683,0.016173726177684783
calibration,2024-11-04,39,115,59,0,True,17683,0.006503421365152972
calibration,2024-11-11,0,16,3,0,True,17582,0.0009100216130133091
calibration,2024-11-11,1,37,16,0,True,17582,0.002104424980093277
calibration,2024-11-11,2,187,28,1,True,17582,0.01063587760209305
calibration,2024-11-11,3,982,472,0,True,17582,0.055852576498691846
calibration,2024-11-11,4,114,34,1,True,17582,0.006483903992719827
calibration,2024-11-11,5,311,18,0,True,17582,0.017688545102946197
calibration,2024-11-11,6,105,22,2,True,17582,0.005972016835399841
calibration,2024-11-11,7,166,41,0,True,17582,0.009441474235013082
calibration,2024-11-11,8,1797,1737,6,True,17582,0.10220680241155727
calibration,2024-11-11,9,18,4,0,True,17582,0.0010237743146399728
calibration,2024-11-11,10,198,15,2,True,17582,0.0112615174610397
calibration,2024-11-11,11,1485,1103,0,True,17582,0.08446138095779775
calibration,2024-11-11,12,1395,1249,11,True,17582,0.07934250938459789
calibration,2024-11-11,13,1385,1058,19,True,17582,0.07877374587646456
calibration,2024-11-11,14,4178,3394,10,True,17582,0.23762939369810032
calibration,2024-11-11,15,58,5,0,True,17582,0.003298828347173245
calibration,2024-11-11,16,291,17,0,True,17582,0.01655101808667956
calibration,2024-11-11,17,702,373,104,True,17582,0.03992719827095893
calibration,2024-11-11,18,71,13,0,True,17582,0.004038220907746559
calibration,2024-11-11,19,1563,522,0,True,17582,0.08889773632123762
calibration,2024-11-11,20,12,3,0,True,17582,0.0006825162097599818
calibration,2024-11-11,21,30,11,0,True,17582,0.0017062905243999545
calibration,2024-11-11,22,159,24,4,True,17582,0.009043339779319759
calibration,2024-11-11,23,70,17,0,True,17582,0.003981344556933227
calibration,2024-11-11,24,139,20,0,True,17582,0.007905812763053122
calibration,2024-11-11,25,196,21,0,True,17582,0.011147764759413037
calibration,2024-11-11,26,90,13,7,True,17582,0.005118871573199863
calibration,2024-11-11,27,48,15,0,True,17582,0.0027300648390399273
calibration,2024-11-11,28,68,15,0,True,17582,0.0038675918553065635
calibration,2024-11-11,29,41,15,0,True,17582,0.0023319303833466043
calibration,2024-11-11,30,343,139,0,True,17582,0.019508588328972815
calibration,2024-11-11,31,155,11,0,True,17582,0.008815834376066431
calibration,2024-11-11,32,63,28,3,True,17582,0.0035832101012399043
calibration,2024-11-11,33,17,8,0,True,17582,0.0009668979638266409
calibration,2024-11-11,34,29,2,0,True,17582,0.0016494141735866226
calibration,2024-11-11,35,15,2,0,True,17582,0.0008531452621999773
calibration,2024-11-11,36,724,406,0,True,17582,0.041178477988852234
calibration,2024-11-11,37,34,7,0,True,17582,0.0019337959276532818
calibration,2024-11-11,38,163,21,4,True,17582,0.009270845182573087
calibration,2024-11-11,39,127,75,0,True,17582,0.007223296553293141
calibration,2024-11-18,0,32,3,0,True,18827,0.001699686620279386
calibration,2024-11-18,1,43,15,0,True,18827,0.002283953896000425
calibration,2024-11-18,2,338,45,12,True,18827,0.017952939926701016
calibration,2024-11-18,3,1385,688,0,True,18827,0.07356456153396718
calibration,2024-11-18,4,119,30,0,True,18827,0.0063207096191639665
calibration,2024-11-18,5,358,19,0,True,18827,0.01901524406437563
calibration,2024-11-18,6,212,23,0,True,18827,0.011260423859350933
calibration,2024-11-18,7,234,49,0,True,18827,0.01242895841079301
calibration,2024-11-18,8,1594,1482,24,True,18827,0.08466563977266692
calibration,2024-11-18,9,26,6,0,True,18827,0.0013809953789770011
calibration,2024-11-18,10,396,26,2,True,18827,0.0210336219259574
calibration,2024-11-18,11,1555,1003,6,True,18827,0.08259414670420141
calibration,2024-11-18,12,1400,1232,20,True,18827,0.07436128963722313
calibration,2024-11-18,13,1350,1039,25,True,18827,0.0717055292930366
calibration,2024-11-18,14,4334,3533,22,True,18827,0.23020130663408933
calibration,2024-11-18,15,43,8,0,True,18827,0.002283953896000425
calibration,2024-11-18,16,200,22,0,True,18827,0.010623041376746162
calibration,2024-11-18,17,497,242,114,True,18827,0.026398257821214213
calibration,2024-11-18,18,143,18,0,True,18827,0.007595474584373506
calibration,2024-11-18,19,1342,590,0,True,18827,0.07128060763796674
calibration,2024-11-18,20,17,6,0,True,18827,0.0009029585170234238
calibration,2024-11-18,21,58,10,0,True,18827,0.0030806819992563873
calibration,2024-11-18,22,198,27,1,True,18827,0.0105168109629787
calibration,2024-11-18,23,133,15,0,True,18827,0.007064322515536198
calibration,2024-11-18,24,152,26,0,True,18827,0.008073511446327083
calibration,2024-11-18,25,210,42,1,True,18827,0.011154193445583471
calibration,2024-11-18,26,139,17,2,True,18827,0.007383013756838583
calibration,2024-11-18,27,51,16,0,True,18827,0.0027088755510702714
calibration,2024-11-18,28,222,22,0,True,18827,0.01179157592818824
calibration,2024-11-18,29,140,16,4,True,18827,0.007436128963722314
calibration,2024-11-18,30,475,174,0,True,18827,0.025229723269772134
calibration,2024-11-18,31,280,18,0,True,18827,0.014872257927444628
calibration,2024-11-18,32,60,16,4,True,18827,0.0031869124130238487
calibration,2024-11-18,33,11,3,0,True,18827,0.000584267275721039
calibration,2024-11-18,34,22,2,0,True,18827,0.001168534551442078
calibration,2024-11-18,35,57,2,0,True,18827,0.0030275667923726564
calibration,2024-11-18,36,591,396,0,True,18827,0.03139108726828491
calibration,2024-11-18,37,32,5,0,True,18827,0.001699686620279386
calibration,2024-11-18,38,233,20,0,True,18827,0.01237584320390928
calibration,2024-11-18,39,145,78,0,True,18827,0.007701704998140968
calibration,2024-11-25,0,48,4,0,True,16032,0.0029940119760479044
calibration,2024-11-25,1,82,18,0,True,16032,0.005114770459081836
calibration,2024-11-25,2,307,43,14,True,16032,0.019149201596806387
calibration,2024-11-25,3,1132,521,0,True,16032,0.07060878243512975
calibration,2024-11-25,4,94,27,0,True,16032,0.005863273453093812
calibration,2024-11-25,5,300,15,0,True,16032,0.0187125748502994
calibration,2024-11-25,6,176,14,0,True,16032,0.010978043912175649
calibration,2024-11-25,7,214,39,0,True,16032,0.013348303393213573
calibration,2024-11-25,8,1284,1231,7,True,16032,0.08008982035928144
calibration,2024-11-25,9,25,5,0,True,16032,0.00155938123752495
calibration,2024-11-25,10,237,15,1,True,16032,0.014782934131736527
calibration,2024-11-25,11,1136,786,3,True,16032,0.07085828343313373
calibration,2024-11-25,12,1104,958,17,True,16032,0.0688622754491018
calibration,2024-11-25,13,1044,824,15,True,16032,0.06511976047904192
calibration,2024-11-25,14,4073,3271,22,True,16032,0.25405439121756485
calibration,2024-11-25,15,35,4,0,True,16032,0.00218313373253493
calibration,2024-11-25,16,221,19,0,True,16032,0.013784930139720559
calibration,2024-11-25,17,474,248,77,True,16032,0.029565868263473054
calibration,2024-11-25,18,109,20,1,True,16032,0.0067989021956087825
calibration,2024-11-25,19,1079,394,0,True,16032,0.06730289421157684
calibration,2024-11-25,20,15,3,0,True,16032,0.0009356287425149701
calibration,2024-11-25,21,20,6,0,True,16032,0.00124750499001996
calibration,2024-11-25,22,153,13,3,True,16032,0.009543413173652695
calibration,2024-11-25,23,94,13,0,True,16032,0.005863273453093812
calibration,2024-11-25,24,129,28,0,True,16032,0.008046407185628742
calibration,2024-11-25,25,100,22,0,True,16032,0.0062375249500998
calibration,2024-11-25,26,109,18,3,True,16032,0.0067989021956087825
calibration,2024-11-25,27,46,12,0,True,16032,0.002869261477045908
calibration,2024-11-25,28,251,32,0,True,16032,0.0156561876247505
calibration,2024-11-25,29,95,10,9,True,16032,0.00592564870259481
calibration,2024-11-25,30,399,132,0,True,16032,0.024887724550898202
calibration,2024-11-25,31,274,9,0,True,16032,0.017090818363273454
calibration,2024-11-25,32,41,22,1,True,16032,0.002557385229540918
calibration,2024-11-25,33,17,3,0,True,16032,0.0010603792415169661
calibration,2024-11-25,34,18,3,1,True,16032,0.001122754491017964
calibration,2024-11-25,35,10,2,0,True,16032,0.00062375249500998
calibration,2024-11-25,36,743,408,0,True,16032,0.04634481037924152
calibration,2024-11-25,37,39,6,0,True,16032,0.0024326347305389222
calibration,2024-11-25,38,203,20,2,True,16032,0.012662175648702595
calibration,2024-11-25,39,102,40,0,True,16032,0.006362275449101796
calibration,2024-12-02,0,40,2,0,True,20267,0.0019736517491488626
calibration,2024-12-02,1,62,10,0,True,20267,0.003059160211180737
calibration,2024-12-02,2,246,34,5,True,20267,0.012137958257265505
calibration,2024-12-02,3,1574,721,0,True,20267,0.07766319632900774
calibration,2024-12-02,4,114,27,0,True,20267,0.005624907485074259
calibration,2024-12-02,5,373,16,0,True,20267,0.018404302560813143
calibration,2024-12-02,6,144,22,0,True,20267,0.007105146296935905
calibration,2024-12-02,7,297,45,0,True,20267,0.014654364237430306
calibration,2024-12-02,8,1726,1576,11,True,20267,0.08516307297577343
calibration,2024-12-02,9,19,6,0,True,20267,0.0009374845808457098
calibration,2024-12-02,10,449,23,2,True,20267,0.022154240884195982
calibration,2024-12-02,11,1560,1005,7,True,20267,0.07697241821680564
calibration,2024-12-02,12,1345,1231,18,True,20267,0.06636404006513051
calibration,2024-12-02,13,1524,1182,31,True,20267,0.07519613164257166
calibration,2024-12-02,14,4891,3922,11,True,20267,0.24132826762717718
calibration,2024-12-02,15,22,8,0,True,20267,0.0010855084620318746
calibration,2024-12-02,16,205,21,0,True,20267,0.01011496521438792
calibration,2024-12-02,17,722,336,144,True,20267,0.03562441407213697
calibration,2024-12-02,18,196,24,1,True,20267,0.009670893570829427
calibration,2024-12-02,19,1463,617,0,True,20267,0.07218631272511965
calibration,2024-12-02,20,14,6,0,True,20267,0.000690778112202102
calibration,2024-12-02,21,51,10,0,True,20267,0.0025164059801648
calibration,2024-12-02,22,155,20,1,True,20267,0.007647900527951843
calibration,2024-12-02,23,106,17,0,True,20267,0.0052301771352444865
calibration,2024-12-02,24,177,26,0,True,20267,0.008733408989983718
calibration,2024-12-02,25,210,24,0,True,20267,0.010361671683031528
calibration,2024-12-02,26,109,11,1,True,20267,0.005378201016430651
calibration,2024-12-02,27,42,16,0,True,20267,0.0020723343366063057
calibration,2024-12-02,28,274,23,0,True,20267,0.01351951448166971
calibration,2024-12-02,29,161,31,2,True,20267,0.007943948290324172
calibration,2024-12-02,30,423,136,0,True,20267,0.020871367247249223
calibration,2024-12-02,31,242,9,0,True,20267,0.011940593082350619
calibration,2024-12-02,32,50,18,1,True,20267,0.0024670646864360783
calibration,2024-12-02,33,11,4,0,True,20267,0.0005427542310159373
calibration,2024-12-02,34,25,1,0,True,20267,0.0012335323432180391
calibration,2024-12-02,35,22,2,0,True,20267,0.0010855084620318746
calibration,2024-12-02,36,689,456,0,True,20267,0.03399615137908916
calibration,2024-12-02,37,46,10,0,True,20267,0.002269699511521192
calibration,2024-12-02,38,316,26,3,True,20267,0.015591848818276015
calibration,2024-12-02,39,172,66,0,True,20267,0.008486702521340109
calibration,2024-12-09,0,21,2,0,True,20179,0.001040685861539224
calibration,2024-12-09,1,86,16,0,True,20179,0.004261856385351107
calibration,2024-12-09,2,265,38,12,True,20179,0.013132464443233065
calibration,2024-12-09,3,1301,625,0,True,20179,0.06447296694583478
calibration,2024-12-09,4,118,31,0,True,20179,0.0058476634124584965
calibration,2024-12-09,5,344,18,0,True,20179,0.01704742554140443
calibration,2024-12-09,6,211,22,0,True,20179,0.010456415084989346
calibration,2024-12-09,7,243,38,0,True,20179,0.012042222112096735
calibration,2024-12-09,8,1661,1520,21,True,20179,0.0823132960007929
calibration,2024-12-09,9,32,6,0,True,20179,0.0015858070271073889
calibration,2024-12-09,10,390,18,2,True,20179,0.0193270231428713
calibration,2024-12-09,11,1599,991,11,True,20179,0.07924079488577233
calibration,2024-12-09,12,1368,1242,11,True,20179,0.06779325040884088
calibration,2024-12-09,13,1421,1089,22,True,20179,0.07041974329748749
calibration,2024-12-09,14,5168,4023,13,True,20179,0.2561078348778433
calibration,2024-12-09,15,30,4,0,True,20179,0.0014866940879131772
calibration,2024-12-09,16,313,21,0,True,20179,0.015511174983894148
calibration,2024-12-09,17,701,346,180,True,20179,0.03473908518757124
calibration,2024-12-09,18,167,26,2,True,20179,0.008275930422716685
calibration,2024-12-09,19,1230,484,0,True,20179,0.06095445760444026
calibration,2024-12-09,20,29,4,0,True,20179,0.001437137618316071
calibration,2024-12-09,21,42,8,0,True,20179,0.002081371723078448
calibration,2024-12-09,22,173,16,1,True,20179,0.008573269240299322
calibration,2024-12-09,23,153,17,0,True,20179,0.007582139848357203
calibration,2024-12-09,24,148,32,0,True,20179,0.0073343575003716735
calibration,2024-12-09,25,160,17,0,True,20179,0.007929035135536944
calibration,2024-12-09,26,130,14,1,True,20179,0.006442341047623768
calibration,2024-12-09,27,40,13,0,True,20179,0.001982258783884236
calibration,2024-12-09,28,230,20,0,True,20179,0.011397988007334358
calibration,2024-12-09,29,222,38,9,True,20179,0.01100153625055751
calibration,2024-12-09,30,435,159,0,True,20179,0.021557064274741067
calibration,2024-12-09,31,296,14,0,True,20179,0.014668715000743347
calibration,2024-12-09,32,67,27,2,True,20179,0.0033202834630060955
calibration,2024-12-09,33,18,6,0,True,20179,0.0008920164527479063
calibration,2024-12-09,34,32,1,0,True,20179,0.0015858070271073889
calibration,2024-12-09,35,28,2,0,True,20179,0.0013875811487189652
calibration,2024-12-09,36,681,441,0,True,20179,0.03374795579562912
calibration,2024-12-09,37,56,5,0,True,20179,0.0027751622974379305
calibration,2024-12-09,38,404,28,5,True,20179,0.020020813717230784
calibration,2024-12-09,39,166,83,0,True,20179,0.00822637395311958
calibration,2024-12-16,0,14,3,0,True,19112,0.0007325240686479698
calibration,2024-12-16,1,127,16,0,True,19112,0.006645039765592298
calibration,2024-12-16,2,222,43,14,True,19112,0.011615738802846378
calibration,2024-12-16,3,1277,649,0,True,19112,0.06681665969024697
calibration,2024-12-16,4,112,26,0,True,19112,0.0058601925491837585
calibration,2024-12-16,5,299,17,0,True,19112,0.015644621180410212
calibration,2024-12-16,6,175,31,0,True,19112,0.009156550858099624
calibration,2024-12-16,7,182,40,0,True,19112,0.009522812892423608
calibration,2024-12-16,8,1805,1713,6,True,19112,0.09444328170782754
calibration,2024-12-16,9,17,4,0,True,19112,0.0008894935119296777
calibration,2024-12-16,10,354,19,0,True,19112,0.018522394307241525
calibration,2024-12-16,11,1429,975,0,True,19112,0.0747697781498535
calibration,2024-12-16,12,1506,1329,9,True,19112,0.07879866052741732
calibration,2024-12-16,13,1399,1099,14,True,19112,0.07320008371703642
calibration,2024-12-16,14,4681,3615,50,True,19112,0.24492465466722477
calibration,2024-12-16,15,37,5,0,True,19112,0.0019359564671410632
calibration,2024-12-16,16,177,16,0,True,19112,0.009261197153620762
calibration,2024-12-16,17,669,386,116,True,19112,0.03500418585182084
calibration,2024-12-16,18,135,22,0,True,19112,0.007063624947676852
calibration,2024-12-16,19,1354,528,0,True,19112,0.0708455420678108
calibration,2024-12-16,20,21,5,0,True,19112,0.0010987861029719548
calibration,2024-12-16,21,49,12,0,True,19112,0.0025638342402678946
calibration,2024-12-16,22,186,24,3,True,19112,0.009732105483465885
calibration,2024-12-16,23,143,28,0,True,19112,0.007482210129761406
calibration,2024-12-16,24,185,23,0,True,19112,0.009679782335705316
calibration,2024-12-16,25,97,20,0,True,19112,0.00507534533277522
calibration,2024-12-16,26,118,13,3,True,19112,0.006174131435747175
calibration,2024-12-16,27,29,13,0,True,19112,0.001517371285056509
calibration,2024-12-16,28,194,16,0,True,19112,0.01015069066555044
calibration,2024-12-16,29,144,22,10,True,19112,0.007534533277521975
calibration,2024-12-16,30,415,170,1,True,19112,0.02171410632063625
calibration,2024-12-16,31,257,9,0,True,19112,0.013447048974466304
calibration,2024-12-16,32,147,27,2,True,19112,0.0076915027208036835
calibration,2024-12-16,33,15,3,0,True,19112,0.0007848472164085392
calibration,2024-12-16,34,12,1,0,True,19112,0.0006278777731268313
calibration,2024-12-16,35,30,2,0,True,19112,0.0015696944328170784
calibration,2024-12-16,36,541,392,0,True,19112,0.02830682293846798
calibration,2024-12-16,37,136,9,0,True,19112,0.007115948095437421
calibration,2024-12-16,38,217,18,1,True,19112,0.011354123064043533
calibration,2024-12-16,39,205,79,0,True,19112,0.010726245290916701
calibration,2024-12-23,0,21,1,0,True,15816,0.0013277693474962064
calibration,2024-12-23,1,165,16,0,True,15816,0.01043247344461305
calibration,2024-12-23,2,157,29,0,True,15816,0.009926656550328782
calibration,2024-12-23,3,937,446,0,True,15816,0.05924380374304502
calibration,2024-12-23,4,54,21,0,True,15816,0.0034142640364188165
calibration,2024-12-23,5,265,14,0,True,15816,0.016755184623166414
calibration,2024-12-23,6,157,21,0,True,15816,0.009926656550328782
calibration,2024-12-23,7,142,19,0,True,15816,0.008978249873545776
calibration,2024-12-23,8,1471,1414,19,True,15816,0.09300708143651998
calibration,2024-12-23,9,14,4,0,True,15816,0.0008851795649974709
calibration,2024-12-23,10,290,13,0,True,15816,0.018335862417804754
calibration,2024-12-23,11,1020,653,3,True,15816,0.06449165402124431
calibration,2024-12-23,12,1297,1126,24,True,15816,0.08200556398583712
calibration,2024-12-23,13,1135,884,12,True,15816,0.07176277187658067
calibration,2024-12-23,14,3727,2934,13,True,15816,0.23564744562468387
calibration,2024-12-23,15,45,5,0,True,15816,0.0028452200303490135
calibration,2024-12-23,16,130,25,0,True,15816,0.008219524532119373
calibration,2024-12-23,17,420,222,83,True,15816,0.026555386949924126
calibration,2024-12-23,18,79,18,0,True,15816,0.004994941831057157
calibration,2024-12-23,19,1240,480,0,True,15816,0.07840161861406171
calibration,2024-12-23,20,18,4,0,True,15816,0.0011380880121396055
calibration,2024-12-23,21,33,8,0,True,15816,0.00208649468892261
calibration,2024-12-23,22,164,27,0,True,15816,0.010369246332827516
calibration,2024-12-23,23,87,14,0,True,15816,0.005500758725341426
calibration,2024-12-23,24,127,28,0,True,15816,0.008029843196762771
calibration,2024-12-23,25,134,24,0,True,15816,0.008472432979261507
calibration,2024-12-23,26,72,12,0,True,15816,0.004552352048558422
calibration,2024-12-23,27,33,15,0,True,15816,0.00208649468892261
calibration,2024-12-23,28,159,21,0,True,15816,0.010053110773899848
calibration,2024-12-23,29,153,21,13,True,15816,0.009673748103186646
calibration,2024-12-23,30,335,113,0,True,15816,0.021181082448153768
calibration,2024-12-23,31,275,12,0,True,15816,0.01738745574102175
calibration,2024-12-23,32,171,20,1,True,15816,0.010811836115326252
calibration,2024-12-23,33,14,3,0,True,15816,0.0008851795649974709
calibration,2024-12-23,34,15,1,0,True,15816,0.0009484066767830046
calibration,2024-12-23,35,17,2,0,True,15816,0.0010748609003540719
calibration,2024-12-23,36,640,416,0,True,15816,0.04046535154274153
calibration,2024-12-23,37,171,7,0,True,15816,0.010811836115326252
calibration,2024-12-23,38,207,16,3,True,15816,0.013088012139605462
calibration,2024-12-23,39,225,52,1,True,15816,0.014226100151745068
calibration,2024-12-30,0,0,0,0,False,4861,0.0
calibration,2024-12-30,1,32,6,0,False,4861,0.006583007611602551
calibration,2024-12-30,2,89,14,0,False,4861,0.018308989919769595
calibration,2024-12-30,3,200,112,0,False,4861,0.04114379757251594
calibration,2024-12-30,4,24,5,0,False,4861,0.004937255708701913
calibration,2024-12-30,5,73,6,0,False,4861,0.01501748611396832
calibration,2024-12-30,6,19,7,0,False,4861,0.003908660769389015
calibration,2024-12-30,7,18,9,0,False,4861,0.003702941781526435
calibration,2024-12-30,8,554,539,0,False,4861,0.11396831927586916
calibration,2024-12-30,9,8,5,0,False,4861,0.0016457519029006377
calibration,2024-12-30,10,98,13,0,False,4861,0.020160460810532813
calibration,2024-12-30,11,363,274,0,False,4861,0.07467599259411643
calibration,2024-12-30,12,470,428,0,False,4861,0.09668792429541247
calibration,2024-12-30,13,423,355,4,False,4861,0.08701913186587122
calibration,2024-12-30,14,1153,958,0,False,4861,0.2371939930055544
calibration,2024-12-30,15,20,4,0,False,4861,0.004114379757251594
calibration,2024-12-30,16,38,5,0,False,4861,0.00781732153877803
calibration,2024-12-30,17,210,95,70,False,4861,0.04320098745114174
calibration,2024-12-30,18,56,7,0,False,4861,0.011520263320304465
calibration,2024-12-30,19,280,132,0,False,4861,0.05760131660152232
calibration,2024-12-30,20,9,3,0,False,4861,0.0018514708907632176
calibration,2024-12-30,21,7,5,0,False,4861,0.001440032915038058
calibration,2024-12-30,22,31,6,0,False,4861,0.006377288623739971
calibration,2024-12-30,23,8,4,0,False,4861,0.0016457519029006377
calibration,2024-12-30,24,29,9,0,False,4861,0.005965850648014812
calibration,2024-12-30,25,47,9,0,False,4861,0.009668792429541247
calibration,2024-12-30,26,17,5,0,False,4861,0.003497222793663855
calibration,2024-12-30,27,4,2,0,False,4861,0.0008228759514503189
calibration,2024-12-30,28,11,5,0,False,4861,0.002262908866488377
calibration,2024-12-30,29,35,9,1,False,4861,0.00720016457519029
calibration,2024-12-30,30,78,40,0,False,4861,0.016046081053281216
calibration,2024-12-30,31,84,5,0,False,4861,0.017280394980456696
calibration,2024-12-30,32,50,6,0,False,4861,0.010285949393128985
calibration,2024-12-30,33,3,2,0,False,4861,0.0006171569635877391
calibration,2024-12-30,34,9,1,0,False,4861,0.0018514708907632176
calibration,2024-12-30,35,3,1,0,False,4861,0.0006171569635877391
calibration,2024-12-30,36,172,131,0,False,4861,0.035383665912363714
calibration,2024-12-30,37,56,7,0,False,4861,0.011520263320304465
calibration,2024-12-30,38,28,7,0,False,4861,0.005760131660152232
calibration,2024-12-30,39,52,20,0,False,4861,0.010697387368854146
fit,2022-12-26,0,0,0,0,False,467,0.0
fit,2022-12-26,1,0,0,0,False,467,0.0
fit,2022-12-26,2,0,0,0,False,467,0.0
fit,2022-12-26,3,16,8,0,False,467,0.034261241970021415
fit,2022-12-26,4,0,0,0,False,467,0.0
fit,2022-12-26,5,0,0,0,False,467,0.0
fit,2022-12-26,6,0,0,0,False,467,0.0
fit,2022-12-26,7,0,0,0,False,467,0.0
fit,2022-12-26,8,58,58,0,False,467,0.12419700214132762
fit,2022-12-26,9,0,0,0,False,467,0.0
fit,2022-12-26,10,0,0,0,False,467,0.0
fit,2022-12-26,11,22,20,0,False,467,0.047109207708779445
fit,2022-12-26,12,70,59,0,False,467,0.14989293361884368
fit,2022-12-26,13,68,63,0,False,467,0.145610278372591
fit,2022-12-26,14,69,55,0,False,467,0.14775160599571735
fit,2022-12-26,15,0,0,0,False,467,0.0
fit,2022-12-26,16,1,1,0,False,467,0.0021413276231263384
fit,2022-12-26,17,124,75,0,False,467,0.26552462526766596
fit,2022-12-26,18,0,0,0,False,467,0.0
fit,2022-12-26,19,7,5,0,False,467,0.014989293361884369
fit,2022-12-26,20,0,0,0,False,467,0.0
fit,2022-12-26,21,0,0,0,False,467,0.0
fit,2022-12-26,22,0,0,0,False,467,0.0
fit,2022-12-26,23,0,0,0,False,467,0.0
fit,2022-12-26,24,0,0,0,False,467,0.0
fit,2022-12-26,25,0,0,0,False,467,0.0
fit,2022-12-26,26,0,0,0,False,467,0.0
fit,2022-12-26,27,2,1,0,False,467,0.004282655246252677
fit,2022-12-26,28,0,0,0,False,467,0.0
fit,2022-12-26,29,0,0,0,False,467,0.0
fit,2022-12-26,30,0,0,0,False,467,0.0
fit,2022-12-26,31,0,0,0,False,467,0.0
fit,2022-12-26,32,1,1,0,False,467,0.0021413276231263384
fit,2022-12-26,33,0,0,0,False,467,0.0
fit,2022-12-26,34,0,0,0,False,467,0.0
fit,2022-12-26,35,0,0,0,False,467,0.0
fit,2022-12-26,36,29,27,0,False,467,0.06209850107066381
fit,2022-12-26,37,0,0,0,False,467,0.0
fit,2022-12-26,38,0,0,0,False,467,0.0
fit,2022-12-26,39,0,0,0,False,467,0.0
fit,2023-01-02,0,20,3,1,True,8337,0.0023989444644356484
fit,2023-01-02,1,11,6,0,True,8337,0.0013194194554396067
fit,2023-01-02,2,14,3,0,True,8337,0.0016792611251049538
fit,2023-01-02,3,219,150,0,True,8337,0.02626844188557035
fit,2023-01-02,4,80,46,0,True,8337,0.009595777857742594
fit,2023-01-02,5,12,6,0,True,8337,0.0014393666786613889
fit,2023-01-02,6,119,85,0,True,8337,0.014273719563392108
fit,2023-01-02,7,12,9,0,True,8337,0.0014393666786613889
fit,2023-01-02,8,1031,1018,4,True,8337,0.12366558714165767
fit,2023-01-02,9,26,4,0,True,8337,0.0031186278037663427
fit,2023-01-02,10,16,4,0,True,8337,0.0019191555715485187
fit,2023-01-02,11,846,663,3,True,8337,0.10147535084562792
fit,2023-01-02,12,850,741,0,True,8337,0.10195513973851505
fit,2023-01-02,13,955,893,0,True,8337,0.1145495981768022
fit,2023-01-02,14,1624,1344,17,True,8337,0.19479429051217464
fit,2023-01-02,15,22,3,0,True,8337,0.0026388389108792133
fit,2023-01-02,16,4,2,0,True,8337,0.00047978889288712967
fit,2023-01-02,17,1090,797,0,True,8337,0.13074247331174282
fit,2023-01-02,18,28,16,0,True,8337,0.0033585222502099076
fit,2023-01-02,19,346,153,0,True,8337,0.04150173923473672
fit,2023-01-02,20,10,1,0,True,8337,0.0011994722322178242
fit,2023-01-02,21,20,2,0,True,8337,0.0023989444644356484
fit,2023-01-02,22,145,89,0,True,8337,0.017392347367158452
fit,2023-01-02,23,2,1,1,True,8337,0.00023989444644356483
fit,2023-01-02,24,22,14,1,True,8337,0.0026388389108792133
fit,2023-01-02,25,101,60,0,True,8337,0.012114669545400024
fit,2023-01-02,26,49,8,0,True,8337,0.005877413937867338
fit,2023-01-02,27,16,3,1,True,8337,0.0019191555715485187
fit,2023-01-02,28,3,1,0,True,8337,0.0003598416696653472
fit,2023-01-02,29,34,25,0,True,8337,0.004078205589540602
fit,2023-01-02,30,47,34,0,True,8337,0.005637519491423774
fit,2023-01-02,31,6,2,0,True,8337,0.0007196833393306944
fit,2023-01-02,32,13,9,0,True,8337,0.0015593139018831713
fit,2023-01-02,33,32,1,0,True,8337,0.0038383111430970373
fit,2023-01-02,34,101,2,0,True,8337,0.012114669545400024
fit,2023-01-02,35,0,0,0,True,8337,0.0
fit,2023-01-02,36,381,305,0,True,8337,0.0456998920474991
fit,2023-01-02,37,10,3,0,True,8337,0.0011994722322178242
fit,2023-01-02,38,8,5,0,True,8337,0.0009595777857742593
fit,2023-01-02,39,12,7,0,True,8337,0.0014393666786613889
fit,2023-01-09,0,21,1,0,True,8022,0.002617801047120419
fit,2023-01-09,1,13,4,0,True,8022,0.0016205435053602592
fit,2023-01-09,2,12,2,0,True,8022,0.0014958863126402393
fit,2023-01-09,3,218,174,0,True,8022,0.027175268012964347
fit,2023-01-09,4,86,52,0,True,8022,0.010720518573921716
fit,2023-01-09,5,6,4,0,True,8022,0.0007479431563201197
fit,2023-01-09,6,123,87,0,True,8022,0.015332834704562454
fit,2023-01-09,7,14,12,0,True,8022,0.0017452006980802793
fit,2023-01-09,8,1165,1144,2,True,8022,0.14522562951882323
fit,2023-01-09,9,13,5,0,True,8022,0.0016205435053602592
fit,2023-01-09,10,12,3,0,True,8022,0.0014958863126402393
fit,2023-01-09,11,688,537,1,True,8022,0.08576414859137373
fit,2023-01-09,12,774,717,1,True,8022,0.09648466716529544
fit,2023-01-09,13,982,914,0,True,8022,0.12241336325105959
fit,2023-01-09,14,1762,1399,9,True,8022,0.21964597357267515
fit,2023-01-09,15,60,3,0,True,8022,0.0074794315632011965
fit,2023-01-09,16,2,2,0,True,8022,0.0002493143854400399
fit,2023-01-09,17,846,600,1,True,8022,0.10545998504113688
fit,2023-01-09,18,35,14,0,True,8022,0.004363001745200698
fit,2023-01-09,19,231,150,0,True,8022,0.028795811518324606
fit,2023-01-09,20,4,1,0,True,8022,0.0004986287708800798
fit,2023-01-09,21,17,2,0,True,8022,0.002119172276240339
fit,2023-01-09,22,116,88,0,True,8022,0.014460234355522314
fit,2023-01-09,23,4,3,1,True,8022,0.0004986287708800798
fit,2023-01-09,24,5,4,1,True,8022,0.0006232859636000997
fit,2023-01-09,25,87,59,0,True,8022,0.010845175766641735
fit,2023-01-09,26,52,7,0,True,8022,0.006482174021441037
fit,2023-01-09,27,14,4,0,True,8022,0.0017452006980802793
fit,2023-01-09,28,1,1,0,True,8022,0.00012465719272001995
fit,2023-01-09,29,16,12,0,True,8022,0.0019945150835203192
fit,2023-01-09,30,60,46,0,True,8022,0.0074794315632011965
fit,2023-01-09,31,0,0,0,True,8022,0.0
fit,2023-01-09,32,36,9,0,True,8022,0.004487658937920718
fit,2023-01-09,33,17,2,1,True,8022,0.002119172276240339
fit,2023-01-09,34,82,3,0,True,8022,0.010221889803041636
fit,2023-01-09,35,0,0,0,True,8022,0.0
fit,2023-01-09,36,432,369,0,True,8022,0.05385190725504862
fit,2023-01-09,37,2,2,0,True,8022,0.0002493143854400399
fit,2023-01-09,38,7,3,0,True,8022,0.0008726003490401396
fit,2023-01-09,39,7,3,0,True,8022,0.0008726003490401396
fit,2023-01-16,0,28,2,0,True,10441,0.002681735465951537
fit,2023-01-16,1,24,2,0,True,10441,0.002298630399387032
fit,2023-01-16,2,20,4,0,True,10441,0.0019155253328225267
fit,2023-01-16,3,237,155,3,True,10441,0.02269897519394694
fit,2023-01-16,4,104,58,0,True,10441,0.009960731730677139
fit,2023-01-16,5,7,5,0,True,10441,0.0006704338664878843
fit,2023-01-16,6,114,94,0,True,10441,0.010918494397088401
fit,2023-01-16,7,20,16,0,True,10441,0.0019155253328225267
fit,2023-01-16,8,2483,2473,5,True,10441,0.23781247006991668
fit,2023-01-16,9,74,5,0,True,10441,0.007087443731443348
fit,2023-01-16,10,10,3,0,True,10441,0.0009577626664112633
fit,2023-01-16,11,868,664,6,True,10441,0.08313379944449766
fit,2023-01-16,12,1032,905,0,True,10441,0.09884110717364238
fit,2023-01-16,13,1462,1359,0,True,10441,0.1400249018293267
fit,2023-01-16,14,1539,1338,8,True,10441,0.14739967436069343
fit,2023-01-16,15,53,4,1,True,10441,0.005076142131979695
fit,2023-01-16,16,3,3,0,True,10441,0.000287328799923379
fit,2023-01-16,17,762,547,0,True,10441,0.07298151518053826
fit,2023-01-16,18,36,24,0,True,10441,0.0034479455990805478
fit,2023-01-16,19,351,212,0,True,10441,0.03361746959103534
fit,2023-01-16,20,12,1,0,True,10441,0.001149315199693516
fit,2023-01-16,21,22,2,0,True,10441,0.002107077866104779
fit,2023-01-16,22,143,98,0,True,10441,0.013696006129681065
fit,2023-01-16,23,17,9,1,True,10441,0.0016281965328991475
fit,2023-01-16,24,32,18,2,True,10441,0.0030648405325160426
fit,2023-01-16,25,128,85,0,True,10441,0.01225936213006417
fit,2023-01-16,26,75,8,0,True,10441,0.007183219998084475
fit,2023-01-16,27,22,4,5,True,10441,0.002107077866104779
fit,2023-01-16,28,42,10,0,True,10441,0.004022603198927306
fit,2023-01-16,29,37,25,0,True,10441,0.003543721865721674
fit,2023-01-16,30,51,34,0,True,10441,0.004884589598697443
fit,2023-01-16,31,1,1,0,True,10441,9.577626664112633e-05
fit,2023-01-16,32,23,6,0,True,10441,0.0022028541327459056
fit,2023-01-16,33,46,5,1,True,10441,0.004405708265491811
fit,2023-01-16,34,113,2,0,True,10441,0.010822718130447275
fit,2023-01-16,35,0,0,0,True,10441,0.0
fit,2023-01-16,36,410,322,0,True,10441,0.039268269322861794
fit,2023-01-16,37,10,4,0,True,10441,0.0009577626664112633
fit,2023-01-16,38,17,6,0,True,10441,0.0016281965328991475
fit,2023-01-16,39,13,4,0,True,10441,0.0012450914663346424
fit,2023-01-23,0,19,2,0,True,9636,0.001971772519717725
fit,2023-01-23,1,10,5,0,True,9636,0.0010377750103777502
fit,2023-01-23,2,16,3,0,True,9636,0.0016604400166044002
fit,2023-01-23,3,268,201,0,True,9636,0.027812370278123704
fit,2023-01-23,4,62,43,0,True,9636,0.006434205064342051
fit,2023-01-23,5,11,7,0,True,9636,0.001141552511415525
fit,2023-01-23,6,155,120,0,True,9636,0.016085512660855127
fit,2023-01-23,7,17,14,0,True,9636,0.0017642175176421752
fit,2023-01-23,8,1635,1627,4,True,9636,0.16967621419676215
fit,2023-01-23,9,41,7,0,True,9636,0.004254877542548776
fit,2023-01-23,10,21,11,0,True,9636,0.0021793275217932753
fit,2023-01-23,11,859,654,0,True,9636,0.08914487339144873
fit,2023-01-23,12,969,897,1,True,9636,0.10056039850560398
fit,2023-01-23,13,1199,1142,0,True,9636,0.12442922374429223
fit,2023-01-23,14,1969,1740,18,True,9636,0.204337899543379
fit,2023-01-23,15,58,3,2,True,9636,0.006019095060190951
fit,2023-01-23,16,4,3,0,True,9636,0.00041511000415110004
fit,2023-01-23,17,798,554,1,True,9636,0.08281444582814446
fit,2023-01-23,18,18,9,0,True,9636,0.0018679950186799503
fit,2023-01-23,19,298,179,0,True,9636,0.030925695309256953
fit,2023-01-23,20,11,2,0,True,9636,0.001141552511415525
fit,2023-01-23,21,19,2,0,True,9636,0.001971772519717725
fit,2023-01-23,22,133,93,0,True,9636,0.013802407638024077
fit,2023-01-23,23,15,4,1,True,9636,0.001556662515566625
fit,2023-01-23,24,15,12,1,True,9636,0.001556662515566625
fit,2023-01-23,25,121,77,0,True,9636,0.012557077625570776
fit,2023-01-23,26,112,13,0,True,9636,0.011623080116230802
fit,2023-01-23,27,16,6,2,True,9636,0.0016604400166044002
fit,2023-01-23,28,53,9,0,True,9636,0.0055002075550020756
fit,2023-01-23,29,27,22,0,True,9636,0.002801992528019925
fit,2023-01-23,30,60,40,0,True,9636,0.0062266500622665
fit,2023-01-23,31,3,3,0,True,9636,0.00031133250311332503
fit,2023-01-23,32,19,8,0,True,9636,0.001971772519717725
fit,2023-01-23,33,61,4,0,True,9636,0.006330427563304275
fit,2023-01-23,34,62,2,0,True,9636,0.006434205064342051
fit,2023-01-23,35,0,0,0,True,9636,0.0
fit,2023-01-23,36,456,337,0,True,9636,0.047322540473225407
fit,2023-01-23,37,9,5,0,True,9636,0.0009339975093399751
fit,2023-01-23,38,8,4,0,True,9636,0.0008302200083022001
fit,2023-01-23,39,9,4,0,True,9636,0.0009339975093399751
fit,2023-01-30,0,12,2,0,True,8655,0.0013864818024263432
fit,2023-01-30,1,25,6,0,True,8655,0.0028885037550548816
fit,2023-01-30,2,11,2,0,True,8655,0.001270941652224148
fit,2023-01-30,3,205,151,0,True,8655,0.02368573079145003
fit,2023-01-30,4,68,50,0,True,8655,0.007856730213749278
fit,2023-01-30,5,2,1,0,True,8655,0.00023108030040439053
fit,2023-01-30,6,134,106,0,True,8655,0.015482380127094166
fit,2023-01-30,7,15,14,0,True,8655,0.0017331022530329288
fit,2023-01-30,8,1425,1418,0,True,8655,0.16464471403812825
fit,2023-01-30,9,60,5,0,True,8655,0.006932409012131715
fit,2023-01-30,10,11,8,0,True,8655,0.001270941652224148
fit,2023-01-30,11,679,535,0,True,8655,0.07845176198729058
fit,2023-01-30,12,798,746,1,True,8655,0.09220103986135182
fit,2023-01-30,13,1030,977,0,True,8655,0.11900635470826113
fit,2023-01-30,14,1698,1405,20,True,8655,0.19618717504332756
fit,2023-01-30,15,42,3,3,True,8655,0.004852686308492201
fit,2023-01-30,16,3,3,0,True,8655,0.0003466204506065858
fit,2023-01-30,17,794,558,0,True,8655,0.09173887926054304
fit,2023-01-30,18,21,8,0,True,8655,0.0024263431542461003
fit,2023-01-30,19,327,175,0,True,8655,0.03778162911611785
fit,2023-01-30,20,2,1,0,True,8655,0.00023108030040439053
fit,2023-01-30,21,14,3,0,True,8655,0.0016175621028307336
fit,2023-01-30,22,123,81,0,True,8655,0.014211438474870018
fit,2023-01-30,23,7,3,1,True,8655,0.0008087810514153668
fit,2023-01-30,24,13,7,0,True,8655,0.0015020219526285384
fit,2023-01-30,25,86,51,0,True,8655,0.009936452917388792
fit,2023-01-30,26,82,9,0,True,8655,0.009474292316580011
fit,2023-01-30,27,55,33,1,True,8655,0.006354708261120739
fit,2023-01-30,28,30,7,0,True,8655,0.0034662045060658577
fit,2023-01-30,29,23,20,0,True,8655,0.002657423454650491
fit,2023-01-30,30,45,27,0,True,8655,0.005199306759098787
fit,2023-01-30,31,0,0,0,True,8655,0.0
fit,2023-01-30,32,32,4,0,True,8655,0.0036972848064702486
fit,2023-01-30,33,51,3,0,True,8655,0.0058925476603119585
fit,2023-01-30,34,37,2,0,True,8655,0.004274985557481225
fit,2023-01-30,35,0,0,0,True,8655,0.0
fit,2023-01-30,36,631,368,0,True,8655,0.07290583477758521
fit,2023-01-30,37,24,4,0,True,8655,0.0027729636048526864
fit,2023-01-30,38,34,5,0,True,8655,0.003928365106874639
fit,2023-01-30,39,6,5,0,True,8655,0.0006932409012131716
fit,2023-02-06,0,19,2,0,True,9294,0.002044329675059178
fit,2023-02-06,1,27,13,0,True,9294,0.002905100064557779
fit,2023-02-06,2,12,2,0,True,9294,0.0012911555842479018
fit,2023-02-06,3,163,128,0,True,9294,0.017538196686034
fit,2023-02-06,4,105,69,0,True,9294,0.011297611362169141
fit,2023-02-06,5,4,2,0,True,9294,0.00043038519474930065
fit,2023-02-06,6,133,92,1,True,9294,0.014310307725414246
fit,2023-02-06,7,7,6,0,True,9294,0.000753174090811276
fit,2023-02-06,8,1310,1291,13,True,9294,0.14095115128039595
fit,2023-02-06,9,53,4,0,True,9294,0.005702603830428234
fit,2023-02-06,10,35,22,0,True,9294,0.0037658704540563803
fit,2023-02-06,11,872,654,0,True,9294,0.09382397245534754
fit,2023-02-06,12,946,824,0,True,9294,0.1017860985582096
fit,2023-02-06,13,1135,1036,0,True,9294,0.12212179901011405
fit,2023-02-06,14,1657,1417,11,True,9294,0.1782870669248978
fit,2023-02-06,15,52,4,1,True,9294,0.005595007531740908
fit,2023-02-06,16,2,2,0,True,9294,0.00021519259737465033
fit,2023-02-06,17,857,608,0,True,9294,0.09221002797503766
fit,2023-02-06,18,13,6,0,True,9294,0.001398751882935227
fit,2023-02-06,19,316,177,0,True,9294,0.03400043038519475
fit,2023-02-06,20,1,1,0,True,9294,0.00010759629868732516
fit,2023-02-06,21,38,3,0,True,9294,0.004088659350118356
fit,2023-02-06,22,79,53,0,True,9294,0.008500107596298687
fit,2023-02-06,23,36,10,1,True,9294,0.003873466752743706
fit,2023-02-06,24,17,11,1,True,9294,0.0018291370776845276
fit,2023-02-06,25,216,93,0,True,9294,0.023240800516462233
fit,2023-02-06,26,76,9,0,True,9294,0.008177318700236712
fit,2023-02-06,27,71,41,1,True,9294,0.007639337206800086
fit,2023-02-06,28,68,11,0,True,9294,0.0073165483107381106
fit,2023-02-06,29,33,27,0,True,9294,0.0035506778566817302
fit,2023-02-06,30,59,43,0,True,9294,0.006348181622552184
fit,2023-02-06,31,5,3,0,True,9294,0.0005379814934366257
fit,2023-02-06,32,27,9,0,True,9294,0.002905100064557779
fit,2023-02-06,33,28,3,1,True,9294,0.003012696363245104
fit,2023-02-06,34,63,2,0,True,9294,0.006778566817301485
fit,2023-02-06,35,3,1,0,True,9294,0.00032278889606197545
fit,2023-02-06,36,711,473,0,True,9294,0.07650096836668818
fit,2023-02-06,37,25,4,0,True,9294,0.002689907467183129
fit,2023-02-06,38,9,4,0,True,9294,0.0009683666881859264
fit,2023-02-06,39,11,4,0,True,9294,0.0011835592855605767
fit,2023-02-13,0,18,2,0,True,8500,0.0021176470588235292
fit,2023-02-13,1,12,7,0,True,8500,0.001411764705882353
fit,2023-02-13,2,14,5,0,True,8500,0.0016470588235294118
fit,2023-02-13,3,238,121,0,True,8500,0.028
fit,2023-02-13,4,118,54,0,True,8500,0.01388235294117647
fit,2023-02-13,5,5,3,0,True,8500,0.000588235294117647
fit,2023-02-13,6,127,92,2,True,8500,0.014941176470588236
fit,2023-02-13,7,21,20,0,True,8500,0.0024705882352941176
fit,2023-02-13,8,1203,1196,1,True,8500,0.14152941176470588
fit,2023-02-13,9,69,6,0,True,8500,0.00811764705882353
fit,2023-02-13,10,43,27,0,True,8500,0.005058823529411765
fit,2023-02-13,11,813,572,0,True,8500,0.09564705882352942
fit,2023-02-13,12,888,789,0,True,8500,0.10447058823529412
fit,2023-02-13,13,1090,980,0,True,8500,0.12823529411764706
fit,2023-02-13,14,1426,1203,11,True,8500,0.16776470588235295
fit,2023-02-13,15,24,2,1,True,8500,0.002823529411764706
fit,2023-02-13,16,1,1,0,True,8500,0.00011764705882352942
fit,2023-02-13,17,1053,705,0,True,8500,0.12388235294117647
fit,2023-02-13,18,11,4,0,True,8500,0.0012941176470588236
fit,2023-02-13,19,319,176,0,True,8500,0.03752941176470588
fit,2023-02-13,20,15,3,0,True,8500,0.0017647058823529412
fit,2023-02-13,21,39,2,0,True,8500,0.004588235294117647
fit,2023-02-13,22,47,30,0,True,8500,0.0055294117647058825
fit,2023-02-13,23,41,10,2,True,8500,0.004823529411764706
fit,2023-02-13,24,19,11,2,True,8500,0.002235294117647059
fit,2023-02-13,25,161,67,0,True,8500,0.018941176470588236
fit,2023-02-13,26,58,4,0,True,8500,0.006823529411764706
fit,2023-02-13,27,48,14,2,True,8500,0.005647058823529412
fit,2023-02-13,28,31,3,0,True,8500,0.0036470588235294117
fit,2023-02-13,29,7,2,0,True,8500,0.0008235294117647059
fit,2023-02-13,30,58,41,0,True,8500,0.006823529411764706
fit,2023-02-13,31,0,0,0,True,8500,0.0
fit,2023-02-13,32,26,7,0,True,8500,0.003058823529411765
fit,2023-02-13,33,14,3,1,True,8500,0.0016470588235294118
fit,2023-02-13,34,6,1,0,True,8500,0.0007058823529411765
fit,2023-02-13,35,9,1,0,True,8500,0.0010588235294117646
fit,2023-02-13,36,360,248,0,True,8500,0.042352941176470586
fit,2023-02-13,37,5,3,0,True,8500,0.000588235294117647
fit,2023-02-13,38,42,5,0,True,8500,0.004941176470588235
fit,2023-02-13,39,21,9,0,True,8500,0.0024705882352941176
fit,2023-02-20,0,31,2,0,True,8188,0.003786028334147533
fit,2023-02-20,1,35,21,0,True,8188,0.0042745481191988274
fit,2023-02-20,2,15,4,0,True,8188,0.0018319491939423546
fit,2023-02-20,3,287,161,0,True,8188,0.035051294577430385
fit,2023-02-20,4,110,70,0,True,8188,0.0134342940889106
fit,2023-02-20,5,0,0,0,True,8188,0.0
fit,2023-02-20,6,119,91,0,True,8188,0.014533463605276013
fit,2023-02-20,7,17,10,0,True,8188,0.002076209086468002
fit,2023-02-20,8,1160,1124,31,True,8188,0.14167073766487542
fit,2023-02-20,9,42,5,0,True,8188,0.005129457743038593
fit,2023-02-20,10,34,25,0,True,8188,0.004152418172936004
fit,2023-02-20,11,835,634,4,True,8188,0.10197850512945775
fit,2023-02-20,12,827,744,1,True,8188,0.10100146555935516
fit,2023-02-20,13,923,828,0,True,8188,0.11272594040058623
fit,2023-02-20,14,1292,1100,14,True,8188,0.15779189057156814
fit,2023-02-20,15,10,2,0,True,8188,0.0012212994626282364
fit,2023-02-20,16,30,5,0,True,8188,0.0036638983878847092
fit,2023-02-20,17,1131,769,0,True,8188,0.13812896922325354
fit,2023-02-20,18,56,24,0,True,8188,0.006839276990718124
fit,2023-02-20,19,316,181,0,True,8188,0.03859306301905227
fit,2023-02-20,20,12,4,0,True,8188,0.0014655593551538837
fit,2023-02-20,21,56,4,0,True,8188,0.006839276990718124
fit,2023-02-20,22,74,44,0,True,8188,0.00903761602344895
fit,2023-02-20,23,37,6,0,True,8188,0.004518808011724475
fit,2023-02-20,24,26,14,3,True,8188,0.0031753786028334147
fit,2023-02-20,25,121,73,0,True,8188,0.01477772349780166
fit,2023-02-20,26,24,8,0,True,8188,0.0029311187103077674
fit,2023-02-20,27,33,12,0,True,8188,0.00403028822667318
fit,2023-02-20,28,75,6,0,True,8188,0.009159745969711773
fit,2023-02-20,29,20,12,0,True,8188,0.002442598925256473
fit,2023-02-20,30,32,23,0,True,8188,0.0039081582804103565
fit,2023-02-20,31,1,1,0,True,8188,0.00012212994626282364
fit,2023-02-20,32,26,15,0,True,8188,0.0031753786028334147
fit,2023-02-20,33,20,2,0,True,8188,0.002442598925256473
fit,2023-02-20,34,0,0,0,True,8188,0.0
fit,2023-02-20,35,3,1,0,True,8188,0.0003663898387884709
fit,2023-02-20,36,312,210,0,True,8188,0.038104543234000976
fit,2023-02-20,37,5,3,0,True,8188,0.0006106497313141182
fit,2023-02-20,38,31,6,0,True,8188,0.003786028334147533
fit,2023-02-20,39,10,3,0,True,8188,0.0012212994626282364
fit,2023-02-27,0,49,4,0,True,9078,0.005397664683851069
fit,2023-02-27,1,5,4,0,True,9078,0.0005507821105970478
fit,2023-02-27,2,32,3,0,True,9078,0.003525005507821106
fit,2023-02-27,3,211,146,0,True,9078,0.023243005067195417
fit,2023-02-27,4,128,72,0,True,9078,0.014100022031284423
fit,2023-02-27,5,4,2,0,True,9078,0.0004406256884776382
fit,2023-02-27,6,110,80,0,True,9078,0.012117206433135052
fit,2023-02-27,7,6,6,0,True,9078,0.0006609385327164573
fit,2023-02-27,8,1156,1132,25,True,9078,0.12734082397003746
fit,2023-02-27,9,59,5,0,True,9078,0.006499228905045164
fit,2023-02-27,10,19,13,0,True,9078,0.0020929720202687817
fit,2023-02-27,11,1105,757,3,True,9078,0.12172284644194757
fit,2023-02-27,12,883,777,2,True,9078,0.09726812073143865
fit,2023-02-27,13,1065,924,0,True,9078,0.11731658955717118
fit,2023-02-27,14,1431,1176,15,True,9078,0.1576338400528751
fit,2023-02-27,15,40,2,2,True,9078,0.004406256884776382
fit,2023-02-27,16,10,3,0,True,9078,0.0011015642211940956
fit,2023-02-27,17,1231,814,0,True,9078,0.13560255562899318
fit,2023-02-27,18,72,41,0,True,9078,0.007931262392597489
fit,2023-02-27,19,291,186,0,True,9078,0.03205551883674818
fit,2023-02-27,20,17,3,0,True,9078,0.0018726591760299626
fit,2023-02-27,21,51,2,0,True,9078,0.0056179775280898875
fit,2023-02-27,22,61,34,0,True,9078,0.006719541749283983
fit,2023-02-27,23,47,7,2,True,9078,0.00517735183961225
fit,2023-02-27,24,31,13,2,True,9078,0.0034148490857016964
fit,2023-02-27,25,150,83,0,True,9078,0.016523463317911435
fit,2023-02-27,26,57,6,0,True,9078,0.006278916060806345
fit,2023-02-27,27,48,10,5,True,9078,0.005287508261731659
fit,2023-02-27,28,97,9,0,True,9078,0.010685172945582728
fit,2023-02-27,29,12,10,0,True,9078,0.0013218770654329147
fit,2023-02-27,30,75,53,0,True,9078,0.008261731658955718
fit,2023-02-27,31,4,1,0,True,9078,0.0004406256884776382
fit,2023-02-27,32,19,7,0,True,9078,0.0020929720202687817
fit,2023-02-27,33,49,4,2,True,9078,0.005397664683851069
fit,2023-02-27,34,50,1,0,True,9078,0.0055078211059704785
fit,2023-02-27,35,4,1,0,True,9078,0.0004406256884776382
fit,2023-02-27,36,370,265,0,True,9078,0.040757876184181537
fit,2023-02-27,37,0,0,0,True,9078,0.0
fit,2023-02-27,38,21,2,0,True,9078,0.002313284864507601
fit,2023-02-27,39,8,2,0,True,9078,0.0008812513769552765
fit,2023-03-06,0,34,3,0,True,8788,0.0038689121529358215
fit,2023-03-06,1,11,5,0,True,8788,0.0012517068730086482
fit,2023-03-06,2,19,5,0,True,8788,0.002162039144287665
fit,2023-03-06,3,176,123,0,True,8788,0.02002730996813837
fit,2023-03-06,4,85,48,0,True,8788,0.009672280382339554
fit,2023-03-06,5,1,1,0,True,8788,0.0001137915339098771
fit,2023-03-06,6,118,84,0,True,8788,0.013427401001365498
fit,2023-03-06,7,11,7,0,True,8788,0.0012517068730086482
fit,2023-03-06,8,1152,1109,39,True,8788,0.13108784706417842
fit,2023-03-06,9,28,3,0,True,8788,0.0031861629494765588
fit,2023-03-06,10,27,18,0,True,8788,0.0030723714155666817
fit,2023-03-06,11,888,632,1,True,8788,0.10104688211197087
fit,2023-03-06,12,907,787,2,True,8788,0.10320892125625854
fit,2023-03-06,13,939,854,0,True,8788,0.1068502503413746
fit,2023-03-06,14,1370,1087,41,True,8788,0.15589440145653163
fit,2023-03-06,15,64,2,3,True,8788,0.007282658170232135
fit,2023-03-06,16,26,5,0,True,8788,0.0029585798816568047
fit,2023-03-06,17,1430,951,0,True,8788,0.16272189349112426
fit,2023-03-06,18,75,41,0,True,8788,0.008534365043240783
fit,2023-03-06,19,312,178,0,True,8788,0.03550295857988166
fit,2023-03-06,20,17,2,0,True,8788,0.0019344560764679108
fit,2023-03-06,21,61,2,0,True,8788,0.006941283568502503
fit,2023-03-06,22,83,48,0,True,8788,0.0094446973145198
fit,2023-03-06,23,24,4,0,True,8788,0.0027309968138370506
fit,2023-03-06,24,25,10,6,True,8788,0.0028447883477469276
fit,2023-03-06,25,131,69,0,True,8788,0.014906690942193901
fit,2023-03-06,26,68,4,0,True,8788,0.007737824305871643
fit,2023-03-06,27,49,15,8,True,8788,0.005575785161583978
fit,2023-03-06,28,20,5,0,True,8788,0.002275830678197542
fit,2023-03-06,29,26,16,0,True,8788,0.0029585798816568047
fit,2023-03-06,30,50,31,0,True,8788,0.005689576695493855
fit,2023-03-06,31,3,3,0,True,8788,0.0003413746017296313
fit,2023-03-06,32,18,13,0,True,8788,0.002048247610377788
fit,2023-03-06,33,23,2,3,True,8788,0.0026172052799271735
fit,2023-03-06,34,65,1,0,True,8788,0.0073964497041420114
fit,2023-03-06,35,0,0,0,True,8788,0.0
fit,2023-03-06,36,382,315,0,True,8788,0.043468365953573056
fit,2023-03-06,37,16,2,0,True,8788,0.0018206645425580337
fit,2023-03-06,38,44,4,0,True,8788,0.005006827492034593
fit,2023-03-06,39,10,4,0,True,8788,0.001137915339098771
fit,2023-03-13,0,32,2,0,True,9779,0.003272318232948154
fit,2023-03-13,1,23,10,0,True,9779,0.0023519787299314857
fit,2023-03-13,2,20,1,0,True,9779,0.0020451988955925964
fit,2023-03-13,3,210,134,0,True,9779,0.021474588403722263
fit,2023-03-13,4,175,92,0,True,9779,0.01789549033643522
fit,2023-03-13,5,6,4,0,True,9779,0.0006135596686777789
fit,2023-03-13,6,123,83,0,True,9779,0.012577973207894468
fit,2023-03-13,7,19,15,0,True,9779,0.0019429389508129665
fit,2023-03-13,8,1157,1150,2,True,9779,0.1183147561100317
fit,2023-03-13,9,61,6,0,True,9779,0.006237856631557419
fit,2023-03-13,10,35,20,0,True,9779,0.0035790980672870437
fit,2023-03-13,11,1126,800,8,True,9779,0.11514469782186318
fit,2023-03-13,12,820,735,0,True,9779,0.08385315471929645
fit,2023-03-13,13,975,887,0,True,9779,0.09970344616013907
fit,2023-03-13,14,1646,1310,82,True,9779,0.16831986910727068
fit,2023-03-13,15,60,2,3,True,9779,0.006135596686777789
fit,2023-03-13,16,6,5,0,True,9779,0.0006135596686777789
fit,2023-03-13,17,1496,959,0,True,9779,0.1529808773903262
fit,2023-03-13,18,91,41,0,True,9779,0.009305654974946313
fit,2023-03-13,19,416,200,0,True,9779,0.04254013702832601
fit,2023-03-13,20,30,6,0,True,9779,0.0030677983433888946
fit,2023-03-13,21,66,2,0,True,9779,0.006749156355455568
fit,2023-03-13,22,84,41,0,True,9779,0.008589835361488905
fit,2023-03-13,23,21,6,2,True,9779,0.0021474588403722263
fit,2023-03-13,24,34,10,2,True,9779,0.003476838122507414
fit,2023-03-13,25,154,84,0,True,9779,0.015748031496062992
fit,2023-03-13,26,48,6,0,True,9779,0.004908477349422231
fit,2023-03-13,27,63,16,3,True,9779,0.006442376521116679
fit,2023-03-13,28,25,3,0,True,9779,0.0025564986194907455
fit,2023-03-13,29,19,12,0,True,9779,0.0019429389508129665
fit,2023-03-13,30,76,51,0,True,9779,0.007771755803251866
fit,2023-03-13,31,4,4,0,True,9779,0.00040903977911851925
fit,2023-03-13,32,35,8,0,True,9779,0.0035790980672870437
fit,2023-03-13,33,43,2,2,True,9779,0.0043971776255240826
fit,2023-03-13,34,59,1,0,True,9779,0.006033336741998159
fit,2023-03-13,35,2,1,0,True,9779,0.00020451988955925963
fit,2023-03-13,36,447,341,0,True,9779,0.04571019531649453
fit,2023-03-13,37,28,6,0,True,9779,0.002863278453829635
fit,2023-03-13,38,22,7,0,True,9779,0.0022497187851518562
fit,2023-03-13,39,22,9,0,True,9779,0.0022497187851518562
fit,2023-03-20,0,29,4,0,True,9090,0.00319031903190319
fit,2023-03-20,1,34,7,0,True,9090,0.0037403740374037406
fit,2023-03-20,2,25,4,0,True,9090,0.0027502750275027505
fit,2023-03-20,3,145,94,0,True,9090,0.01595159515951595
fit,2023-03-20,4,169,90,0,True,9090,0.018591859185918592
fit,2023-03-20,5,2,2,0,True,9090,0.00022002200220022002
fit,2023-03-20,6,150,107,0,True,9090,0.0165016501650165
fit,2023-03-20,7,71,22,0,True,9090,0.007810781078107811
fit,2023-03-20,8,1169,1151,15,True,9090,0.1286028602860286
fit,2023-03-20,9,55,3,0,True,9090,0.00605060506050605
fit,2023-03-20,10,34,21,0,True,9090,0.0037403740374037406
fit,2023-03-20,11,1047,710,5,True,9090,0.11518151815181518
fit,2023-03-20,12,859,756,0,True,9090,0.0944994499449945
fit,2023-03-20,13,1072,911,0,True,9090,0.11793179317931793
fit,2023-03-20,14,1497,1250,11,True,9090,0.16468646864686468
fit,2023-03-20,15,38,2,0,True,9090,0.004180418041804181
fit,2023-03-20,16,23,6,0,True,9090,0.00253025302530253
fit,2023-03-20,17,1002,674,0,True,9090,0.11023102310231023
fit,2023-03-20,18,77,49,0,True,9090,0.008470847084708471
fit,2023-03-20,19,336,173,0,True,9090,0.036963696369636964
fit,2023-03-20,20,13,5,0,True,9090,0.00143014301430143
fit,2023-03-20,21,61,3,0,True,9090,0.0067106710671067105
fit,2023-03-20,22,70,42,0,True,9090,0.007700770077007701
fit,2023-03-20,23,69,9,2,True,9090,0.007590759075907591
fit,2023-03-20,24,21,11,3,True,9090,0.0023102310231023103
fit,2023-03-20,25,190,99,0,True,9090,0.020902090209020903
fit,2023-03-20,26,38,9,0,True,9090,0.004180418041804181
fit,2023-03-20,27,45,22,1,True,9090,0.0049504950495049506
fit,2023-03-20,28,113,14,0,True,9090,0.012431243124312432
fit,2023-03-20,29,34,18,0,True,9090,0.0037403740374037406
fit,2023-03-20,30,49,34,0,True,9090,0.00539053905390539
fit,2023-03-20,31,3,3,0,True,9090,0.00033003300330033004
fit,2023-03-20,32,41,7,0,True,9090,0.004510451045104511
fit,2023-03-20,33,20,4,1,True,9090,0.0022002200220022
fit,2023-03-20,34,20,1,0,True,9090,0.0022002200220022
fit,2023-03-20,35,3,1,0,True,9090,0.00033003300330033004
fit,2023-03-20,36,420,271,10,True,9090,0.0462046204620462
fit,2023-03-20,37,9,2,0,True,9090,0.0009900990099009901
fit,2023-03-20,38,17,8,0,True,9090,0.0018701870187018703
fit,2023-03-20,39,20,7,0,True,9090,0.0022002200220022
fit,2023-03-27,0,22,2,0,True,8799,0.002500284123195818
fit,2023-03-27,1,10,4,0,True,8799,0.0011364927832708263
fit,2023-03-27,2,21,6,0,True,8799,0.002386634844868735
fit,2023-03-27,3,185,108,0,True,8799,0.021025116490510285
fit,2023-03-27,4,123,75,0,True,8799,0.013978861234231163
fit,2023-03-27,5,8,3,0,True,8799,0.000909194226616661
fit,2023-03-27,6,146,96,0,True,8799,0.01659279463575406
fit,2023-03-27,7,113,28,0,True,8799,0.012842368450960337
fit,2023-03-27,8,1226,1213,10,True,8799,0.1393340152290033
fit,2023-03-27,9,16,3,0,True,8799,0.001818388453233322
fit,2023-03-27,10,50,32,0,True,8799,0.005682463916354131
fit,2023-03-27,11,1183,818,4,True,8799,0.13444709626093873
fit,2023-03-27,12,826,742,3,True,8799,0.09387430389817025
fit,2023-03-27,13,905,812,1,True,8799,0.10285259688600977
fit,2023-03-27,14,1331,1132,3,True,8799,0.15126718945334697
fit,2023-03-27,15,32,3,1,True,8799,0.003636776906466644
fit,2023-03-27,16,13,4,0,True,8799,0.001477440618252074
fit,2023-03-27,17,837,564,0,True,8799,0.09512444595976816
fit,2023-03-27,18,69,32,0,True,8799,0.007841800204568702
fit,2023-03-27,19,347,191,0,True,8799,0.03943629957949767
fit,2023-03-27,20,108,15,0,True,8799,0.012274122059324924
fit,2023-03-27,21,90,2,0,True,8799,0.010228435049437436
fit,2023-03-27,22,66,31,0,True,8799,0.007500852369587453
fit,2023-03-27,23,58,10,0,True,8799,0.0065916581429707926
fit,2023-03-27,24,26,12,0,True,8799,0.002954881236504148
fit,2023-03-27,25,173,106,0,True,8799,0.019661325150585295
fit,2023-03-27,26,20,4,0,True,8799,0.0022729855665416525
fit,2023-03-27,27,57,24,2,True,8799,0.0064780088646437094
fit,2023-03-27,28,40,3,0,True,8799,0.004545971133083305
fit,2023-03-27,29,22,12,0,True,8799,0.002500284123195818
fit,2023-03-27,30,62,38,0,True,8799,0.0070462552562791225
fit,2023-03-27,31,78,7,0,True,8799,0.008864643709512444
fit,2023-03-27,32,15,13,0,True,8799,0.0017047391749062393
fit,2023-03-27,33,18,4,2,True,8799,0.002045687009887487
fit,2023-03-27,34,12,2,0,True,8799,0.0013637913399249914
fit,2023-03-27,35,3,1,0,True,8799,0.00034094783498124785
fit,2023-03-27,36,424,290,11,True,8799,0.04818729401068303
fit,2023-03-27,37,21,7,0,True,8799,0.002386634844868735
fit,2023-03-27,38,25,12,0,True,8799,0.0028412319581770655
fit,2023-03-27,39,18,5,0,True,8799,0.002045687009887487
fit,2023-04-03,0,39,3,2,True,8734,0.004465307991756354
fit,2023-04-03,1,16,6,0,True,8734,0.0018319212273872224
fit,2023-04-03,2,20,2,1,True,8734,0.002289901534234028
fit,2023-04-03,3,177,107,0,True,8734,0.020265628577971147
fit,2023-04-03,4,129,76,0,True,8734,0.014769864895809481
fit,2023-04-03,5,20,6,0,True,8734,0.002289901534234028
fit,2023-04-03,6,134,92,0,True,8734,0.015342340279367987
fit,2023-04-03,7,178,16,0,True,8734,0.02038012365468285
fit,2023-04-03,8,991,986,4,True,8734,0.11346462102129608
fit,2023-04-03,9,23,3,0,True,8734,0.002633386764369132
fit,2023-04-03,10,65,35,0,True,8734,0.007442179986260591
fit,2023-04-03,11,1096,763,0,True,8734,0.12548660407602474
fit,2023-04-03,12,779,712,0,True,8734,0.08919166475841539
fit,2023-04-03,13,850,756,2,True,8734,0.09732081520494619
fit,2023-04-03,14,1565,1278,11,True,8734,0.17918479505381268
fit,2023-04-03,15,61,4,1,True,8734,0.006984199679413786
fit,2023-04-03,16,25,5,0,True,8734,0.002862376917792535
fit,2023-04-03,17,886,597,0,True,8734,0.10144263796656744
fit,2023-04-03,18,64,34,0,True,8734,0.0073276849095488894
fit,2023-04-03,19,389,218,0,True,8734,0.044538584840851846
fit,2023-04-03,20,102,15,0,True,8734,0.011678497824593542
fit,2023-04-03,21,59,2,0,True,8734,0.006755209525990382
fit,2023-04-03,22,84,40,1,True,8734,0.009617586443782918
fit,2023-04-03,23,44,7,0,True,8734,0.005037783375314861
fit,2023-04-03,24,30,7,3,True,8734,0.0034348523013510417
fit,2023-04-03,25,183,97,0,True,8734,0.020952599038241357
fit,2023-04-03,26,44,4,0,True,8734,0.005037783375314861
fit,2023-04-03,27,50,19,4,True,8734,0.00572475383558507
fit,2023-04-03,28,2,2,0,True,8734,0.0002289901534234028
fit,2023-04-03,29,22,10,0,True,8734,0.0025188916876574307
fit,2023-04-03,30,50,35,0,True,8734,0.00572475383558507
fit,2023-04-03,31,73,4,0,True,8734,0.008358140599954203
fit,2023-04-03,32,8,8,0,True,8734,0.0009159606136936112
fit,2023-04-03,33,23,4,0,True,8734,0.002633386764369132
fit,2023-04-03,34,43,2,0,True,8734,0.00492328829860316
fit,2023-04-03,35,1,1,0,True,8734,0.0001144950767117014
fit,2023-04-03,36,361,269,8,True,8734,0.041332722692924206
fit,2023-04-03,37,14,6,0,True,8734,0.0016029310739638196
fit,2023-04-03,38,20,9,0,True,8734,0.002289901534234028
fit,2023-04-03,39,14,5,0,True,8734,0.0016029310739638196
fit,2023-04-10,0,33,4,0,True,8788,0.0037551206190259445
fit,2023-04-10,1,15,10,0,True,8788,0.0017068730086481567
fit,2023-04-10,2,25,4,0,True,8788,0.0028447883477469276
fit,2023-04-10,3,141,103,0,True,8788,0.016044606281292673
fit,2023-04-10,4,101,57,0,True,8788,0.011492944924897587
fit,2023-04-10,5,16,6,0,True,8788,0.0018206645425580337
fit,2023-04-10,6,162,117,1,True,8788,0.018434228493400092
fit,2023-04-10,7,145,20,0,True,8788,0.01649977241693218
fit,2023-04-10,8,1099,1089,9,True,8788,0.12505689576695495
fit,2023-04-10,9,14,4,0,True,8788,0.0015930814747382794
fit,2023-04-10,10,42,23,0,True,8788,0.004779244424214839
fit,2023-04-10,11,945,692,2,True,8788,0.10753299954483386
fit,2023-04-10,12,788,718,0,True,8788,0.08966772872098316
fit,2023-04-10,13,934,823,0,True,8788,0.10628129267182522
fit,2023-04-10,14,1728,1353,20,True,8788,0.19663177059626763
fit,2023-04-10,15,58,3,3,True,8788,0.0065999089667728725
fit,2023-04-10,16,21,6,0,True,8788,0.0023896222121074194
fit,2023-04-10,17,788,544,0,True,8788,0.08966772872098316
fit,2023-04-10,18,61,36,0,True,8788,0.006941283568502503
fit,2023-04-10,19,405,214,0,True,8788,0.046085571233500225
fit,2023-04-10,20,116,13,0,True,8788,0.013199817933545745
fit,2023-04-10,21,46,3,0,True,8788,0.005234410559854347
fit,2023-04-10,22,78,41,0,True,8788,0.008875739644970414
fit,2023-04-10,23,9,7,1,True,8788,0.001024123805188894
fit,2023-04-10,24,39,11,4,True,8788,0.004437869822485207
fit,2023-04-10,25,202,124,0,True,8788,0.022985889849795174
fit,2023-04-10,26,39,10,0,True,8788,0.004437869822485207
fit,2023-04-10,27,48,15,3,True,8788,0.005461993627674101
fit,2023-04-10,28,5,4,0,True,8788,0.0005689576695493855
fit,2023-04-10,29,57,17,0,True,8788,0.006486117432862995
fit,2023-04-10,30,40,24,0,True,8788,0.004551661356395084
fit,2023-04-10,31,98,6,0,True,8788,0.011151570323167955
fit,2023-04-10,32,6,6,0,True,8788,0.0006827492034592626
fit,2023-04-10,33,25,5,0,True,8788,0.0028447883477469276
fit,2023-04-10,34,30,2,0,True,8788,0.0034137460172963133
fit,2023-04-10,35,0,0,0,True,8788,0.0
fit,2023-04-10,36,373,285,11,True,8788,0.04244424214838416
fit,2023-04-10,37,19,3,0,True,8788,0.002162039144287665
fit,2023-04-10,38,19,12,0,True,8788,0.002162039144287665
fit,2023-04-10,39,18,6,0,True,8788,0.002048247610377788
fit,2023-04-17,0,24,2,0,True,9147,0.0026238110856018366
fit,2023-04-17,1,16,5,0,True,9147,0.0017492073904012244
fit,2023-04-17,2,42,16,0,True,9147,0.0045916693998032145
fit,2023-04-17,3,181,110,0,True,9147,0.019787908603913853
fit,2023-04-17,4,126,81,0,True,9147,0.013775008199409643
fit,2023-04-17,5,84,8,0,True,9147,0.009183338799606429
fit,2023-04-17,6,274,128,0,True,9147,0.02995517656062097
fit,2023-04-17,7,215,23,0,True,9147,0.023504974308516453
fit,2023-04-17,8,1096,1080,6,True,9147,0.11982070624248388
fit,2023-04-17,9,17,3,0,True,9147,0.001858532852301301
fit,2023-04-17,10,59,34,0,True,9147,0.006450202252104515
fit,2023-04-17,11,1004,740,4,True,9147,0.10976276374767684
fit,2023-04-17,12,916,822,4,True,9147,0.1001421231004701
fit,2023-04-17,13,877,807,0,True,9147,0.09587843008636711
fit,2023-04-17,14,1466,1204,9,True,9147,0.1602711271455122
fit,2023-04-17,15,132,3,0,True,9147,0.014430960970810102
fit,2023-04-17,16,14,4,0,True,9147,0.0015305564666010713
fit,2023-04-17,17,855,549,1,True,9147,0.09347326992456544
fit,2023-04-17,18,78,46,0,True,9147,0.008527386028205968
fit,2023-04-17,19,457,207,0,True,9147,0.04996173608833497
fit,2023-04-17,20,77,7,0,True,9147,0.008418060566305893
fit,2023-04-17,21,41,2,0,True,9147,0.004482343937903138
fit,2023-04-17,22,102,61,0,True,9147,0.011151197113807805
fit,2023-04-17,23,5,5,0,True,9147,0.0005466273095003826
fit,2023-04-17,24,37,12,5,True,9147,0.004045042090302832
fit,2023-04-17,25,165,110,0,True,9147,0.01803870121351263
fit,2023-04-17,26,34,7,0,True,9147,0.003717065704602602
fit,2023-04-17,27,41,21,3,True,9147,0.004482343937903138
fit,2023-04-17,28,4,4,0,True,9147,0.0004373018476003061
fit,2023-04-17,29,26,16,0,True,9147,0.0028424620094019896
fit,2023-04-17,30,41,19,0,True,9147,0.004482343937903138
fit,2023-04-17,31,61,3,0,True,9147,0.006668853175904668
fit,2023-04-17,32,12,9,0,True,9147,0.0013119055428009183
fit,2023-04-17,33,43,4,0,True,9147,0.00470099486170329
fit,2023-04-17,34,130,2,0,True,9147,0.014212310047009949
fit,2023-04-17,35,0,0,0,True,9147,0.0
fit,2023-04-17,36,343,273,0,True,9147,0.03749863343172625
fit,2023-04-17,37,20,5,0,True,9147,0.0021865092380015305
fit,2023-04-17,38,14,5,0,True,9147,0.0015305564666010713
fit,2023-04-17,39,18,9,0,True,9147,0.0019678583142013774
fit,2023-04-24,0,16,2,0,True,8520,0.0018779342723004694
fit,2023-04-24,1,34,5,0,True,8520,0.003990610328638498
fit,2023-04-24,2,7,3,0,True,8520,0.0008215962441314554
fit,2023-04-24,3,246,175,0,True,8520,0.028873239436619718
fit,2023-04-24,4,101,68,0,True,8520,0.011854460093896714
fit,2023-04-24,5,32,10,0,True,8520,0.003755868544600939
fit,2023-04-24,6,168,129,0,True,8520,0.01971830985915493
fit,2023-04-24,7,90,31,0,True,8520,0.01056338028169014
fit,2023-04-24,8,1106,1097,9,True,8520,0.12981220657276996
fit,2023-04-24,9,5,2,0,True,8520,0.0005868544600938967
fit,2023-04-24,10,31,24,0,True,8520,0.00363849765258216
fit,2023-04-24,11,962,723,0,True,8520,0.11291079812206573
fit,2023-04-24,12,849,751,0,True,8520,0.09964788732394367
fit,2023-04-24,13,875,809,0,True,8520,0.10269953051643192
fit,2023-04-24,14,1665,1372,23,True,8520,0.1954225352112676
fit,2023-04-24,15,64,3,1,True,8520,0.007511737089201878
fit,2023-04-24,16,4,2,0,True,8520,0.00046948356807511736
fit,2023-04-24,17,808,533,0,True,8520,0.09483568075117371
fit,2023-04-24,18,54,37,0,True,8520,0.006338028169014085
fit,2023-04-24,19,378,207,0,True,8520,0.044366197183098595
fit,2023-04-24,20,18,5,0,True,8520,0.002112676056338028
fit,2023-04-24,21,17,3,0,True,8520,0.001995305164319249
fit,2023-04-24,22,38,23,0,True,8520,0.004460093896713615
fit,2023-04-24,23,10,6,1,True,8520,0.0011737089201877935
fit,2023-04-24,24,12,6,2,True,8520,0.0014084507042253522
fit,2023-04-24,25,185,121,0,True,8520,0.02171361502347418
fit,2023-04-24,26,29,6,0,True,8520,0.003403755868544601
fit,2023-04-24,27,26,13,0,True,8520,0.003051643192488263
fit,2023-04-24,28,2,2,0,True,8520,0.00023474178403755868
fit,2023-04-24,29,42,26,0,True,8520,0.004929577464788733
fit,2023-04-24,30,70,48,0,True,8520,0.008215962441314555
fit,2023-04-24,31,3,1,0,True,8520,0.00035211267605633805
fit,2023-04-24,32,8,6,0,True,8520,0.0009389671361502347
fit,2023-04-24,33,28,4,1,True,8520,0.0032863849765258214
fit,2023-04-24,34,32,3,0,True,8520,0.003755868544600939
fit,2023-04-24,35,6,1,0,True,8520,0.0007042253521126761
fit,2023-04-24,36,456,364,3,True,8520,0.05352112676056338
fit,2023-04-24,37,11,1,0,True,8520,0.0012910798122065727
fit,2023-04-24,38,17,11,0,True,8520,0.001995305164319249
fit,2023-04-24,39,15,6,0,True,8520,0.0017605633802816902
fit,2023-05-01,0,24,2,0,True,8683,0.002764021651502937
fit,2023-05-01,1,56,8,0,True,8683,0.006449383853506852
fit,2023-05-01,2,20,9,0,True,8683,0.0023033513762524475
fit,2023-05-01,3,198,123,0,True,8683,0.02280317862489923
fit,2023-05-01,4,167,101,0,True,8683,0.019232983991707937
fit,2023-05-01,5,3,3,0,True,8683,0.0003455027064378671
fit,2023-05-01,6,148,110,0,True,8683,0.01704480018426811
fit,2023-05-01,7,88,40,0,True,8683,0.010134746055510768
fit,2023-05-01,8,1219,1188,19,True,8683,0.14038926638258667
fit,2023-05-01,9,8,4,0,True,8683,0.0009213405505009789
fit,2023-05-01,10,22,13,0,True,8683,0.002533686513877692
fit,2023-05-01,11,944,696,4,True,8683,0.10871818495911552
fit,2023-05-01,12,886,775,0,True,8683,0.10203846596798341
fit,2023-05-01,13,992,921,1,True,8683,0.11424622826212139
fit,2023-05-01,14,1570,1319,9,True,8683,0.1808130830358171
fit,2023-05-01,15,3,1,0,True,8683,0.0003455027064378671
fit,2023-05-01,16,9,2,0,True,8683,0.0010365081193136013
fit,2023-05-01,17,886,591,0,True,8683,0.10203846596798341
fit,2023-05-01,18,77,46,0,True,8683,0.008867902798571923
fit,2023-05-01,19,450,249,0,True,8683,0.05182540596568006
fit,2023-05-01,20,5,4,0,True,8683,0.0005758378440631119
fit,2023-05-01,21,26,3,0,True,8683,0.0029943567891281813
fit,2023-05-01,22,68,33,1,True,8683,0.007831394679258322
fit,2023-05-01,23,2,2,1,True,8683,0.00023033513762524472
fit,2023-05-01,24,30,19,2,True,8683,0.003455027064378671
fit,2023-05-01,25,127,87,0,True,8683,0.01462628123920304
fit,2023-05-01,26,21,7,0,True,8683,0.0024185189450650697
fit,2023-05-01,27,20,13,0,True,8683,0.0023033513762524475
fit,2023-05-01,28,4,3,0,True,8683,0.00046067027525048944
fit,2023-05-01,29,30,16,0,True,8683,0.003455027064378671
fit,2023-05-01,30,65,40,0,True,8683,0.007485891972820454
fit,2023-05-01,31,0,0,0,True,8683,0.0
fit,2023-05-01,32,3,3,0,True,8683,0.0003455027064378671
fit,2023-05-01,33,2,2,0,True,8683,0.00023033513762524472
fit,2023-05-01,34,1,1,0,True,8683,0.00011516756881262236
fit,2023-05-01,35,0,0,0,True,8683,0.0
fit,2023-05-01,36,429,342,0,True,8683,0.04940688702061499
fit,2023-05-01,37,59,4,0,True,8683,0.00679488655994472
fit,2023-05-01,38,8,6,1,True,8683,0.0009213405505009789
fit,2023-05-01,39,13,5,0,True,8683,0.0014971783945640907
fit,2023-05-08,0,52,3,1,True,9817,0.005296933890190486
fit,2023-05-08,1,173,9,0,True,9817,0.017622491596210654
fit,2023-05-08,2,11,4,0,True,9817,0.0011205052460018336
fit,2023-05-08,3,259,167,0,True,9817,0.026382805337679536
fit,2023-05-08,4,148,70,0,True,9817,0.015075888764388305
fit,2023-05-08,5,104,8,0,True,9817,0.010593867780380972
fit,2023-05-08,6,267,129,0,True,9817,0.027197718243862686
fit,2023-05-08,7,43,26,0,True,9817,0.00438015687073444
fit,2023-05-08,8,1211,1187,19,True,9817,0.12335744117347458
fit,2023-05-08,9,32,8,0,True,9817,0.0032596516247326065
fit,2023-05-08,10,57,27,0,True,9817,0.005806254456554956
fit,2023-05-08,11,970,701,3,True,9817,0.09880818987470714
fit,2023-05-08,12,903,794,3,True,9817,0.09198329428542325
fit,2023-05-08,13,887,802,1,True,9817,0.09035346847305695
fit,2023-05-08,14,1687,1391,7,True,9817,0.17184475909137212
fit,2023-05-08,15,224,3,6,True,9817,0.022817561373128247
fit,2023-05-08,16,7,3,0,True,9817,0.0007130487929102577
fit,2023-05-08,17,999,615,0,True,9817,0.10176224915962107
fit,2023-05-08,18,80,44,0,True,9817,0.008149129061831517
fit,2023-05-08,19,367,186,0,True,9817,0.037384129571152086
fit,2023-05-08,20,38,7,0,True,9817,0.0038708363043699705
fit,2023-05-08,21,64,3,0,True,9817,0.006519303249465213
fit,2023-05-08,22,85,55,0,True,9817,0.008658449628195987
fit,2023-05-08,23,17,3,5,True,9817,0.0017316899256391973
fit,2023-05-08,24,61,23,4,True,9817,0.006213710909646532
fit,2023-05-08,25,213,101,0,True,9817,0.021697056127126413
fit,2023-05-08,26,39,6,0,True,9817,0.003972700417642865
fit,2023-05-08,27,72,36,4,True,9817,0.007334216155648365
fit,2023-05-08,28,13,4,0,True,9817,0.0013242334725476214
fit,2023-05-08,29,30,22,0,True,9817,0.003055923398186819
fit,2023-05-08,30,78,49,0,True,9817,0.00794540083528573
fit,2023-05-08,31,1,1,0,True,9817,0.00010186411327289395
fit,2023-05-08,32,13,9,0,True,9817,0.0013242334725476214
fit,2023-05-08,33,45,8,6,True,9817,0.004583885097280228
fit,2023-05-08,34,157,2,0,True,9817,0.01599266578384435
fit,2023-05-08,35,0,0,0,True,9817,0.0
fit,2023-05-08,36,319,245,1,True,9817,0.03249465213405317
fit,2023-05-08,37,16,4,0,True,9817,0.0016298258123663032
fit,2023-05-08,38,27,12,0,True,9817,0.002750331058368137
fit,2023-05-08,39,48,9,0,True,9817,0.00488947743709891
fit,2023-05-15,0,8,3,1,True,8810,0.0009080590238365494
fit,2023-05-15,1,268,11,0,True,8810,0.030419977298524404
fit,2023-05-15,2,12,6,0,True,8810,0.001362088535754824
fit,2023-05-15,3,207,146,0,True,8810,0.023496027241770714
fit,2023-05-15,4,137,87,0,True,8810,0.015550510783200909
fit,2023-05-15,5,13,4,0,True,8810,0.0014755959137343927
fit,2023-05-15,6,234,154,0,True,8810,0.02656072644721907
fit,2023-05-15,7,52,17,0,True,8810,0.005902383654937571
fit,2023-05-15,8,1147,1136,9,True,8810,0.13019296254256527
fit,2023-05-15,9,2,2,0,True,8810,0.00022701475595913735
fit,2023-05-15,10,29,19,0,True,8810,0.0032917139614074913
fit,2023-05-15,11,922,706,1,True,8810,0.10465380249716232
fit,2023-05-15,12,899,803,4,True,8810,0.10204313280363224
fit,2023-05-15,13,894,806,0,True,8810,0.1014755959137344
fit,2023-05-15,14,1500,1296,3,True,8810,0.170261066969353
fit,2023-05-15,15,34,3,1,True,8810,0.0038592508513053347
fit,2023-05-15,16,8,5,0,True,8810,0.0009080590238365494
fit,2023-05-15,17,890,628,0,True,8810,0.10102156640181612
fit,2023-05-15,18,85,49,0,True,8810,0.009648127128263337
fit,2023-05-15,19,472,228,1,True,8810,0.053575482406356414
fit,2023-05-15,20,1,1,0,True,8810,0.00011350737797956867
fit,2023-05-15,21,25,4,0,True,8810,0.0028376844494892167
fit,2023-05-15,22,94,51,0,True,8810,0.010669693530079455
fit,2023-05-15,23,3,2,1,True,8810,0.000340522133938706
fit,2023-05-15,24,56,23,1,True,8810,0.006356413166855846
fit,2023-05-15,25,152,79,0,True,8810,0.017253121452894437
fit,2023-05-15,26,11,6,0,True,8810,0.0012485811577752554
fit,2023-05-15,27,20,11,0,True,8810,0.0022701475595913734
fit,2023-05-15,28,3,1,0,True,8810,0.000340522133938706
fit,2023-05-15,29,27,13,0,True,8810,0.0030646992054483542
fit,2023-05-15,30,76,45,0,True,8810,0.008626560726447218
fit,2023-05-15,31,9,6,0,True,8810,0.0010215664018161181
fit,2023-05-15,32,18,15,0,True,8810,0.0020431328036322363
fit,2023-05-15,33,49,4,0,True,8810,0.005561861520998865
fit,2023-05-15,34,41,2,0,True,8810,0.004653802497162316
fit,2023-05-15,35,1,1,0,True,8810,0.00011350737797956867
fit,2023-05-15,36,343,263,0,True,8810,0.03893303064699206
fit,2023-05-15,37,40,4,0,True,8810,0.004540295119182747
fit,2023-05-15,38,7,5,0,True,8810,0.0007945516458569807
fit,2023-05-15,39,21,7,0,True,8810,0.002383654937570942
fit,2023-05-22,0,22,2,0,True,9517,0.002311652831774719
fit,2023-05-22,1,127,12,0,True,9517,0.01334454134706315
fit,2023-05-22,2,15,4,0,True,9517,0.0015761269307554902
fit,2023-05-22,3,199,154,0,True,9517,0.020909950614689504
fit,2023-05-22,4,156,90,0,True,9517,0.0163917200798571
fit,2023-05-22,5,164,13,0,True,9517,0.01723232110959336
fit,2023-05-22,6,279,121,0,True,9517,0.029315960912052116
fit,2023-05-22,7,82,41,0,True,9517,0.00861616055479668
fit,2023-05-22,8,1015,1008,6,True,9517,0.10665125564778817
fit,2023-05-22,9,24,2,0,True,9517,0.0025218030892087844
fit,2023-05-22,10,44,28,0,True,9517,0.004623305663549438
fit,2023-05-22,11,952,689,7,True,9517,0.10003152253861511
fit,2023-05-22,12,810,732,14,True,9517,0.08511085426079647
fit,2023-05-22,13,828,744,2,True,9517,0.08700220657770306
fit,2023-05-22,14,1712,1408,5,True,9517,0.17988862036355996
fit,2023-05-22,15,198,3,5,True,9517,0.02080487548597247
fit,2023-05-22,16,7,6,0,True,9517,0.0007355259010192287
fit,2023-05-22,17,974,643,0,True,9517,0.10234317537038982
fit,2023-05-22,18,110,69,0,True,9517,0.011558264158873595
fit,2023-05-22,19,474,237,0,True,9517,0.04980561101187349
fit,2023-05-22,20,27,3,0,True,9517,0.0028370284753598822
fit,2023-05-22,21,51,3,0,True,9517,0.005358831564568667
fit,2023-05-22,22,68,37,0,True,9517,0.007145108752758222
fit,2023-05-22,23,7,2,1,True,9517,0.0007355259010192287
fit,2023-05-22,24,53,24,6,True,9517,0.005568981822002732
fit,2023-05-22,25,193,112,0,True,9517,0.02027949984238731
fit,2023-05-22,26,29,9,0,True,9517,0.0030471787327939477
fit,2023-05-22,27,63,31,3,True,9517,0.006619733109173059
fit,2023-05-22,28,9,3,0,True,9517,0.0009456761584532941
fit,2023-05-22,29,36,22,0,True,9517,0.0037827046338131764
fit,2023-05-22,30,91,47,0,True,9517,0.009561836713249974
fit,2023-05-22,31,5,2,0,True,9517,0.0005253756435851634
fit,2023-05-22,32,22,15,0,True,9517,0.002311652831774719
fit,2023-05-22,33,59,4,1,True,9517,0.006199432594304928
fit,2023-05-22,34,149,2,0,True,9517,0.01565619417883787
fit,2023-05-22,35,0,0,0,True,9517,0.0
fit,2023-05-22,36,384,329,0,True,9517,0.04034884942734055
fit,2023-05-22,37,22,3,0,True,9517,0.002311652831774719
fit,2023-05-22,38,12,4,0,True,9517,0.0012609015446043922
fit,2023-05-22,39,45,10,0,True,9517,0.00472838079226647
fit,2023-05-29,0,24,2,0,True,8942,0.0026839633191679713
fit,2023-05-29,1,37,13,0,True,8942,0.004137776783717289
fit,2023-05-29,2,12,3,0,True,8942,0.0013419816595839856
fit,2023-05-29,3,335,261,0,True,8942,0.03746365466338627
fit,2023-05-29,4,149,72,0,True,8942,0.01666293893983449
fit,2023-05-29,5,99,4,0,True,8942,0.011071348691567881
fit,2023-05-29,6,223,110,0,True,8942,0.024938492507269067
fit,2023-05-29,7,105,42,0,True,8942,0.011742339521359875
fit,2023-05-29,8,1111,1088,9,True,8942,0.12424513531648401
fit,2023-05-29,9,10,4,0,True,8942,0.0011183180496533215
fit,2023-05-29,10,31,18,0,True,8942,0.0034667859539252964
fit,2023-05-29,11,793,599,13,True,8942,0.08868262133750839
fit,2023-05-29,12,756,673,4,True,8942,0.0845448445537911
fit,2023-05-29,13,796,728,0,True,8942,0.08901811675240438
fit,2023-05-29,14,1531,1271,2,True,8942,0.17121449340192352
fit,2023-05-29,15,155,4,0,True,8942,0.017333929769626482
fit,2023-05-29,16,10,2,0,True,8942,0.0011183180496533215
fit,2023-05-29,17,807,507,0,True,8942,0.09024826660702304
fit,2023-05-29,18,105,48,0,True,8942,0.011742339521359875
fit,2023-05-29,19,519,252,0,True,8942,0.05804070677700738
fit,2023-05-29,20,12,2,0,True,8942,0.0013419816595839856
fit,2023-05-29,21,17,1,0,True,8942,0.0019011406844106464
fit,2023-05-29,22,67,35,2,True,8942,0.0074927309326772535
fit,2023-05-29,23,86,7,1,True,8942,0.009617535227018564
fit,2023-05-29,24,31,13,2,True,8942,0.0034667859539252964
fit,2023-05-29,25,97,56,0,True,8942,0.010847685081637217
fit,2023-05-29,26,29,10,0,True,8942,0.003243122343994632
fit,2023-05-29,27,28,10,0,True,8942,0.0031312905390293
fit,2023-05-29,28,10,7,0,True,8942,0.0011183180496533215
fit,2023-05-29,29,38,20,0,True,8942,0.004249608588682621
fit,2023-05-29,30,134,71,0,True,8942,0.014985461865354507
fit,2023-05-29,31,7,3,0,True,8942,0.000782822634757325
fit,2023-05-29,32,25,4,0,True,8942,0.0027957951241333037
fit,2023-05-29,33,67,6,3,True,8942,0.0074927309326772535
fit,2023-05-29,34,151,2,0,True,8942,0.016886602549765154
fit,2023-05-29,35,3,1,0,True,8942,0.0003354954148959964
fit,2023-05-29,36,422,343,0,True,8942,0.047193021695370166
fit,2023-05-29,37,46,8,0,True,8942,0.005144263028405279
fit,2023-05-29,38,21,10,1,True,8942,0.002348467904271975
fit,2023-05-29,39,43,12,0,True,8942,0.004808767613509282
fit,2023-06-05,0,13,3,0,True,9616,0.0013519134775374377
fit,2023-06-05,1,9,5,0,True,9616,0.0009359400998336107
fit,2023-06-05,2,24,9,0,True,9616,0.0024958402662229617
fit,2023-06-05,3,283,172,0,True,9616,0.02943011647254576
fit,2023-06-05,4,139,78,0,True,9616,0.014455074875207986
fit,2023-06-05,5,90,8,0,True,9616,0.009359400998336107
fit,2023-06-05,6,245,134,0,True,9616,0.025478369384359403
fit,2023-06-05,7,87,45,0,True,9616,0.009047420965058237
fit,2023-06-05,8,1174,1133,23,True,9616,0.12208818635607321
fit,2023-06-05,9,20,4,0,True,9616,0.0020798668885191347
fit,2023-06-05,10,11,8,0,True,9616,0.0011439267886855242
fit,2023-06-05,11,959,702,9,True,9616,0.09972961730449251
fit,2023-06-05,12,857,775,11,True,9616,0.08912229617304493
fit,2023-06-05,13,874,796,1,True,9616,0.09089018302828619
fit,2023-06-05,14,1594,1315,16,True,9616,0.16576539101497503
fit,2023-06-05,15,110,4,2,True,9616,0.011439267886855242
fit,2023-06-05,16,20,5,0,True,9616,0.0020798668885191347
fit,2023-06-05,17,759,503,0,True,9616,0.07893094841930116
fit,2023-06-05,18,116,69,0,True,9616,0.012063227953410981
fit,2023-06-05,19,541,229,0,True,9616,0.056260399334442594
fit,2023-06-05,20,13,4,0,True,9616,0.0013519134775374377
fit,2023-06-05,21,54,2,0,True,9616,0.005615640599001664
fit,2023-06-05,22,101,51,0,True,9616,0.01050332778702163
fit,2023-06-05,23,161,10,2,True,9616,0.016742928452579034
fit,2023-06-05,24,49,19,2,True,9616,0.00509567387687188
fit,2023-06-05,25,125,66,0,True,9616,0.012999168053244593
fit,2023-06-05,26,35,6,0,True,9616,0.0036397670549084857
fit,2023-06-05,27,27,12,0,True,9616,0.002807820299500832
fit,2023-06-05,28,12,6,0,True,9616,0.0012479201331114808
fit,2023-06-05,29,45,22,0,True,9616,0.004679700499168053
fit,2023-06-05,30,131,74,0,True,9616,0.013623128119800333
fit,2023-06-05,31,6,5,0,True,9616,0.0006239600665557404
fit,2023-06-05,32,84,12,0,True,9616,0.008735440931780365
fit,2023-06-05,33,122,6,0,True,9616,0.012687188019966721
fit,2023-06-05,34,83,3,0,True,9616,0.008631447587354409
fit,2023-06-05,35,0,0,0,True,9616,0.0
fit,2023-06-05,36,549,414,5,True,9616,0.05709234608985025
fit,2023-06-05,37,59,6,0,True,9616,0.006135607321131447
fit,2023-06-05,38,15,10,0,True,9616,0.001559900166389351
fit,2023-06-05,39,20,6,0,True,9616,0.0020798668885191347
fit,2023-06-12,0,13,2,0,True,9671,0.0013442250025850482
fit,2023-06-12,1,8,5,0,True,9671,0.0008272153862061834
fit,2023-06-12,2,20,7,0,True,9671,0.0020680384655154586
fit,2023-06-12,3,309,179,0,True,9671,0.03195119429221383
fit,2023-06-12,4,146,76,0,True,9671,0.015096680798262848
fit,2023-06-12,5,90,6,0,True,9671,0.009306173094819563
fit,2023-06-12,6,217,100,2,True,9671,0.022438217350842726
fit,2023-06-12,7,80,36,0,True,9671,0.008272153862061834
fit,2023-06-12,8,1171,1125,31,True,9671,0.1210836521559301
fit,2023-06-12,9,14,3,0,True,9671,0.001447626925860821
fit,2023-06-12,10,32,16,0,True,9671,0.0033088615448247337
fit,2023-06-12,11,918,623,7,True,9671,0.09492296556715955
fit,2023-06-12,12,874,798,6,True,9671,0.09037328094302555
fit,2023-06-12,13,878,790,5,True,9671,0.09078688863612863
fit,2023-06-12,14,1609,1327,6,True,9671,0.16637369455071865
fit,2023-06-12,15,139,5,2,True,9671,0.014372867335332436
fit,2023-06-12,16,27,6,0,True,9671,0.002791851928445869
fit,2023-06-12,17,847,556,7,True,9671,0.08758142901457967
fit,2023-06-12,18,66,39,0,True,9671,0.0068245269362010134
fit,2023-06-12,19,627,241,0,True,9671,0.06483300589390963
fit,2023-06-12,20,12,5,0,True,9671,0.0012408230793092751
fit,2023-06-12,21,42,3,0,True,9671,0.004342880777582463
fit,2023-06-12,22,69,37,0,True,9671,0.0071347327060283326
fit,2023-06-12,23,185,10,0,True,9671,0.019129355806017993
fit,2023-06-12,24,44,20,2,True,9671,0.004549684624134009
fit,2023-06-12,25,115,53,0,True,9671,0.011891221176713887
fit,2023-06-12,26,11,6,1,True,9671,0.0011374211560335023
fit,2023-06-12,27,59,18,1,True,9671,0.006100713473270603
fit,2023-06-12,28,11,6,0,True,9671,0.0011374211560335023
fit,2023-06-12,29,61,24,0,True,9671,0.006307517319822148
fit,2023-06-12,30,116,62,0,True,9671,0.01199462309998966
fit,2023-06-12,31,0,0,0,True,9671,0.0
fit,2023-06-12,32,44,19,0,True,9671,0.004549684624134009
fit,2023-06-12,33,64,7,0,True,9671,0.006617723089649467
fit,2023-06-12,34,126,2,0,True,9671,0.013028642332747389
fit,2023-06-12,35,6,1,0,True,9671,0.0006204115396546376
fit,2023-06-12,36,481,367,7,True,9671,0.04973632509564678
fit,2023-06-12,37,89,6,0,True,9671,0.009202771171543792
fit,2023-06-12,38,17,8,0,True,9671,0.0017578326956881399
fit,2023-06-12,39,34,12,0,True,9671,0.0035156653913762798
fit,2023-06-19,0,6,2,0,True,9451,0.0006348534546608824
fit,2023-06-19,1,19,15,0,True,9451,0.0020103692730927946
fit,2023-06-19,2,44,8,0,True,9451,0.004655592000846471
fit,2023-06-19,3,265,170,0,True,9451,0.028039360914188974
fit,2023-06-19,4,137,66,0,True,9451,0.01449582054809015
fit,2023-06-19,5,116,7,0,True,9451,0.01227383345677706
fit,2023-06-19,6,169,75,8,True,9451,0.017881705639614855
fit,2023-06-19,7,55,28,0,True,9451,0.0058194900010580895
fit,2023-06-19,8,1133,1104,8,True,9451,0.11988149402179664
fit,2023-06-19,9,15,4,0,True,9451,0.0015871336366522061
fit,2023-06-19,10,23,9,1,True,9451,0.002433604909533383
fit,2023-06-19,11,964,662,7,True,9451,0.10199978838218178
fit,2023-06-19,12,902,795,6,True,9451,0.09543963601735266
fit,2023-06-19,13,844,751,4,True,9451,0.08930271928896413
fit,2023-06-19,14,1556,1254,5,True,9451,0.16463866257538884
fit,2023-06-19,15,113,4,0,True,9451,0.011956406729446619
fit,2023-06-19,16,23,5,0,True,9451,0.002433604909533383
fit,2023-06-19,17,842,558,11,True,9451,0.08909110147074384
fit,2023-06-19,18,89,47,0,True,9451,0.00941699291080309
fit,2023-06-19,19,605,280,0,True,9451,0.06401439001163899
fit,2023-06-19,20,10,4,0,True,9451,0.0010580890911014707
fit,2023-06-19,21,44,3,0,True,9451,0.004655592000846471
fit,2023-06-19,22,103,59,0,True,9451,0.010898317638345149
fit,2023-06-19,23,134,5,0,True,9451,0.014178393820759708
fit,2023-06-19,24,93,20,0,True,9451,0.009840228547243679
fit,2023-06-19,25,116,59,0,True,9451,0.01227383345677706
fit,2023-06-19,26,23,4,1,True,9451,0.002433604909533383
fit,2023-06-19,27,29,12,0,True,9451,0.003068458364194265
fit,2023-06-19,28,9,5,0,True,9451,0.0009522801819913237
fit,2023-06-19,29,55,27,0,True,9451,0.0058194900010580895
fit,2023-06-19,30,122,54,0,True,9451,0.012908686911437943
fit,2023-06-19,31,10,4,0,True,9451,0.0010580890911014707
fit,2023-06-19,32,53,11,0,True,9451,0.005607872182837795
fit,2023-06-19,33,121,9,2,True,9451,0.012802878002327796
fit,2023-06-19,34,73,2,0,True,9451,0.007724050365040736
fit,2023-06-19,35,9,1,0,True,9451,0.0009522801819913237
fit,2023-06-19,36,408,329,9,True,9451,0.043170034916940006
fit,2023-06-19,37,71,9,1,True,9451,0.0075124325468204425
fit,2023-06-19,38,18,11,0,True,9451,0.0019045603639826474
fit,2023-06-19,39,30,12,0,True,9451,0.0031742672733044122
fit,2023-06-26,0,8,2,0,True,9311,0.000859198797121684
fit,2023-06-26,1,23,7,0,True,9311,0.0024701965417248417
fit,2023-06-26,2,47,10,0,True,9311,0.005047792933089893
fit,2023-06-26,3,266,189,0,True,9311,0.028568360004295995
fit,2023-06-26,4,157,84,0,True,9311,0.01686177639351305
fit,2023-06-26,5,84,12,0,True,9311,0.009021587369777682
fit,2023-06-26,6,224,115,6,True,9311,0.024057566319407152
fit,2023-06-26,7,64,27,0,True,9311,0.006873590376973472
fit,2023-06-26,8,1182,1176,4,True,9311,0.1269466222747288
fit,2023-06-26,9,21,5,0,True,9311,0.0022553968424444204
fit,2023-06-26,10,50,12,0,True,9311,0.005369992482010525
fit,2023-06-26,11,772,568,0,True,9311,0.0829126839222425
fit,2023-06-26,12,778,716,0,True,9311,0.08355708302008377
fit,2023-06-26,13,877,774,0,True,9311,0.09418966813446461
fit,2023-06-26,14,1423,1165,13,True,9311,0.15282998603801953
fit,2023-06-26,15,140,5,1,True,9311,0.01503597894962947
fit,2023-06-26,16,33,6,0,True,9311,0.0035441950381269465
fit,2023-06-26,17,1009,600,22,True,9311,0.1083664482869724
fit,2023-06-26,18,113,48,0,True,9311,0.012136183009343786
fit,2023-06-26,19,524,245,0,True,9311,0.056277521211470304
fit,2023-06-26,20,19,2,0,True,9311,0.0020405971431639996
fit,2023-06-26,21,58,3,0,True,9311,0.006229191279132209
fit,2023-06-26,22,74,28,1,True,9311,0.007947588873375577
fit,2023-06-26,23,150,5,2,True,9311,0.016109977446031577
fit,2023-06-26,24,88,27,0,True,9311,0.009451186768338525
fit,2023-06-26,25,137,57,0,True,9311,0.014713779400708839
fit,2023-06-26,26,40,13,3,True,9311,0.00429599398560842
fit,2023-06-26,27,39,16,2,True,9311,0.004188594135968209
fit,2023-06-26,28,13,3,0,True,9311,0.0013961980453227366
fit,2023-06-26,29,36,16,0,True,9311,0.003866394587047578
fit,2023-06-26,30,128,54,0,True,9311,0.013747180753946944
fit,2023-06-26,31,17,2,0,True,9311,0.0018257974438835786
fit,2023-06-26,32,46,21,0,True,9311,0.004940393083449683
fit,2023-06-26,33,83,6,0,True,9311,0.008914187520137472
fit,2023-06-26,34,89,2,0,True,9311,0.009558586617978735
fit,2023-06-26,35,10,1,0,True,9311,0.001073998496402105
fit,2023-06-26,36,332,272,5,True,9311,0.03565675008054989
fit,2023-06-26,37,53,8,0,True,9311,0.0056921920309311565
fit,2023-06-26,38,31,11,0,True,9311,0.0033293953388465257
fit,2023-06-26,39,73,14,0,True,9311,0.007840189023735367
fit,2023-07-03,0,10,3,0,True,8659,0.0011548677676406051
fit,2023-07-03,1,26,9,0,True,8659,0.0030026561958655736
fit,2023-07-03,2,37,6,0,True,8659,0.004273010740270239
fit,2023-07-03,3,224,153,2,True,8659,0.025869037995149554
fit,2023-07-03,4,115,59,0,True,8659,0.01328097932786696
fit,2023-07-03,5,79,12,0,True,8659,0.00912345536436078
fit,2023-07-03,6,151,97,4,True,8659,0.01743850329137314
fit,2023-07-03,7,78,35,0,True,8659,0.00900796858759672
fit,2023-07-03,8,1040,1022,15,True,8659,0.12010624783462294
fit,2023-07-03,9,12,5,0,True,8659,0.0013858413211687262
fit,2023-07-03,10,36,24,0,True,8659,0.004157523963506178
fit,2023-07-03,11,913,656,3,True,8659,0.10543942718558726
fit,2023-07-03,12,716,649,5,True,8659,0.08268853216306733
fit,2023-07-03,13,756,700,2,True,8659,0.08730800323362975
fit,2023-07-03,14,1476,1246,15,True,8659,0.1704584825037533
fit,2023-07-03,15,72,3,1,True,8659,0.008315047927012357
fit,2023-07-03,16,51,5,0,True,8659,0.005889825614967086
fit,2023-07-03,17,698,438,12,True,8659,0.08060977018131424
fit,2023-07-03,18,73,30,0,True,8659,0.008430534703776417
fit,2023-07-03,19,534,197,0,True,8659,0.061669938792008314
fit,2023-07-03,20,18,2,0,True,8659,0.002078761981753089
fit,2023-07-03,21,48,3,0,True,8659,0.005543365284674905
fit,2023-07-03,22,74,38,2,True,8659,0.008546021480540478
fit,2023-07-03,23,13,4,1,True,8659,0.0015013280979327868
fit,2023-07-03,24,96,28,0,True,8659,0.01108673056934981
fit,2023-07-03,25,116,63,0,True,8659,0.01339646610463102
fit,2023-07-03,26,57,10,3,True,8659,0.006582746275551449
fit,2023-07-03,27,79,18,1,True,8659,0.00912345536436078
fit,2023-07-03,28,11,2,0,True,8659,0.0012703545444046657
fit,2023-07-03,29,35,12,0,True,8659,0.004042037186742118
fit,2023-07-03,30,81,42,1,True,8659,0.009354428917888902
fit,2023-07-03,31,9,3,0,True,8659,0.0010393809908765446
fit,2023-07-03,32,36,24,0,True,8659,0.004157523963506178
fit,2023-07-03,33,92,9,2,True,8659,0.010624783462293567
fit,2023-07-03,34,61,2,0,True,8659,0.0070446933826076915
fit,2023-07-03,35,3,1,0,True,8659,0.00034646033029218156
fit,2023-07-03,36,594,273,159,True,8659,0.06859914539785195
fit,2023-07-03,37,34,8,0,True,8659,0.003926550409978058
fit,2023-07-03,38,27,9,0,True,8659,0.003118142972629634
fit,2023-07-03,39,78,14,0,True,8659,0.00900796858759672
fit,2023-07-10,0,12,3,0,True,9672,0.0012406947890818859
fit,2023-07-10,1,32,8,0,True,9672,0.0033085194375516956
fit,2023-07-10,2,64,7,0,True,9672,0.006617038875103391
fit,2023-07-10,3,266,168,0,True,9672,0.02750206782464847
fit,2023-07-10,4,115,54,0,True,9672,0.011889991728701406
fit,2023-07-10,5,84,7,0,True,9672,0.008684863523573201
fit,2023-07-10,6,181,106,3,True,9672,0.018713813068651778
fit,2023-07-10,7,61,23,0,True,9672,0.0063068651778329194
fit,2023-07-10,8,1465,1437,19,True,9672,0.15146815550041356
fit,2023-07-10,9,9,3,0,True,9672,0.0009305210918114144
fit,2023-07-10,10,50,20,2,True,9672,0.005169561621174525
fit,2023-07-10,11,877,600,5,True,9672,0.09067411083540115
fit,2023-07-10,12,847,733,12,True,9672,0.08757237386269644
fit,2023-07-10,13,937,851,1,True,9672,0.09687758478081059
fit,2023-07-10,14,1550,1285,17,True,9672,0.16025641025641027
fit,2023-07-10,15,101,4,0,True,9672,0.010442514474772539
fit,2023-07-10,16,40,2,0,True,9672,0.0041356492969396195
fit,2023-07-10,17,592,372,8,True,9672,0.06120760959470637
fit,2023-07-10,18,106,42,0,True,9672,0.010959470636889991
fit,2023-07-10,19,555,193,0,True,9672,0.05738213399503722
fit,2023-07-10,20,10,4,1,True,9672,0.0010339123242349049
fit,2023-07-10,21,57,3,0,True,9672,0.005893300248138958
fit,2023-07-10,22,63,23,2,True,9672,0.006513647642679901
fit,2023-07-10,23,36,6,2,True,9672,0.0037220843672456576
fit,2023-07-10,24,99,29,1,True,9672,0.010235732009925558
fit,2023-07-10,25,144,76,0,True,9672,0.01488833746898263
fit,2023-07-10,26,45,9,3,True,9672,0.004652605459057072
fit,2023-07-10,27,103,23,1,True,9672,0.01064929693961952
fit,2023-07-10,28,27,7,0,True,9672,0.002791563275434243
fit,2023-07-10,29,38,14,0,True,9672,0.003928866832092638
fit,2023-07-10,30,109,50,7,True,9672,0.011269644334160464
fit,2023-07-10,31,55,4,0,True,9672,0.005686517783291977
fit,2023-07-10,32,44,20,0,True,9672,0.004549214226633582
fit,2023-07-10,33,205,7,1,True,9672,0.02119520264681555
fit,2023-07-10,34,82,3,0,True,9672,0.00847808105872622
fit,2023-07-10,35,14,1,0,True,9672,0.0014474772539288668
fit,2023-07-10,36,404,322,14,True,9672,0.041770057899090156
fit,2023-07-10,37,23,8,0,True,9672,0.002377998345740281
fit,2023-07-10,38,32,6,0,True,9672,0.0033085194375516956
fit,2023-07-10,39,138,12,0,True,9672,0.014267990074441687
fit,2023-07-17,0,12,2,0,True,9885,0.0012139605462822458
fit,2023-07-17,1,50,9,0,True,9885,0.005058168942842691
fit,2023-07-17,2,94,11,0,True,9885,0.00950935761254426
fit,2023-07-17,3,416,195,0,True,9885,0.04208396560445119
fit,2023-07-17,4,152,73,0,True,9885,0.01537683358624178
fit,2023-07-17,5,107,10,0,True,9885,0.010824481537683358
fit,2023-07-17,6,225,120,8,True,9885,0.02276176024279211
fit,2023-07-17,7,86,33,0,True,9885,0.008700050581689428
fit,2023-07-17,8,1318,1290,8,True,9885,0.13333333333333333
fit,2023-07-17,9,16,4,0,True,9885,0.001618614061709661
fit,2023-07-17,10,58,23,0,True,9885,0.0058674759736975215
fit,2023-07-17,11,822,612,2,True,9885,0.08315629742033384
fit,2023-07-17,12,835,730,27,True,9885,0.08447142134547293
fit,2023-07-17,13,932,862,4,True,9885,0.09428426909458776
fit,2023-07-17,14,1578,1307,13,True,9885,0.15963581183611533
fit,2023-07-17,15,131,4,3,True,9885,0.01325240263024785
fit,2023-07-17,16,95,12,0,True,9885,0.009610520991401113
fit,2023-07-17,17,559,355,23,True,9885,0.056550328780981284
fit,2023-07-17,18,65,39,0,True,9885,0.0065756196256954984
fit,2023-07-17,19,572,216,0,True,9885,0.05786545270612038
fit,2023-07-17,20,28,2,0,True,9885,0.002832574607991907
fit,2023-07-17,21,70,3,0,True,9885,0.0070814365199797676
fit,2023-07-17,22,81,26,1,True,9885,0.00819423368740516
fit,2023-07-17,23,12,4,0,True,9885,0.0012139605462822458
fit,2023-07-17,24,76,24,1,True,9885,0.00768841679312089
fit,2023-07-17,25,124,59,0,True,9885,0.012544258978249874
fit,2023-07-17,26,60,11,0,True,9885,0.006069802731411229
fit,2023-07-17,27,66,21,0,True,9885,0.006676783004552352
fit,2023-07-17,28,31,7,0,True,9885,0.0031360647445624686
fit,2023-07-17,29,72,16,0,True,9885,0.007283763277693475
fit,2023-07-17,30,110,42,5,True,9885,0.01112797167425392
fit,2023-07-17,31,57,5,0,True,9885,0.005766312594840668
fit,2023-07-17,32,68,23,2,True,9885,0.00687910976226606
fit,2023-07-17,33,148,9,0,True,9885,0.014972180070814365
fit,2023-07-17,34,113,6,0,True,9885,0.011431461810824481
fit,2023-07-17,35,16,1,0,True,9885,0.001618614061709661
fit,2023-07-17,36,408,338,3,True,9885,0.04127465857359636
fit,2023-07-17,37,53,7,0,True,9885,0.005361659079413252
fit,2023-07-17,38,58,12,0,True,9885,0.0058674759736975215
fit,2023-07-17,39,111,11,0,True,9885,0.011229135053110774
fit,2023-07-24,0,16,3,0,True,9548,0.0016757436112274822
fit,2023-07-24,1,61,8,0,True,9548,0.006388772517804776
fit,2023-07-24,2,90,15,0,True,9548,0.009426057813154587
fit,2023-07-24,3,342,169,0,True,9548,0.03581901968998743
fit,2023-07-24,4,152,65,0,True,9548,0.015919564306661083
fit,2023-07-24,5,49,10,0,True,9548,0.005131964809384164
fit,2023-07-24,6,172,110,3,True,9548,0.018014243820695434
fit,2023-07-24,7,84,37,0,True,9548,0.008797653958944282
fit,2023-07-24,8,1207,1162,11,True,9548,0.1264139086719732
fit,2023-07-24,9,19,6,0,True,9548,0.0019899455383326353
fit,2023-07-24,10,78,14,2,True,9548,0.008169250104733976
fit,2023-07-24,11,816,584,6,True,9548,0.0854629241726016
fit,2023-07-24,12,806,714,23,True,9548,0.08441558441558442
fit,2023-07-24,13,889,803,4,True,9548,0.09310850439882698
fit,2023-07-24,14,1471,1210,12,True,9548,0.15406367825722664
fit,2023-07-24,15,172,6,0,True,9548,0.018014243820695434
fit,2023-07-24,16,75,7,0,True,9548,0.007855048177628823
fit,2023-07-24,17,553,350,11,True,9548,0.05791788856304985
fit,2023-07-24,18,86,47,0,True,9548,0.009007121910347717
fit,2023-07-24,19,537,204,0,True,9548,0.05624214495182237
fit,2023-07-24,20,15,3,0,True,9548,0.0015710096355257646
fit,2023-07-24,21,107,3,0,True,9548,0.011206535400083787
fit,2023-07-24,22,102,41,0,True,9548,0.0106828655215752
fit,2023-07-24,23,70,8,1,True,9548,0.007331378299120235
fit,2023-07-24,24,113,30,2,True,9548,0.011834939254294094
fit,2023-07-24,25,170,78,0,True,9548,0.017804775869291998
fit,2023-07-24,26,55,13,2,True,9548,0.00576036866359447
fit,2023-07-24,27,65,14,0,True,9548,0.006807708420611646
fit,2023-07-24,28,45,9,0,True,9548,0.0047130289065772935
fit,2023-07-24,29,85,22,1,True,9548,0.008902387934645999
fit,2023-07-24,30,145,45,19,True,9548,0.015186426476749058
fit,2023-07-24,31,31,3,0,True,9548,0.003246753246753247
fit,2023-07-24,32,63,25,0,True,9548,0.006598240469208211
fit,2023-07-24,33,110,10,0,True,9548,0.01152073732718894
fit,2023-07-24,34,103,4,0,True,9548,0.010787599497276916
fit,2023-07-24,35,19,1,0,True,9548,0.0019899455383326353
fit,2023-07-24,36,400,313,27,True,9548,0.04189359028068706
fit,2023-07-24,37,36,6,0,True,9548,0.003770423125261835
fit,2023-07-24,38,76,7,0,True,9548,0.007959782153330541
fit,2023-07-24,39,63,12,0,True,9548,0.006598240469208211
fit,2023-07-31,0,10,1,0,True,9502,0.0010524100189433804
fit,2023-07-31,1,59,13,0,True,9502,0.006209219111765944
fit,2023-07-31,2,88,10,0,True,9502,0.009261208166701748
fit,2023-07-31,3,284,154,0,True,9502,0.029888444537992002
fit,2023-07-31,4,177,59,0,True,9502,0.018627657335297833
fit,2023-07-31,5,52,7,0,True,9502,0.005472532098505577
fit,2023-07-31,6,189,125,0,True,9502,0.019890549358029887
fit,2023-07-31,7,67,29,0,True,9502,0.007051147126920648
fit,2023-07-31,8,1275,1226,12,True,9502,0.134182277415281
fit,2023-07-31,9,21,4,0,True,9502,0.0022100610397810987
fit,2023-07-31,10,31,18,0,True,9502,0.003262471058724479
fit,2023-07-31,11,825,587,13,True,9502,0.08682382656282887
fit,2023-07-31,12,790,706,19,True,9502,0.08314039149652705
fit,2023-07-31,13,932,846,2,True,9502,0.09808461376552305
fit,2023-07-31,14,1571,1288,28,True,9502,0.16533361397600504
fit,2023-07-31,15,61,3,2,True,9502,0.0064197011155546204
fit,2023-07-31,16,59,6,0,True,9502,0.006209219111765944
fit,2023-07-31,17,647,367,0,True,9502,0.06809092822563671
fit,2023-07-31,18,100,63,0,True,9502,0.010524100189433803
fit,2023-07-31,19,469,202,0,True,9502,0.04935802988844454
fit,2023-07-31,20,12,3,0,True,9502,0.0012628920227320563
fit,2023-07-31,21,92,3,0,True,9502,0.0096821721742791
fit,2023-07-31,22,90,38,4,True,9502,0.009471690170490423
fit,2023-07-31,23,103,8,1,True,9502,0.010839823195116817
fit,2023-07-31,24,66,15,1,True,9502,0.0069459061250263104
fit,2023-07-31,25,155,71,0,True,9502,0.016312355293622394
fit,2023-07-31,26,42,11,0,True,9502,0.004420122079562197
fit,2023-07-31,27,44,13,1,True,9502,0.004630604083350874
fit,2023-07-31,28,34,8,0,True,9502,0.003578194064407493
fit,2023-07-31,29,124,27,22,True,9502,0.013049884234897917
fit,2023-07-31,30,187,53,9,True,9502,0.019680067354241212
fit,2023-07-31,31,2,2,0,True,9502,0.00021048200378867606
fit,2023-07-31,32,11,8,0,True,9502,0.0011576510208377185
fit,2023-07-31,33,91,9,0,True,9502,0.009576931172384761
fit,2023-07-31,34,50,2,0,True,9502,0.005262050094716902
fit,2023-07-31,35,52,1,0,True,9502,0.005472532098505577
fit,2023-07-31,36,400,256,43,True,9502,0.042096400757735214
fit,2023-07-31,37,4,4,0,True,9502,0.0004209640075773521
fit,2023-07-31,38,31,5,0,True,9502,0.003262471058724479
fit,2023-07-31,39,205,15,0,True,9502,0.021574405388339296
fit,2023-08-07,0,6,2,0,True,10672,0.0005622188905547226
fit,2023-08-07,1,49,11,0,True,10672,0.004591454272863569
fit,2023-08-07,2,89,12,0,True,10672,0.008339580209895052
fit,2023-08-07,3,408,223,0,True,10672,0.03823088455772114
fit,2023-08-07,4,210,81,0,True,10672,0.019677661169415293
fit,2023-08-07,5,101,8,0,True,10672,0.009464017991004497
fit,2023-08-07,6,217,127,0,True,10672,0.020333583208395803
fit,2023-08-07,7,76,32,0,True,10672,0.00712143928035982
fit,2023-08-07,8,1305,1238,27,True,10672,0.12228260869565218
fit,2023-08-07,9,12,6,0,True,10672,0.0011244377811094452
fit,2023-08-07,10,84,26,0,True,10672,0.007871064467766116
fit,2023-08-07,11,998,691,7,True,10672,0.09351574212893553
fit,2023-08-07,12,834,733,18,True,10672,0.07814842578710644
fit,2023-08-07,13,1012,920,3,True,10672,0.09482758620689655
fit,2023-08-07,14,1799,1433,34,True,10672,0.16857196401799102
fit,2023-08-07,15,97,5,0,True,10672,0.00908920539730135
fit,2023-08-07,16,75,9,0,True,10672,0.007027736131934033
fit,2023-08-07,17,770,485,0,True,10672,0.07215142428785608
fit,2023-08-07,18,79,44,1,True,10672,0.0074025487256371815
fit,2023-08-07,19,508,204,0,True,10672,0.04760119940029985
fit,2023-08-07,20,12,5,0,True,10672,0.0011244377811094452
fit,2023-08-07,21,114,3,0,True,10672,0.01068215892053973
fit,2023-08-07,22,115,52,1,True,10672,0.010775862068965518
fit,2023-08-07,23,70,7,2,True,10672,0.006559220389805097
fit,2023-08-07,24,113,18,2,True,10672,0.010588455772113942
fit,2023-08-07,25,142,85,0,True,10672,0.013305847076461768
fit,2023-08-07,26,49,12,1,True,10672,0.004591454272863569
fit,2023-08-07,27,45,22,2,True,10672,0.00421664167916042
fit,2023-08-07,28,22,4,0,True,10672,0.0020614692653673165
fit,2023-08-07,29,82,27,0,True,10672,0.007683658170914542
fit,2023-08-07,30,203,65,11,True,10672,0.019021739130434784
fit,2023-08-07,31,16,5,0,True,10672,0.0014992503748125937
fit,2023-08-07,32,39,23,1,True,10672,0.0036544227886056973
fit,2023-08-07,33,54,7,0,True,10672,0.005059970014992503
fit,2023-08-07,34,82,3,0,True,10672,0.007683658170914542
fit,2023-08-07,35,39,1,0,True,10672,0.0036544227886056973
fit,2023-08-07,36,520,428,4,True,10672,0.04872563718140929
fit,2023-08-07,37,8,2,0,True,10672,0.0007496251874062968
fit,2023-08-07,38,55,9,0,True,10672,0.005153673163418291
fit,2023-08-07,39,163,12,0,True,10672,0.015273613193403299
fit,2023-08-14,0,11,1,0,True,10589,0.0010388138634431958
fit,2023-08-14,1,30,8,0,True,10589,0.002833128718481443
fit,2023-08-14,2,122,12,0,True,10589,0.011521390121824534
fit,2023-08-14,3,385,216,0,True,10589,0.036358485220511855
fit,2023-08-14,4,193,94,0,True,10589,0.018226461422230618
fit,2023-08-14,5,113,15,0,True,10589,0.010671451506280101
fit,2023-08-14,6,184,107,0,True,10589,0.017376522806686185
fit,2023-08-14,7,55,16,0,True,10589,0.005194069317215979
fit,2023-08-14,8,1266,1239,18,True,10589,0.1195580319199169
fit,2023-08-14,9,28,6,0,True,10589,0.00264425347058268
fit,2023-08-14,10,109,21,3,True,10589,0.010293701010482575
fit,2023-08-14,11,886,606,0,True,10589,0.08367173481915195
fit,2023-08-14,12,815,742,18,True,10589,0.07696666351874587
fit,2023-08-14,13,982,884,5,True,10589,0.09273774671829257
fit,2023-08-14,14,2068,1655,35,True,10589,0.1952970063273208
fit,2023-08-14,15,179,5,1,True,10589,0.016904334686939276
fit,2023-08-14,16,50,8,0,True,10589,0.004721881197469071
fit,2023-08-14,17,714,460,2,True,10589,0.06742846349985834
fit,2023-08-14,18,94,46,0,True,10589,0.008877136651241855
fit,2023-08-14,19,464,237,0,True,10589,0.043819057512512985
fit,2023-08-14,20,15,3,0,True,10589,0.0014165643592407215
fit,2023-08-14,21,92,2,0,True,10589,0.008688261403343093
fit,2023-08-14,22,82,26,0,True,10589,0.007743885163849278
fit,2023-08-14,23,68,4,2,True,10589,0.006421758428557938
fit,2023-08-14,24,100,21,3,True,10589,0.009443762394938143
fit,2023-08-14,25,139,83,0,True,10589,0.013126829728964019
fit,2023-08-14,26,55,11,2,True,10589,0.005194069317215979
fit,2023-08-14,27,51,14,4,True,10589,0.004816318821418453
fit,2023-08-14,28,35,8,0,True,10589,0.00330531683822835
fit,2023-08-14,29,96,27,0,True,10589,0.009066011899140618
fit,2023-08-14,30,156,66,7,True,10589,0.014732269336103504
fit,2023-08-14,31,12,4,0,True,10589,0.0011332514873925773
fit,2023-08-14,32,42,21,0,True,10589,0.00396638020587402
fit,2023-08-14,33,164,9,4,True,10589,0.015487770327698555
fit,2023-08-14,34,104,3,0,True,10589,0.009821512890735669
fit,2023-08-14,35,32,2,0,True,10589,0.003022003966380206
fit,2023-08-14,36,429,355,0,True,10589,0.040513740674284635
fit,2023-08-14,37,16,3,0,True,10589,0.001511001983190103
fit,2023-08-14,38,65,4,0,True,10589,0.006138445556709793
fit,2023-08-14,39,88,13,0,True,10589,0.008310510907545567
fit,2023-08-21,0,20,2,0,True,10218,0.0019573302016050106
fit,2023-08-21,1,46,7,0,True,10218,0.004501859463691525
fit,2023-08-21,2,113,11,0,True,10218,0.011058915639068311
fit,2023-08-21,3,383,203,0,True,10218,0.037482873360735955
fit,2023-08-21,4,178,82,0,True,10218,0.017420238794284598
fit,2023-08-21,5,111,12,0,True,10218,0.01086318261890781
fit,2023-08-21,6,226,145,0,True,10218,0.022117831278136622
fit,2023-08-21,7,68,36,0,True,10218,0.006654922685457036
fit,2023-08-21,8,1161,1139,21,True,10218,0.11362301820317088
fit,2023-08-21,9,29,5,0,True,10218,0.0028381287923272655
fit,2023-08-21,10,72,19,2,True,10218,0.007046388725778039
fit,2023-08-21,11,1071,728,0,True,10218,0.10481503229594832
fit,2023-08-21,12,803,726,10,True,10218,0.07858680759444119
fit,2023-08-21,13,897,830,3,True,10218,0.08778625954198473
fit,2023-08-21,14,1884,1492,59,True,10218,0.18438050499119202
fit,2023-08-21,15,146,4,3,True,10218,0.014288510471716578
fit,2023-08-21,16,59,8,0,True,10218,0.005774124094734782
fit,2023-08-21,17,527,353,0,True,10218,0.05157565081229203
fit,2023-08-21,18,104,59,0,True,10218,0.010178117048346057
fit,2023-08-21,19,561,242,0,True,10218,0.05490311215502055
fit,2023-08-21,20,15,2,0,True,10218,0.001467997651203758
fit,2023-08-21,21,123,3,0,True,10218,0.012037580739870817
fit,2023-08-21,22,148,58,1,True,10218,0.01448424349187708
fit,2023-08-21,23,12,6,1,True,10218,0.0011743981209630064
fit,2023-08-21,24,149,22,6,True,10218,0.01458211000195733
fit,2023-08-21,25,176,87,0,True,10218,0.017224505774124096
fit,2023-08-21,26,59,7,0,True,10218,0.005774124094734782
fit,2023-08-21,27,76,24,2,True,10218,0.007437854766099041
fit,2023-08-21,28,26,5,0,True,10218,0.002544529262086514
fit,2023-08-21,29,102,25,0,True,10218,0.009982384028185555
fit,2023-08-21,30,140,47,4,True,10218,0.013701311411235075
fit,2023-08-21,31,17,5,0,True,10218,0.001663730671364259
fit,2023-08-21,32,42,17,1,True,10218,0.004110393423370522
fit,2023-08-21,33,64,9,1,True,10218,0.006263456645136035
fit,2023-08-21,34,72,3,0,True,10218,0.007046388725778039
fit,2023-08-21,35,21,2,0,True,10218,0.002055196711685261
fit,2023-08-21,36,354,296,0,True,10218,0.03464474456840869
fit,2023-08-21,37,26,4,0,True,10218,0.002544529262086514
fit,2023-08-21,38,36,4,0,True,10218,0.0035231943628890195
fit,2023-08-21,39,101,12,0,True,10218,0.009884517518105304
fit,2023-08-28,0,23,2,0,True,10154,0.002265117195194012
fit,2023-08-28,1,30,7,0,True,10154,0.0029545006893834944
fit,2023-08-28,2,78,10,0,True,10154,0.0076817017923970846
fit,2023-08-28,3,301,169,0,True,10154,0.029643490250147723
fit,2023-08-28,4,130,58,0,True,10154,0.012802836320661808
fit,2023-08-28,5,64,7,0,True,10154,0.006302934804018121
fit,2023-08-28,6,199,119,0,True,10154,0.019598187906243843
fit,2023-08-28,7,120,41,0,True,10154,0.011818002757533978
fit,2023-08-28,8,1222,1211,2,True,10154,0.120346661414221
fit,2023-08-28,9,19,4,0,True,10154,0.0018711837699428796
fit,2023-08-28,10,72,17,0,True,10154,0.007090801654520386
fit,2023-08-28,11,1094,727,1,True,10154,0.10774079180618476
fit,2023-08-28,12,773,706,13,True,10154,0.07612763442978136
fit,2023-08-28,13,1058,960,4,True,10154,0.10419539097892457
fit,2023-08-28,14,1643,1310,48,True,10154,0.1618081544219027
fit,2023-08-28,15,128,4,4,True,10154,0.012605869608036242
fit,2023-08-28,16,46,3,0,True,10154,0.004530234390388024
fit,2023-08-28,17,616,359,0,True,10154,0.06066574748867441
fit,2023-08-28,18,95,46,0,True,10154,0.009355918849714399
fit,2023-08-28,19,532,218,0,True,10154,0.05239314555840063
fit,2023-08-28,20,11,3,0,True,10154,0.0010833169194406145
fit,2023-08-28,21,108,3,0,True,10154,0.01063620248178058
fit,2023-08-28,22,92,37,1,True,10154,0.009060468780776048
fit,2023-08-28,23,9,3,0,True,10154,0.0008863502068150482
fit,2023-08-28,24,158,22,2,True,10154,0.015560370297419737
fit,2023-08-28,25,179,79,0,True,10154,0.017628520779988183
fit,2023-08-28,26,71,11,2,True,10154,0.006992318298207603
fit,2023-08-28,27,84,22,3,True,10154,0.008272601930273784
fit,2023-08-28,28,43,8,0,True,10154,0.004234784321449675
fit,2023-08-28,29,111,22,0,True,10154,0.010931652550718929
fit,2023-08-28,30,168,58,4,True,10154,0.01654520386054757
fit,2023-08-28,31,6,3,0,True,10154,0.0005909001378766989
fit,2023-08-28,32,84,14,1,True,10154,0.008272601930273784
fit,2023-08-28,33,35,4,1,True,10154,0.00344691747094741
fit,2023-08-28,34,114,4,0,True,10154,0.011227102619657278
fit,2023-08-28,35,57,2,0,True,10154,0.005613551309828639
fit,2023-08-28,36,370,292,3,True,10154,0.03643884183572976
fit,2023-08-28,37,4,4,0,True,10154,0.00039393342525113255
fit,2023-08-28,38,83,9,0,True,10154,0.008174118573961001
fit,2023-08-28,39,124,15,0,True,10154,0.01221193618278511
fit,2023-09-04,0,8,2,0,True,9705,0.000824317362184441
fit,2023-09-04,1,38,7,0,True,9705,0.003915507470376095
fit,2023-09-04,2,88,12,0,True,9705,0.00906749098402885
fit,2023-09-04,3,387,194,0,True,9705,0.03987635239567233
fit,2023-09-04,4,145,64,0,True,9705,0.014940752189592994
fit,2023-09-04,5,93,8,0,True,9705,0.009582689335394128
fit,2023-09-04,6,197,118,1,True,9705,0.02029881504379186
fit,2023-09-04,7,86,29,0,True,9705,0.00886141164348274
fit,2023-09-04,8,1207,1158,46,True,9705,0.12436888201957753
fit,2023-09-04,9,16,3,0,True,9705,0.001648634724368882
fit,2023-09-04,10,53,15,3,True,9705,0.005461102524471921
fit,2023-09-04,11,794,542,0,True,9705,0.08181349819680576
fit,2023-09-04,12,796,719,6,True,9705,0.08201957753735188
fit,2023-09-04,13,1058,936,1,True,9705,0.10901597114889232
fit,2023-09-04,14,1680,1336,27,True,9705,0.1731066460587326
fit,2023-09-04,15,57,5,4,True,9705,0.005873261205564142
fit,2023-09-04,16,73,7,0,True,9705,0.0075218959299330245
fit,2023-09-04,17,778,467,0,True,9705,0.08016486347243688
fit,2023-09-04,18,110,49,0,True,9705,0.011334363730036065
fit,2023-09-04,19,455,218,0,True,9705,0.04688304997424008
fit,2023-09-04,20,11,2,0,True,9705,0.0011334363730036063
fit,2023-09-04,21,89,4,0,True,9705,0.009170530654301906
fit,2023-09-04,22,112,41,2,True,9705,0.011540443070582175
fit,2023-09-04,23,18,6,1,True,9705,0.0018547140649149924
fit,2023-09-04,24,102,17,0,True,9705,0.010510046367851623
fit,2023-09-04,25,141,75,0,True,9705,0.014528593508500772
fit,2023-09-04,26,28,3,0,True,9705,0.0028851107676455437
fit,2023-09-04,27,58,18,1,True,9705,0.005976300875837197
fit,2023-09-04,28,5,2,0,True,9705,0.0005151983513652757
fit,2023-09-04,29,90,27,0,True,9705,0.00927357032457496
fit,2023-09-04,30,123,38,13,True,9705,0.01267387944358578
fit,2023-09-04,31,1,1,0,True,9705,0.00010303967027305513
fit,2023-09-04,32,59,21,1,True,9705,0.006079340546110252
fit,2023-09-04,33,37,6,0,True,9705,0.0038124678001030398
fit,2023-09-04,34,25,4,0,True,9705,0.002575991756826378
fit,2023-09-04,35,40,1,0,True,9705,0.004121586810922205
fit,2023-09-04,36,531,422,2,True,9705,0.05471406491499227
fit,2023-09-04,37,18,5,0,True,9705,0.0018547140649149924
fit,2023-09-04,38,20,4,0,True,9705,0.0020607934054611026
fit,2023-09-04,39,78,10,0,True,9705,0.0080370942812983
fit,2023-09-11,0,14,2,0,True,10125,0.001382716049382716
fit,2023-09-11,1,36,10,0,True,10125,0.0035555555555555557
fit,2023-09-11,2,73,6,0,True,10125,0.007209876543209877
fit,2023-09-11,3,304,159,0,True,10125,0.030024691358024692
fit,2023-09-11,4,149,67,0,True,10125,0.01471604938271605
fit,2023-09-11,5,117,7,0,True,10125,0.011555555555555555
fit,2023-09-11,6,223,140,0,True,10125,0.022024691358024692
fit,2023-09-11,7,138,38,0,True,10125,0.01362962962962963
fit,2023-09-11,8,1267,1231,25,True,10125,0.1251358024691358
fit,2023-09-11,9,9,3,0,True,10125,0.0008888888888888889
fit,2023-09-11,10,65,11,2,True,10125,0.006419753086419753
fit,2023-09-11,11,1037,683,5,True,10125,0.10241975308641975
fit,2023-09-11,12,812,719,10,True,10125,0.08019753086419754
fit,2023-09-11,13,1025,928,1,True,10125,0.10123456790123457
fit,2023-09-11,14,1598,1277,62,True,10125,0.15782716049382717
fit,2023-09-11,15,96,7,2,True,10125,0.009481481481481481
fit,2023-09-11,16,59,6,0,True,10125,0.00582716049382716
fit,2023-09-11,17,706,403,0,True,10125,0.0697283950617284
fit,2023-09-11,18,116,53,0,True,10125,0.01145679012345679
fit,2023-09-11,19,508,222,0,True,10125,0.05017283950617284
fit,2023-09-11,20,16,2,0,True,10125,0.0015802469135802468
fit,2023-09-11,21,72,4,0,True,10125,0.0071111111111111115
fit,2023-09-11,22,113,41,2,True,10125,0.011160493827160493
fit,2023-09-11,23,20,3,0,True,10125,0.0019753086419753087
fit,2023-09-11,24,164,21,3,True,10125,0.01619753086419753
fit,2023-09-11,25,204,112,0,True,10125,0.020148148148148148
fit,2023-09-11,26,69,10,0,True,10125,0.006814814814814815
fit,2023-09-11,27,39,12,1,True,10125,0.003851851851851852
fit,2023-09-11,28,12,3,0,True,10125,0.0011851851851851852
fit,2023-09-11,29,103,25,0,True,10125,0.01017283950617284
fit,2023-09-11,30,170,50,3,True,10125,0.016790123456790124
fit,2023-09-11,31,5,3,0,True,10125,0.0004938271604938272
fit,2023-09-11,32,97,21,2,True,10125,0.009580246913580247
fit,2023-09-11,33,28,5,0,True,10125,0.002765432098765432
fit,2023-09-11,34,89,4,0,True,10125,0.008790123456790123
fit,2023-09-11,35,28,2,0,True,10125,0.002765432098765432
fit,2023-09-11,36,406,356,5,True,10125,0.04009876543209877
fit,2023-09-11,37,13,3,0,True,10125,0.0012839506172839506
fit,2023-09-11,38,65,6,0,True,10125,0.006419753086419753
fit,2023-09-11,39,60,8,0,True,10125,0.005925925925925926
fit,2023-09-18,0,30,3,0,True,10221,0.0029351335485764602
fit,2023-09-18,1,48,7,0,True,10221,0.004696213677722336
fit,2023-09-18,2,119,11,0,True,10221,0.011642696409353292
fit,2023-09-18,3,397,216,0,True,10221,0.03884160062616182
fit,2023-09-18,4,209,78,0,True,10221,0.020448097055082673
fit,2023-09-18,5,103,11,0,True,10221,0.010077291850112514
fit,2023-09-18,6,185,96,1,True,10221,0.018099990216221506
fit,2023-09-18,7,121,40,0,True,10221,0.01183837197925839
fit,2023-09-18,8,1264,1256,2,True,10221,0.12366696018002152
fit,2023-09-18,9,19,5,0,True,10221,0.0018589179140984249
fit,2023-09-18,10,112,16,0,True,10221,0.010957831914685452
fit,2023-09-18,11,982,641,1,True,10221,0.0960767048234028
fit,2023-09-18,12,773,690,18,True,10221,0.07562860776832013
fit,2023-09-18,13,1064,985,3,True,10221,0.10409940318951179
fit,2023-09-18,14,1603,1246,49,True,10221,0.15683396927893553
fit,2023-09-18,15,125,4,2,True,10221,0.012229723119068584
fit,2023-09-18,16,38,3,0,True,10221,0.0037178358281968497
fit,2023-09-18,17,647,397,10,True,10221,0.063301046864299
fit,2023-09-18,18,121,64,0,True,10221,0.01183837197925839
fit,2023-09-18,19,519,224,0,True,10221,0.05077781039037276
fit,2023-09-18,20,17,2,0,True,10221,0.0016632423441933274
fit,2023-09-18,21,116,5,0,True,10221,0.011349183054495646
fit,2023-09-18,22,142,56,0,True,10221,0.013892965463261912
fit,2023-09-18,23,27,8,3,True,10221,0.0026416201937188143
fit,2023-09-18,24,128,20,3,True,10221,0.01252323647392623
fit,2023-09-18,25,174,73,0,True,10221,0.017023774581743468
fit,2023-09-18,26,89,6,3,True,10221,0.008707562860776832
fit,2023-09-18,27,83,25,3,True,10221,0.00812053615106154
fit,2023-09-18,28,21,3,0,True,10221,0.002054593484003522
fit,2023-09-18,29,47,14,0,True,10221,0.004598375892769788
fit,2023-09-18,30,118,35,12,True,10221,0.011544858624400743
fit,2023-09-18,31,39,2,0,True,10221,0.0038156736131493983
fit,2023-09-18,32,36,17,2,True,10221,0.0035221602582917524
fit,2023-09-18,33,67,5,0,True,10221,0.006555131591820761
fit,2023-09-18,34,61,2,0,True,10221,0.0059681048821054695
fit,2023-09-18,35,56,2,0,True,10221,0.005478915957342726
fit,2023-09-18,36,386,297,17,True,10221,0.03776538499168379
fit,2023-09-18,37,8,2,0,True,10221,0.0007827022796203894
fit,2023-09-18,38,50,7,0,True,10221,0.004891889247627434
fit,2023-09-18,39,77,11,0,True,10221,0.007533509441346248
fit,2023-09-25,0,17,1,0,True,9966,0.0017057997190447522
fit,2023-09-25,1,43,9,0,True,9966,0.004314669877583785
fit,2023-09-25,2,97,12,0,True,9966,0.009733092514549468
fit,2023-09-25,3,283,159,0,True,9966,0.02839654826409793
fit,2023-09-25,4,167,69,0,True,9966,0.016756973710616095
fit,2023-09-25,5,101,9,0,True,9966,0.010134457154324704
fit,2023-09-25,6,186,107,2,True,9966,0.018663455749548464
fit,2023-09-25,7,119,35,0,True,9966,0.011940598033313266
fit,2023-09-25,8,1145,1138,1,True,9966,0.11489062813566125
fit,2023-09-25,9,13,3,0,True,9966,0.0013044350792695164
fit,2023-09-25,10,94,18,1,True,9966,0.009432069034718042
fit,2023-09-25,11,1034,694,0,True,9966,0.10375275938189846
fit,2023-09-25,12,789,713,15,True,9966,0.07916917519566526
fit,2023-09-25,13,978,910,0,True,9966,0.09813365442504515
fit,2023-09-25,14,1554,1258,51,True,9966,0.1559301625526791
fit,2023-09-25,15,94,4,1,True,9966,0.009432069034718042
fit,2023-09-25,16,57,5,0,True,9966,0.005719446116797111
fit,2023-09-25,17,668,441,6,True,9966,0.06702789484246438
fit,2023-09-25,18,125,59,0,True,9966,0.012542644992976118
fit,2023-09-25,19,463,201,0,True,9966,0.04645795705398354
fit,2023-09-25,20,13,3,0,True,9966,0.0013044350792695164
fit,2023-09-25,21,90,3,0,True,9966,0.009030704394942806
fit,2023-09-25,22,211,86,2,True,9966,0.021171984748143687
fit,2023-09-25,23,25,7,2,True,9966,0.0025085289985952238
fit,2023-09-25,24,122,14,0,True,9966,0.012241621513144693
fit,2023-09-25,25,158,76,0,True,9966,0.015853903271121815
fit,2023-09-25,26,83,6,0,True,9966,0.008328316275336143
fit,2023-09-25,27,69,16,1,True,9966,0.006923540036122818
fit,2023-09-25,28,16,4,0,True,9966,0.0016054585591009432
fit,2023-09-25,29,72,21,0,True,9966,0.007224563515954244
fit,2023-09-25,30,139,50,9,True,9966,0.013947421232189445
fit,2023-09-25,31,34,2,0,True,9966,0.0034115994380895043
fit,2023-09-25,32,39,21,1,True,9966,0.0039133052378085495
fit,2023-09-25,33,64,7,1,True,9966,0.006421834236403773
fit,2023-09-25,34,75,2,0,True,9966,0.007525586995785672
fit,2023-09-25,35,75,2,0,True,9966,0.007525586995785672
fit,2023-09-25,36,495,394,8,True,9966,0.04966887417218543
fit,2023-09-25,37,6,3,0,True,9966,0.0006020469596628537
fit,2023-09-25,38,67,8,0,True,9966,0.0067228577162352
fit,2023-09-25,39,86,15,0,True,9966,0.00862933975516757
fit,2023-10-02,0,7,2,0,True,10490,0.000667302192564347
fit,2023-10-02,1,21,6,0,True,10490,0.002001906577693041
fit,2023-10-02,2,71,9,0,True,10490,0.006768350810295519
fit,2023-10-02,3,272,183,1,True,10490,0.025929456625357485
fit,2023-10-02,4,150,75,0,True,10490,0.014299332697807437
fit,2023-10-02,5,110,13,0,True,10490,0.010486177311725452
fit,2023-10-02,6,179,97,7,True,10490,0.017063870352716875
fit,2023-10-02,7,159,55,0,True,10490,0.015157292659675883
fit,2023-10-02,8,1275,1249,9,True,10490,0.1215443279313632
fit,2023-10-02,9,14,5,0,True,10490,0.001334604385128694
fit,2023-10-02,10,146,23,1,True,10490,0.013918017159199237
fit,2023-10-02,11,1094,740,1,True,10490,0.10428979980934223
fit,2023-10-02,12,812,724,13,True,10490,0.07740705433746425
fit,2023-10-02,13,1175,1094,10,True,10490,0.11201143946615824
fit,2023-10-02,14,1638,1229,48,True,10490,0.1561487130600572
fit,2023-10-02,15,138,6,1,True,10490,0.01315538608198284
fit,2023-10-02,16,74,9,0,True,10490,0.007054337464251668
fit,2023-10-02,17,768,501,17,True,10490,0.07321258341277408
fit,2023-10-02,18,123,65,0,True,10490,0.011725452812202098
fit,2023-10-02,19,588,252,0,True,10490,0.056053384175405147
fit,2023-10-02,20,20,4,0,True,10490,0.0019065776930409914
fit,2023-10-02,21,66,4,0,True,10490,0.006291706387035272
fit,2023-10-02,22,207,91,2,True,10490,0.01973307912297426
fit,2023-10-02,23,24,6,2,True,10490,0.00228789323164919
fit,2023-10-02,24,54,16,1,True,10490,0.005147759771210677
fit,2023-10-02,25,140,77,0,True,10490,0.01334604385128694
fit,2023-10-02,26,129,17,0,True,10490,0.012297426120114394
fit,2023-10-02,27,51,21,0,True,10490,0.004861773117254528
fit,2023-10-02,28,14,4,0,True,10490,0.001334604385128694
fit,2023-10-02,29,65,28,0,True,10490,0.006196377502383222
fit,2023-10-02,30,124,39,19,True,10490,0.011820781696854146
fit,2023-10-02,31,49,3,0,True,10490,0.004671115347950429
fit,2023-10-02,32,20,11,1,True,10490,0.0019065776930409914
fit,2023-10-02,33,72,5,0,True,10490,0.006863679694947569
fit,2023-10-02,34,92,3,0,True,10490,0.00877025738798856
fit,2023-10-02,35,79,2,0,True,10490,0.007530981887511916
fit,2023-10-02,36,313,229,0,True,10490,0.029837940896091517
fit,2023-10-02,37,7,4,0,True,10490,0.000667302192564347
fit,2023-10-02,38,69,7,0,True,10490,0.00657769304099142
fit,2023-10-02,39,81,15,0,True,10490,0.007721639656816015
fit,2023-10-09,0,15,2,0,True,9921,0.0015119443604475356
fit,2023-10-09,1,48,11,0,True,9921,0.004838221953432114
fit,2023-10-09,2,114,10,0,True,9921,0.01149077713940127
fit,2023-10-09,3,270,170,0,True,9921,0.027214998488055638
fit,2023-10-09,4,173,78,0,True,9921,0.01743775829049491
fit,2023-10-09,5,123,10,0,True,9921,0.012397943755669792
fit,2023-10-09,6,203,119,0,True,9921,0.020461647011389982
fit,2023-10-09,7,164,42,0,True,9921,0.016530591674226387
fit,2023-10-09,8,1296,1245,42,True,9921,0.13063199274266707
fit,2023-10-09,9,18,5,0,True,9921,0.0018143332325370426
fit,2023-10-09,10,116,23,5,True,9921,0.011692369720794274
fit,2023-10-09,11,876,597,0,True,9921,0.08829755065013607
fit,2023-10-09,12,798,726,10,True,9921,0.08043543997580889
fit,2023-10-09,13,1115,1042,1,True,9921,0.11238786412660014
fit,2023-10-09,14,1518,1244,30,True,9921,0.1530087692772906
fit,2023-10-09,15,71,6,0,True,9921,0.0071565366394516685
fit,2023-10-09,16,98,7,0,True,9921,0.009878036488257231
fit,2023-10-09,17,595,379,2,True,9921,0.05997379296441891
fit,2023-10-09,18,125,62,0,True,9921,0.012599536337062796
fit,2023-10-09,19,609,253,0,True,9921,0.06138494103416994
fit,2023-10-09,20,20,3,0,True,9921,0.0020159258139300475
fit,2023-10-09,21,82,5,0,True,9921,0.008265295837113194
fit,2023-10-09,22,224,100,2,True,9921,0.02257836911601653
fit,2023-10-09,23,22,8,1,True,9921,0.002217518395323052
fit,2023-10-09,24,50,10,2,True,9921,0.005039814534825118
fit,2023-10-09,25,151,67,0,True,9921,0.015220239895171859
fit,2023-10-09,26,81,14,4,True,9921,0.008164499546416692
fit,2023-10-09,27,86,22,2,True,9921,0.008668480999899204
fit,2023-10-09,28,22,3,0,True,9921,0.002217518395323052
fit,2023-10-09,29,54,18,0,True,9921,0.005442999697611128
fit,2023-10-09,30,139,43,9,True,9921,0.01401068440681383
fit,2023-10-09,31,1,1,0,True,9921,0.00010079629069650237
fit,2023-10-09,32,39,13,1,True,9921,0.003931055337163592
fit,2023-10-09,33,44,5,0,True,9921,0.004435036790646104
fit,2023-10-09,34,46,3,0,True,9921,0.004636629372039109
fit,2023-10-09,35,43,2,0,True,9921,0.004334240499949602
fit,2023-10-09,36,326,260,0,True,9921,0.03285959076705977
fit,2023-10-09,37,15,4,0,True,9921,0.0015119443604475356
fit,2023-10-09,38,43,6,0,True,9921,0.004334240499949602
fit,2023-10-09,39,88,15,0,True,9921,0.008870073581292208
fit,2023-10-16,0,7,1,0,True,10341,0.0006769171260032879
fit,2023-10-16,1,37,12,0,True,10341,0.003577990523160236
fit,2023-10-16,2,90,12,0,True,10341,0.008703220191470844
fit,2023-10-16,3,288,180,0,True,10341,0.0278503046127067
fit,2023-10-16,4,109,62,0,True,10341,0.010540566676336911
fit,2023-10-16,5,126,14,0,True,10341,0.012184508268059183
fit,2023-10-16,6,227,128,0,True,10341,0.021951455371820906
fit,2023-10-16,7,150,49,0,True,10341,0.01450536698578474
fit,2023-10-16,8,1300,1251,46,True,10341,0.12571318054346775
fit,2023-10-16,9,12,6,0,True,10341,0.0011604293588627793
fit,2023-10-16,10,110,25,1,True,10341,0.01063726912290881
fit,2023-10-16,11,992,682,1,True,10341,0.09592882699932308
fit,2023-10-16,12,746,670,10,True,10341,0.07214002514263611
fit,2023-10-16,13,1196,1112,2,True,10341,0.11565612609999033
fit,2023-10-16,14,1566,1319,43,True,10341,0.1514360313315927
fit,2023-10-16,15,106,3,0,True,10341,0.010250459336621217
fit,2023-10-16,16,72,9,0,True,10341,0.006962576153176675
fit,2023-10-16,17,791,474,0,True,10341,0.07649163523837153
fit,2023-10-16,18,88,49,0,True,10341,0.008509815298327048
fit,2023-10-16,19,614,272,0,True,10341,0.059375302195145536
fit,2023-10-16,20,7,3,0,True,10341,0.0006769171260032879
fit,2023-10-16,21,76,3,0,True,10341,0.0073493859394642685
fit,2023-10-16,22,198,90,1,True,10341,0.019147084421235857
fit,2023-10-16,23,21,5,0,True,10341,0.0020307513780098638
fit,2023-10-16,24,58,14,0,True,10341,0.0056087419011701
fit,2023-10-16,25,178,88,0,True,10341,0.01721303548979789
fit,2023-10-16,26,67,13,0,True,10341,0.006479063920317184
fit,2023-10-16,27,75,21,0,True,10341,0.00725268349289237
fit,2023-10-16,28,12,4,0,True,10341,0.0011604293588627793
fit,2023-10-16,29,102,29,0,True,10341,0.009863649550333623
fit,2023-10-16,30,128,41,5,True,10341,0.012377913161202979
fit,2023-10-16,31,10,3,0,True,10341,0.0009670244657189827
fit,2023-10-16,32,45,21,1,True,10341,0.004351610095735422
fit,2023-10-16,33,14,2,0,True,10341,0.0013538342520065757
fit,2023-10-16,34,87,1,0,True,10341,0.00841311285175515
fit,2023-10-16,35,61,2,0,True,10341,0.005898849240885794
fit,2023-10-16,36,417,298,0,True,10341,0.04032492022048158
fit,2023-10-16,37,11,4,0,True,10341,0.001063726912290881
fit,2023-10-16,38,54,5,0,True,10341,0.005221932114882507
fit,2023-10-16,39,93,14,0,True,10341,0.00899332753118654
fit,2023-10-23,0,10,1,0,True,9071,0.0011024142872891633
fit,2023-10-23,1,29,5,0,True,9071,0.0031970014331385733
fit,2023-10-23,2,38,7,0,True,9071,0.004189174291698821
fit,2023-10-23,3,275,168,0,True,9071,0.03031639290045199
fit,2023-10-23,4,112,53,0,True,9071,0.012347040017638629
fit,2023-10-23,5,36,10,0,True,9071,0.003968691434240988
fit,2023-10-23,6,83,39,0,True,9071,0.009150038584500055
fit,2023-10-23,7,157,33,0,True,9071,0.017307904310439864
fit,2023-10-23,8,1242,1229,13,True,9071,0.13691985448131408
fit,2023-10-23,9,7,3,0,True,9071,0.0007716900011024143
fit,2023-10-23,10,92,32,2,True,9071,0.010142211443060302
fit,2023-10-23,11,840,581,0,True,9071,0.09260280013228972
fit,2023-10-23,12,775,690,5,True,9071,0.08543710726491015
fit,2023-10-23,13,1138,1056,3,True,9071,0.12545474589350677
fit,2023-10-23,14,1658,1353,30,True,9071,0.18278028883254327
fit,2023-10-23,15,58,3,0,True,9071,0.0063940028662771466
fit,2023-10-23,16,28,5,0,True,9071,0.003086760004409657
fit,2023-10-23,17,686,419,0,True,9071,0.0756256201080366
fit,2023-10-23,18,71,28,0,True,9071,0.00782714143975306
fit,2023-10-23,19,433,218,0,True,9071,0.047734538639620766
fit,2023-10-23,20,7,3,0,True,9071,0.0007716900011024143
fit,2023-10-23,21,70,2,0,True,9071,0.007716900011024143
fit,2023-10-23,22,139,56,1,True,9071,0.015323558593319369
fit,2023-10-23,23,28,5,0,True,9071,0.003086760004409657
fit,2023-10-23,24,25,12,0,True,9071,0.0027560357182229082
fit,2023-10-23,25,83,37,0,True,9071,0.009150038584500055
fit,2023-10-23,26,43,9,1,True,9071,0.004740381435343402
fit,2023-10-23,27,47,27,0,True,9071,0.0051813471502590676
fit,2023-10-23,28,10,3,0,True,9071,0.0011024142872891633
fit,2023-10-23,29,81,28,0,True,9071,0.008929555727042222
fit,2023-10-23,30,132,43,14,True,9071,0.014551868592216955
fit,2023-10-23,31,25,2,0,True,9071,0.0027560357182229082
fit,2023-10-23,32,88,13,2,True,9071,0.009701245728144637
fit,2023-10-23,33,30,2,0,True,9071,0.00330724286186749
fit,2023-10-23,34,50,1,0,True,9071,0.0055120714364458165
fit,2023-10-23,35,40,2,0,True,9071,0.004409657149156653
fit,2023-10-23,36,330,246,0,True,9071,0.036379671480542386
fit,2023-10-23,37,5,2,0,True,9071,0.0005512071436445816
fit,2023-10-23,38,21,6,1,True,9071,0.0023150700033072427
fit,2023-10-23,39,49,11,0,True,9071,0.0054018300077169
fit,2023-10-30,0,6,1,0,True,8506,0.0007053844345168116
fit,2023-10-30,1,30,8,0,True,8506,0.003526922172584058
fit,2023-10-30,2,38,7,0,True,8506,0.0044674347519398075
fit,2023-10-30,3,239,160,0,True,8506,0.028097813308253
fit,2023-10-30,4,67,26,0,True,8506,0.007876792852104396
fit,2023-10-30,5,42,13,0,True,8506,0.004937691041617682
fit,2023-10-30,6,78,33,1,True,8506,0.009169997648718552
fit,2023-10-30,7,132,31,0,True,8506,0.015518457559369857
fit,2023-10-30,8,1235,1206,27,True,8506,0.14519162943804373
fit,2023-10-30,9,4,3,0,True,8506,0.00047025628967787447
fit,2023-10-30,10,91,19,1,True,8506,0.010698330590171643
fit,2023-10-30,11,839,567,1,True,8506,0.09863625675993416
fit,2023-10-30,12,680,603,3,True,8506,0.07994356924523865
fit,2023-10-30,13,1123,1059,7,True,8506,0.13202445332706325
fit,2023-10-30,14,1512,1247,9,True,8506,0.17775687749823654
fit,2023-10-30,15,67,4,0,True,8506,0.007876792852104396
fit,2023-10-30,16,53,6,0,True,8506,0.0062308958382318366
fit,2023-10-30,17,666,446,1,True,8506,0.07829767223136609
fit,2023-10-30,18,99,33,0,True,8506,0.011638843169527393
fit,2023-10-30,19,377,219,0,True,8506,0.04432165530213967
fit,2023-10-30,20,8,3,0,True,8506,0.0009405125793557489
fit,2023-10-30,21,53,2,0,True,8506,0.0062308958382318366
fit,2023-10-30,22,101,38,0,True,8506,0.01187397131436633
fit,2023-10-30,23,17,3,0,True,8506,0.001998589231130966
fit,2023-10-30,24,35,17,0,True,8506,0.004114742534681401
fit,2023-10-30,25,78,27,0,True,8506,0.009169997648718552
fit,2023-10-30,26,53,11,0,True,8506,0.0062308958382318366
fit,2023-10-30,27,41,7,0,True,8506,0.004820126969198213
fit,2023-10-30,28,9,2,0,True,8506,0.0010580766517752176
fit,2023-10-30,29,63,22,0,True,8506,0.007406536562426522
fit,2023-10-30,30,79,34,6,True,8506,0.00928756172113802
fit,2023-10-30,31,32,3,0,True,8506,0.0037620503174229957
fit,2023-10-30,32,60,18,1,True,8506,0.007053844345168116
fit,2023-10-30,33,22,3,0,True,8506,0.0025864095932283094
fit,2023-10-30,34,71,2,0,True,8506,0.008347049141782272
fit,2023-10-30,35,49,2,0,True,8506,0.0057606395485539615
fit,2023-10-30,36,249,183,9,True,8506,0.029273454032447684
fit,2023-10-30,37,9,5,0,True,8506,0.0010580766517752176
fit,2023-10-30,38,26,5,0,True,8506,0.003056665882906184
fit,2023-10-30,39,73,14,0,True,8506,0.00858217728662121
fit,2023-11-06,0,6,1,0,True,9758,0.0006148800983808157
fit,2023-11-06,1,21,4,0,True,9758,0.002152080344332855
fit,2023-11-06,2,62,12,0,True,9758,0.006353761016601763
fit,2023-11-06,3,211,139,0,True,9758,0.021623283459725355
fit,2023-11-06,4,100,43,0,True,9758,0.010248001639680262
fit,2023-11-06,5,64,10,0,True,9758,0.006558721049395368
fit,2023-11-06,6,115,45,0,True,9758,0.011785201885632302
fit,2023-11-06,7,195,32,0,True,9758,0.01998360319737651
fit,2023-11-06,8,1270,1255,1,True,9758,0.13014962082393933
fit,2023-11-06,9,4,2,0,True,9758,0.0004099200655872105
fit,2023-11-06,10,162,54,0,True,9758,0.016601762656282024
fit,2023-11-06,11,1011,662,3,True,9758,0.10360729657716745
fit,2023-11-06,12,813,698,1,True,9758,0.08331625333060053
fit,2023-11-06,13,1193,1111,8,True,9758,0.12225865956138553
fit,2023-11-06,14,1402,1184,14,True,9758,0.14367698298831727
fit,2023-11-06,15,78,4,0,True,9758,0.007993441278950604
fit,2023-11-06,16,49,6,0,True,9758,0.005021520803443328
fit,2023-11-06,17,801,513,3,True,9758,0.0820864931338389
fit,2023-11-06,18,91,26,0,True,9758,0.009325681492109038
fit,2023-11-06,19,520,250,0,True,9758,0.053289608526337365
fit,2023-11-06,20,10,2,0,True,9758,0.0010248001639680262
fit,2023-11-06,21,77,6,0,True,9758,0.007890961262553802
fit,2023-11-06,22,128,42,1,True,9758,0.013117442098790736
fit,2023-11-06,23,36,5,0,True,9758,0.0036892805902848944
fit,2023-11-06,24,38,14,0,True,9758,0.0038942406230784996
fit,2023-11-06,25,116,34,0,True,9758,0.011887681902029105
fit,2023-11-06,26,82,9,1,True,9758,0.008403361344537815
fit,2023-11-06,27,44,18,0,True,9758,0.004509120721459315
fit,2023-11-06,28,51,7,0,True,9758,0.005226480836236934
fit,2023-11-06,29,71,38,0,True,9758,0.007276081164172986
fit,2023-11-06,30,169,59,8,True,9758,0.017319122771059643
fit,2023-11-06,31,24,7,0,True,9758,0.0024595203935232628
fit,2023-11-06,32,49,20,0,True,9758,0.005021520803443328
fit,2023-11-06,33,15,6,0,True,9758,0.0015372002459520394
fit,2023-11-06,34,69,3,0,True,9758,0.007071121131379381
fit,2023-11-06,35,47,2,0,True,9758,0.004816560770649723
fit,2023-11-06,36,410,322,7,True,9758,0.04201680672268908
fit,2023-11-06,37,3,1,0,True,9758,0.00030744004919040785
fit,2023-11-06,38,50,10,0,True,9758,0.005124000819840131
fit,2023-11-06,39,101,21,0,True,9758,0.010350481656077064
fit,2023-11-13,0,2,1,0,True,9227,0.00021675517502980384
fit,2023-11-13,1,24,7,0,True,9227,0.002601062100357646
fit,2023-11-13,2,44,9,0,True,9227,0.0047686138506556845
fit,2023-11-13,3,245,162,0,True,9227,0.02655250894115097
fit,2023-11-13,4,59,31,0,True,9227,0.006394277663379213
fit,2023-11-13,5,123,16,0,True,9227,0.013330443264332937
fit,2023-11-13,6,132,32,0,True,9227,0.014305841551967053
fit,2023-11-13,7,108,28,0,True,9227,0.011704779451609406
fit,2023-11-13,8,1282,1249,7,True,9227,0.13894006719410426
fit,2023-11-13,9,3,2,0,True,9227,0.00032513276254470577
fit,2023-11-13,10,140,34,0,True,9227,0.015172862252086269
fit,2023-11-13,11,1019,673,0,True,9227,0.11043676167768506
fit,2023-11-13,12,741,673,0,True,9227,0.08030779234854232
fit,2023-11-13,13,1080,1001,1,True,9227,0.11704779451609407
fit,2023-11-13,14,1547,1308,16,True,9227,0.16766012788555326
fit,2023-11-13,15,91,4,0,True,9227,0.009862360463856074
fit,2023-11-13,16,59,5,0,True,9227,0.006394277663379213
fit,2023-11-13,17,661,411,2,True,9227,0.07163758534735017
fit,2023-11-13,18,73,33,0,True,9227,0.00791156388858784
fit,2023-11-13,19,410,198,0,True,9227,0.04443481088110979
fit,2023-11-13,20,4,1,0,True,9227,0.00043351035005960767
fit,2023-11-13,21,42,4,0,True,9227,0.0045518586756258805
fit,2023-11-13,22,130,40,3,True,9227,0.01408908637693725
fit,2023-11-13,23,42,5,0,True,9227,0.0045518586756258805
fit,2023-11-13,24,12,8,0,True,9227,0.001300531050178823
fit,2023-11-13,25,97,42,0,True,9227,0.010512625988945486
fit,2023-11-13,26,68,10,2,True,9227,0.007369675951013331
fit,2023-11-13,27,79,22,0,True,9227,0.008561829413677252
fit,2023-11-13,28,39,4,0,True,9227,0.004226725913081175
fit,2023-11-13,29,70,34,0,True,9227,0.0075864311260431345
fit,2023-11-13,30,74,36,0,True,9227,0.008019941476102741
fit,2023-11-13,31,1,1,0,True,9227,0.00010837758751490192
fit,2023-11-13,32,73,19,1,True,9227,0.00791156388858784
fit,2023-11-13,33,14,4,0,True,9227,0.0015172862252086268
fit,2023-11-13,34,62,1,0,True,9227,0.006719410425923919
fit,2023-11-13,35,44,2,0,True,9227,0.0047686138506556845
fit,2023-11-13,36,383,314,2,True,9227,0.041508616018207434
fit,2023-11-13,37,8,3,0,True,9227,0.0008670207001192153
fit,2023-11-13,38,41,6,0,True,9227,0.004443481088110979
fit,2023-11-13,39,101,15,0,True,9227,0.010946136339005094
fit,2023-11-20,0,3,1,0,True,7933,0.00037816714988024705
fit,2023-11-20,1,15,7,0,True,7933,0.0018908357494012353
fit,2023-11-20,2,60,9,0,True,7933,0.007563342997604941
fit,2023-11-20,3,241,140,0,True,7933,0.030379427707046516
fit,2023-11-20,4,47,20,0,True,7933,0.0059246186814572045
fit,2023-11-20,5,77,16,0,True,7933,0.009706290180259675
fit,2023-11-20,6,100,30,3,True,7933,0.012605571662674902
fit,2023-11-20,7,123,25,0,True,7933,0.01550485314509013
fit,2023-11-20,8,1014,992,5,True,7933,0.1278204966595235
fit,2023-11-20,9,5,2,0,True,7933,0.0006302785831337451
fit,2023-11-20,10,122,48,1,True,7933,0.01537879742846338
fit,2023-11-20,11,1029,681,3,True,7933,0.12971133240892474
fit,2023-11-20,12,566,516,0,True,7933,0.07134753561073995
fit,2023-11-20,13,883,805,8,True,7933,0.11130719778141938
fit,2023-11-20,14,1383,1149,5,True,7933,0.1743350560947939
fit,2023-11-20,15,54,3,0,True,7933,0.006807008697844447
fit,2023-11-20,16,53,7,0,True,7933,0.006680952981217698
fit,2023-11-20,17,491,300,7,True,7933,0.06189335686373377
fit,2023-11-20,18,74,27,0,True,7933,0.009328123030379427
fit,2023-11-20,19,345,214,0,True,7933,0.04348922223622841
fit,2023-11-20,20,6,2,0,True,7933,0.0007563342997604941
fit,2023-11-20,21,19,3,0,True,7933,0.0023950586159082314
fit,2023-11-20,22,143,38,2,True,7933,0.01802596747762511
fit,2023-11-20,23,40,7,0,True,7933,0.005042228665069961
fit,2023-11-20,24,18,8,0,True,7933,0.0022690028992814826
fit,2023-11-20,25,99,32,0,True,7933,0.012479515946048153
fit,2023-11-20,26,56,10,3,True,7933,0.007059120131097945
fit,2023-11-20,27,78,9,0,True,7933,0.009832345896886424
fit,2023-11-20,28,51,9,0,True,7933,0.0064288415479642
fit,2023-11-20,29,59,29,0,True,7933,0.007437287280978192
fit,2023-11-20,30,103,38,0,True,7933,0.01298373881255515
fit,2023-11-20,31,0,0,0,True,7933,0.0
fit,2023-11-20,32,87,17,2,True,7933,0.010966847346527165
fit,2023-11-20,33,45,7,0,True,7933,0.005672507248203706
fit,2023-11-20,34,26,1,0,True,7933,0.0032774486322954747
fit,2023-11-20,35,32,2,0,True,7933,0.0040337829320559685
fit,2023-11-20,36,295,253,4,True,7933,0.037186436404890964
fit,2023-11-20,37,6,4,0,True,7933,0.0007563342997604941
fit,2023-11-20,38,30,8,0,True,7933,0.0037816714988024706
fit,2023-11-20,39,55,13,0,True,7933,0.006933064414471196
fit,2023-11-27,0,4,2,0,True,9125,0.00043835616438356166
fit,2023-11-27,1,29,2,0,True,9125,0.0031780821917808217
fit,2023-11-27,2,23,8,0,True,9125,0.0025205479452054796
fit,2023-11-27,3,376,196,0,True,9125,0.04120547945205479
fit,2023-11-27,4,52,28,0,True,9125,0.005698630136986301
fit,2023-11-27,5,74,9,0,True,9125,0.008109589041095891
fit,2023-11-27,6,105,47,0,True,9125,0.011506849315068493
fit,2023-11-27,7,134,24,0,True,9125,0.014684931506849314
fit,2023-11-27,8,1399,1353,5,True,9125,0.15331506849315069
fit,2023-11-27,9,7,3,0,True,9125,0.0007671232876712328
fit,2023-11-27,10,84,46,0,True,9125,0.009205479452054794
fit,2023-11-27,11,1070,758,2,True,9125,0.11726027397260275
fit,2023-11-27,12,711,651,0,True,9125,0.07791780821917808
fit,2023-11-27,13,1188,1132,4,True,9125,0.13019178082191782
fit,2023-11-27,14,1742,1450,14,True,9125,0.19090410958904108
fit,2023-11-27,15,23,2,0,True,9125,0.0025205479452054796
fit,2023-11-27,16,14,4,0,True,9125,0.0015342465753424657
fit,2023-11-27,17,496,330,3,True,9125,0.054356164383561646
fit,2023-11-27,18,38,15,0,True,9125,0.004164383561643835
fit,2023-11-27,19,393,221,0,True,9125,0.04306849315068493
fit,2023-11-27,20,6,3,0,True,9125,0.0006575342465753425
fit,2023-11-27,21,5,1,0,True,9125,0.000547945205479452
fit,2023-11-27,22,68,25,0,True,9125,0.007452054794520548
fit,2023-11-27,23,43,4,0,True,9125,0.004712328767123288
fit,2023-11-27,24,12,6,0,True,9125,0.001315068493150685
fit,2023-11-27,25,124,37,0,True,9125,0.013589041095890412
fit,2023-11-27,26,14,5,0,True,9125,0.0015342465753424657
fit,2023-11-27,27,53,9,0,True,9125,0.005808219178082192
fit,2023-11-27,28,29,5,0,True,9125,0.0031780821917808217
fit,2023-11-27,29,114,40,0,True,9125,0.012493150684931507
fit,2023-11-27,30,86,44,0,True,9125,0.009424657534246575
fit,2023-11-27,31,5,3,0,True,9125,0.000547945205479452
fit,2023-11-27,32,81,13,0,True,9125,0.008876712328767123
fit,2023-11-27,33,14,6,0,True,9125,0.0015342465753424657
fit,2023-11-27,34,14,1,0,True,9125,0.0015342465753424657
fit,2023-11-27,35,31,2,0,True,9125,0.003397260273972603
fit,2023-11-27,36,403,320,3,True,9125,0.04416438356164384
fit,2023-11-27,37,0,0,0,True,9125,0.0
fit,2023-11-27,38,11,8,0,True,9125,0.0012054794520547946
fit,2023-11-27,39,50,12,0,True,9125,0.005479452054794521
fit,2023-12-04,0,0,0,0,True,9566,0.0
fit,2023-12-04,1,29,8,0,True,9566,0.0030315701442609243
fit,2023-12-04,2,19,7,0,True,9566,0.0019862011289985366
fit,2023-12-04,3,275,162,0,True,9566,0.02874764791971566
fit,2023-12-04,4,68,28,0,True,9566,0.0071085093037842354
fit,2023-12-04,5,121,15,0,True,9566,0.01264896508467489
fit,2023-12-04,6,88,29,5,True,9566,0.009199247334309012
fit,2023-12-04,7,127,29,0,True,9566,0.013276186493832323
fit,2023-12-04,8,1357,1293,17,True,9566,0.141856575371106
fit,2023-12-04,9,7,4,0,True,9566,0.0007317583106836714
fit,2023-12-04,10,167,60,0,True,9566,0.017457662554881872
fit,2023-12-04,11,1021,699,4,True,9566,0.10673217645828978
fit,2023-12-04,12,866,775,3,True,9566,0.09052895672172277
fit,2023-12-04,13,1081,1006,2,True,9566,0.11300439054986411
fit,2023-12-04,14,1836,1538,10,True,9566,0.19192975120217437
fit,2023-12-04,15,87,3,0,True,9566,0.009094710432782772
fit,2023-12-04,16,24,6,0,True,9566,0.0025088856366297305
fit,2023-12-04,17,549,306,21,True,9566,0.05739075893790508
fit,2023-12-04,18,64,23,0,True,9566,0.00669036169767928
fit,2023-12-04,19,433,248,0,True,9566,0.045264478360861386
fit,2023-12-04,20,0,0,0,True,9566,0.0
fit,2023-12-04,21,30,2,0,True,9566,0.003136107045787163
fit,2023-12-04,22,41,14,0,True,9566,0.0042860129625757895
fit,2023-12-04,23,24,5,0,True,9566,0.0025088856366297305
fit,2023-12-04,24,17,11,0,True,9566,0.0017771273259460589
fit,2023-12-04,25,107,30,0,True,9566,0.011185448463307547
fit,2023-12-04,26,68,14,0,True,9566,0.0071085093037842354
fit,2023-12-04,27,26,13,0,True,9566,0.002717959439682208
fit,2023-12-04,28,5,3,0,True,9566,0.0005226845076311938
fit,2023-12-04,29,76,30,1,True,9566,0.007944804515994146
fit,2023-12-04,30,73,35,1,True,9566,0.007631193811415429
fit,2023-12-04,31,4,2,0,True,9566,0.000418147606104955
fit,2023-12-04,32,137,14,1,True,9566,0.01432155550909471
fit,2023-12-04,33,43,8,0,True,9566,0.004495086765628267
fit,2023-12-04,34,79,2,0,True,9566,0.008258415220572862
fit,2023-12-04,35,71,2,0,True,9566,0.007422120008362952
fit,2023-12-04,36,435,369,0,True,9566,0.04547355216391386
fit,2023-12-04,37,2,2,0,True,9566,0.0002090738030524775
fit,2023-12-04,38,45,7,0,True,9566,0.004704160568680745
fit,2023-12-04,39,64,17,0,True,9566,0.00669036169767928
fit,2023-12-11,0,15,1,0,True,9789,0.0015323322096230463
fit,2023-12-11,1,37,14,0,True,9789,0.0037797527837368475
fit,2023-12-11,2,13,4,0,True,9789,0.0013280212483399733
fit,2023-12-11,3,322,179,0,True,9789,0.03289406476657473
fit,2023-12-11,4,59,27,0,True,9789,0.006027173357850649
fit,2023-12-11,5,106,13,0,True,9789,0.01082848094800286
fit,2023-12-11,6,89,32,3,True,9789,0.009091837777096741
fit,2023-12-11,7,99,28,0,True,9789,0.010113392583512106
fit,2023-12-11,8,1314,1254,27,True,9789,0.13423230156297886
fit,2023-12-11,9,8,4,0,True,9789,0.0008172438451322913
fit,2023-12-11,10,195,51,0,True,9789,0.0199203187250996
fit,2023-12-11,11,907,606,0,True,9789,0.09265502094187353
fit,2023-12-11,12,780,711,11,True,9789,0.0796812749003984
fit,2023-12-11,13,1094,1000,1,True,9789,0.11175809582184085
fit,2023-12-11,14,1827,1516,6,True,9789,0.18663806313208703
fit,2023-12-11,15,109,4,0,True,9789,0.01113494738992747
fit,2023-12-11,16,24,5,0,True,9789,0.002451731535396874
fit,2023-12-11,17,472,266,12,True,9789,0.04821738686280519
fit,2023-12-11,18,66,26,0,True,9789,0.006742261722341404
fit,2023-12-11,19,462,226,0,True,9789,0.04719583205638982
fit,2023-12-11,20,2,2,0,True,9789,0.00020431096128307284
fit,2023-12-11,21,11,3,0,True,9789,0.0011237102870569006
fit,2023-12-11,22,42,15,0,True,9789,0.004290530186944529
fit,2023-12-11,23,31,5,0,True,9789,0.003166819899887629
fit,2023-12-11,24,46,10,0,True,9789,0.0046991521095106755
fit,2023-12-11,25,164,52,0,True,9789,0.016753498825211974
fit,2023-12-11,26,122,15,0,True,9789,0.012462968638267444
fit,2023-12-11,27,49,10,0,True,9789,0.0050056185514352845
fit,2023-12-11,28,4,2,0,True,9789,0.0004086219225661457
fit,2023-12-11,29,107,41,0,True,9789,0.010930636428644397
fit,2023-12-11,30,75,38,0,True,9789,0.007661661048115232
fit,2023-12-11,31,4,3,0,True,9789,0.0004086219225661457
fit,2023-12-11,32,101,12,0,True,9789,0.010317703544795179
fit,2023-12-11,33,22,5,0,True,9789,0.002247420574113801
fit,2023-12-11,34,90,1,0,True,9789,0.009193993257738278
fit,2023-12-11,35,50,2,0,True,9789,0.005107774032076821
fit,2023-12-11,36,746,599,0,True,9789,0.07620798855858617
fit,2023-12-11,37,7,3,0,True,9789,0.000715088364490755
fit,2023-12-11,38,43,4,0,True,9789,0.004392685667586066
fit,2023-12-11,39,75,11,0,True,9789,0.007661661048115232
fit,2023-12-18,0,11,1,0,True,9944,0.0011061946902654867
fit,2023-12-18,1,49,9,0,True,9944,0.004927594529364441
fit,2023-12-18,2,26,9,0,True,9944,0.002614641995172969
fit,2023-12-18,3,279,144,0,True,9944,0.028057119871279162
fit,2023-12-18,4,33,19,0,True,9944,0.00331858407079646
fit,2023-12-18,5,71,10,0,True,9944,0.007139983909895414
fit,2023-12-18,6,62,26,0,True,9944,0.006234915526950925
fit,2023-12-18,7,146,31,0,True,9944,0.014682220434432824
fit,2023-12-18,8,1323,1272,22,True,9944,0.13304505229283992
fit,2023-12-18,9,13,7,0,True,9944,0.0013073209975864844
fit,2023-12-18,10,241,74,1,True,9944,0.02423572003218021
fit,2023-12-18,11,982,659,6,True,9944,0.09875301689460982
fit,2023-12-18,12,728,659,11,True,9944,0.07320997586484312
fit,2023-12-18,13,952,884,1,True,9944,0.09573612228479485
fit,2023-12-18,14,1704,1449,14,True,9944,0.17135961383748993
fit,2023-12-18,15,125,3,0,True,9944,0.01257039420756235
fit,2023-12-18,16,22,8,0,True,9944,0.0022123893805309734
fit,2023-12-18,17,574,330,1,True,9944,0.05772325020112631
fit,2023-12-18,18,129,47,0,True,9944,0.012972646822204344
fit,2023-12-18,19,407,191,0,True,9944,0.04092920353982301
fit,2023-12-18,20,4,3,0,True,9944,0.00040225261464199515
fit,2023-12-18,21,14,3,0,True,9944,0.0014078841512469831
fit,2023-12-18,22,67,18,1,True,9944,0.006737731295253419
fit,2023-12-18,23,33,5,0,True,9944,0.00331858407079646
fit,2023-12-18,24,18,12,0,True,9944,0.0018101367658889783
fit,2023-12-18,25,161,44,0,True,9944,0.016190667739340307
fit,2023-12-18,26,156,41,0,True,9944,0.015687851971037812
fit,2023-12-18,27,76,17,0,True,9944,0.007642799678197908
fit,2023-12-18,28,16,7,0,True,9944,0.0016090104585679806
fit,2023-12-18,29,83,26,0,True,9944,0.0083467417538214
fit,2023-12-18,30,117,47,2,True,9944,0.011765888978278358
fit,2023-12-18,31,6,4,0,True,9944,0.0006033789219629927
fit,2023-12-18,32,107,16,0,True,9944,0.01076025744167337
fit,2023-12-18,33,16,6,0,True,9944,0.0016090104585679806
fit,2023-12-18,34,96,1,0,True,9944,0.009654062751407884
fit,2023-12-18,35,118,2,0,True,9944,0.011866452131938857
fit,2023-12-18,36,834,675,0,True,9944,0.083869670152856
fit,2023-12-18,37,7,4,1,True,9944,0.0007039420756234916
fit,2023-12-18,38,70,4,0,True,9944,0.007039420756234915
fit,2023-12-18,39,68,11,0,True,9944,0.006838294448913918
fit,2023-12-25,0,18,1,0,True,8742,0.002059025394646534
fit,2023-12-25,1,34,9,0,True,8742,0.0038892701898878973
fit,2023-12-25,2,28,10,0,True,8742,0.003202928391672386
fit,2023-12-25,3,263,157,0,True,8742,0.030084648821779914
fit,2023-12-25,4,52,34,0,True,8742,0.005948295584534431
fit,2023-12-25,5,64,6,0,True,8742,0.0073209791809654545
fit,2023-12-25,6,66,23,0,True,8742,0.0075497597803706245
fit,2023-12-25,7,116,18,0,True,8742,0.013269274765499885
fit,2023-12-25,8,1193,1143,39,True,8742,0.13646762754518416
fit,2023-12-25,9,14,7,0,True,8742,0.001601464195836193
fit,2023-12-25,10,119,33,0,True,8742,0.01361244566460764
fit,2023-12-25,11,954,699,1,True,8742,0.1091283459162663
fit,2023-12-25,12,714,657,7,True,8742,0.08167467398764584
fit,2023-12-25,13,908,839,2,True,8742,0.10386639212994737
fit,2023-12-25,14,1405,1199,12,True,8742,0.16071837108213224
fit,2023-12-25,15,44,4,0,True,8742,0.005033173186913749
fit,2023-12-25,16,20,4,0,True,8742,0.0022878059940517046
fit,2023-12-25,17,538,298,2,True,8742,0.06154198123999085
fit,2023-12-25,18,70,29,0,True,8742,0.008007320979180966
fit,2023-12-25,19,361,186,2,True,8742,0.04129489819263327
fit,2023-12-25,20,4,2,0,True,8742,0.0004575611988103409
fit,2023-12-25,21,30,3,0,True,8742,0.0034317089910775567
fit,2023-12-25,22,66,26,1,True,8742,0.0075497597803706245
fit,2023-12-25,23,30,4,0,True,8742,0.0034317089910775567
fit,2023-12-25,24,30,15,0,True,8742,0.0034317089910775567
fit,2023-12-25,25,125,45,0,True,8742,0.014298787462823153
fit,2023-12-25,26,140,24,0,True,8742,0.01601464195836193
fit,2023-12-25,27,78,9,0,True,8742,0.008922443376801648
fit,2023-12-25,28,5,2,0,True,8742,0.0005719514985129262
fit,2023-12-25,29,68,23,0,True,8742,0.007778540379775795
fit,2023-12-25,30,111,52,1,True,8742,0.01269732326698696
fit,2023-12-25,31,0,0,0,True,8742,0.0
fit,2023-12-25,32,119,13,0,True,8742,0.01361244566460764
fit,2023-12-25,33,13,6,0,True,8742,0.0014870738961336079
fit,2023-12-25,34,58,1,0,True,8742,0.0066346373827499425
fit,2023-12-25,35,38,2,0,True,8742,0.004346831388698238
fit,2023-12-25,36,777,640,0,True,8742,0.08888126286890871
fit,2023-12-25,37,10,4,0,True,8742,0.0011439029970258523
fit,2023-12-25,38,8,2,0,True,8742,0.0009151223976206818
fit,2023-12-25,39,51,13,0,True,8742,0.005833905284831846
fit,2024-01-01,0,7,1,0,True,9022,0.0007758811793393926
fit,2024-01-01,1,27,10,0,True,9022,0.002992684548880514
fit,2024-01-01,2,52,14,0,True,9022,0.005763688760806916
fit,2024-01-01,3,227,155,0,True,9022,0.02516071824429173
fit,2024-01-01,4,47,25,0,True,9022,0.005209487918421636
fit,2024-01-01,5,85,12,0,True,9022,0.009421414320549767
fit,2024-01-01,6,53,22,1,True,9022,0.005874528929283972
fit,2024-01-01,7,120,26,0,True,9022,0.01330082021724673
fit,2024-01-01,8,1271,1255,8,True,9022,0.1408778541343383
fit,2024-01-01,9,8,3,0,True,9022,0.0008867213478164486
fit,2024-01-01,10,102,50,0,True,9022,0.011305697184659722
fit,2024-01-01,11,820,574,6,True,9022,0.090888938151186
fit,2024-01-01,12,862,772,1,True,9022,0.09554422522722235
fit,2024-01-01,13,1017,951,4,True,9022,0.11272445134116604
fit,2024-01-01,14,1634,1386,8,True,9022,0.18111283529150965
fit,2024-01-01,15,19,5,0,True,9022,0.0021059632010640658
fit,2024-01-01,16,43,6,0,True,9022,0.0047661272445134115
fit,2024-01-01,17,393,257,1,True,9022,0.04356018621148304
fit,2024-01-01,18,73,23,0,True,9022,0.008091332298825095
fit,2024-01-01,19,635,263,0,True,9022,0.07038350698293061
fit,2024-01-01,20,7,2,0,True,9022,0.0007758811793393926
fit,2024-01-01,21,19,3,0,True,9022,0.0021059632010640658
fit,2024-01-01,22,91,13,1,True,9022,0.010086455331412104
fit,2024-01-01,23,39,4,0,True,9022,0.004322766570605188
fit,2024-01-01,24,35,9,0,True,9022,0.003879405896696963
fit,2024-01-01,25,108,54,0,True,9022,0.011970738195522057
fit,2024-01-01,26,130,31,0,True,9022,0.01440922190201729
fit,2024-01-01,27,89,16,0,True,9022,0.009864774994457991
fit,2024-01-01,28,25,4,0,True,9022,0.0027710042119264023
fit,2024-01-01,29,56,21,0,True,9022,0.006207049434715141
fit,2024-01-01,30,96,47,0,True,9022,0.010640656173797385
fit,2024-01-01,31,2,1,0,True,9022,0.00022168033695411216
fit,2024-01-01,32,29,7,1,True,9022,0.0032143648858346265
fit,2024-01-01,33,17,7,0,True,9022,0.0018842828641099534
fit,2024-01-01,34,18,2,0,True,9022,0.0019951230325870096
fit,2024-01-01,35,38,2,0,True,9022,0.0042119264021281315
fit,2024-01-01,36,683,576,0,True,9022,0.0757038350698293
fit,2024-01-01,37,12,7,0,True,9022,0.001330082021724673
fit,2024-01-01,38,7,5,0,True,9022,0.0007758811793393926
fit,2024-01-01,39,26,8,0,True,9022,0.002881844380403458
fit,2024-01-08,0,14,2,0,True,10050,0.0013930348258706469
fit,2024-01-08,1,32,4,0,True,10050,0.0031840796019900496
fit,2024-01-08,2,29,8,0,True,10050,0.0028855721393034827
fit,2024-01-08,3,319,197,0,True,10050,0.03174129353233831
fit,2024-01-08,4,48,30,0,True,10050,0.004776119402985075
fit,2024-01-08,5,89,13,0,True,10050,0.008855721393034826
fit,2024-01-08,6,90,25,7,True,10050,0.008955223880597015
fit,2024-01-08,7,151,24,0,True,10050,0.015024875621890548
fit,2024-01-08,8,1190,1167,16,True,10050,0.11840796019900497
fit,2024-01-08,9,17,4,0,True,10050,0.001691542288557214
fit,2024-01-08,10,168,53,1,True,10050,0.01671641791044776
fit,2024-01-08,11,976,642,2,True,10050,0.09711442786069652
fit,2024-01-08,12,884,796,5,True,10050,0.08796019900497512
fit,2024-01-08,13,1043,956,3,True,10050,0.10378109452736319
fit,2024-01-08,14,1817,1507,11,True,10050,0.1807960199004975
fit,2024-01-08,15,61,3,0,True,10050,0.006069651741293532
fit,2024-01-08,16,33,7,0,True,10050,0.0032835820895522386
fit,2024-01-08,17,559,342,16,True,10050,0.05562189054726368
fit,2024-01-08,18,114,45,0,True,10050,0.011343283582089553
fit,2024-01-08,19,542,283,0,True,10050,0.05393034825870647
fit,2024-01-08,20,7,2,0,True,10050,0.0006965174129353234
fit,2024-01-08,21,26,3,0,True,10050,0.0025870646766169153
fit,2024-01-08,22,90,21,0,True,10050,0.008955223880597015
fit,2024-01-08,23,36,4,0,True,10050,0.003582089552238806
fit,2024-01-08,24,54,15,0,True,10050,0.005373134328358209
fit,2024-01-08,25,150,53,1,True,10050,0.014925373134328358
fit,2024-01-08,26,62,23,0,True,10050,0.006169154228855721
fit,2024-01-08,27,51,18,0,True,10050,0.005074626865671642
fit,2024-01-08,28,17,5,0,True,10050,0.001691542288557214
fit,2024-01-08,29,78,35,0,True,10050,0.007761194029850746
fit,2024-01-08,30,215,94,2,True,10050,0.021393034825870648
fit,2024-01-08,31,4,3,0,True,10050,0.0003980099502487562
fit,2024-01-08,32,52,8,1,True,10050,0.005174129353233831
fit,2024-01-08,33,46,7,0,True,10050,0.004577114427860697
fit,2024-01-08,34,42,1,0,True,10050,0.00417910447761194
fit,2024-01-08,35,34,2,0,True,10050,0.003383084577114428
fit,2024-01-08,36,793,673,0,True,10050,0.07890547263681592
fit,2024-01-08,37,41,9,0,True,10050,0.004079601990049751
fit,2024-01-08,38,10,4,0,True,10050,0.0009950248756218905
fit,2024-01-08,39,66,14,0,True,10050,0.006567164179104477
fit,2024-01-15,0,6,1,0,True,9069,0.0006615944426066821
fit,2024-01-15,1,37,9,0,True,9069,0.00407983239607454
fit,2024-01-15,2,53,9,0,True,9069,0.005844084243025692
fit,2024-01-15,3,242,153,0,True,9069,0.026684309185136177
fit,2024-01-15,4,56,27,0,True,9069,0.006174881464329033
fit,2024-01-15,5,55,8,0,True,9069,0.0060646157238945855
fit,2024-01-15,6,65,27,7,True,9069,0.007167273128239056
fit,2024-01-15,7,114,20,0,True,9069,0.01257029440952696
fit,2024-01-15,8,1038,1035,1,True,9069,0.11445583857095601
fit,2024-01-15,9,9,3,0,True,9069,0.0009923916639100231
fit,2024-01-15,10,132,37,1,True,9069,0.014555077737347006
fit,2024-01-15,11,969,675,3,True,9069,0.10684750248097916
fit,2024-01-15,12,772,701,5,True,9069,0.0851251516153931
fit,2024-01-15,13,1014,897,1,True,9069,0.11180946080052928
fit,2024-01-15,14,1706,1459,15,True,9069,0.18811335318116662
fit,2024-01-15,15,14,4,0,True,9069,0.0015437203660822582
fit,2024-01-15,16,53,5,0,True,9069,0.005844084243025692
fit,2024-01-15,17,548,291,48,True,9069,0.060425625758076966
fit,2024-01-15,18,113,38,0,True,9069,0.012460028669092514
fit,2024-01-15,19,435,222,2,True,9069,0.04796559708898445
fit,2024-01-15,20,9,4,0,True,9069,0.0009923916639100231
fit,2024-01-15,21,9,2,0,True,9069,0.0009923916639100231
fit,2024-01-15,22,95,22,1,True,9069,0.010475245341272466
fit,2024-01-15,23,40,11,0,True,9069,0.004410629617377881
fit,2024-01-15,24,28,11,0,True,9069,0.0030874407321645164
fit,2024-01-15,25,77,36,0,True,9069,0.00849046201345242
fit,2024-01-15,26,83,10,1,True,9069,0.009152056456059102
fit,2024-01-15,27,52,14,0,True,9069,0.0057338185025912446
fit,2024-01-15,28,10,3,0,True,9069,0.0011026574043444702
fit,2024-01-15,29,39,15,0,True,9069,0.004300363876943433
fit,2024-01-15,30,172,91,1,True,9069,0.018965707354724887
fit,2024-01-15,31,3,2,0,True,9069,0.0003307972213033411
fit,2024-01-15,32,38,6,1,True,9069,0.004190098136508987
fit,2024-01-15,33,43,4,0,True,9069,0.004741426838681222
fit,2024-01-15,34,3,1,0,True,9069,0.0003307972213033411
fit,2024-01-15,35,27,2,0,True,9069,0.0029771749917300696
fit,2024-01-15,36,865,669,0,True,9069,0.09537986547579667
fit,2024-01-15,37,5,3,0,True,9069,0.0005513287021722351
fit,2024-01-15,38,7,3,0,True,9069,0.0007718601830411291
fit,2024-01-15,39,33,9,0,True,9069,0.0036387694343367515
fit,2024-01-22,0,17,3,0,True,10654,0.0015956448282335273
fit,2024-01-22,1,40,6,0,True,10654,0.0037544584193730055
fit,2024-01-22,2,112,15,0,True,10654,0.010512483574244415
fit,2024-01-22,3,346,218,0,True,10654,0.0324760653275765
fit,2024-01-22,4,73,35,0,True,10654,0.006851886615355735
fit,2024-01-22,5,87,16,0,True,10654,0.008165947062136287
fit,2024-01-22,6,78,12,1,True,10654,0.00732119391777736
fit,2024-01-22,7,171,29,0,True,10654,0.0160503097428196
fit,2024-01-22,8,1427,1406,0,True,10654,0.13394030411113197
fit,2024-01-22,9,14,4,0,True,10654,0.001314060446780552
fit,2024-01-22,10,161,26,4,True,10654,0.015111695137976347
fit,2024-01-22,11,1053,778,8,True,10654,0.09883611788999437
fit,2024-01-22,12,907,829,2,True,10654,0.0851323446592829
fit,2024-01-22,13,1166,1043,5,True,10654,0.10944246292472311
fit,2024-01-22,14,1825,1514,3,True,10654,0.17129716538389336
fit,2024-01-22,15,17,2,0,True,10654,0.0015956448282335273
fit,2024-01-22,16,112,11,0,True,10654,0.010512483574244415
fit,2024-01-22,17,636,366,39,True,10654,0.05969588886803079
fit,2024-01-22,18,85,29,0,True,10654,0.007978224141167637
fit,2024-01-22,19,472,238,0,True,10654,0.04430260934860147
fit,2024-01-22,20,39,4,0,True,10654,0.00366059695888868
fit,2024-01-22,21,18,3,0,True,10654,0.0016895062887178525
fit,2024-01-22,22,155,21,3,True,10654,0.014548526375070396
fit,2024-01-22,23,46,10,0,True,10654,0.004317627182278956
fit,2024-01-22,24,36,11,0,True,10654,0.003379012577435705
fit,2024-01-22,25,150,37,0,True,10654,0.014079219072648771
fit,2024-01-22,26,90,15,3,True,10654,0.008447531443589262
fit,2024-01-22,27,109,13,0,True,10654,0.01023089919279144
fit,2024-01-22,28,32,5,0,True,10654,0.0030035667354984044
fit,2024-01-22,29,50,23,0,True,10654,0.0046930730242162565
fit,2024-01-22,30,239,109,0,True,10654,0.022432889055753708
fit,2024-01-22,31,2,2,0,True,10654,0.00018772292096865028
fit,2024-01-22,32,42,15,1,True,10654,0.003942181340341655
fit,2024-01-22,33,17,5,0,True,10654,0.0015956448282335273
fit,2024-01-22,34,1,1,0,True,10654,9.386146048432514e-05
fit,2024-01-22,35,19,2,0,True,10654,0.0017833677492021776
fit,2024-01-22,36,716,571,0,True,10654,0.0672048057067768
fit,2024-01-22,37,10,2,0,True,10654,0.0009386146048432514
fit,2024-01-22,38,24,5,0,True,10654,0.0022526750516238033
fit,2024-01-22,39,60,11,0,True,10654,0.005631687629059508
fit,2024-01-29,0,12,2,0,True,10343,0.0011602049695446195
fit,2024-01-29,1,45,8,0,True,10343,0.004350768635792323
fit,2024-01-29,2,98,11,0,True,10343,0.009475007251281059
fit,2024-01-29,3,277,197,0,True,10343,0.0267813980469883
fit,2024-01-29,4,67,31,2,True,10343,0.006477811079957459
fit,2024-01-29,5,134,22,0,True,10343,0.012955622159914918
fit,2024-01-29,6,56,12,0,True,10343,0.005414289857874891
fit,2024-01-29,7,128,28,0,True,10343,0.012375519675142608
fit,2024-01-29,8,1428,1412,7,True,10343,0.13806439137580973
fit,2024-01-29,9,6,2,0,True,10343,0.0005801024847723097
fit,2024-01-29,10,184,45,0,True,10343,0.0177898095330175
fit,2024-01-29,11,1140,728,10,True,10343,0.11021947210673885
fit,2024-01-29,12,833,757,5,True,10343,0.080537561635889
fit,2024-01-29,13,1130,1045,3,True,10343,0.10925263463211835
fit,2024-01-29,14,1661,1397,10,True,10343,0.16059170453446775
fit,2024-01-29,15,33,4,0,True,10343,0.0031905636662477037
fit,2024-01-29,16,105,14,0,True,10343,0.010151793483515421
fit,2024-01-29,17,538,295,41,True,10343,0.052015856134583774
fit,2024-01-29,18,98,40,0,True,10343,0.009475007251281059
fit,2024-01-29,19,534,279,0,True,10343,0.05162912114473557
fit,2024-01-29,20,42,4,0,True,10343,0.004060717393406168
fit,2024-01-29,21,9,1,0,True,10343,0.0008701537271584647
fit,2024-01-29,22,134,28,1,True,10343,0.012955622159914918
fit,2024-01-29,23,33,6,0,True,10343,0.0031905636662477037
fit,2024-01-29,24,34,7,0,True,10343,0.0032872474137097553
fit,2024-01-29,25,110,51,0,True,10343,0.010635212220825679
fit,2024-01-29,26,33,12,1,True,10343,0.0031905636662477037
fit,2024-01-29,27,152,17,0,True,10343,0.014695929614231848
fit,2024-01-29,28,42,4,0,True,10343,0.004060717393406168
fit,2024-01-29,29,63,21,0,True,10343,0.0060910760901092525
fit,2024-01-29,30,209,87,2,True,10343,0.020206903219568792
fit,2024-01-29,31,2,1,0,True,10343,0.00019336749492410325
fit,2024-01-29,32,40,11,1,True,10343,0.003867349898482065
fit,2024-01-29,33,8,1,0,True,10343,0.000773469979696413
fit,2024-01-29,34,20,1,0,True,10343,0.0019336749492410326
fit,2024-01-29,35,37,2,0,True,10343,0.0035772986560959103
fit,2024-01-29,36,760,617,0,True,10343,0.07347964807115924
fit,2024-01-29,37,25,7,1,True,10343,0.0024170936865512906
fit,2024-01-29,38,27,8,0,True,10343,0.002610461181475394
fit,2024-01-29,39,56,7,0,True,10343,0.005414289857874891
fit,2024-02-05,0,22,2,0,True,11088,0.001984126984126984
fit,2024-02-05,1,55,11,0,True,11088,0.00496031746031746
fit,2024-02-05,2,105,14,0,True,11088,0.00946969696969697
fit,2024-02-05,3,336,245,0,True,11088,0.030303030303030304
fit,2024-02-05,4,63,35,2,True,11088,0.005681818181818182
fit,2024-02-05,5,157,12,0,True,11088,0.01415945165945166
fit,2024-02-05,6,83,23,4,True,11088,0.007485569985569986
fit,2024-02-05,7,128,29,0,True,11088,0.011544011544011544
fit,2024-02-05,8,1269,1237,2,True,11088,0.11444805194805195
fit,2024-02-05,9,18,6,0,True,11088,0.0016233766233766235
fit,2024-02-05,10,192,44,1,True,11088,0.017316017316017316
fit,2024-02-05,11,1175,830,10,True,11088,0.10597041847041846
fit,2024-02-05,12,939,849,3,True,11088,0.08468614718614718
fit,2024-02-05,13,1159,1041,0,True,11088,0.10452741702741702
fit,2024-02-05,14,1793,1477,8,True,11088,0.16170634920634921
fit,2024-02-05,15,43,6,0,True,11088,0.003878066378066378
fit,2024-02-05,16,164,18,0,True,11088,0.01479076479076479
fit,2024-02-05,17,640,292,85,True,11088,0.05772005772005772
fit,2024-02-05,18,118,26,0,True,11088,0.010642135642135642
fit,2024-02-05,19,593,280,0,True,11088,0.053481240981240984
fit,2024-02-05,20,68,4,0,True,11088,0.006132756132756133
fit,2024-02-05,21,19,4,0,True,11088,0.0017135642135642135
fit,2024-02-05,22,127,18,5,True,11088,0.011453823953823954
fit,2024-02-05,23,22,3,0,True,11088,0.001984126984126984
fit,2024-02-05,24,63,13,0,True,11088,0.005681818181818182
fit,2024-02-05,25,151,68,0,True,11088,0.013618326118326118
fit,2024-02-05,26,92,10,1,True,11088,0.008297258297258298
fit,2024-02-05,27,109,21,0,True,11088,0.00983044733044733
fit,2024-02-05,28,80,12,0,True,11088,0.007215007215007215
fit,2024-02-05,29,42,21,0,True,11088,0.003787878787878788
fit,2024-02-05,30,191,76,0,True,11088,0.017225829725829724
fit,2024-02-05,31,25,9,0,True,11088,0.0022546897546897545
fit,2024-02-05,32,29,14,1,True,11088,0.0026154401154401155
fit,2024-02-05,33,46,3,0,True,11088,0.004148629148629149
fit,2024-02-05,34,45,1,0,True,11088,0.004058441558441558
fit,2024-02-05,35,48,2,0,True,11088,0.004329004329004329
fit,2024-02-05,36,723,598,0,True,11088,0.06520562770562771
fit,2024-02-05,37,43,4,0,True,11088,0.003878066378066378
fit,2024-02-05,38,30,5,0,True,11088,0.0027056277056277055
fit,2024-02-05,39,83,14,0,True,11088,0.007485569985569986
fit,2024-02-12,0,9,2,0,True,11162,0.000806307113420534
fit,2024-02-12,1,60,12,0,True,11162,0.005375380756136893
fit,2024-02-12,2,79,8,0,True,11162,0.007077584662246909
fit,2024-02-12,3,411,301,0,True,11162,0.036821358179537717
fit,2024-02-12,4,44,20,5,True,11162,0.003941945887833721
fit,2024-02-12,5,155,15,0,True,11162,0.013886400286686973
fit,2024-02-12,6,105,18,7,True,11162,0.009406916323239563
fit,2024-02-12,7,98,21,0,True,11162,0.008779788568356926
fit,2024-02-12,8,1252,1239,2,True,11162,0.11216627844472317
fit,2024-02-12,9,21,5,0,True,11162,0.0018813832646479125
fit,2024-02-12,10,227,39,2,True,11162,0.020336857194051244
fit,2024-02-12,11,1106,787,4,True,11162,0.09908618527145673
fit,2024-02-12,12,1076,970,6,True,11162,0.09639849489338828
fit,2024-02-12,13,1067,896,19,True,11162,0.09559218777996775
fit,2024-02-12,14,1885,1602,13,True,11162,0.1688765454219674
fit,2024-02-12,15,100,4,0,True,11162,0.008958967926894821
fit,2024-02-12,16,165,15,0,True,11162,0.014782297079376457
fit,2024-02-12,17,591,324,91,True,11162,0.052947500447948395
fit,2024-02-12,18,109,28,0,True,11162,0.009765275040315356
fit,2024-02-12,19,594,275,0,True,11162,0.05321626948575524
fit,2024-02-12,20,67,6,0,True,11162,0.006002508511019531
fit,2024-02-12,21,23,5,0,True,11162,0.002060562623185809
fit,2024-02-12,22,161,17,4,True,11162,0.014423938362300662
fit,2024-02-12,23,33,4,0,True,11162,0.002956459415875291
fit,2024-02-12,24,77,13,0,True,11162,0.006898405303709013
fit,2024-02-12,25,109,39,0,True,11162,0.009765275040315356
fit,2024-02-12,26,128,12,4,True,11162,0.011467478946425372
fit,2024-02-12,27,116,20,0,True,11162,0.010392402795197993
fit,2024-02-12,28,51,7,0,True,11162,0.004569073642716359
fit,2024-02-12,29,50,32,0,True,11162,0.004479483963447411
fit,2024-02-12,30,163,46,0,True,11162,0.01460311772083856
fit,2024-02-12,31,24,9,0,True,11162,0.002150152302454757
fit,2024-02-12,32,34,10,3,True,11162,0.003046049095144239
fit,2024-02-12,33,54,4,0,True,11162,0.004837842680523204
fit,2024-02-12,34,65,1,0,True,11162,0.0058233291524816344
fit,2024-02-12,35,25,2,0,True,11162,0.0022397419817237053
fit,2024-02-12,36,647,518,0,True,11162,0.0579645224870095
fit,2024-02-12,37,74,8,0,True,11162,0.006629636265902168
fit,2024-02-12,38,46,6,0,True,11162,0.004121125246371618
fit,2024-02-12,39,61,12,0,True,11162,0.005464970435405841
fit,2024-02-19,0,19,3,0,True,11971,0.0015871689917300142
fit,2024-02-19,1,70,13,0,True,11971,0.0058474647063737365
fit,2024-02-19,2,91,11,0,True,11971,0.007601704118285858
fit,2024-02-19,3,510,388,1,True,11971,0.04260295714643722
fit,2024-02-19,4,96,63,0,True,11971,0.008019380168741125
fit,2024-02-19,5,148,18,0,True,11971,0.0123632110934759
fit,2024-02-19,6,127,34,10,True,11971,0.01060897168156378
fit,2024-02-19,7,162,33,0,True,11971,0.013532704034750648
fit,2024-02-19,8,1309,1268,4,True,11971,0.10934759000918887
fit,2024-02-19,9,17,5,0,True,11971,0.0014200985715479074
fit,2024-02-19,10,122,30,1,True,11971,0.010191295631108512
fit,2024-02-19,11,1199,878,13,True,11971,0.100158716899173
fit,2024-02-19,12,1274,1177,3,True,11971,0.106423857656002
fit,2024-02-19,13,1166,1029,21,True,11971,0.09740205496616824
fit,2024-02-19,14,1905,1614,6,True,11971,0.1591345752234567
fit,2024-02-19,15,39,5,0,True,11971,0.003257873193551082
fit,2024-02-19,16,92,14,0,True,11971,0.007685239328376911
fit,2024-02-19,17,701,476,48,True,11971,0.05855818227382842
fit,2024-02-19,18,100,43,0,True,11971,0.008353521009105337
fit,2024-02-19,19,749,316,0,True,11971,0.06256787235819898
fit,2024-02-19,20,41,5,0,True,11971,0.0034249436137331886
fit,2024-02-19,21,16,4,0,True,11971,0.001336563361456854
fit,2024-02-19,22,124,23,3,True,11971,0.010358366051290618
fit,2024-02-19,23,33,6,0,True,11971,0.0027566619330047617
fit,2024-02-19,24,86,24,0,True,11971,0.00718402806783059
fit,2024-02-19,25,140,65,1,True,11971,0.011694929412747473
fit,2024-02-19,26,113,14,3,True,11971,0.009439478740289033
fit,2024-02-19,27,64,16,0,True,11971,0.005346253445827416
fit,2024-02-19,28,80,13,0,True,11971,0.00668281680728427
fit,2024-02-19,29,66,31,0,True,11971,0.005513323866009523
fit,2024-02-19,30,188,60,2,True,11971,0.015704619497118034
fit,2024-02-19,31,14,7,0,True,11971,0.0011694929412747472
fit,2024-02-19,32,77,15,2,True,11971,0.00643221117701111
fit,2024-02-19,33,60,4,0,True,11971,0.005012112605463203
fit,2024-02-19,34,34,1,0,True,11971,0.0028401971430958147
fit,2024-02-19,35,5,1,0,True,11971,0.0004176760504552669
fit,2024-02-19,36,793,649,0,True,11971,0.06624342160220532
fit,2024-02-19,37,50,7,0,True,11971,0.004176760504552669
fit,2024-02-19,38,34,7,0,True,11971,0.0028401971430958147
fit,2024-02-19,39,57,14,0,True,11971,0.004761506975190043
fit,2024-02-26,0,10,2,0,True,12458,0.0008026970621287526
fit,2024-02-26,1,59,15,0,True,12458,0.00473591266655964
fit,2024-02-26,2,111,13,0,True,12458,0.008909937389629153
fit,2024-02-26,3,492,336,0,True,12458,0.03949269545673463
fit,2024-02-26,4,120,60,1,True,12458,0.009632364745545031
fit,2024-02-26,5,167,13,0,True,12458,0.013405040937550168
fit,2024-02-26,6,107,30,8,True,12458,0.008588858564777653
fit,2024-02-26,7,122,31,0,True,12458,0.009792904157970782
fit,2024-02-26,8,1513,1462,1,True,12458,0.12144806550008026
fit,2024-02-26,9,9,5,0,True,12458,0.0007224273559158774
fit,2024-02-26,10,96,28,1,True,12458,0.007705891796436025
fit,2024-02-26,11,1337,922,17,True,12458,0.10732059720661423
fit,2024-02-26,12,1184,1062,5,True,12458,0.0950393321560443
fit,2024-02-26,13,1219,1058,28,True,12458,0.09784877187349494
fit,2024-02-26,14,2052,1662,10,True,12458,0.16471343714882003
fit,2024-02-26,15,65,4,0,True,12458,0.005217530903836892
fit,2024-02-26,16,149,15,0,True,12458,0.011960186225718414
fit,2024-02-26,17,709,451,61,True,12458,0.05691122170492856
fit,2024-02-26,18,94,32,0,True,12458,0.007545352384010275
fit,2024-02-26,19,840,316,0,True,12458,0.06742655321881522
fit,2024-02-26,20,53,5,0,True,12458,0.004254294429282389
fit,2024-02-26,21,25,5,0,True,12458,0.0020067426553218816
fit,2024-02-26,22,142,16,1,True,12458,0.011398298282228287
fit,2024-02-26,23,41,10,0,True,12458,0.0032910579547278857
fit,2024-02-26,24,66,20,0,True,12458,0.005297800610049767
fit,2024-02-26,25,101,41,2,True,12458,0.008107240327500402
fit,2024-02-26,26,118,17,1,True,12458,0.00947182533311928
fit,2024-02-26,27,108,19,0,True,12458,0.008669128270990529
fit,2024-02-26,28,70,6,0,True,12458,0.005618879434901268
fit,2024-02-26,29,34,12,0,True,12458,0.002729170011237759
fit,2024-02-26,30,144,62,4,True,12458,0.011558837694654038
fit,2024-02-26,31,22,5,0,True,12458,0.0017659335366832557
fit,2024-02-26,32,83,22,1,True,12458,0.006662385615668647
fit,2024-02-26,33,36,4,0,True,12458,0.0028897094236635095
fit,2024-02-26,34,33,1,0,True,12458,0.0026489003050248834
fit,2024-02-26,35,37,2,0,True,12458,0.0029699791298763846
fit,2024-02-26,36,710,577,0,True,12458,0.05699149141114144
fit,2024-02-26,37,105,7,0,True,12458,0.008428319152351902
fit,2024-02-26,38,19,8,0,True,12458,0.00152512441804463
fit,2024-02-26,39,56,14,0,True,12458,0.004495103547921014
fit,2024-03-04,0,19,2,0,True,13579,0.001399219382870609
fit,2024-03-04,1,57,10,0,True,13579,0.004197658148611827
fit,2024-03-04,2,70,10,0,True,13579,0.0051550187789969806
fit,2024-03-04,3,350,237,0,True,13579,0.025775093894984905
fit,2024-03-04,4,143,65,2,True,13579,0.010530966934236689
fit,2024-03-04,5,170,27,0,True,13579,0.012519331320421238
fit,2024-03-04,6,108,56,0,True,13579,0.007953457544738198
fit,2024-03-04,7,130,33,0,True,13579,0.009573606303851536
fit,2024-03-04,8,1389,1344,5,True,13579,0.10229030120038295
fit,2024-03-04,9,22,6,0,True,13579,0.0016201487591133367
fit,2024-03-04,10,81,37,0,True,13579,0.005965093158553649
fit,2024-03-04,11,1396,1003,18,True,13579,0.10280580307828265
fit,2024-03-04,12,1189,1048,2,True,13579,0.08756167611753443
fit,2024-03-04,13,1360,1152,52,True,13579,0.1001546505633699
fit,2024-03-04,14,2313,1868,12,True,13579,0.17033654908314308
fit,2024-03-04,15,45,4,0,True,13579,0.003313940643640916
fit,2024-03-04,16,85,9,0,True,13579,0.006259665660210619
fit,2024-03-04,17,720,451,1,True,13579,0.05302305029825466
fit,2024-03-04,18,78,39,2,True,13579,0.005744163782310921
fit,2024-03-04,19,1032,410,0,True,13579,0.07599970542749834
fit,2024-03-04,20,43,5,0,True,13579,0.003166654392812431
fit,2024-03-04,21,9,4,0,True,13579,0.0006627881287281833
fit,2024-03-04,22,136,22,1,True,13579,0.010015465056336992
fit,2024-03-04,23,42,13,0,True,13579,0.0030930112673981883
fit,2024-03-04,24,102,26,0,True,13579,0.007511598792252743
fit,2024-03-04,25,96,63,0,True,13579,0.007069740039767288
fit,2024-03-04,26,257,49,1,True,13579,0.018926283231460343
fit,2024-03-04,27,107,19,0,True,13579,0.007879814419323956
fit,2024-03-04,28,100,12,0,True,13579,0.007364312541424258
fit,2024-03-04,29,66,24,0,True,13579,0.00486044627734001
fit,2024-03-04,30,302,105,14,True,13579,0.02224022387510126
fit,2024-03-04,31,111,5,0,True,13579,0.008174386920980926
fit,2024-03-04,32,139,12,1,True,13579,0.010236394432579718
fit,2024-03-04,33,170,7,0,True,13579,0.012519331320421238
fit,2024-03-04,34,65,1,0,True,13579,0.004786803151925768
fit,2024-03-04,35,55,2,0,True,13579,0.004050371897783342
fit,2024-03-04,36,805,614,0,True,13579,0.05928271595846528
fit,2024-03-04,37,94,6,0,True,13579,0.006922453788938803
fit,2024-03-04,38,74,11,0,True,13579,0.005449591280653951
fit,2024-03-04,39,49,14,1,True,13579,0.0036085131452978864
fit,2024-03-11,0,59,3,0,True,14442,0.0040853067442182525
fit,2024-03-11,1,53,11,0,True,14442,0.003669851821077413
fit,2024-03-11,2,90,11,0,True,14442,0.0062318238471125885
fit,2024-03-11,3,512,318,48,True,14442,0.035452153441351615
fit,2024-03-11,4,334,54,6,True,14442,0.023126990721506716
fit,2024-03-11,5,199,29,0,True,14442,0.013779254950837833
fit,2024-03-11,6,110,49,9,True,14442,0.007616673590915386
fit,2024-03-11,7,170,59,0,True,14442,0.011771222822323778
fit,2024-03-11,8,1358,1320,2,True,14442,0.09403129760420995
fit,2024-03-11,9,28,8,0,True,14442,0.0019387896413239163
fit,2024-03-11,10,107,34,2,True,14442,0.007408946129344966
fit,2024-03-11,11,1372,985,25,True,14442,0.0950006924248719
fit,2024-03-11,12,1151,1010,7,True,14442,0.07969810275585099
fit,2024-03-11,13,1152,998,41,True,14442,0.07976734524304113
fit,2024-03-11,14,2028,1685,14,True,14442,0.14042376402160367
fit,2024-03-11,15,47,4,0,True,14442,0.0032543968979365737
fit,2024-03-11,16,302,21,0,True,14442,0.02091123113142224
fit,2024-03-11,17,919,517,30,True,14442,0.06363384572773854
fit,2024-03-11,18,108,34,1,True,14442,0.007478188616535106
fit,2024-03-11,19,1021,442,0,True,14442,0.0706965794211328
fit,2024-03-11,20,51,5,0,True,14442,0.003531366846697133
fit,2024-03-11,21,9,3,0,True,14442,0.0006231823847112588
fit,2024-03-11,22,179,35,0,True,14442,0.012394405207035037
fit,2024-03-11,23,69,15,0,True,14442,0.004777731616119651
fit,2024-03-11,24,110,26,0,True,14442,0.007616673590915386
fit,2024-03-11,25,116,55,1,True,14442,0.008032128514056224
fit,2024-03-11,26,285,72,4,True,14442,0.019734108849189864
fit,2024-03-11,27,128,28,0,True,14442,0.008863038360337904
fit,2024-03-11,28,145,18,1,True,14442,0.010040160642570281
fit,2024-03-11,29,74,32,0,True,14442,0.005123944052070351
fit,2024-03-11,30,257,81,7,True,14442,0.017795319207865947
fit,2024-03-11,31,162,14,0,True,14442,0.011217282924802658
fit,2024-03-11,32,181,74,2,True,14442,0.012532890181415316
fit,2024-03-11,33,382,14,0,True,14442,0.02645063010663343
fit,2024-03-11,34,62,1,0,True,14442,0.004293034205788672
fit,2024-03-11,35,19,3,0,True,14442,0.0013156072566126574
fit,2024-03-11,36,906,722,1,True,14442,0.06273369339426672
fit,2024-03-11,37,76,9,0,True,14442,0.00526242902645063
fit,2024-03-11,38,61,17,1,True,14442,0.004223791718598532
fit,2024-03-11,39,50,9,0,True,14442,0.0034621243595069936
fit,2024-03-18,0,65,2,0,True,15259,0.004259781112785897
fit,2024-03-18,1,78,10,0,True,15259,0.005111737335343076
fit,2024-03-18,2,101,12,0,True,15259,0.006619044498328855
fit,2024-03-18,3,425,250,41,True,15259,0.02785241496821548
fit,2024-03-18,4,310,46,1,True,15259,0.020315879153286583
fit,2024-03-18,5,167,33,0,True,15259,0.010944360705157611
fit,2024-03-18,6,128,47,1,True,15259,0.008388492037486074
fit,2024-03-18,7,190,58,0,True,15259,0.01245166786814339
fit,2024-03-18,8,1476,1406,5,True,15259,0.09672979880726129
fit,2024-03-18,9,43,10,0,True,15259,0.002818009043842978
fit,2024-03-18,10,154,46,0,True,15259,0.010092404482600433
fit,2024-03-18,11,1422,1028,33,True,15259,0.09319090372894685
fit,2024-03-18,12,1132,1027,1,True,15259,0.07418572645651747
fit,2024-03-18,13,1290,1086,76,True,15259,0.08454027131528934
fit,2024-03-18,14,2149,1765,13,True,15259,0.14083491709810603
fit,2024-03-18,15,56,4,0,True,15259,0.0036699652664001574
fit,2024-03-18,16,310,16,0,True,15259,0.020315879153286583
fit,2024-03-18,17,754,481,2,True,15259,0.0494134609083164
fit,2024-03-18,18,195,37,0,True,15259,0.012779343338357691
fit,2024-03-18,19,1027,444,0,True,15259,0.06730454158201717
fit,2024-03-18,20,92,5,0,True,15259,0.006029228651943115
fit,2024-03-18,21,10,3,0,True,15259,0.0006553509404285995
fit,2024-03-18,22,214,34,4,True,15259,0.01402451012517203
fit,2024-03-18,23,117,14,0,True,15259,0.007667606003014614
fit,2024-03-18,24,108,32,0,True,15259,0.007077790156628874
fit,2024-03-18,25,83,45,0,True,15259,0.005439412805557376
fit,2024-03-18,26,247,50,3,True,15259,0.01618716822858641
fit,2024-03-18,27,190,23,0,True,15259,0.01245166786814339
fit,2024-03-18,28,128,17,1,True,15259,0.008388492037486074
fit,2024-03-18,29,125,36,0,True,15259,0.008191886755357494
fit,2024-03-18,30,250,85,13,True,15259,0.01638377351071499
fit,2024-03-18,31,169,11,0,True,15259,0.011075430893243332
fit,2024-03-18,32,326,83,1,True,15259,0.021364440657972345
fit,2024-03-18,33,326,11,0,True,15259,0.021364440657972345
fit,2024-03-18,34,76,1,0,True,15259,0.004980667147257357
fit,2024-03-18,35,31,2,0,True,15259,0.0020315879153286584
fit,2024-03-18,36,1007,866,0,True,15259,0.06599383970115998
fit,2024-03-18,37,72,8,0,True,15259,0.004718526771085916
fit,2024-03-18,38,100,8,0,True,15259,0.006553509404285995
fit,2024-03-18,39,116,9,2,True,15259,0.0076020709089717545
fit,2024-03-25,0,46,3,0,True,14096,0.0032633371169125992
fit,2024-03-25,1,87,19,0,True,14096,0.006171963677639046
fit,2024-03-25,2,82,13,0,True,14096,0.005817253121452894
fit,2024-03-25,3,425,249,42,True,14096,0.03015039727582293
fit,2024-03-25,4,262,51,6,True,14096,0.01858683314415437
fit,2024-03-25,5,150,28,0,True,14096,0.010641316685584563
fit,2024-03-25,6,136,48,6,True,14096,0.009648127128263337
fit,2024-03-25,7,260,69,0,True,14096,0.01844494892167991
fit,2024-03-25,8,1392,1306,21,True,14096,0.09875141884222474
fit,2024-03-25,9,48,12,0,True,14096,0.00340522133938706
fit,2024-03-25,10,104,44,0,True,14096,0.0073779795686719635
fit,2024-03-25,11,1046,761,22,True,14096,0.07420544835414301
fit,2024-03-25,12,1033,941,0,True,14096,0.07328320090805902
fit,2024-03-25,13,1235,1046,55,True,14096,0.08761350737797957
fit,2024-03-25,14,1918,1548,7,True,14096,0.13606696935300794
fit,2024-03-25,15,63,4,0,True,14096,0.004469353007945516
fit,2024-03-25,16,318,15,0,True,14096,0.022559591373439273
fit,2024-03-25,17,792,512,11,True,14096,0.05618615209988649
fit,2024-03-25,18,244,45,3,True,14096,0.017309875141884222
fit,2024-03-25,19,1099,476,0,True,14096,0.07796538024971623
fit,2024-03-25,20,78,6,3,True,14096,0.005533484676503973
fit,2024-03-25,21,19,4,0,True,14096,0.001347900113507378
fit,2024-03-25,22,206,26,3,True,14096,0.014614074914869466
fit,2024-03-25,23,120,15,0,True,14096,0.00851305334846765
fit,2024-03-25,24,91,26,0,True,14096,0.006455732122587968
fit,2024-03-25,25,103,52,0,True,14096,0.007307037457434733
fit,2024-03-25,26,314,75,3,True,14096,0.02227582292849035
fit,2024-03-25,27,81,15,0,True,14096,0.005746311010215664
fit,2024-03-25,28,111,20,0,True,14096,0.007874574347332576
fit,2024-03-25,29,133,31,0,True,14096,0.009435300794551646
fit,2024-03-25,30,255,91,2,True,14096,0.01809023836549376
fit,2024-03-25,31,181,12,0,True,14096,0.012840522133938706
fit,2024-03-25,32,171,70,3,True,14096,0.012131101021566401
fit,2024-03-25,33,217,7,0,True,14096,0.015394438138479
fit,2024-03-25,34,74,1,0,True,14096,0.005249716231555051
fit,2024-03-25,35,44,2,0,True,14096,0.0031214528944381384
fit,2024-03-25,36,880,675,0,True,14096,0.06242905788876277
fit,2024-03-25,37,83,10,0,True,14096,0.005888195232690125
fit,2024-03-25,38,74,15,0,True,14096,0.005249716231555051
fit,2024-03-25,39,121,21,0,True,14096,0.00858399545970488
fit,2024-04-01,0,86,2,0,True,14468,0.005944152612662427
fit,2024-04-01,1,90,23,0,True,14468,0.0062206248272048655
fit,2024-04-01,2,85,8,0,True,14468,0.005875034559026818
fit,2024-04-01,3,558,290,91,True,14468,0.03856787392867017
fit,2024-04-01,4,373,71,3,True,14468,0.02578103400608239
fit,2024-04-01,5,176,41,2,True,14468,0.012164777439867294
fit,2024-04-01,6,111,44,2,True,14468,0.007672103953552668
fit,2024-04-01,7,145,38,0,True,14468,0.010022117777163395
fit,2024-04-01,8,1419,1342,11,True,14468,0.09807851810893005
fit,2024-04-01,9,42,14,0,True,14468,0.002902958252695604
fit,2024-04-01,10,93,46,0,True,14468,0.006427978988111695
fit,2024-04-01,11,1107,779,49,True,14468,0.07651368537461985
fit,2024-04-01,12,1088,957,9,True,14468,0.07520044235554327
fit,2024-04-01,13,1141,969,47,True,14468,0.07886369919823058
fit,2024-04-01,14,2221,1821,4,True,14468,0.15351119712468897
fit,2024-04-01,15,69,4,0,True,14468,0.004769145700857064
fit,2024-04-01,16,382,16,0,True,14468,0.026403096488802874
fit,2024-04-01,17,821,457,5,True,14468,0.0567459220348355
fit,2024-04-01,18,136,37,2,True,14468,0.009400055294442908
fit,2024-04-01,19,890,344,0,True,14468,0.06151506773569256
fit,2024-04-01,20,86,5,1,True,14468,0.005944152612662427
fit,2024-04-01,21,17,5,0,True,14468,0.0011750069118053636
fit,2024-04-01,22,221,40,3,True,14468,0.015275089853469726
fit,2024-04-01,23,104,16,0,True,14468,0.007188277578103401
fit,2024-04-01,24,110,31,0,True,14468,0.007602985899917058
fit,2024-04-01,25,100,49,4,True,14468,0.006911805363560962
fit,2024-04-01,26,365,74,0,True,14468,0.02522808957699751
fit,2024-04-01,27,141,23,0,True,14468,0.009745645562620956
fit,2024-04-01,28,165,18,0,True,14468,0.011404478849875587
fit,2024-04-01,29,158,31,0,True,14468,0.01092065247442632
fit,2024-04-01,30,206,89,0,True,14468,0.014238319048935582
fit,2024-04-01,31,201,12,0,True,14468,0.013892728780757533
fit,2024-04-01,32,204,36,1,True,14468,0.014100082941664363
fit,2024-04-01,33,243,8,0,True,14468,0.01679568703345314
fit,2024-04-01,34,33,1,0,True,14468,0.0022808957699751173
fit,2024-04-01,35,47,2,0,True,14468,0.0032485485208736523
fit,2024-04-01,36,794,601,1,True,14468,0.05487973458667404
fit,2024-04-01,37,84,16,0,True,14468,0.005805916505391208
fit,2024-04-01,38,64,12,0,True,14468,0.004423555432679016
fit,2024-04-01,39,92,19,0,True,14468,0.006358860934476085
fit,2024-04-08,0,59,2,0,True,14389,0.004100354437417472
fit,2024-04-08,1,66,16,0,True,14389,0.004586837167280562
fit,2024-04-08,2,71,13,0,True,14389,0.004934324831468483
fit,2024-04-08,3,569,320,34,True,14389,0.039544096184585445
fit,2024-04-08,4,257,65,4,True,14389,0.017860865939259157
fit,2024-04-08,5,265,28,0,True,14389,0.01841684620195983
fit,2024-04-08,6,111,36,0,True,14389,0.007714226144971853
fit,2024-04-08,7,144,33,0,True,14389,0.010007644728612134
fit,2024-04-08,8,1409,1352,13,True,14389,0.09792202376815623
fit,2024-04-08,9,45,8,0,True,14389,0.003127388977691292
fit,2024-04-08,10,96,35,2,True,14389,0.0066717631524080894
fit,2024-04-08,11,1064,803,15,True,14389,0.07394537493918966
fit,2024-04-08,12,1111,1004,10,True,14389,0.07721175898255613
fit,2024-04-08,13,1203,1046,32,True,14389,0.08360553200361387
fit,2024-04-08,14,2284,1851,6,True,14389,0.15873236500104246
fit,2024-04-08,15,91,4,0,True,14389,0.006324275488220168
fit,2024-04-08,16,160,14,0,True,14389,0.011119605254013483
fit,2024-04-08,17,888,482,0,True,14389,0.06171380915977483
fit,2024-04-08,18,142,51,1,True,14389,0.009868649662936966
fit,2024-04-08,19,1156,437,2,True,14389,0.08033914796024741
fit,2024-04-08,20,69,6,0,True,14389,0.004795329765793314
fit,2024-04-08,21,16,3,0,True,14389,0.0011119605254013482
fit,2024-04-08,22,219,27,3,True,14389,0.015219959691430954
fit,2024-04-08,23,61,13,0,True,14389,0.00423934950309264
fit,2024-04-08,24,96,32,0,True,14389,0.0066717631524080894
fit,2024-04-08,25,68,36,1,True,14389,0.00472583223295573
fit,2024-04-08,26,371,67,3,True,14389,0.025783584682743763
fit,2024-04-08,27,54,24,0,True,14389,0.0037528667732295504
fit,2024-04-08,28,230,22,1,True,14389,0.01598443255264438
fit,2024-04-08,29,90,21,0,True,14389,0.006254777955382584
fit,2024-04-08,30,217,101,0,True,14389,0.015080964625755786
fit,2024-04-08,31,183,15,0,True,14389,0.012718048509277921
fit,2024-04-08,32,156,18,1,True,14389,0.010841615122663146
fit,2024-04-08,33,214,6,0,True,14389,0.014872472027243034
fit,2024-04-08,34,61,1,0,True,14389,0.00423934950309264
fit,2024-04-08,35,49,3,0,True,14389,0.003405379109041629
fit,2024-04-08,36,832,593,0,True,14389,0.05782194732087011
fit,2024-04-08,37,64,6,0,True,14389,0.004447842101605393
fit,2024-04-08,38,49,9,0,True,14389,0.003405379109041629
fit,2024-04-08,39,99,19,1,True,14389,0.006880255750920842
fit,2024-04-15,0,60,4,0,True,14634,0.004100041000410004
fit,2024-04-15,1,70,21,0,True,14634,0.004783381167145005
fit,2024-04-15,2,100,15,0,True,14634,0.006833401667350007
fit,2024-04-15,3,563,356,44,True,14634,0.03847205138718054
fit,2024-04-15,4,243,56,3,True,14634,0.016605166051660517
fit,2024-04-15,5,190,25,0,True,14634,0.012983463167965012
fit,2024-04-15,6,127,35,1,True,14634,0.008678420117534509
fit,2024-04-15,7,163,34,0,True,14634,0.011138444717780511
fit,2024-04-15,8,1371,1309,19,True,14634,0.09368593685936859
fit,2024-04-15,9,45,15,0,True,14634,0.003075030750307503
fit,2024-04-15,10,65,20,2,True,14634,0.004441711083777504
fit,2024-04-15,11,1066,758,14,True,14634,0.07284406177395107
fit,2024-04-15,12,1123,1006,17,True,14634,0.07673910072434058
fit,2024-04-15,13,1235,1014,29,True,14634,0.08439251059177258
fit,2024-04-15,14,2235,1840,4,True,14634,0.15272652726527267
fit,2024-04-15,15,56,3,0,True,14634,0.003826704933716004
fit,2024-04-15,16,125,11,0,True,14634,0.008541752084187509
fit,2024-04-15,17,799,476,3,True,14634,0.05459887932212656
fit,2024-04-15,18,159,53,0,True,14634,0.010865108651086511
fit,2024-04-15,19,1100,407,12,True,14634,0.07516741834085007
fit,2024-04-15,20,68,4,0,True,14634,0.004646713133798005
fit,2024-04-15,21,27,4,0,True,14634,0.0018450184501845018
fit,2024-04-15,22,344,41,2,True,14634,0.023506901735684024
fit,2024-04-15,23,61,17,0,True,14634,0.004168375017083504
fit,2024-04-15,24,253,30,0,True,14634,0.017288506218395516
fit,2024-04-15,25,89,53,2,True,14634,0.006081727483941506
fit,2024-04-15,26,256,88,1,True,14634,0.017493508268416016
fit,2024-04-15,27,113,22,0,True,14634,0.007721743884105508
fit,2024-04-15,28,344,21,3,True,14634,0.023506901735684024
fit,2024-04-15,29,155,42,0,True,14634,0.010591772584392511
fit,2024-04-15,30,238,97,0,True,14634,0.016263495968293015
fit,2024-04-15,31,232,17,0,True,14634,0.015853491868252016
fit,2024-04-15,32,117,18,1,True,14634,0.007995079950799507
fit,2024-04-15,33,197,3,0,True,14634,0.013461801284679513
fit,2024-04-15,34,54,1,0,True,14634,0.0036900369003690036
fit,2024-04-15,35,30,3,0,True,14634,0.002050020500205002
fit,2024-04-15,36,849,624,2,True,14634,0.058015580155801556
fit,2024-04-15,37,99,13,0,True,14634,0.006765067650676507
fit,2024-04-15,38,103,18,9,True,14634,0.007038403717370507
fit,2024-04-15,39,110,22,0,True,14634,0.007516741834085007
fit,2024-04-22,0,18,3,0,True,15397,0.0011690589075793985
fit,2024-04-22,1,74,15,0,True,15397,0.004806131064493083
fit,2024-04-22,2,136,10,0,True,15397,0.008832889523933234
fit,2024-04-22,3,538,312,0,True,15397,0.03494187179320647
fit,2024-04-22,4,183,71,3,True,15397,0.011885432227057218
fit,2024-04-22,5,179,30,0,True,15397,0.01162564135870624
fit,2024-04-22,6,152,64,0,True,15397,0.009872052997337144
fit,2024-04-22,7,197,29,0,True,15397,0.01279470026628564
fit,2024-04-22,8,1318,1280,9,True,15397,0.08560109112164707
fit,2024-04-22,9,35,10,0,True,15397,0.0022731700980710527
fit,2024-04-22,10,143,72,0,True,15397,0.009287523543547444
fit,2024-04-22,11,1206,889,47,True,15397,0.07832694680781971
fit,2024-04-22,12,1187,1057,5,True,15397,0.07709294018315256
fit,2024-04-22,13,1088,953,32,True,15397,0.07066311619146587
fit,2024-04-22,14,2184,1815,3,True,15397,0.1418458141196337
fit,2024-04-22,15,70,4,0,True,15397,0.0045463401961421054
fit,2024-04-22,16,145,13,0,True,15397,0.009417418977722932
fit,2024-04-22,17,1055,599,0,True,15397,0.0685198415275703
fit,2024-04-22,18,142,64,0,True,15397,0.0092225758264597
fit,2024-04-22,19,972,428,14,True,15397,0.06312918100928752
fit,2024-04-22,20,67,4,0,True,15397,0.0043514970448788725
fit,2024-04-22,21,13,2,0,True,15397,0.0008443203221406767
fit,2024-04-22,22,356,34,2,True,15397,0.023121387283236993
fit,2024-04-22,23,81,16,0,True,15397,0.005260765084107294
fit,2024-04-22,24,282,25,0,True,15397,0.01831525621874391
fit,2024-04-22,25,81,37,6,True,15397,0.005260765084107294
fit,2024-04-22,26,313,122,4,True,15397,0.020328635448463986
fit,2024-04-22,27,240,19,0,True,15397,0.015587452101058647
fit,2024-04-22,28,300,75,0,True,15397,0.019484315126323308
fit,2024-04-22,29,162,23,0,True,15397,0.010521530168214588
fit,2024-04-22,30,314,149,0,True,15397,0.020393583165551732
fit,2024-04-22,31,265,17,0,True,15397,0.017211145028252255
fit,2024-04-22,32,161,20,1,True,15397,0.010456582451126843
fit,2024-04-22,33,238,3,0,True,15397,0.015457556666883159
fit,2024-04-22,34,78,1,0,True,15397,0.005065921932844061
fit,2024-04-22,35,31,3,0,True,15397,0.0020133792297200755
fit,2024-04-22,36,810,570,0,True,15397,0.05260765084107294
fit,2024-04-22,37,241,29,0,True,15397,0.015652399818146392
fit,2024-04-22,38,144,10,13,True,15397,0.009352471260635188
fit,2024-04-22,39,198,41,0,True,15397,0.012859647983373385
fit,2024-04-29,0,30,4,0,True,15660,0.0019157088122605363
fit,2024-04-29,1,140,28,0,True,15660,0.008939974457215836
fit,2024-04-29,2,176,24,0,True,15660,0.01123882503192848
fit,2024-04-29,3,489,310,0,True,15660,0.03122605363984674
fit,2024-04-29,4,147,56,4,True,15660,0.009386973180076629
fit,2024-04-29,5,127,25,0,True,15660,0.008109833971902937
fit,2024-04-29,6,152,41,0,True,15660,0.009706257982120051
fit,2024-04-29,7,195,34,0,True,15660,0.012452107279693486
fit,2024-04-29,8,1449,1364,18,True,15660,0.0925287356321839
fit,2024-04-29,9,79,16,0,True,15660,0.005044699872286079
fit,2024-04-29,10,141,60,1,True,15660,0.00900383141762452
fit,2024-04-29,11,1179,823,23,True,15660,0.07528735632183908
fit,2024-04-29,12,1130,975,14,True,15660,0.07215836526181353
fit,2024-04-29,13,1207,1061,7,True,15660,0.07707535121328225
fit,2024-04-29,14,2510,2026,6,True,15660,0.1602809706257982
fit,2024-04-29,15,65,2,0,True,15660,0.004150702426564496
fit,2024-04-29,16,138,18,0,True,15660,0.008812260536398468
fit,2024-04-29,17,1030,580,0,True,15660,0.06577266922094509
fit,2024-04-29,18,209,60,10,True,15660,0.013346104725415071
fit,2024-04-29,19,1136,412,12,True,15660,0.07254150702426565
fit,2024-04-29,20,78,3,0,True,15660,0.004980842911877395
fit,2024-04-29,21,18,2,0,True,15660,0.0011494252873563218
fit,2024-04-29,22,273,18,1,True,15660,0.01743295019157088
fit,2024-04-29,23,166,15,0,True,15660,0.010600255427841635
fit,2024-04-29,24,283,69,0,True,15660,0.01807151979565773
fit,2024-04-29,25,76,40,1,True,15660,0.004853128991060026
fit,2024-04-29,26,256,107,2,True,15660,0.016347381864623246
fit,2024-04-29,27,154,22,0,True,15660,0.00983397190293742
fit,2024-04-29,28,348,105,0,True,15660,0.022222222222222223
fit,2024-04-29,29,174,51,1,True,15660,0.011111111111111112
fit,2024-04-29,30,287,115,0,True,15660,0.018326947637292465
fit,2024-04-29,31,133,22,0,True,15660,0.008492975734355045
fit,2024-04-29,32,177,39,2,True,15660,0.011302681992337164
fit,2024-04-29,33,53,4,0,True,15660,0.003384418901660281
fit,2024-04-29,34,80,1,0,True,15660,0.005108556832694764
fit,2024-04-29,35,76,3,0,True,15660,0.004853128991060026
fit,2024-04-29,36,697,542,0,True,15660,0.04450830140485313
fit,2024-04-29,37,216,26,0,True,15660,0.013793103448275862
fit,2024-04-29,38,136,16,7,True,15660,0.008684546615581098
fit,2024-04-29,39,250,90,5,True,15660,0.015964240102171137
fit,2024-05-06,0,45,5,0,True,16557,0.002717883674578728
fit,2024-05-06,1,205,24,0,True,16557,0.012381470073080872
fit,2024-05-06,2,167,28,0,True,16557,0.010086368303436613
fit,2024-05-06,3,568,360,2,True,16557,0.03430573171468261
fit,2024-05-06,4,156,62,9,True,16557,0.00942199673853959
fit,2024-05-06,5,101,20,3,True,16557,0.0061001389140544785
fit,2024-05-06,6,152,80,0,True,16557,0.009180407078577037
fit,2024-05-06,7,208,47,0,True,16557,0.012562662318052788
fit,2024-05-06,8,1462,1354,17,True,16557,0.08830102071631334
fit,2024-05-06,9,84,17,0,True,16557,0.005073382859213626
fit,2024-05-06,10,155,34,0,True,16557,0.009361599323548951
fit,2024-05-06,11,1230,928,36,True,16557,0.07428882043848524
fit,2024-05-06,12,1181,1001,2,True,16557,0.07132934710394395
fit,2024-05-06,13,1166,1063,11,True,16557,0.07042338587908438
fit,2024-05-06,14,2586,2091,22,True,16557,0.1561877151657909
fit,2024-05-06,15,67,4,0,True,16557,0.004046626804372773
fit,2024-05-06,16,123,16,0,True,16557,0.007428882043848523
fit,2024-05-06,17,1103,589,0,True,16557,0.06661834873467416
fit,2024-05-06,18,310,88,6,True,16557,0.018723198647097903
fit,2024-05-06,19,1216,443,29,True,16557,0.0734432566286163
fit,2024-05-06,20,61,4,0,True,16557,0.0036842423144289424
fit,2024-05-06,21,6,3,0,True,16557,0.0003623844899438304
fit,2024-05-06,22,239,35,1,True,16557,0.014434982182762578
fit,2024-05-06,23,144,15,0,True,16557,0.00869722775865193
fit,2024-05-06,24,451,118,0,True,16557,0.02723923416077792
fit,2024-05-06,25,145,75,0,True,16557,0.008757625173642569
fit,2024-05-06,26,368,140,2,True,16557,0.02222624871655493
fit,2024-05-06,27,130,20,0,True,16557,0.007851663948782991
fit,2024-05-06,28,187,93,1,True,16557,0.011294316603249381
fit,2024-05-06,29,272,63,0,True,16557,0.016428096877453644
fit,2024-05-06,30,295,123,0,True,16557,0.017817237422238327
fit,2024-05-06,31,167,23,0,True,16557,0.010086368303436613
fit,2024-05-06,32,261,33,0,True,16557,0.015763725312556622
fit,2024-05-06,33,55,4,0,True,16557,0.0033218578244851122
fit,2024-05-06,34,84,1,0,True,16557,0.005073382859213626
fit,2024-05-06,35,68,3,0,True,16557,0.004107024219363411
fit,2024-05-06,36,688,531,0,True,16557,0.04155342151355922
fit,2024-05-06,37,292,23,0,True,16557,0.017636045177266413
fit,2024-05-06,38,133,22,6,True,16557,0.008032856193754908
fit,2024-05-06,39,226,32,7,True,16557,0.013649815787884278
fit,2024-05-13,0,41,3,0,True,15959,0.00256908327589448
fit,2024-05-13,1,198,22,0,True,15959,0.012406792405539194
fit,2024-05-13,2,150,21,0,True,15959,0.009399085155711511
fit,2024-05-13,3,498,307,0,True,15959,0.031204962716962215
fit,2024-05-13,4,171,71,2,True,15959,0.010714957077511121
fit,2024-05-13,5,136,38,0,True,15959,0.008521837207845103
fit,2024-05-13,6,157,67,0,True,15959,0.009837709129644715
fit,2024-05-13,7,142,24,0,True,15959,0.008897800614073564
fit,2024-05-13,8,1526,1409,22,True,15959,0.09562002631743843
fit,2024-05-13,9,88,12,0,True,15959,0.005514129958017419
fit,2024-05-13,10,140,25,0,True,15959,0.008772479478664077
fit,2024-05-13,11,1154,849,72,True,15959,0.07231029513127389
fit,2024-05-13,12,1215,1077,15,True,15959,0.07613258976126323
fit,2024-05-13,13,1188,1003,4,True,15959,0.07444075443323517
fit,2024-05-13,14,2566,2136,13,True,15959,0.16078701673037157
fit,2024-05-13,15,98,4,0,True,15959,0.006140735635064854
fit,2024-05-13,16,139,16,0,True,15959,0.008709818910959333
fit,2024-05-13,17,826,505,0,True,15959,0.05175762892411805
fit,2024-05-13,18,304,67,11,True,15959,0.019048812582241996
fit,2024-05-13,19,1101,402,11,True,15959,0.06898928504292248
fit,2024-05-13,20,60,4,0,True,15959,0.003759634062284604
fit,2024-05-13,21,15,3,0,True,15959,0.000939908515571151
fit,2024-05-13,22,165,25,0,True,15959,0.010338993671282663
fit,2024-05-13,23,176,18,0,True,15959,0.011028259916034839
fit,2024-05-13,24,320,113,0,True,15959,0.02005138166551789
fit,2024-05-13,25,148,65,1,True,15959,0.009273764020302024
fit,2024-05-13,26,255,109,1,True,15959,0.015978444764709568
fit,2024-05-13,27,128,24,0,True,15959,0.008020552666207156
fit,2024-05-13,28,258,73,0,True,15959,0.016166426467823798
fit,2024-05-13,29,165,31,2,True,15959,0.010338993671282663
fit,2024-05-13,30,342,118,0,True,15959,0.021429914155022243
fit,2024-05-13,31,234,25,0,True,15959,0.014662572842909958
fit,2024-05-13,32,232,40,0,True,15959,0.01453725170750047
fit,2024-05-13,33,52,3,0,True,15959,0.003258349520646657
fit,2024-05-13,34,72,2,0,True,15959,0.004511560874741525
fit,2024-05-13,35,67,3,0,True,15959,0.004198258036217808
fit,2024-05-13,36,894,685,0,True,15959,0.056018547528040606
fit,2024-05-13,37,256,27,0,True,15959,0.01604110533241431
fit,2024-05-13,38,99,19,3,True,15959,0.006203396202769597
fit,2024-05-13,39,183,28,11,True,15959,0.011466883889968043
fit,2024-05-20,0,39,6,0,True,16055,0.0024291497975708503
fit,2024-05-20,1,303,24,0,True,16055,0.018872625350358142
fit,2024-05-20,2,149,23,0,True,16055,0.009280597944565556
fit,2024-05-20,3,531,317,0,True,16055,0.03307380878231081
fit,2024-05-20,4,153,71,2,True,16055,0.009529741513547182
fit,2024-05-20,5,216,47,1,True,16055,0.013453752725007786
fit,2024-05-20,6,175,64,0,True,16055,0.010900031142946123
fit,2024-05-20,7,190,41,0,True,16055,0.011834319526627219
fit,2024-05-20,8,1459,1310,23,True,16055,0.09087511678604795
fit,2024-05-20,9,78,14,0,True,16055,0.004858299595141701
fit,2024-05-20,10,126,23,0,True,16055,0.007848022422921208
fit,2024-05-20,11,1077,814,28,True,16055,0.06708190594830271
fit,2024-05-20,12,1124,1022,3,True,16055,0.07000934288383681
fit,2024-05-20,13,1029,882,2,True,16055,0.0640921831205232
fit,2024-05-20,14,2474,2027,13,True,16055,0.15409529741513547
fit,2024-05-20,15,76,4,0,True,16055,0.004733727810650888
fit,2024-05-20,16,153,18,0,True,16055,0.009529741513547182
fit,2024-05-20,17,881,441,0,True,16055,0.05487387106820305
fit,2024-05-20,18,447,75,12,True,16055,0.027841793833696667
fit,2024-05-20,19,1109,375,36,True,16055,0.06907505450015572
fit,2024-05-20,20,74,4,0,True,16055,0.004609156026160075
fit,2024-05-20,21,18,4,0,True,16055,0.0011211460604173154
fit,2024-05-20,22,210,25,4,True,16055,0.013080037371535347
fit,2024-05-20,23,133,22,0,True,16055,0.008284023668639054
fit,2024-05-20,24,430,126,0,True,16055,0.02678293366552476
fit,2024-05-20,25,211,53,4,True,16055,0.013142323263780753
fit,2024-05-20,26,210,58,0,True,16055,0.013080037371535347
fit,2024-05-20,27,147,20,0,True,16055,0.009156026160074743
fit,2024-05-20,28,172,21,0,True,16055,0.010713173466209903
fit,2024-05-20,29,248,30,8,True,16055,0.01544690127686079
fit,2024-05-20,30,386,111,0,True,16055,0.024042354406726876
fit,2024-05-20,31,227,23,0,True,16055,0.014138897539707256
fit,2024-05-20,32,214,55,2,True,16055,0.013329180940516973
fit,2024-05-20,33,107,4,0,True,16055,0.006664590470258486
fit,2024-05-20,34,82,4,0,True,16055,0.005107443164123326
fit,2024-05-20,35,46,4,0,True,16055,0.002865151043288695
fit,2024-05-20,36,733,550,0,True,16055,0.045655559015882904
fit,2024-05-20,37,251,20,0,True,16055,0.01563375895359701
fit,2024-05-20,38,118,22,8,True,16055,0.007349735284957957
fit,2024-05-20,39,249,29,4,True,16055,0.015509187169106197
fit,2024-05-27,0,45,7,0,True,14344,0.0031372002230897937
fit,2024-05-27,1,223,18,7,True,14344,0.015546569994422756
fit,2024-05-27,2,127,29,0,True,14344,0.008853876185164528
fit,2024-05-27,3,425,270,0,True,14344,0.029629113218070272
fit,2024-05-27,4,160,64,2,True,14344,0.011154489682097044
fit,2024-05-27,5,135,24,0,True,14344,0.00941160066926938
fit,2024-05-27,6,174,59,0,True,14344,0.012130507529280535
fit,2024-05-27,7,250,44,0,True,14344,0.01742889012827663
fit,2024-05-27,8,1458,1265,10,True,14344,0.10164528722810931
fit,2024-05-27,9,49,10,0,True,14344,0.0034160624651422195
fit,2024-05-27,10,164,19,1,True,14344,0.01143335192414947
fit,2024-05-27,11,1008,805,13,True,14344,0.07027328499721137
fit,2024-05-27,12,1063,929,8,True,14344,0.07410764082543224
fit,2024-05-27,13,973,869,3,True,14344,0.06783324037925265
fit,2024-05-27,14,2297,1855,48,True,14344,0.16013664249860568
fit,2024-05-27,15,47,4,0,True,14344,0.003276631344116007
fit,2024-05-27,16,160,16,0,True,14344,0.011154489682097044
fit,2024-05-27,17,856,476,0,True,14344,0.05967651979921919
fit,2024-05-27,18,272,46,5,True,14344,0.018962632459564976
fit,2024-05-27,19,819,367,22,True,14344,0.05709704406023425
fit,2024-05-27,20,55,4,0,True,14344,0.003834355828220859
fit,2024-05-27,21,16,4,0,True,14344,0.0011154489682097045
fit,2024-05-27,22,187,31,0,True,14344,0.01303680981595092
fit,2024-05-27,23,175,15,0,True,14344,0.012200223089793643
fit,2024-05-27,24,190,58,0,True,14344,0.01324595649749024
fit,2024-05-27,25,140,48,1,True,14344,0.009760178471834913
fit,2024-05-27,26,325,117,1,True,14344,0.022657557166759622
fit,2024-05-27,27,120,27,0,True,14344,0.008365867261572783
fit,2024-05-27,28,180,39,0,True,14344,0.012548800892359175
fit,2024-05-27,29,138,35,0,True,14344,0.0096207473508087
fit,2024-05-27,30,275,108,0,True,14344,0.019171779141104295
fit,2024-05-27,31,169,17,0,True,14344,0.011781929726715002
fit,2024-05-27,32,287,40,0,True,14344,0.020008365867261572
fit,2024-05-27,33,216,5,0,True,14344,0.01505856107083101
fit,2024-05-27,34,92,2,0,True,14344,0.006413831567205801
fit,2024-05-27,35,49,3,0,True,14344,0.0034160624651422195
fit,2024-05-27,36,599,485,0,True,14344,0.04175962074735081
fit,2024-05-27,37,133,28,0,True,14344,0.009272169548243168
fit,2024-05-27,38,129,12,1,True,14344,0.008993307306190742
fit,2024-05-27,39,164,26,1,True,14344,0.01143335192414947
fit,2024-06-03,0,0,0,0,True,17000,0.0
fit,2024-06-03,1,336,32,20,True,17000,0.01976470588235294
fit,2024-06-03,2,172,20,0,True,17000,0.01011764705882353
fit,2024-06-03,3,566,317,0,True,17000,0.03329411764705882
fit,2024-06-03,4,181,59,6,True,17000,0.010647058823529412
fit,2024-06-03,5,156,20,0,True,17000,0.009176470588235295
fit,2024-06-03,6,187,72,0,True,17000,0.011
fit,2024-06-03,7,173,34,0,True,17000,0.010176470588235294
fit,2024-06-03,8,1637,1344,15,True,17000,0.09629411764705882
fit,2024-06-03,9,64,9,0,True,17000,0.0037647058823529413
fit,2024-06-03,10,159,20,0,True,17000,0.009352941176470588
fit,2024-06-03,11,1152,826,16,True,17000,0.06776470588235294
fit,2024-06-03,12,1134,988,24,True,17000,0.06670588235294117
fit,2024-06-03,13,1168,1006,2,True,17000,0.06870588235294117
fit,2024-06-03,14,2549,2016,23,True,17000,0.14994117647058824
fit,2024-06-03,15,117,5,0,True,17000,0.0068823529411764705
fit,2024-06-03,16,248,27,0,True,17000,0.014588235294117647
fit,2024-06-03,17,951,574,1,True,17000,0.05594117647058824
fit,2024-06-03,18,283,48,5,True,17000,0.01664705882352941
fit,2024-06-03,19,1094,432,29,True,17000,0.06435294117647058
fit,2024-06-03,20,62,4,0,True,17000,0.0036470588235294117
fit,2024-06-03,21,22,6,0,True,17000,0.0012941176470588236
fit,2024-06-03,22,364,45,1,True,17000,0.021411764705882352
fit,2024-06-03,23,163,12,0,True,17000,0.009588235294117647
fit,2024-06-03,24,329,65,0,True,17000,0.019352941176470587
fit,2024-06-03,25,243,92,6,True,17000,0.014294117647058823
fit,2024-06-03,26,361,124,1,True,17000,0.02123529411764706
fit,2024-06-03,27,147,19,0,True,17000,0.008647058823529412
fit,2024-06-03,28,283,47,0,True,17000,0.01664705882352941
fit,2024-06-03,29,159,34,2,True,17000,0.009352941176470588
fit,2024-06-03,30,475,228,0,True,17000,0.027941176470588237
fit,2024-06-03,31,263,20,0,True,17000,0.015470588235294118
fit,2024-06-03,32,244,49,1,True,17000,0.014352941176470587
fit,2024-06-03,33,220,4,0,True,17000,0.012941176470588235
fit,2024-06-03,34,126,2,0,True,17000,0.007411764705882353
fit,2024-06-03,35,51,4,0,True,17000,0.003
fit,2024-06-03,36,741,563,0,True,17000,0.04358823529411765
fit,2024-06-03,37,115,15,0,True,17000,0.006764705882352941
fit,2024-06-03,38,121,18,4,True,17000,0.00711764705882353
fit,2024-06-03,39,184,29,1,True,17000,0.010823529411764706
fit,2024-06-10,0,17,5,0,True,16519,0.0010291179853502029
fit,2024-06-10,1,160,39,12,True,16519,0.009685816332707792
fit,2024-06-10,2,202,31,0,True,16519,0.012228343120043585
fit,2024-06-10,3,524,337,0,True,16519,0.031721048489618014
fit,2024-06-10,4,193,80,5,True,16519,0.011683515951328773
fit,2024-06-10,5,150,18,0,True,16519,0.009080452811913555
fit,2024-06-10,6,202,68,0,True,16519,0.012228343120043585
fit,2024-06-10,7,199,40,0,True,16519,0.012046734063805315
fit,2024-06-10,8,1544,1263,13,True,16519,0.09346812761063018
fit,2024-06-10,9,51,11,0,True,16519,0.003087353956050608
fit,2024-06-10,10,203,27,1,True,16519,0.01228887947212301
fit,2024-06-10,11,1206,885,14,True,16519,0.07300684060778498
fit,2024-06-10,12,1125,972,11,True,16519,0.06810339608935166
fit,2024-06-10,13,1012,899,4,True,16519,0.06126278830437678
fit,2024-06-10,14,2498,1966,21,True,16519,0.1512198074944004
fit,2024-06-10,15,98,3,0,True,16519,0.005932562503783522
fit,2024-06-10,16,217,18,0,True,16519,0.013136388401234942
fit,2024-06-10,17,888,504,0,True,16519,0.05375628064652824
fit,2024-06-10,18,256,35,5,True,16519,0.015497306132332465
fit,2024-06-10,19,1031,421,17,True,16519,0.06241297899388583
fit,2024-06-10,20,46,4,0,True,16519,0.00278467219565349
fit,2024-06-10,21,27,11,0,True,16519,0.0016344815061444396
fit,2024-06-10,22,255,34,4,True,16519,0.015436769780253042
fit,2024-06-10,23,207,17,0,True,16519,0.012531024880440705
fit,2024-06-10,24,242,60,0,True,16519,0.014649797203220533
fit,2024-06-10,25,219,69,3,True,16519,0.013257461105393789
fit,2024-06-10,26,338,112,0,True,16519,0.02046128700284521
fit,2024-06-10,27,123,17,0,True,16519,0.007445971305769114
fit,2024-06-10,28,312,43,0,True,16519,0.018887341848780194
fit,2024-06-10,29,126,32,4,True,16519,0.007627580362007385
fit,2024-06-10,30,766,360,0,True,16519,0.04637084569283855
fit,2024-06-10,31,128,18,0,True,16519,0.0077486530661662325
fit,2024-06-10,32,224,41,1,True,16519,0.013560142865790907
fit,2024-06-10,33,246,3,0,True,16519,0.014891942611538228
fit,2024-06-10,34,111,3,0,True,16519,0.00671953508081603
fit,2024-06-10,35,88,3,0,True,16519,0.0053271989829892855
fit,2024-06-10,36,879,679,0,True,16519,0.05321145347781343
fit,2024-06-10,37,110,12,0,True,16519,0.006658998728736606
fit,2024-06-10,38,135,22,2,True,16519,0.008172407530722198
fit,2024-06-10,39,161,32,4,True,16519,0.009746352684787215
fit,2024-06-17,0,48,4,0,True,16835,0.002851202851202851
fit,2024-06-17,1,94,20,10,True,16835,0.005583605583605583
fit,2024-06-17,2,166,37,0,True,16835,0.00986040986040986
fit,2024-06-17,3,575,318,0,True,16835,0.03415503415503415
fit,2024-06-17,4,227,64,3,True,16835,0.013483813483813483
fit,2024-06-17,5,165,24,0,True,16835,0.009801009801009801
fit,2024-06-17,6,125,44,0,True,16835,0.007425007425007425
fit,2024-06-17,7,245,37,0,True,16835,0.014553014553014554
fit,2024-06-17,8,1740,1375,21,True,16835,0.10335610335610336
fit,2024-06-17,9,39,11,0,True,16835,0.0023166023166023165
fit,2024-06-17,10,172,22,1,True,16835,0.010216810216810217
fit,2024-06-17,11,1253,918,21,True,16835,0.07442827442827443
fit,2024-06-17,12,1028,932,6,True,16835,0.061063261063261064
fit,2024-06-17,13,1109,916,3,True,16835,0.06587466587466588
fit,2024-06-17,14,2514,2044,25,True,16835,0.14933174933174934
fit,2024-06-17,15,106,7,0,True,16835,0.006296406296406296
fit,2024-06-17,16,234,16,0,True,16835,0.013899613899613899
fit,2024-06-17,17,792,456,0,True,16835,0.047044847044847043
fit,2024-06-17,18,179,53,1,True,16835,0.010632610632610633
fit,2024-06-17,19,1165,465,40,True,16835,0.0692010692010692
fit,2024-06-17,20,63,3,0,True,16835,0.0037422037422037424
fit,2024-06-17,21,43,9,0,True,16835,0.0025542025542025543
fit,2024-06-17,22,267,34,0,True,16835,0.01585981585981586
fit,2024-06-17,23,268,27,0,True,16835,0.01591921591921592
fit,2024-06-17,24,230,41,0,True,16835,0.013662013662013662
fit,2024-06-17,25,219,76,1,True,16835,0.013008613008613008
fit,2024-06-17,26,301,105,1,True,16835,0.01787941787941788
fit,2024-06-17,27,85,21,0,True,16835,0.005049005049005049
fit,2024-06-17,28,191,31,0,True,16835,0.011345411345411345
fit,2024-06-17,29,111,37,0,True,16835,0.006593406593406593
fit,2024-06-17,30,753,345,0,True,16835,0.04472824472824473
fit,2024-06-17,31,183,15,0,True,16835,0.01087021087021087
fit,2024-06-17,32,283,69,1,True,16835,0.01681021681021681
fit,2024-06-17,33,289,4,0,True,16835,0.017166617166617167
fit,2024-06-17,34,111,3,0,True,16835,0.006593406593406593
fit,2024-06-17,35,78,3,0,True,16835,0.004633204633204633
fit,2024-06-17,36,933,615,0,True,16835,0.05542025542025542
fit,2024-06-17,37,121,11,0,True,16835,0.007187407187407188
fit,2024-06-17,38,166,20,0,True,16835,0.00986040986040986
fit,2024-06-17,39,164,25,0,True,16835,0.009741609741609742
fit,2024-06-24,0,27,4,0,True,15666,0.0017234775947912676
fit,2024-06-24,1,80,14,4,True,15666,0.005106600280863015
fit,2024-06-24,2,67,20,0,True,15666,0.004276777735222776
fit,2024-06-24,3,449,273,0,True,15666,0.028660794076343674
fit,2024-06-24,4,187,43,1,True,15666,0.011936678156517298
fit,2024-06-24,5,85,24,0,True,15666,0.005425762798416954
fit,2024-06-24,6,129,59,0,True,15666,0.008234392952891613
fit,2024-06-24,7,238,36,0,True,15666,0.01519213583556747
fit,2024-06-24,8,1600,1305,14,True,15666,0.10213200561726031
fit,2024-06-24,9,30,10,0,True,15666,0.0019149751053236309
fit,2024-06-24,10,174,15,0,True,15666,0.011106855610877058
fit,2024-06-24,11,1099,834,3,True,15666,0.07015192135835567
fit,2024-06-24,12,1039,915,22,True,15666,0.06632197114770841
fit,2024-06-24,13,1159,1018,3,True,15666,0.07398187156900293
fit,2024-06-24,14,2349,1897,25,True,15666,0.1499425507468403
fit,2024-06-24,15,78,4,0,True,15666,0.00497893527384144
fit,2024-06-24,16,173,19,0,True,15666,0.011043023107366271
fit,2024-06-24,17,717,389,1,True,15666,0.045767905017234774
fit,2024-06-24,18,216,46,4,True,15666,0.013787820758330141
fit,2024-06-24,19,1209,496,42,True,15666,0.07717349674454232
fit,2024-06-24,20,21,7,0,True,15666,0.0013404825737265416
fit,2024-06-24,21,51,7,0,True,15666,0.0032554576790501722
fit,2024-06-24,22,268,43,0,True,15666,0.017107110940891103
fit,2024-06-24,23,246,13,0,True,15666,0.015702795863653772
fit,2024-06-24,24,141,25,0,True,15666,0.009000382995021065
fit,2024-06-24,25,321,82,0,True,15666,0.02049023362696285
fit,2024-06-24,26,257,81,0,True,15666,0.016404953402272437
fit,2024-06-24,27,65,18,0,True,15666,0.0041491127282012
fit,2024-06-24,28,236,36,0,True,15666,0.015064470828545895
fit,2024-06-24,29,93,26,1,True,15666,0.005936422826503256
fit,2024-06-24,30,846,364,0,True,15666,0.05400229797012639
fit,2024-06-24,31,186,18,0,True,15666,0.011872845653006512
fit,2024-06-24,32,354,125,0,True,15666,0.022596706242818843
fit,2024-06-24,33,199,5,0,True,15666,0.01270266819864675
fit,2024-06-24,34,60,2,0,True,15666,0.0038299502106472617
fit,2024-06-24,35,66,3,0,True,15666,0.004212945231711987
fit,2024-06-24,36,730,526,0,True,15666,0.046597727562875016
fit,2024-06-24,37,112,14,0,True,15666,0.0071492403932082215
fit,2024-06-24,38,164,27,1,True,15666,0.010468530575769183
fit,2024-06-24,39,145,27,2,True,15666,0.009255713009064215
fit,2024-07-01,0,3,2,0,True,15081,0.00019892580067634773
fit,2024-07-01,1,64,15,0,True,15081,0.004243750414428751
fit,2024-07-01,2,94,18,0,True,15081,0.006233008421192229
fit,2024-07-01,3,476,290,1,True,15081,0.03156289370731384
fit,2024-07-01,4,180,47,1,True,15081,0.011935548040580864
fit,2024-07-01,5,119,18,0,True,15081,0.00789072342682846
fit,2024-07-01,6,148,59,0,True,15081,0.009813672833366488
fit,2024-07-01,7,219,41,0,True,15081,0.014521583449373383
fit,2024-07-01,8,1411,1125,18,True,15081,0.09356143491810888
fit,2024-07-01,9,28,12,0,True,15081,0.0018566408063125787
fit,2024-07-01,10,151,22,0,True,15081,0.010012598634042835
fit,2024-07-01,11,1380,979,36,True,15081,0.09150586831111995
fit,2024-07-01,12,1000,878,8,True,15081,0.06630860022544924
fit,2024-07-01,13,958,821,12,True,15081,0.06352363901598038
fit,2024-07-01,14,2317,1893,19,True,15081,0.1536370267223659
fit,2024-07-01,15,77,5,0,True,15081,0.005105762217359592
fit,2024-07-01,16,174,17,0,True,15081,0.011537696439228168
fit,2024-07-01,17,689,426,0,True,15081,0.04568662555533453
fit,2024-07-01,18,223,41,2,True,15081,0.01478681785027518
fit,2024-07-01,19,1089,480,0,True,15081,0.07221006564551423
fit,2024-07-01,20,57,4,0,True,15081,0.0037795902128506067
fit,2024-07-01,21,21,6,0,True,15081,0.0013924806047344342
fit,2024-07-01,22,178,54,1,True,15081,0.011802930840129965
fit,2024-07-01,23,197,18,0,True,15081,0.0130627942444135
fit,2024-07-01,24,175,41,0,True,15081,0.011604005039453616
fit,2024-07-01,25,253,71,2,True,15081,0.016776075857038657
fit,2024-07-01,26,209,63,0,True,15081,0.013858497447118891
fit,2024-07-01,27,69,26,0,True,15081,0.004575293415555998
fit,2024-07-01,28,137,34,0,True,15081,0.009084278230886545
fit,2024-07-01,29,191,36,2,True,15081,0.012664942643060804
fit,2024-07-01,30,807,365,0,True,15081,0.05351104038193754
fit,2024-07-01,31,187,12,0,True,15081,0.012399708242159009
fit,2024-07-01,32,322,63,3,True,15081,0.021351369272594657
fit,2024-07-01,33,139,3,0,True,15081,0.009216895431337444
fit,2024-07-01,34,91,2,0,True,15081,0.0060340826205158805
fit,2024-07-01,35,68,3,0,True,15081,0.0045089848153305485
fit,2024-07-01,36,736,512,3,True,15081,0.04880312976593064
fit,2024-07-01,37,129,11,0,True,15081,0.008553809429082952
fit,2024-07-01,38,163,23,1,True,15081,0.010808301836748226
fit,2024-07-01,39,152,33,3,True,15081,0.010078907234268285
fit,2024-07-08,0,21,1,0,True,16522,0.0012710325626437476
fit,2024-07-08,1,82,28,2,True,16522,0.004963079530323205
fit,2024-07-08,2,164,23,14,True,16522,0.00992615906064641
fit,2024-07-08,3,563,336,2,True,16522,0.03407577775087762
fit,2024-07-08,4,163,56,6,True,16522,0.009865633700520519
fit,2024-07-08,5,94,21,0,True,16522,0.005689383851833919
fit,2024-07-08,6,126,46,1,True,16522,0.007626195375862487
fit,2024-07-08,7,188,39,0,True,16522,0.011378767703667837
fit,2024-07-08,8,1639,1328,12,True,16522,0.09920106524633822
fit,2024-07-08,9,36,9,0,True,16522,0.002178912964532139
fit,2024-07-08,10,165,20,2,True,16522,0.009986684420772303
fit,2024-07-08,11,1367,1019,6,True,16522,0.08273816729209539
fit,2024-07-08,12,1134,976,15,True,16522,0.06863575838276238
fit,2024-07-08,13,1225,1033,32,True,16522,0.07414356615421862
fit,2024-07-08,14,2608,2110,18,True,16522,0.1578501392083283
fit,2024-07-08,15,124,3,0,True,16522,0.007505144655610701
fit,2024-07-08,16,287,16,0,True,16522,0.017370778356131218
fit,2024-07-08,17,873,480,0,True,16522,0.05283863938990437
fit,2024-07-08,18,192,47,1,True,16522,0.011620869144171408
fit,2024-07-08,19,1302,568,22,True,16522,0.07880401888391236
fit,2024-07-08,20,86,6,0,True,16522,0.005205180970826777
fit,2024-07-08,21,50,11,0,True,16522,0.0030262680062946375
fit,2024-07-08,22,201,50,1,True,16522,0.012165597385304443
fit,2024-07-08,23,190,21,0,True,16522,0.011499818423919622
fit,2024-07-08,24,171,49,0,True,16522,0.01034983658152766
fit,2024-07-08,25,212,62,1,True,16522,0.012831376346689263
fit,2024-07-08,26,153,30,1,True,16522,0.00926038009926159
fit,2024-07-08,27,120,23,0,True,16522,0.00726304321510713
fit,2024-07-08,28,60,13,0,True,16522,0.003631521607553565
fit,2024-07-08,29,291,39,2,True,16522,0.01761287979663479
fit,2024-07-08,30,747,398,0,True,16522,0.04521244401404188
fit,2024-07-08,31,151,17,0,True,16522,0.009139329379009804
fit,2024-07-08,32,191,50,0,True,16522,0.011560343784045515
fit,2024-07-08,33,113,3,0,True,16522,0.006839365694225881
fit,2024-07-08,34,86,4,0,True,16522,0.005205180970826777
fit,2024-07-08,35,100,3,0,True,16522,0.006052536012589275
fit,2024-07-08,36,809,549,0,True,16522,0.04896501634184723
fit,2024-07-08,37,140,12,0,True,16522,0.008473550417624985
fit,2024-07-08,38,162,24,0,True,16522,0.009805108340394626
fit,2024-07-08,39,136,26,0,True,16522,0.008231448977121414
fit,2024-07-15,0,20,3,0,True,16597,0.0012050370548894378
fit,2024-07-15,1,97,23,0,True,16597,0.005844429716213774
fit,2024-07-15,2,223,60,15,True,16597,0.013436163162017232
fit,2024-07-15,3,529,283,0,True,16597,0.031873230101825634
fit,2024-07-15,4,173,52,4,True,16597,0.010423570524793637
fit,2024-07-15,5,89,24,0,True,16597,0.005362414894257999
fit,2024-07-15,6,128,35,0,True,16597,0.0077122371512924025
fit,2024-07-15,7,162,37,0,True,16597,0.009760800144604447
fit,2024-07-15,8,1356,1320,9,True,16597,0.08170151232150388
fit,2024-07-15,9,31,11,0,True,16597,0.0018678074350786287
fit,2024-07-15,10,250,20,1,True,16597,0.015062963186117974
fit,2024-07-15,11,1353,1002,3,True,16597,0.08152075676327047
fit,2024-07-15,12,1206,1073,16,True,16597,0.0726637344098331
fit,2024-07-15,13,1209,983,35,True,16597,0.07284448996806651
fit,2024-07-15,14,2528,2020,37,True,16597,0.15231668373802495
fit,2024-07-15,15,98,3,0,True,16597,0.005904681568958245
fit,2024-07-15,16,194,19,0,True,16597,0.011688859432427548
fit,2024-07-15,17,722,358,0,True,16597,0.043501837681508705
fit,2024-07-15,18,206,42,7,True,16597,0.01241188166536121
fit,2024-07-15,19,1374,550,25,True,16597,0.08278604567090438
fit,2024-07-15,20,76,4,0,True,16597,0.004579140808579863
fit,2024-07-15,21,87,9,0,True,16597,0.005241911188769054
fit,2024-07-15,22,167,38,0,True,16597,0.010062059408326806
fit,2024-07-15,23,258,22,0,True,16597,0.015544978008073747
fit,2024-07-15,24,179,58,0,True,16597,0.010785081641260469
fit,2024-07-15,25,292,57,1,True,16597,0.01759354100138579
fit,2024-07-15,26,183,35,1,True,16597,0.011026089052238357
fit,2024-07-15,27,153,32,0,True,16597,0.0092185334699042
fit,2024-07-15,28,60,15,0,True,16597,0.0036151111646683136
fit,2024-07-15,29,220,32,6,True,16597,0.013255407603783817
fit,2024-07-15,30,999,513,0,True,16597,0.06019160089172742
fit,2024-07-15,31,357,18,0,True,16597,0.021509911429776464
fit,2024-07-15,32,138,33,0,True,16597,0.00831475567873712
fit,2024-07-15,33,132,4,0,True,16597,0.00795324456227029
fit,2024-07-15,34,96,2,0,True,16597,0.005784177863469302
fit,2024-07-15,35,57,3,0,True,16597,0.003434355606434898
fit,2024-07-15,36,689,486,0,True,16597,0.041513526540941134
fit,2024-07-15,37,131,9,0,True,16597,0.007892992709525818
fit,2024-07-15,38,174,19,0,True,16597,0.010483822377538109
fit,2024-07-15,39,201,58,0,True,16597,0.01211062240163885
fit,2024-07-22,0,49,3,0,True,16285,0.0030089038992938285
fit,2024-07-22,1,76,24,0,True,16285,0.004666871354006755
fit,2024-07-22,2,237,82,3,True,16285,0.014553269880257905
fit,2024-07-22,3,638,345,0,True,16285,0.03917715689284618
fit,2024-07-22,4,211,49,4,True,16285,0.012956708627571385
fit,2024-07-22,5,105,23,0,True,16285,0.00644765121277249
fit,2024-07-22,6,134,36,0,True,16285,0.008228431071538225
fit,2024-07-22,7,230,39,0,True,16285,0.014123426466073074
fit,2024-07-22,8,1418,1374,6,True,16285,0.08707399447344182
fit,2024-07-22,9,25,8,0,True,16285,0.0015351550506601166
fit,2024-07-22,10,200,28,0,True,16285,0.012281240405280933
fit,2024-07-22,11,1237,916,3,True,16285,0.07595947190666258
fit,2024-07-22,12,1124,987,22,True,16285,0.06902057107767885
fit,2024-07-22,13,1089,945,25,True,16285,0.06687135400675469
fit,2024-07-22,14,2864,2326,22,True,16285,0.17586736260362296
fit,2024-07-22,15,86,6,0,True,16285,0.005280933374270802
fit,2024-07-22,16,222,12,0,True,16285,0.013632176849861836
fit,2024-07-22,17,690,406,0,True,16285,0.04237027939821922
fit,2024-07-22,18,179,43,6,True,16285,0.010991710162726435
fit,2024-07-22,19,1256,489,34,True,16285,0.07712618974516426
fit,2024-07-22,20,65,5,0,True,16285,0.003991403131716303
fit,2024-07-22,21,36,7,0,True,16285,0.002210623272950568
fit,2024-07-22,22,173,38,2,True,16285,0.010623272950568008
fit,2024-07-22,23,179,18,0,True,16285,0.010991710162726435
fit,2024-07-22,24,194,51,0,True,16285,0.011912803193122505
fit,2024-07-22,25,218,55,2,True,16285,0.013386552041756218
fit,2024-07-22,26,153,30,0,True,16285,0.009395148910039914
fit,2024-07-22,27,200,25,0,True,16285,0.012281240405280933
fit,2024-07-22,28,106,16,0,True,16285,0.006509057414798894
fit,2024-07-22,29,188,29,0,True,16285,0.011544365980964078
fit,2024-07-22,30,714,322,0,True,16285,0.043844028246852934
fit,2024-07-22,31,372,19,0,True,16285,0.022843107153822536
fit,2024-07-22,32,184,26,2,True,16285,0.01129874117285846
fit,2024-07-22,33,37,6,0,True,16285,0.0022720294749769727
fit,2024-07-22,34,98,3,0,True,16285,0.006017807798587657
fit,2024-07-22,35,34,3,0,True,16285,0.0020878108688977587
fit,2024-07-22,36,799,587,0,True,16285,0.04906355541909733
fit,2024-07-22,37,128,11,0,True,16285,0.007859993859379797
fit,2024-07-22,38,168,17,0,True,16285,0.010316241940435985
fit,2024-07-22,39,169,50,2,True,16285,0.010377648142462389
fit,2024-07-29,0,20,2,0,True,16252,0.0012306177701206006
fit,2024-07-29,1,122,23,0,True,16252,0.0075067683977356634
fit,2024-07-29,2,194,53,10,True,16252,0.011936992370169826
fit,2024-07-29,3,569,340,0,True,16252,0.03501107555993108
fit,2024-07-29,4,207,57,3,True,16252,0.012736893920748216
fit,2024-07-29,5,88,17,0,True,16252,0.005414718188530642
fit,2024-07-29,6,102,30,0,True,16252,0.006276150627615063
fit,2024-07-29,7,286,47,0,True,16252,0.017597834112724586
fit,2024-07-29,8,1382,1334,16,True,16252,0.0850356879153335
fit,2024-07-29,9,88,8,0,True,16252,0.005414718188530642
fit,2024-07-29,10,143,20,0,True,16252,0.008798917056362293
fit,2024-07-29,11,1356,976,15,True,16252,0.08343588481417671
fit,2024-07-29,12,1071,954,7,True,16252,0.06589958158995816
fit,2024-07-29,13,1266,945,37,True,16252,0.07789810484863402
fit,2024-07-29,14,2538,2115,17,True,16252,0.1561653950283042
fit,2024-07-29,15,92,3,0,True,16252,0.005660841742554762
fit,2024-07-29,16,200,15,0,True,16252,0.012306177701206006
fit,2024-07-29,17,814,477,0,True,16252,0.05008614324390844
fit,2024-07-29,18,188,32,17,True,16252,0.011567807039133645
fit,2024-07-29,19,1301,500,27,True,16252,0.08005168594634507
fit,2024-07-29,20,107,4,0,True,16252,0.006583805070145213
fit,2024-07-29,21,59,10,0,True,16252,0.0036303224218557717
fit,2024-07-29,22,116,32,2,True,16252,0.007137583066699483
fit,2024-07-29,23,77,20,0,True,16252,0.004737878414964312
fit,2024-07-29,24,213,41,0,True,16252,0.013106079251784395
fit,2024-07-29,25,286,56,1,True,16252,0.017597834112724586
fit,2024-07-29,26,138,18,2,True,16252,0.008491262613832144
fit,2024-07-29,27,236,26,0,True,16252,0.014521289687423087
fit,2024-07-29,28,121,18,0,True,16252,0.007445237509229634
fit,2024-07-29,29,304,30,2,True,16252,0.01870539010583313
fit,2024-07-29,30,577,244,0,True,16252,0.03550332266797933
fit,2024-07-29,31,202,15,0,True,16252,0.012429239478218066
fit,2024-07-29,32,135,29,1,True,16252,0.008306669948314053
fit,2024-07-29,33,22,4,0,True,16252,0.0013536795471326606
fit,2024-07-29,34,142,3,0,True,16252,0.008737386167856263
fit,2024-07-29,35,41,2,0,True,16252,0.002522766428747231
fit,2024-07-29,36,862,622,0,True,16252,0.053039625892197885
fit,2024-07-29,37,191,15,0,True,16252,0.011752399704651735
fit,2024-07-29,38,164,18,0,True,16252,0.010091065714988924
fit,2024-07-29,39,232,39,9,True,16252,0.014275166133398966
fit,2024-08-05,0,21,1,0,True,16752,0.0012535816618911176
fit,2024-08-05,1,97,23,0,True,16752,0.005790353390639924
fit,2024-08-05,2,283,81,4,True,16752,0.016893505253104107
fit,2024-08-05,3,615,374,0,True,16752,0.03671203438395416
fit,2024-08-05,4,221,60,4,True,16752,0.013192454632282713
fit,2024-08-05,5,134,22,0,True,16752,0.00799904489016237
fit,2024-08-05,6,174,37,0,True,16752,0.010386819484240688
fit,2024-08-05,7,203,54,0,True,16752,0.012117956064947468
fit,2024-08-05,8,1439,1403,7,True,16752,0.08590019102196753
fit,2024-08-05,9,34,8,0,True,16752,0.002029608404966571
fit,2024-08-05,10,116,26,1,True,16752,0.0069245463228271254
fit,2024-08-05,11,1371,1028,1,True,16752,0.08184097421203439
fit,2024-08-05,12,1100,960,32,True,16752,0.06566380133715377
fit,2024-08-05,13,1142,953,44,True,16752,0.068170964660936
fit,2024-08-05,14,2890,2399,26,True,16752,0.17251671442215855
fit,2024-08-05,15,129,6,0,True,16752,0.007700573065902579
fit,2024-08-05,16,255,15,0,True,16752,0.015222063037249284
fit,2024-08-05,17,750,444,0,True,16752,0.04477077363896848
fit,2024-08-05,18,124,40,1,True,16752,0.007402101241642789
fit,2024-08-05,19,1309,605,34,True,16752,0.078139923591213
fit,2024-08-05,20,73,6,0,True,16752,0.004357688634192932
fit,2024-08-05,21,61,9,0,True,16752,0.0036413562559694363
fit,2024-08-05,22,188,21,2,True,16752,0.011222540592168099
fit,2024-08-05,23,101,22,0,True,16752,0.006029130850047756
fit,2024-08-05,24,170,31,0,True,16752,0.010148042024832856
fit,2024-08-05,25,254,52,1,True,16752,0.015162368672397326
fit,2024-08-05,26,134,19,4,True,16752,0.00799904489016237
fit,2024-08-05,27,298,32,0,True,16752,0.017788920725883478
fit,2024-08-05,28,90,13,0,True,16752,0.0053724928366762174
fit,2024-08-05,29,207,27,0,True,16752,0.0123567335243553
fit,2024-08-05,30,684,262,0,True,16752,0.04083094555873926
fit,2024-08-05,31,366,16,0,True,16752,0.02184813753581662
fit,2024-08-05,32,130,32,1,True,16752,0.007760267430754537
fit,2024-08-05,33,34,6,0,True,16752,0.002029608404966571
fit,2024-08-05,34,113,3,0,True,16752,0.006745463228271251
fit,2024-08-05,35,27,1,0,True,16752,0.0016117478510028654
fit,2024-08-05,36,789,591,0,True,16752,0.047098853868194845
fit,2024-08-05,37,242,27,0,True,16752,0.01444603629417383
fit,2024-08-05,38,209,29,0,True,16752,0.012476122254059217
fit,2024-08-05,39,175,47,0,True,16752,0.010446513849092646
fit,2024-08-12,0,21,4,0,True,17399,0.0012069659175814702
fit,2024-08-12,1,101,23,0,True,17399,0.005804931317891833
fit,2024-08-12,2,284,56,11,True,17399,0.01632277717110179
fit,2024-08-12,3,732,401,0,True,17399,0.04207138341283982
fit,2024-08-12,4,295,50,0,True,17399,0.016954997413644462
fit,2024-08-12,5,154,23,0,True,17399,0.008851083395597448
fit,2024-08-12,6,111,26,0,True,17399,0.006379676992930628
fit,2024-08-12,7,222,46,0,True,17399,0.012759353985861257
fit,2024-08-12,8,1520,1462,15,True,17399,0.0873613426058969
fit,2024-08-12,9,51,10,0,True,17399,0.0029312029426978563
fit,2024-08-12,10,117,22,0,True,17399,0.006724524397953905
fit,2024-08-12,11,1398,986,66,True,17399,0.08034944537042359
fit,2024-08-12,12,1216,1056,36,True,17399,0.0698890740847175
fit,2024-08-12,13,1225,1000,37,True,17399,0.07040634519225243
fit,2024-08-12,14,3153,2630,30,True,17399,0.18121731133973218
fit,2024-08-12,15,99,4,0,True,17399,0.005689982182884074
fit,2024-08-12,16,249,15,0,True,17399,0.014311167308466004
fit,2024-08-12,17,775,438,0,True,17399,0.04454278981550664
fit,2024-08-12,18,145,38,0,True,17399,0.008333812288062532
fit,2024-08-12,19,1440,621,18,True,17399,0.08276337720558653
fit,2024-08-12,20,36,5,0,True,17399,0.002069084430139663
fit,2024-08-12,21,61,9,0,True,17399,0.0035059486177366514
fit,2024-08-12,22,183,20,2,True,17399,0.010517845853209955
fit,2024-08-12,23,101,16,0,True,17399,0.005804931317891833
fit,2024-08-12,24,206,42,0,True,17399,0.011839760905799183
fit,2024-08-12,25,238,41,0,True,17399,0.01367894706592333
fit,2024-08-12,26,148,34,3,True,17399,0.00850623599057417
fit,2024-08-12,27,250,22,0,True,17399,0.014368641875969883
fit,2024-08-12,28,91,28,0,True,17399,0.005230185642853037
fit,2024-08-12,29,214,34,0,True,17399,0.01229955744583022
fit,2024-08-12,30,662,282,0,True,17399,0.03804816368756825
fit,2024-08-12,31,331,20,0,True,17399,0.019024081843784124
fit,2024-08-12,32,117,26,1,True,17399,0.006724524397953905
fit,2024-08-12,33,41,5,0,True,17399,0.002356457267659061
fit,2024-08-12,34,47,2,0,True,17399,0.002701304672682338
fit,2024-08-12,35,34,2,0,True,17399,0.0019541352951319042
fit,2024-08-12,36,719,543,0,True,17399,0.04132421403528939
fit,2024-08-12,37,168,11,0,True,17399,0.009655727340651761
fit,2024-08-12,38,273,27,0,True,17399,0.015690556928559113
fit,2024-08-12,39,171,51,0,True,17399,0.0098281510431634
fit,2024-08-19,0,12,1,0,True,16755,0.0007162041181736795
fit,2024-08-19,1,82,15,0,True,16755,0.0048940614741868095
fit,2024-08-19,2,203,54,2,True,16755,0.012115786332438079
fit,2024-08-19,3,849,404,0,True,16755,0.05067144136078783
fit,2024-08-19,4,201,49,8,True,16755,0.011996418979409132
fit,2024-08-19,5,123,23,0,True,16755,0.007341092211280215
fit,2024-08-19,6,158,29,0,True,16755,0.00943002088928678
fit,2024-08-19,7,131,37,0,True,16755,0.007818561623396001
fit,2024-08-19,8,1361,1320,12,True,16755,0.08122948373619815
fit,2024-08-19,9,45,10,0,True,16755,0.0026857654431512983
fit,2024-08-19,10,80,15,1,True,16755,0.004774694121157864
fit,2024-08-19,11,1305,944,2,True,16755,0.07788719785138765
fit,2024-08-19,12,1452,1259,46,True,16755,0.08666069829901522
fit,2024-08-19,13,1225,1020,28,True,16755,0.07311250373022979
fit,2024-08-19,14,2770,2356,17,True,16755,0.165323783945091
fit,2024-08-19,15,142,7,0,True,16755,0.008475082065055208
fit,2024-08-19,16,226,24,0,True,16755,0.013488510892270964
fit,2024-08-19,17,739,427,0,True,16755,0.04410623694419576
fit,2024-08-19,18,139,48,0,True,16755,0.008296031035511787
fit,2024-08-19,19,1126,502,25,True,16755,0.06720381975529692
fit,2024-08-19,20,96,6,0,True,16755,0.005729632945389436
fit,2024-08-19,21,44,9,0,True,16755,0.002626081766636825
fit,2024-08-19,22,146,26,3,True,16755,0.008713816771113101
fit,2024-08-19,23,65,14,0,True,16755,0.003879438973440764
fit,2024-08-19,24,231,36,0,True,16755,0.01378692927484333
fit,2024-08-19,25,227,47,3,True,16755,0.013548194568785437
fit,2024-08-19,26,198,29,3,True,16755,0.011817367949865711
fit,2024-08-19,27,192,26,0,True,16755,0.011459265890778872
fit,2024-08-19,28,99,24,0,True,16755,0.0059086839749328554
fit,2024-08-19,29,150,53,0,True,16755,0.008952551477170993
fit,2024-08-19,30,579,215,0,True,16755,0.034556848701880034
fit,2024-08-19,31,329,11,0,True,16755,0.019635929573261712
fit,2024-08-19,32,238,31,1,True,16755,0.014204715010444643
fit,2024-08-19,33,18,3,0,True,16755,0.0010743061772605193
fit,2024-08-19,34,139,3,0,True,16755,0.008296031035511787
fit,2024-08-19,35,19,2,0,True,16755,0.0011339898537749925
fit,2024-08-19,36,952,692,2,True,16755,0.05681886004177857
fit,2024-08-19,37,300,14,0,True,16755,0.017905102954341987
fit,2024-08-19,38,151,32,1,True,16755,0.009012235153685468
fit,2024-08-19,39,213,112,1,True,16755,0.012712623097582811
fit,2024-08-26,0,19,2,0,True,18085,0.0010505944152612663
fit,2024-08-26,1,133,22,0,True,18085,0.007354160906828864
fit,2024-08-26,2,311,38,11,True,18085,0.017196571744539674
fit,2024-08-26,3,929,434,0,True,18085,0.05136853746198507
fit,2024-08-26,4,221,53,2,True,18085,0.01222007188277578
fit,2024-08-26,5,274,22,0,True,18085,0.01515067735692563
fit,2024-08-26,6,176,32,0,True,18085,0.009731821951893834
fit,2024-08-26,7,240,42,0,True,18085,0.013270666298037047
fit,2024-08-26,8,1361,1299,7,True,18085,0.07525573679845175
fit,2024-08-26,9,54,17,0,True,18085,0.0029858999170583357
fit,2024-08-26,10,65,16,1,True,18085,0.0035941387890517005
fit,2024-08-26,11,1729,1174,40,True,18085,0.09560409178877523
fit,2024-08-26,12,1293,1132,26,True,18085,0.07149571468067459
fit,2024-08-26,13,1208,1035,40,True,18085,0.06679568703345314
fit,2024-08-26,14,2813,2339,27,True,18085,0.15554326790157588
fit,2024-08-26,15,157,4,0,True,18085,0.008681227536632568
fit,2024-08-26,16,294,20,0,True,18085,0.016256566215095383
fit,2024-08-26,17,703,395,0,True,18085,0.03887199336466685
fit,2024-08-26,18,176,43,1,True,18085,0.009731821951893834
fit,2024-08-26,19,1290,603,27,True,18085,0.07132983135194913
fit,2024-08-26,20,92,5,0,True,18085,0.005087088747580868
fit,2024-08-26,21,69,9,0,True,18085,0.003815316560685651
fit,2024-08-26,22,188,28,6,True,18085,0.010395355266795686
fit,2024-08-26,23,103,13,0,True,18085,0.005695327619574233
fit,2024-08-26,24,261,40,0,True,18085,0.014431849599115289
fit,2024-08-26,25,199,45,1,True,18085,0.011003594138789052
fit,2024-08-26,26,188,23,5,True,18085,0.010395355266795686
fit,2024-08-26,27,215,19,0,True,18085,0.011888305225324854
fit,2024-08-26,28,114,23,0,True,18085,0.006303566491567597
fit,2024-08-26,29,264,89,0,True,18085,0.014597732927840753
fit,2024-08-26,30,526,187,0,True,18085,0.029084876969864528
fit,2024-08-26,31,406,15,0,True,18085,0.022449543820846005
fit,2024-08-26,32,225,31,4,True,18085,0.012441249654409731
fit,2024-08-26,33,17,5,0,True,18085,0.0009400055294442909
fit,2024-08-26,34,116,3,0,True,18085,0.006414155377384573
fit,2024-08-26,35,36,2,0,True,18085,0.0019905999447055573
fit,2024-08-26,36,930,622,0,True,18085,0.05142383190489356
fit,2024-08-26,37,266,9,0,True,18085,0.014708321813657728
fit,2024-08-26,38,223,27,0,True,18085,0.012330660768592756
fit,2024-08-26,39,201,67,2,True,18085,0.011114183024606027
fit,2024-09-02,0,9,2,0,True,17320,0.0005196304849884527
fit,2024-09-02,1,116,18,0,True,17320,0.006697459584295612
fit,2024-09-02,2,353,48,2,True,17320,0.0203810623556582
fit,2024-09-02,3,823,424,0,True,17320,0.047517321016166285
fit,2024-09-02,4,177,38,4,True,17320,0.010219399538106235
fit,2024-09-02,5,325,27,0,True,17320,0.018764434180138567
fit,2024-09-02,6,150,33,0,True,17320,0.008660508083140877
fit,2024-09-02,7,174,39,0,True,17320,0.010046189376443419
fit,2024-09-02,8,1294,1249,6,True,17320,0.07471131639722864
fit,2024-09-02,9,60,8,0,True,17320,0.003464203233256351
fit,2024-09-02,10,170,16,3,True,17320,0.009815242494226328
fit,2024-09-02,11,1598,1128,8,True,17320,0.09226327944572749
fit,2024-09-02,12,1265,1044,32,True,17320,0.07303695150115473
fit,2024-09-02,13,1146,972,17,True,17320,0.0661662817551963
fit,2024-09-02,14,2915,2448,18,True,17320,0.1683025404157044
fit,2024-09-02,15,127,5,0,True,17320,0.0073325635103926095
fit,2024-09-02,16,291,25,0,True,17320,0.0168013856812933
fit,2024-09-02,17,590,319,0,True,17320,0.034064665127020784
fit,2024-09-02,18,167,60,0,True,17320,0.00964203233256351
fit,2024-09-02,19,1212,543,23,True,17320,0.06997690531177829
fit,2024-09-02,20,115,4,0,True,17320,0.0066397228637413395
fit,2024-09-02,21,67,8,0,True,17320,0.0038683602771362588
fit,2024-09-02,22,189,33,3,True,17320,0.010912240184757506
fit,2024-09-02,23,87,14,0,True,17320,0.005023094688221709
fit,2024-09-02,24,196,31,0,True,17320,0.011316397228637413
fit,2024-09-02,25,299,70,5,True,17320,0.017263279445727482
fit,2024-09-02,26,323,35,2,True,17320,0.018648960739030024
fit,2024-09-02,27,120,21,0,True,17320,0.006928406466512702
fit,2024-09-02,28,116,21,0,True,17320,0.006697459584295612
fit,2024-09-02,29,377,77,3,True,17320,0.021766743648960737
fit,2024-09-02,30,492,142,0,True,17320,0.028406466512702077
fit,2024-09-02,31,283,15,0,True,17320,0.01633949191685912
fit,2024-09-02,32,172,34,2,True,17320,0.009930715935334873
fit,2024-09-02,33,20,6,0,True,17320,0.0011547344110854503
fit,2024-09-02,34,139,2,0,True,17320,0.00802540415704388
fit,2024-09-02,35,13,2,0,True,17320,0.0007505773672055428
fit,2024-09-02,36,792,562,5,True,17320,0.045727482678983834
fit,2024-09-02,37,163,12,0,True,17320,0.00941108545034642
fit,2024-09-02,38,197,22,0,True,17320,0.011374133949191685
fit,2024-09-02,39,198,85,0,True,17320,0.011431870669745959
fit,2024-09-09,0,5,1,0,True,17388,0.00028755463538072235
fit,2024-09-09,1,88,18,0,True,17388,0.005060961582700713
fit,2024-09-09,2,320,37,0,True,17388,0.01840349666436623
fit,2024-09-09,3,959,473,0,True,17388,0.055152979066022546
fit,2024-09-09,4,177,46,5,True,17388,0.01017943409247757
fit,2024-09-09,5,225,18,0,True,17388,0.012939958592132506
fit,2024-09-09,6,263,28,0,True,17388,0.015125373821025995
fit,2024-09-09,7,136,22,0,True,17388,0.007821486082355647
fit,2024-09-09,8,1368,1301,6,True,17388,0.07867494824016563
fit,2024-09-09,9,31,12,0,True,17388,0.0017828387393604786
fit,2024-09-09,10,165,14,2,True,17388,0.009489302967563838
fit,2024-09-09,11,1432,986,1,True,17388,0.08235564757303888
fit,2024-09-09,12,1295,1122,41,True,17388,0.07447665056360708
fit,2024-09-09,13,1288,1123,16,True,17388,0.07407407407407407
fit,2024-09-09,14,3037,2542,35,True,17388,0.17466068553025074
fit,2024-09-09,15,103,5,0,True,17388,0.00592362548884288
fit,2024-09-09,16,214,22,0,True,17388,0.012307338394294915
fit,2024-09-09,17,664,394,0,True,17388,0.038187255578559925
fit,2024-09-09,18,139,25,0,True,17388,0.007994018863584081
fit,2024-09-09,19,1287,614,15,True,17388,0.07401656314699794
fit,2024-09-09,20,54,3,0,True,17388,0.003105590062111801
fit,2024-09-09,21,47,8,0,True,17388,0.00270301357257879
fit,2024-09-09,22,234,25,2,True,17388,0.013457556935817806
fit,2024-09-09,23,107,19,0,True,17388,0.006153669197147458
fit,2024-09-09,24,198,31,0,True,17388,0.011387163561076604
fit,2024-09-09,25,196,25,0,True,17388,0.011272141706924315
fit,2024-09-09,26,178,16,0,True,17388,0.010236945019553715
fit,2024-09-09,27,75,15,0,True,17388,0.004313319530710835
fit,2024-09-09,28,191,16,0,True,17388,0.010984587071543593
fit,2024-09-09,29,370,91,3,True,17388,0.021279043018173453
fit,2024-09-09,30,585,209,0,True,17388,0.03364389233954451
fit,2024-09-09,31,343,10,0,True,17388,0.019726247987117553
fit,2024-09-09,32,152,35,4,True,17388,0.008741660915573959
fit,2024-09-09,33,19,3,0,True,17388,0.0010927076144467448
fit,2024-09-09,34,65,3,0,True,17388,0.00373821025994939
fit,2024-09-09,35,31,2,0,True,17388,0.0017828387393604786
fit,2024-09-09,36,720,521,6,True,17388,0.041407867494824016
fit,2024-09-09,37,155,12,0,True,17388,0.008914193696802393
fit,2024-09-09,38,259,25,0,True,17388,0.014895330112721417
fit,2024-09-09,39,213,69,0,True,17388,0.012249827467218772
fit,2024-09-16,0,7,2,0,True,17738,0.0003946329913180742
fit,2024-09-16,1,100,16,0,True,17738,0.005637614161686774
fit,2024-09-16,2,371,51,0,True,17738,0.020915548539857932
fit,2024-09-16,3,1025,446,0,True,17738,0.05778554515728943
fit,2024-09-16,4,181,58,5,True,17738,0.01020408163265306
fit,2024-09-16,5,262,26,1,True,17738,0.014770549103619348
fit,2024-09-16,6,179,27,0,True,17738,0.010091329349419326
fit,2024-09-16,7,146,31,0,True,17738,0.00823091667606269
fit,2024-09-16,8,1347,1303,8,True,17738,0.07593866275792084
fit,2024-09-16,9,33,10,0,True,17738,0.0018604126733566355
fit,2024-09-16,10,209,18,1,True,17738,0.011782613597925358
fit,2024-09-16,11,1284,925,35,True,17738,0.07238696583605818
fit,2024-09-16,12,1374,1202,35,True,17738,0.07746081858157627
fit,2024-09-16,13,1376,1174,31,True,17738,0.07757357086481001
fit,2024-09-16,14,3172,2585,47,True,17738,0.17882512120870447
fit,2024-09-16,15,104,4,0,True,17738,0.005863118728154245
fit,2024-09-16,16,244,20,0,True,17738,0.013755778554515728
fit,2024-09-16,17,772,409,0,True,17738,0.0435223813282219
fit,2024-09-16,18,116,24,2,True,17738,0.006539632427556658
fit,2024-09-16,19,1231,534,0,True,17738,0.0693990303303642
fit,2024-09-16,20,45,5,0,True,17738,0.0025369263727590486
fit,2024-09-16,21,78,7,0,True,17738,0.004397339046115683
fit,2024-09-16,22,224,31,3,True,17738,0.012628255722178374
fit,2024-09-16,23,91,17,0,True,17738,0.005130228887134964
fit,2024-09-16,24,230,27,0,True,17738,0.012966512571879581
fit,2024-09-16,25,219,31,0,True,17738,0.012346375014094035
fit,2024-09-16,26,142,12,2,True,17738,0.00800541210959522
fit,2024-09-16,27,154,20,0,True,17738,0.008681925808997633
fit,2024-09-16,28,107,20,0,True,17738,0.0060322471530048485
fit,2024-09-16,29,340,65,1,True,17738,0.01916788814973503
fit,2024-09-16,30,429,120,0,True,17738,0.024185364753636262
fit,2024-09-16,31,300,8,0,True,17738,0.016912842485060323
fit,2024-09-16,32,284,23,4,True,17738,0.01601082421919044
fit,2024-09-16,33,11,4,0,True,17738,0.0006201375577855452
fit,2024-09-16,34,76,3,0,True,17738,0.0042845867628819485
fit,2024-09-16,35,28,2,0,True,17738,0.0015785319652722968
fit,2024-09-16,36,749,535,40,True,17738,0.04222573007103394
fit,2024-09-16,37,255,25,1,True,17738,0.014375916112301275
fit,2024-09-16,38,215,18,2,True,17738,0.012120870447626565
fit,2024-09-16,39,228,91,0,True,17738,0.012853760288645846
fit,2024-09-23,0,10,2,0,True,18271,0.0005473154178753215
fit,2024-09-23,1,99,13,0,True,18271,0.005418422636965683
fit,2024-09-23,2,285,50,0,True,18271,0.015598489409446664
fit,2024-09-23,3,1154,481,0,True,18271,0.0631601992228121
fit,2024-09-23,4,183,37,1,True,18271,0.010015872147118384
fit,2024-09-23,5,313,23,0,True,18271,0.017130972579497566
fit,2024-09-23,6,196,25,0,True,18271,0.010727382190356302
fit,2024-09-23,7,132,30,0,True,18271,0.007224563515954244
fit,2024-09-23,8,1339,1290,3,True,18271,0.07328553445350555
fit,2024-09-23,9,19,13,0,True,18271,0.001039899293963111
fit,2024-09-23,10,112,12,3,True,18271,0.006129932680203601
fit,2024-09-23,11,1525,1099,68,True,18271,0.08346560122598654
fit,2024-09-23,12,1319,1130,23,True,18271,0.07219090361775492
fit,2024-09-23,13,1272,1093,15,True,18271,0.0696185211537409
fit,2024-09-23,14,3568,2917,20,True,18271,0.19528214109791472
fit,2024-09-23,15,93,5,0,True,18271,0.00509003338624049
fit,2024-09-23,16,373,23,0,True,18271,0.020414865086749494
fit,2024-09-23,17,772,440,0,True,18271,0.042252750259974825
fit,2024-09-23,18,97,16,0,True,18271,0.005308959553390619
fit,2024-09-23,19,1217,557,0,True,18271,0.06660828635542664
fit,2024-09-23,20,52,5,0,True,18271,0.002846040172951672
fit,2024-09-23,21,67,9,0,True,18271,0.0036670132997646543
fit,2024-09-23,22,199,20,4,True,18271,0.010891576815718899
fit,2024-09-23,23,110,13,0,True,18271,0.006020469596628537
fit,2024-09-23,24,184,34,0,True,18271,0.010070603688905916
fit,2024-09-23,25,261,25,1,True,18271,0.014284932406545893
fit,2024-09-23,26,175,20,2,True,18271,0.009578019812818127
fit,2024-09-23,27,205,21,0,True,18271,0.011219966066444091
fit,2024-09-23,28,248,21,0,True,18271,0.013573422363307974
fit,2024-09-23,29,174,56,0,True,18271,0.009523288271030595
fit,2024-09-23,30,496,158,0,True,18271,0.027146844726615948
fit,2024-09-23,31,244,13,0,True,18271,0.013354496196157846
fit,2024-09-23,32,249,25,1,True,18271,0.013628153905095506
fit,2024-09-23,33,14,4,0,True,18271,0.0007662415850254501
fit,2024-09-23,34,73,2,0,True,18271,0.003995402550489848
fit,2024-09-23,35,17,2,0,True,18271,0.0009304362103880466
fit,2024-09-23,36,860,593,77,True,18271,0.047069125937277655
fit,2024-09-23,37,166,24,0,True,18271,0.009085435936730338
fit,2024-09-23,38,174,15,0,True,18271,0.009523288271030595
fit,2024-09-23,39,225,85,0,True,18271,0.012314596902194734
fit,2024-09-30,0,1,1,0,False,2663,0.0003755163349605708
fit,2024-09-30,1,7,5,0,False,2663,0.0026286143447239955
fit,2024-09-30,2,49,15,0,False,2663,0.01840030041306797
fit,2024-09-30,3,166,76,0,False,2663,0.06233571160345475
fit,2024-09-30,4,27,9,3,False,2663,0.010138941043935411
fit,2024-09-30,5,31,6,0,False,2663,0.011641006383777694
fit,2024-09-30,6,23,6,0,False,2663,0.008636875704093128
fit,2024-09-30,7,33,9,0,False,2663,0.012392039053698836
fit,2024-09-30,8,204,180,0,False,2663,0.07660533233195645
fit,2024-09-30,9,6,4,0,False,2663,0.0022530980097634247
fit,2024-09-30,10,12,4,0,False,2663,0.004506196019526849
fit,2024-09-30,11,164,112,3,False,2663,0.06158467893353361
fit,2024-09-30,12,165,140,3,False,2663,0.06196019526849418
fit,2024-09-30,13,205,188,4,False,2663,0.07698084866691701
fit,2024-09-30,14,460,376,2,False,2663,0.17273751408186255
fit,2024-09-30,15,30,4,0,False,2663,0.011265490048817123
fit,2024-09-30,16,88,11,0,False,2663,0.03304543747653023
fit,2024-09-30,17,89,55,0,False,2663,0.0334209538114908
fit,2024-09-30,18,32,10,0,False,2663,0.012016522718738265
fit,2024-09-30,19,159,91,0,False,2663,0.05970709725873075
fit,2024-09-30,20,17,4,0,False,2663,0.006383777694329703
fit,2024-09-30,21,11,4,0,False,2663,0.004130679684566279
fit,2024-09-30,22,37,10,0,False,2663,0.013894104393541119
fit,2024-09-30,23,20,4,0,False,2663,0.007510326699211416
fit,2024-09-30,24,70,12,0,False,2663,0.026286143447239955
fit,2024-09-30,25,22,8,0,False,2663,0.008261359369132557
fit,2024-09-30,26,22,6,2,False,2663,0.008261359369132557
fit,2024-09-30,27,22,7,0,False,2663,0.008261359369132557
fit,2024-09-30,28,33,10,0,False,2663,0.012392039053698836
fit,2024-09-30,29,64,12,0,False,2663,0.02403304543747653
fit,2024-09-30,30,94,28,0,False,2663,0.03529853548629366
fit,2024-09-30,31,54,6,0,False,2663,0.020277882087870822
fit,2024-09-30,32,9,5,0,False,2663,0.003379647014645137
fit,2024-09-30,33,7,3,0,False,2663,0.0026286143447239955
fit,2024-09-30,34,21,1,0,False,2663,0.007885843034171986
fit,2024-09-30,35,0,0,0,False,2663,0.0
fit,2024-09-30,36,134,107,0,False,2663,0.05031918888471649
fit,2024-09-30,37,15,6,0,False,2663,0.005632745024408562
fit,2024-09-30,38,28,8,0,False,2663,0.010514457378895982
fit,2024-09-30,39,32,18,0,False,2663,0.012016522718738265
validation,2024-12-30,0,12,2,0,False,12485,0.000961153384060873
validation,2024-12-30,1,100,11,0,False,12485,0.008009611533840609
validation,2024-12-30,2,193,29,4,False,12485,0.015458550260312376
validation,2024-12-30,3,814,418,0,False,12485,0.06519823788546256
validation,2024-12-30,4,32,6,0,False,12485,0.002563075690828995
validation,2024-12-30,5,178,13,0,False,12485,0.014257108530236283
validation,2024-12-30,6,97,20,1,False,12485,0.0077693231878253905
validation,2024-12-30,7,119,22,0,False,12485,0.009531437725270325
validation,2024-12-30,8,1125,1060,8,False,12485,0.09010812975570685
validation,2024-12-30,9,3,2,0,False,12485,0.00024028834601521826
validation,2024-12-30,10,288,22,0,False,12485,0.02306768121746095
validation,2024-12-30,11,797,553,0,False,12485,0.06383660392470965
validation,2024-12-30,12,1125,998,10,False,12485,0.09010812975570685
validation,2024-12-30,13,905,767,16,False,12485,0.0724869843812575
validation,2024-12-30,14,3071,2482,12,False,12485,0.24597517020424509
validation,2024-12-30,15,10,2,0,False,12485,0.0008009611533840609
validation,2024-12-30,16,84,19,0,False,12485,0.0067280736884261115
validation,2024-12-30,17,363,209,57,False,12485,0.02907488986784141
validation,2024-12-30,18,93,17,1,False,12485,0.007448938726471766
validation,2024-12-30,19,1015,412,0,False,12485,0.08129755706848218
validation,2024-12-30,20,2,2,0,False,12485,0.00016019223067681218
validation,2024-12-30,21,4,2,0,False,12485,0.00032038446135362436
validation,2024-12-30,22,66,10,0,False,12485,0.0052863436123348016
validation,2024-12-30,23,55,8,0,False,12485,0.004405286343612335
validation,2024-12-30,24,90,14,0,False,12485,0.007208650380456548
validation,2024-12-30,25,122,21,0,False,12485,0.009771726071285543
validation,2024-12-30,26,71,17,0,False,12485,0.005686824189026832
validation,2024-12-30,27,10,7,0,False,12485,0.0008009611533840609
validation,2024-12-30,28,79,27,0,False,12485,0.006327593111734081
validation,2024-12-30,29,135,19,4,False,12485,0.010812975570684821
validation,2024-12-30,30,251,106,0,False,12485,0.020104124949939926
validation,2024-12-30,31,115,6,0,False,12485,0.0092110532639167
validation,2024-12-30,32,140,22,0,False,12485,0.011213456147376852
validation,2024-12-30,33,7,1,0,False,12485,0.0005606728073688426
validation,2024-12-30,34,18,1,0,False,12485,0.0014417300760913095
validation,2024-12-30,35,6,2,0,False,12485,0.0004805766920304365
validation,2024-12-30,36,499,366,0,False,12485,0.03996796155386464
validation,2024-12-30,37,132,11,0,False,12485,0.010572687224669603
validation,2024-12-30,38,105,22,3,False,12485,0.00841009211053264
validation,2024-12-30,39,154,46,0,False,12485,0.012334801762114538
validation,2025-01-06,0,9,1,0,True,23771,0.00037861259517899963
validation,2025-01-06,1,300,15,0,True,23771,0.012620419839299988
validation,2025-01-06,2,361,57,4,True,23771,0.015186571873290984
validation,2025-01-06,3,1270,592,0,True,23771,0.05342644398636995
validation,2025-01-06,4,102,22,0,True,23771,0.004290942745361996
validation,2025-01-06,5,329,15,0,True,23771,0.013840393757098985
validation,2025-01-06,6,198,26,1,True,23771,0.008329477093937991
validation,2025-01-06,7,203,33,0,True,23771,0.008539817424592991
validation,2025-01-06,8,1749,1651,6,True,23771,0.07357704766311893
validation,2025-01-06,9,18,5,0,True,23771,0.0007572251903579993
validation,2025-01-06,10,461,23,1,True,23771,0.01939337848639098
validation,2025-01-06,11,1569,1075,3,True,23771,0.06600479575953894
validation,2025-01-06,12,1893,1712,29,True,23771,0.07963484918598292
validation,2025-01-06,13,1761,1387,28,True,23771,0.07408186445669093
validation,2025-01-06,14,6552,5382,23,True,23771,0.27562996929031175
validation,2025-01-06,15,51,4,0,True,23771,0.002145471372680998
validation,2025-01-06,16,223,24,0,True,23771,0.00938117874721299
validation,2025-01-06,17,697,359,131,True,23771,0.02932144209330697
validation,2025-01-06,18,79,27,3,True,23771,0.0033233772243489966
validation,2025-01-06,19,1751,630,0,True,23771,0.07366118379538093
validation,2025-01-06,20,14,4,0,True,23771,0.0005889529258339994
validation,2025-01-06,21,28,7,0,True,23771,0.0011779058516679989
validation,2025-01-06,22,171,25,3,True,23771,0.007193639308400993
validation,2025-01-06,23,118,15,0,True,23771,0.004964031803457995
validation,2025-01-06,24,222,44,0,True,23771,0.00933911068108199
validation,2025-01-06,25,187,20,0,True,23771,0.007866728366496992
validation,2025-01-06,26,119,17,1,True,23771,0.005006099869588995
validation,2025-01-06,27,31,17,0,True,23771,0.0013041100500609988
validation,2025-01-06,28,122,20,0,True,23771,0.005132304067981995
validation,2025-01-06,29,199,33,9,True,23771,0.008371545160068992
validation,2025-01-06,30,375,116,0,True,23771,0.015775524799124984
validation,2025-01-06,31,357,9,0,True,23771,0.015018299608766985
validation,2025-01-06,32,386,19,0,True,23771,0.016238273526565983
validation,2025-01-06,33,18,5,0,True,23771,0.0007572251903579993
validation,2025-01-06,34,32,2,0,True,23771,0.0013461781161919987
validation,2025-01-06,35,11,2,0,True,23771,0.00046274872744099955
validation,2025-01-06,36,772,483,0,True,23771,0.032476547053131966
validation,2025-01-06,37,398,10,0,True,23771,0.016743090320137984
validation,2025-01-06,38,257,25,0,True,23771,0.010811492995666989
validation,2025-01-06,39,378,90,0,True,23771,0.015901728997517985
validation,2025-01-13,0,4,3,0,True,68406,5.84744028301611e-05
validation,2025-01-13,1,302,16,0,True,68406,0.0044148174136771625
validation,2025-01-13,2,300,50,4,True,68406,0.004385580212262082
validation,2025-01-13,3,1327,568,0,True,68406,0.019398883138905944
validation,2025-01-13,4,133,34,0,True,68406,0.0019442738941028565
validation,2025-01-13,5,287,16,0,True,68406,0.004195538403064059
validation,2025-01-13,6,139,22,0,True,68406,0.002031985498348098
validation,2025-01-13,7,212,45,0,True,68406,0.0030991433499985383
validation,2025-01-13,8,39844,20178,9,True,68406,0.5824635265912347
validation,2025-01-13,9,27,9,0,True,68406,0.0003947022191035874
validation,2025-01-13,10,267,28,0,True,68406,0.003903166388913253
validation,2025-01-13,11,1766,1278,0,True,68406,0.025816448849516123
validation,2025-01-13,12,2466,2197,29,True,68406,0.03604946934479432
validation,2025-01-13,13,2339,1737,30,True,68406,0.0341929070549367
validation,2025-01-13,14,11579,8798,31,True,68406,0.16926877759260883
validation,2025-01-13,15,36,3,0,True,68406,0.0005262696254714499
validation,2025-01-13,16,123,25,0,True,68406,0.0017980878870274537
validation,2025-01-13,17,577,293,110,True,68406,0.008434932608250739
validation,2025-01-13,18,131,28,2,True,68406,0.001915036692687776
validation,2025-01-13,19,2290,1036,0,True,68406,0.03347659562026723
validation,2025-01-13,20,26,5,0,True,68406,0.0003800836183960471
validation,2025-01-13,21,46,10,0,True,68406,0.0006724556325468527
validation,2025-01-13,22,116,17,1,True,68406,0.001695757682074672
validation,2025-01-13,23,84,12,0,True,68406,0.001227962459433383
validation,2025-01-13,24,183,37,0,True,68406,0.0026752039294798704
validation,2025-01-13,25,220,28,0,True,68406,0.00321609215565886
validation,2025-01-13,26,121,20,0,True,68406,0.0017688506856123733
validation,2025-01-13,27,28,18,0,True,68406,0.0004093208198111277
validation,2025-01-13,28,136,41,0,True,68406,0.0019881296962254774
validation,2025-01-13,29,239,27,10,True,68406,0.0034938455691021254
validation,2025-01-13,30,449,194,1,True,68406,0.006563751717685583
validation,2025-01-13,31,321,44,0,True,68406,0.004692570827120428
validation,2025-01-13,32,350,26,0,True,68406,0.005116510247639096
validation,2025-01-13,33,15,3,0,True,68406,0.0002192790106131041
validation,2025-01-13,34,22,3,0,True,68406,0.00032160921556588604
validation,2025-01-13,35,24,2,0,True,68406,0.00035084641698096656
validation,2025-01-13,36,874,586,0,True,68406,0.0127766570183902
validation,2025-01-13,37,397,34,2,True,68406,0.005803584480893489
validation,2025-01-13,38,265,20,0,True,68406,0.0038739291874981727
validation,2025-01-13,39,341,98,0,True,68406,0.004984942841271233
validation,2025-01-20,0,10,2,0,True,43200,0.0002314814814814815
validation,2025-01-20,1,199,22,0,True,43200,0.004606481481481481
validation,2025-01-20,2,433,31,2,True,43200,0.010023148148148147
validation,2025-01-20,3,1784,699,0,True,43200,0.041296296296296296
validation,2025-01-20,4,151,27,0,True,43200,0.0034953703703703705
validation,2025-01-20,5,355,17,0,True,43200,0.008217592592592592
validation,2025-01-20,6,175,28,0,True,43200,0.004050925925925926
validation,2025-01-20,7,274,48,0,True,43200,0.006342592592592592
validation,2025-01-20,8,12073,6920,2,True,43200,0.2794675925925926
validation,2025-01-20,9,30,4,0,True,43200,0.0006944444444444445
validation,2025-01-20,10,195,18,2,True,43200,0.0045138888888888885
validation,2025-01-20,11,1964,1471,2,True,43200,0.04546296296296296
validation,2025-01-20,12,2618,2331,33,True,43200,0.06060185185185185
validation,2025-01-20,13,2251,1681,29,True,43200,0.05210648148148148
validation,2025-01-20,14,13209,10774,32,True,43200,0.3057638888888889
validation,2025-01-20,15,50,4,0,True,43200,0.0011574074074074073
validation,2025-01-20,16,175,18,0,True,43200,0.004050925925925926
validation,2025-01-20,17,717,408,109,True,43200,0.01659722222222222
validation,2025-01-20,18,89,26,0,True,43200,0.0020601851851851853
validation,2025-01-20,19,2466,1031,0,True,43200,0.05708333333333333
validation,2025-01-20,20,12,4,0,True,43200,0.0002777777777777778
validation,2025-01-20,21,57,7,0,True,43200,0.0013194444444444445
validation,2025-01-20,22,226,19,1,True,43200,0.005231481481481481
validation,2025-01-20,23,99,19,0,True,43200,0.0022916666666666667
validation,2025-01-20,24,298,36,0,True,43200,0.006898148148148148
validation,2025-01-20,25,237,31,0,True,43200,0.005486111111111111
validation,2025-01-20,26,135,15,1,True,43200,0.003125
validation,2025-01-20,27,38,14,0,True,43200,0.0008796296296296296
validation,2025-01-20,28,102,29,0,True,43200,0.002361111111111111
validation,2025-01-20,29,116,30,7,True,43200,0.002685185185185185
validation,2025-01-20,30,359,140,0,True,43200,0.008310185185185184
validation,2025-01-20,31,300,23,0,True,43200,0.006944444444444444
validation,2025-01-20,32,279,27,2,True,43200,0.006458333333333333
validation,2025-01-20,33,17,3,0,True,43200,0.0003935185185185185
validation,2025-01-20,34,43,1,0,True,43200,0.0009953703703703704
validation,2025-01-20,35,24,2,0,True,43200,0.0005555555555555556
validation,2025-01-20,36,803,575,1,True,43200,0.018587962962962962
validation,2025-01-20,37,276,24,0,True,43200,0.006388888888888889
validation,2025-01-20,38,255,38,2,True,43200,0.005902777777777778
validation,2025-01-20,39,306,101,0,True,43200,0.007083333333333333
validation,2025-01-27,0,19,2,0,True,29695,0.0006398383566256946
validation,2025-01-27,1,60,16,0,True,29695,0.0020205421788179827
validation,2025-01-27,2,365,36,0,True,29695,0.012291631587809396
validation,2025-01-27,3,2359,504,0,True,29695,0.07944098333052703
validation,2025-01-27,4,174,33,0,True,29695,0.00585957231857215
validation,2025-01-27,5,313,20,0,True,29695,0.01054049503283381
validation,2025-01-27,6,132,22,0,True,29695,0.004445192793399562
validation,2025-01-27,7,245,39,0,True,29695,0.00825054723017343
validation,2025-01-27,8,4755,3612,0,True,29695,0.16012796767132514
validation,2025-01-27,9,23,4,0,True,29695,0.0007745411685468935
validation,2025-01-27,10,135,16,2,True,29695,0.004546219902340462
validation,2025-01-27,11,1537,1084,1,True,29695,0.05175955548072066
validation,2025-01-27,12,2358,2029,26,True,29695,0.07940730762754672
validation,2025-01-27,13,1916,1358,25,True,29695,0.06452264691025425
validation,2025-01-27,14,9239,6994,20,True,29695,0.31112981983498905
validation,2025-01-27,15,43,2,0,True,29695,0.0014480552281528876
validation,2025-01-27,16,149,18,0,True,29695,0.005017679744064658
validation,2025-01-27,17,642,331,83,True,29695,0.021619801313352418
validation,2025-01-27,18,89,23,1,True,29695,0.0029971375652466745
validation,2025-01-27,19,2013,794,0,True,29695,0.06778919009934332
validation,2025-01-27,20,20,9,0,True,29695,0.0006735140596059942
validation,2025-01-27,21,49,8,0,True,29695,0.001650109446034686
validation,2025-01-27,22,170,21,2,True,29695,0.005724869506650952
validation,2025-01-27,23,94,14,0,True,29695,0.003165516080148173
validation,2025-01-27,24,117,35,0,True,29695,0.0039400572486950666
validation,2025-01-27,25,274,27,0,True,29695,0.00922714261660212
validation,2025-01-27,26,76,21,2,True,29695,0.0025593534265027783
validation,2025-01-27,27,30,13,0,True,29695,0.0010102710894089914
validation,2025-01-27,28,104,21,0,True,29695,0.0035022731099511703
validation,2025-01-27,29,72,21,1,True,29695,0.002424650614581579
validation,2025-01-27,30,341,130,0,True,29695,0.011483414716282203
validation,2025-01-27,31,324,20,0,True,29695,0.010910927765617107
validation,2025-01-27,32,59,20,0,True,29695,0.001986866475837683
validation,2025-01-27,33,22,4,0,True,29695,0.0007408654655665937
validation,2025-01-27,34,58,1,0,True,29695,0.0019531907728573836
validation,2025-01-27,35,25,3,0,True,29695,0.0008418925745074928
validation,2025-01-27,36,834,512,0,True,29695,0.02808553628556996
validation,2025-01-27,37,29,8,0,True,29695,0.0009765953864286918
validation,2025-01-27,38,327,28,2,True,29695,0.011011954874558007
validation,2025-01-27,39,104,51,0,True,29695,0.0035022731099511703
validation,2025-02-03,0,4,1,0,True,27661,0.0001446079317450562
validation,2025-02-03,1,103,23,0,True,27661,0.0037236542424351976
validation,2025-02-03,2,380,32,0,True,27661,0.01373775351578034
validation,2025-02-03,3,2487,482,1,True,27661,0.08990998156248871
validation,2025-02-03,4,153,27,0,True,27661,0.0055312533892484
validation,2025-02-03,5,308,14,0,True,27661,0.011134810744369329
validation,2025-02-03,6,157,18,0,True,27661,0.005675861320993457
validation,2025-02-03,7,312,56,0,True,27661,0.011279418676114384
validation,2025-02-03,8,3446,2670,3,True,27661,0.12457973319836593
validation,2025-02-03,9,30,5,0,True,27661,0.0010845594880879216
validation,2025-02-03,10,190,12,0,True,27661,0.00686887675789017
validation,2025-02-03,11,1697,942,0,True,27661,0.0613499150428401
validation,2025-02-03,12,2133,1841,24,True,27661,0.07711217960305122
validation,2025-02-03,13,2012,1356,38,True,27661,0.07273778966776327
validation,2025-02-03,14,8267,5050,23,True,27661,0.2988684429340949
validation,2025-02-03,15,59,2,0,True,27661,0.002132966993239579
validation,2025-02-03,16,185,15,0,True,27661,0.00668811684320885
validation,2025-02-03,17,649,220,99,True,27661,0.023462636925635372
validation,2025-02-03,18,81,19,0,True,27661,0.0029283106178373884
validation,2025-02-03,19,1871,736,2,True,27661,0.06764036007375004
validation,2025-02-03,20,10,5,0,True,27661,0.00036151982936264055
validation,2025-02-03,21,34,9,0,True,27661,0.0012291674198329778
validation,2025-02-03,22,163,21,4,True,27661,0.005892773218611041
validation,2025-02-03,23,83,11,0,True,27661,0.0030006145837099163
validation,2025-02-03,24,120,27,0,True,27661,0.004338237952351686
validation,2025-02-03,25,281,27,0,True,27661,0.0101587072050902
validation,2025-02-03,26,78,13,0,True,27661,0.002819854669028596
validation,2025-02-03,27,44,13,0,True,27661,0.0015906872491956185
validation,2025-02-03,28,104,16,0,True,27661,0.0037598062253714616
validation,2025-02-03,29,93,23,2,True,27661,0.003362134413072557
validation,2025-02-03,30,290,76,0,True,27661,0.010484075051516576
validation,2025-02-03,31,324,11,0,True,27661,0.011713242471349554
validation,2025-02-03,32,55,14,0,True,27661,0.001988359061494523
validation,2025-02-03,33,20,3,0,True,27661,0.0007230396587252811
validation,2025-02-03,34,50,1,0,True,27661,0.0018075991468132027
validation,2025-02-03,35,15,2,0,True,27661,0.0005422797440439608
validation,2025-02-03,36,940,479,0,True,27661,0.03398286396008821
validation,2025-02-03,37,34,7,1,True,27661,0.0012291674198329778
validation,2025-02-03,38,276,26,1,True,27661,0.009977947290408878
validation,2025-02-03,39,123,61,0,True,27661,0.0044466939011604785
validation,2025-02-10,0,3,2,0,True,22784,0.00013167134831460674
validation,2025-02-10,1,121,15,0,True,22784,0.005310744382022472
validation,2025-02-10,2,279,27,0,True,22784,0.012245435393258427
validation,2025-02-10,3,2332,348,0,True,22784,0.10235252808988764
validation,2025-02-10,4,111,19,0,True,22784,0.004871839887640449
validation,2025-02-10,5,273,10,0,True,22784,0.011982092696629214
validation,2025-02-10,6,144,23,0,True,22784,0.006320224719101123
validation,2025-02-10,7,275,40,0,True,22784,0.012069873595505619
validation,2025-02-10,8,2583,2093,6,True,22784,0.1133690308988764
validation,2025-02-10,9,24,7,0,True,22784,0.001053370786516854
validation,2025-02-10,10,182,18,2,True,22784,0.00798806179775281
validation,2025-02-10,11,1288,723,8,True,22784,0.056530898876404494
validation,2025-02-10,12,1443,1260,24,True,22784,0.06333391853932584
validation,2025-02-10,13,1796,1209,34,True,22784,0.07882724719101124
validation,2025-02-10,14,6304,3752,21,True,22784,0.27668539325842695
validation,2025-02-10,15,55,2,0,True,22784,0.0024139747191011234
validation,2025-02-10,16,130,18,0,True,22784,0.005705758426966292
validation,2025-02-10,17,494,161,96,True,22784,0.02168188202247191
validation,2025-02-10,18,68,22,0,True,22784,0.0029845505617977527
validation,2025-02-10,19,1491,588,0,True,22784,0.06544066011235955
validation,2025-02-10,20,8,5,0,True,22784,0.00035112359550561797
validation,2025-02-10,21,35,6,0,True,22784,0.0015361657303370787
validation,2025-02-10,22,165,27,0,True,22784,0.007241924157303371
validation,2025-02-10,23,95,13,0,True,22784,0.004169592696629213
validation,2025-02-10,24,138,23,0,True,22784,0.00605688202247191
validation,2025-02-10,25,256,18,0,True,22784,0.011235955056179775
validation,2025-02-10,26,92,18,1,True,22784,0.004037921348314607
validation,2025-02-10,27,36,20,0,True,22784,0.0015800561797752809
validation,2025-02-10,28,84,16,0,True,22784,0.0036867977528089887
validation,2025-02-10,29,120,22,2,True,22784,0.0052668539325842695
validation,2025-02-10,30,357,100,0,True,22784,0.015668890449438203
validation,2025-02-10,31,329,16,0,True,22784,0.014439957865168539
validation,2025-02-10,32,52,10,1,True,22784,0.002282303370786517
validation,2025-02-10,33,19,4,0,True,22784,0.0008339185393258427
validation,2025-02-10,34,48,1,0,True,22784,0.002106741573033708
validation,2025-02-10,35,13,2,0,True,22784,0.0005705758426966292
validation,2025-02-10,36,1191,648,0,True,22784,0.052273525280898875
validation,2025-02-10,37,16,3,0,True,22784,0.0007022471910112359
validation,2025-02-10,38,223,27,2,True,22784,0.009787570224719102
validation,2025-02-10,39,111,60,0,True,22784,0.004871839887640449
validation,2025-02-17,0,4,2,0,True,18877,0.000211898077024951
validation,2025-02-17,1,133,14,0,True,18877,0.007045611061079621
validation,2025-02-17,2,147,25,0,True,18877,0.007787254330666949
validation,2025-02-17,3,1140,309,0,True,18877,0.060390951952111034
validation,2025-02-17,4,112,24,0,True,18877,0.005933146156698628
validation,2025-02-17,5,194,12,0,True,18877,0.010277056735710123
validation,2025-02-17,6,126,12,0,True,18877,0.006674789426285957
validation,2025-02-17,7,219,36,0,True,18877,0.011601419717116068
validation,2025-02-17,8,1973,1787,0,True,18877,0.10451872649255708
validation,2025-02-17,9,32,6,0,True,18877,0.001695184616199608
validation,2025-02-17,10,191,16,1,True,18877,0.01011813317794141
validation,2025-02-17,11,1146,609,0,True,18877,0.060708799067648464
validation,2025-02-17,12,1536,1310,19,True,18877,0.08136886157758118
validation,2025-02-17,13,1723,1090,18,True,18877,0.09127509667849765
validation,2025-02-17,14,5166,3262,17,True,18877,0.2736663664777242
validation,2025-02-17,15,46,2,0,True,18877,0.0024368278857869363
validation,2025-02-17,16,146,14,0,True,18877,0.007734279811410711
validation,2025-02-17,17,500,149,110,True,18877,0.026487259628118875
validation,2025-02-17,18,53,9,1,True,18877,0.002807649520580601
validation,2025-02-17,19,1392,502,0,True,18877,0.07374053080468294
validation,2025-02-17,20,7,5,0,True,18877,0.00037082163479366427
validation,2025-02-17,21,85,7,0,True,18877,0.0045028341367802085
validation,2025-02-17,22,204,22,0,True,18877,0.0108068019282725
validation,2025-02-17,23,90,8,0,True,18877,0.004767706733061397
validation,2025-02-17,24,172,29,0,True,18877,0.009111617312072893
validation,2025-02-17,25,274,20,0,True,18877,0.014515018276209143
validation,2025-02-17,26,124,25,2,True,18877,0.006568840387773481
validation,2025-02-17,27,27,12,0,True,18877,0.0014303120199184193
validation,2025-02-17,28,102,17,0,True,18877,0.00540340096413625
validation,2025-02-17,29,164,21,2,True,18877,0.00868782115802299
validation,2025-02-17,30,308,67,0,True,18877,0.016316151930921226
validation,2025-02-17,31,248,9,0,True,18877,0.013137680775546962
validation,2025-02-17,32,45,10,1,True,18877,0.0023838533665306986
validation,2025-02-17,33,13,2,0,True,18877,0.0006886687503310908
validation,2025-02-17,34,60,1,0,True,18877,0.003178471155374265
validation,2025-02-17,35,25,2,0,True,18877,0.0013243629814059436
validation,2025-02-17,36,637,310,0,True,18877,0.03374476876622345
validation,2025-02-17,37,25,3,0,True,18877,0.0013243629814059436
validation,2025-02-17,38,189,23,1,True,18877,0.010012184139428934
validation,2025-02-17,39,99,38,1,True,18877,0.005244477406367537
validation,2025-02-24,0,6,1,0,True,22346,0.0002685044303231003
validation,2025-02-24,1,140,17,0,True,22346,0.006265103374205674
validation,2025-02-24,2,401,39,0,True,22346,0.017945046093260537
validation,2025-02-24,3,1994,396,0,True,22346,0.08923297234404368
validation,2025-02-24,4,134,25,0,True,22346,0.005996598943882574
validation,2025-02-24,5,299,18,0,True,22346,0.013380470777767833
validation,2025-02-24,6,212,19,0,True,22346,0.009487156538082879
validation,2025-02-24,7,320,43,0,True,22346,0.014320236283898684
validation,2025-02-24,8,2129,1917,1,True,22346,0.09527432202631343
validation,2025-02-24,9,29,5,0,True,22346,0.0012977714132283182
validation,2025-02-24,10,261,19,2,True,22346,0.011679942719054865
validation,2025-02-24,11,1361,772,4,True,22346,0.06090575494495659
validation,2025-02-24,12,1532,1318,16,True,22346,0.06855813120916496
validation,2025-02-24,13,1795,1137,32,True,22346,0.08032757540499419
validation,2025-02-24,14,5921,3628,21,True,22346,0.26496912199051287
validation,2025-02-24,15,58,2,0,True,22346,0.0025955428264566364
validation,2025-02-24,16,206,14,0,True,22346,0.009218652107759778
validation,2025-02-24,17,541,219,83,True,22346,0.024210149467466212
validation,2025-02-24,18,61,20,3,True,22346,0.002729795041618187
validation,2025-02-24,19,1607,622,2,True,22346,0.0719144365882037
validation,2025-02-24,20,15,4,0,True,22346,0.0006712610758077508
validation,2025-02-24,21,80,6,0,True,22346,0.003580059070974671
validation,2025-02-24,22,230,17,0,True,22346,0.01029266982905218
validation,2025-02-24,23,98,5,0,True,22346,0.004385572361943972
validation,2025-02-24,24,82,22,0,True,22346,0.003669560547749038
validation,2025-02-24,25,323,23,0,True,22346,0.014454488499060234
validation,2025-02-24,26,154,26,1,True,22346,0.006891613711626242
validation,2025-02-24,27,28,14,0,True,22346,0.0012530206748411349
validation,2025-02-24,28,93,22,0,True,22346,0.004161818670008055
validation,2025-02-24,29,192,26,7,True,22346,0.00859214177033921
validation,2025-02-24,30,416,95,0,True,22346,0.01861630716906829
validation,2025-02-24,31,318,12,0,True,22346,0.014230734807124317
validation,2025-02-24,32,54,11,0,True,22346,0.002416539872907903
validation,2025-02-24,33,21,3,0,True,22346,0.0009397655061308512
validation,2025-02-24,34,46,2,0,True,22346,0.002058533965810436
validation,2025-02-24,35,2,2,0,True,22346,8.950147677436678e-05
validation,2025-02-24,36,824,386,0,True,22346,0.03687460843103911
validation,2025-02-24,37,28,2,0,True,22346,0.0012530206748411349
validation,2025-02-24,38,216,33,4,True,22346,0.009666159491631613
validation,2025-02-24,39,119,58,2,True,22346,0.005325337868074823
validation,2025-03-03,0,14,5,0,True,23936,0.0005848930481283422
validation,2025-03-03,1,120,14,0,True,23936,0.005013368983957219
validation,2025-03-03,2,402,31,0,True,23936,0.016794786096256686
validation,2025-03-03,3,3464,430,1,True,23936,0.1447192513368984
validation,2025-03-03,4,162,9,0,True,23936,0.006768048128342246
validation,2025-03-03,5,306,10,0,True,23936,0.01278409090909091
validation,2025-03-03,6,179,12,1,True,23936,0.007478275401069519
validation,2025-03-03,7,259,31,0,True,23936,0.010820521390374331
validation,2025-03-03,8,1875,1748,3,True,23936,0.07833389037433156
validation,2025-03-03,9,13,3,0,True,23936,0.0005431149732620321
validation,2025-03-03,10,244,16,1,True,23936,0.01019385026737968
validation,2025-03-03,11,1266,759,4,True,23936,0.052891042780748666
validation,2025-03-03,12,1548,1334,16,True,23936,0.06467245989304812
validation,2025-03-03,13,1784,1106,25,True,23936,0.07453208556149733
validation,2025-03-03,14,6328,3971,7,True,23936,0.26437165775401067
validation,2025-03-03,15,38,2,0,True,23936,0.0015875668449197862
validation,2025-03-03,16,172,12,0,True,23936,0.007185828877005348
validation,2025-03-03,17,580,250,75,True,23936,0.024231283422459893
validation,2025-03-03,18,69,17,2,True,23936,0.002882687165775401
validation,2025-03-03,19,1792,563,0,True,23936,0.0748663101604278
validation,2025-03-03,20,11,5,0,True,23936,0.00045955882352941176
validation,2025-03-03,21,79,5,0,True,23936,0.003300467914438503
validation,2025-03-03,22,177,17,0,True,23936,0.0073947192513368985
validation,2025-03-03,23,142,11,0,True,23936,0.005932486631016043
validation,2025-03-03,24,97,22,0,True,23936,0.004052473262032085
validation,2025-03-03,25,254,13,0,True,23936,0.010611631016042782
validation,2025-03-03,26,144,16,0,True,23936,0.006016042780748663
validation,2025-03-03,27,42,18,0,True,23936,0.0017546791443850268
validation,2025-03-03,28,71,15,0,True,23936,0.0029662433155080215
validation,2025-03-03,29,247,30,11,True,23936,0.01031918449197861
validation,2025-03-03,30,455,95,0,True,23936,0.019009024064171123
validation,2025-03-03,31,294,9,0,True,23936,0.012282754010695188
validation,2025-03-03,32,55,14,2,True,23936,0.002297794117647059
validation,2025-03-03,33,21,7,0,True,23936,0.0008773395721925134
validation,2025-03-03,34,61,1,0,True,23936,0.00254846256684492
validation,2025-03-03,35,14,2,0,True,23936,0.0005848930481283422
validation,2025-03-03,36,764,315,0,True,23936,0.031918449197860965
validation,2025-03-03,37,27,3,0,True,23936,0.0011280080213903743
validation,2025-03-03,38,261,34,3,True,23936,0.010904077540106952
validation,2025-03-03,39,105,44,0,True,23936,0.004386697860962567
validation,2025-03-10,0,0,0,0,True,26061,0.0
validation,2025-03-10,1,81,22,0,True,26061,0.003108092552089329
validation,2025-03-10,2,625,27,0,True,26061,0.023982195617973216
validation,2025-03-10,3,3709,380,0,True,26061,0.14231994167530027
validation,2025-03-10,4,138,27,0,True,26061,0.005295268792448486
validation,2025-03-10,5,269,12,0,True,26061,0.010321936993975673
validation,2025-03-10,6,194,17,0,True,26061,0.0074440735198188866
validation,2025-03-10,7,303,40,0,True,26061,0.011626568435593416
validation,2025-03-10,8,1860,1747,3,True,26061,0.0713710141590883
validation,2025-03-10,9,19,4,0,True,26061,0.0007290587467863858
validation,2025-03-10,10,186,16,1,True,26061,0.007137101415908829
validation,2025-03-10,11,1569,851,3,True,26061,0.060204903879359964
validation,2025-03-10,12,1766,1510,8,True,26061,0.06776409193814512
validation,2025-03-10,13,2305,1625,24,True,26061,0.08844633743908523
validation,2025-03-10,14,6720,4109,17,True,26061,0.257856567284448
validation,2025-03-10,15,15,2,0,True,26061,0.0005755726948313572
validation,2025-03-10,16,181,18,0,True,26061,0.0069452438509650435
validation,2025-03-10,17,638,336,74,True,26061,0.02448102528682706
validation,2025-03-10,18,66,12,1,True,26061,0.0025325198572579716
validation,2025-03-10,19,1478,540,1,True,26061,0.056713096197383066
validation,2025-03-10,20,12,6,0,True,26061,0.0004604581558650858
validation,2025-03-10,21,77,6,0,True,26061,0.0029546065001343
validation,2025-03-10,22,214,23,1,True,26061,0.00821150377959403
validation,2025-03-10,23,144,15,0,True,26061,0.005525497870381029
validation,2025-03-10,24,152,25,0,True,26061,0.005832469974291086
validation,2025-03-10,25,256,21,0,True,26061,0.00982310732512183
validation,2025-03-10,26,151,22,1,True,26061,0.005794098461302329
validation,2025-03-10,27,25,13,0,True,26061,0.0009592878247189286
validation,2025-03-10,28,90,15,0,True,26061,0.003453436168988143
validation,2025-03-10,29,202,22,10,True,26061,0.007751045623728943
validation,2025-03-10,30,370,89,0,True,26061,0.014197459805840144
validation,2025-03-10,31,336,11,0,True,26061,0.0128928283642224
validation,2025-03-10,32,40,15,1,True,26061,0.001534860519550286
validation,2025-03-10,33,21,4,0,True,26061,0.0008058017727639
validation,2025-03-10,34,66,1,0,True,26061,0.0025325198572579716
validation,2025-03-10,35,12,2,0,True,26061,0.0004604581558650858
validation,2025-03-10,36,1392,810,0,True,26061,0.05341314608034995
validation,2025-03-10,37,39,5,0,True,26061,0.0014964890065615288
validation,2025-03-10,38,244,32,2,True,26061,0.009362649169256743
validation,2025-03-10,39,96,33,0,True,26061,0.003683665246920686
validation,2025-03-17,0,3,1,0,True,24172,0.00012411054112195928
validation,2025-03-17,1,63,9,0,True,24172,0.002606321363561145
validation,2025-03-17,2,570,20,0,True,24172,0.023581002813172266
validation,2025-03-17,3,2797,348,0,True,24172,0.11571239450604004
validation,2025-03-17,4,156,23,0,True,24172,0.0064537481383418836
validation,2025-03-17,5,259,14,0,True,24172,0.010714876716862486
validation,2025-03-17,6,320,34,0,True,24172,0.013238457719675658
validation,2025-03-17,7,163,23,0,True,24172,0.006743339400959788
validation,2025-03-17,8,1995,1761,0,True,24172,0.08253350984610293
validation,2025-03-17,9,15,6,0,True,24172,0.0006205527056097964
validation,2025-03-17,10,193,10,0,True,24172,0.007984444812179381
validation,2025-03-17,11,1344,737,1,True,24172,0.055601522422637766
validation,2025-03-17,12,1727,1492,26,True,24172,0.07144630150587457
validation,2025-03-17,13,2093,1383,15,True,24172,0.0865877875227536
validation,2025-03-17,14,6403,4062,13,True,24172,0.2648932649346351
validation,2025-03-17,15,30,2,0,True,24172,0.0012411054112195928
validation,2025-03-17,16,204,18,0,True,24172,0.008439516796293232
validation,2025-03-17,17,519,277,42,True,24172,0.021471123614098957
validation,2025-03-17,18,75,24,0,True,24172,0.0031027635280489823
validation,2025-03-17,19,1302,458,0,True,24172,0.05386397484693033
validation,2025-03-17,20,10,4,0,True,24172,0.0004137018037398643
validation,2025-03-17,21,143,9,0,True,24172,0.005915935793480059
validation,2025-03-17,22,325,36,4,True,24172,0.01344530862154559
validation,2025-03-17,23,187,6,0,True,24172,0.007736223729935462
validation,2025-03-17,24,238,19,0,True,24172,0.00984610292900877
validation,2025-03-17,25,271,25,0,True,24172,0.011211318881350322
validation,2025-03-17,26,114,13,2,True,24172,0.004716200562634453
validation,2025-03-17,27,33,16,0,True,24172,0.001365215952341552
validation,2025-03-17,28,88,12,0,True,24172,0.0036405758729108058
validation,2025-03-17,29,422,36,32,True,24172,0.017458216117822275
validation,2025-03-17,30,377,74,0,True,24172,0.015596558000992885
validation,2025-03-17,31,322,9,0,True,24172,0.01332119808042363
validation,2025-03-17,32,45,16,1,True,24172,0.0018616581168293895
validation,2025-03-17,33,16,5,0,True,24172,0.0006619228859837829
validation,2025-03-17,34,52,1,0,True,24172,0.0021512493794472944
validation,2025-03-17,35,10,2,0,True,24172,0.0004137018037398643
validation,2025-03-17,36,951,465,0,True,24172,0.039343041535661094
validation,2025-03-17,37,22,4,0,True,24172,0.0009101439682277014
validation,2025-03-17,38,179,23,1,True,24172,0.0074052622869435715
validation,2025-03-17,39,136,57,0,True,24172,0.005626344530862155
validation,2025-03-24,0,8,4,0,True,23032,0.0003473428273706148
validation,2025-03-24,1,80,12,0,True,23032,0.0034734282737061478
validation,2025-03-24,2,622,20,0,True,23032,0.0270059048280653
validation,2025-03-24,3,2806,271,1,True,23032,0.12183049670024314
validation,2025-03-24,4,106,25,0,True,23032,0.004602292462660646
validation,2025-03-24,5,193,12,0,True,23032,0.008379645710316082
validation,2025-03-24,6,267,23,0,True,23032,0.01159256686349427
validation,2025-03-24,7,222,20,0,True,23032,0.009638763459534561
validation,2025-03-24,8,1801,1658,3,True,23032,0.07819555401180965
validation,2025-03-24,9,29,7,0,True,23032,0.0012591177492184786
validation,2025-03-24,10,129,10,1,True,23032,0.005600903091351164
validation,2025-03-24,11,1452,846,4,True,23032,0.06304272316776659
validation,2025-03-24,12,1647,1431,7,True,23032,0.07150920458492532
validation,2025-03-24,13,1777,1229,36,True,23032,0.07715352552969781
validation,2025-03-24,14,6264,3754,11,True,23032,0.2719694338311914
validation,2025-03-24,15,31,3,0,True,23032,0.0013459534560611324
validation,2025-03-24,16,223,16,0,True,23032,0.009682181312955887
validation,2025-03-24,17,493,210,23,True,23032,0.021405001736714138
validation,2025-03-24,18,68,23,2,True,23032,0.002952414032650226
validation,2025-03-24,19,1199,475,0,True,23032,0.05205800625217089
validation,2025-03-24,20,19,5,0,True,23032,0.0008249392150052102
validation,2025-03-24,21,100,8,0,True,23032,0.004341785342132685
validation,2025-03-24,22,259,24,0,True,23032,0.011245224036123654
validation,2025-03-24,23,168,10,0,True,23032,0.007294199374782911
validation,2025-03-24,24,168,23,0,True,23032,0.007294199374782911
validation,2025-03-24,25,289,17,2,True,23032,0.01254775963876346
validation,2025-03-24,26,145,15,0,True,23032,0.006295588746092393
validation,2025-03-24,27,41,19,0,True,23032,0.0017801319902744008
validation,2025-03-24,28,201,17,0,True,23032,0.008726988537686697
validation,2025-03-24,29,356,17,29,True,23032,0.015456755817992359
validation,2025-03-24,30,318,89,0,True,23032,0.013806877387981939
validation,2025-03-24,31,282,16,0,True,23032,0.012243834664814171
validation,2025-03-24,32,43,17,0,True,23032,0.0018669676971170546
validation,2025-03-24,33,25,5,0,True,23032,0.0010854463355331712
validation,2025-03-24,34,102,2,0,True,23032,0.004428621048975338
validation,2025-03-24,35,9,1,0,True,23032,0.0003907606807919416
validation,2025-03-24,36,666,328,1,True,23032,0.02891629037860368
validation,2025-03-24,37,62,9,1,True,23032,0.002691906912122265
validation,2025-03-24,38,189,24,1,True,23032,0.008205974296630775
validation,2025-03-24,39,173,49,0,True,23032,0.007511288641889545
validation,2025-03-31,0,0,0,0,True,23586,0.0
validation,2025-03-31,1,158,12,0,True,23586,0.00669888917154244
validation,2025-03-31,2,504,25,0,True,23586,0.021368608496565758
validation,2025-03-31,3,3152,315,0,True,23586,0.13363859916899856
validation,2025-03-31,4,132,22,0,True,23586,0.005596540320529127
validation,2025-03-31,5,272,12,0,True,23586,0.011532264902908505
validation,2025-03-31,6,245,25,0,True,23586,0.01038751801916391
validation,2025-03-31,7,183,19,0,True,23586,0.007758839989824472
validation,2025-03-31,8,1875,1774,0,True,23586,0.07949631137115237
validation,2025-03-31,9,8,3,0,True,23586,0.00033918426185025017
validation,2025-03-31,10,214,9,0,True,23586,0.009073179004494192
validation,2025-03-31,11,1362,750,2,True,23586,0.05774612058000509
validation,2025-03-31,12,1637,1434,6,True,23586,0.06940557958110743
validation,2025-03-31,13,1936,1177,32,True,23586,0.08208259136776054
validation,2025-03-31,14,6333,3678,11,True,23586,0.26850674128720425
validation,2025-03-31,15,24,2,0,True,23586,0.0010175527855507504
validation,2025-03-31,16,179,11,0,True,23586,0.007589247858899347
validation,2025-03-31,17,527,200,56,True,23586,0.022343763249385227
validation,2025-03-31,18,64,19,0,True,23586,0.0027134740948020013
validation,2025-03-31,19,1295,472,2,True,23586,0.054905452387009245
validation,2025-03-31,20,11,3,0,True,23586,0.00046637836004409397
validation,2025-03-31,21,115,8,0,True,23586,0.004875773764097346
validation,2025-03-31,22,198,23,0,True,23586,0.00839481048079369
validation,2025-03-31,23,142,11,0,True,23586,0.00602052064784194
validation,2025-03-31,24,91,20,0,True,23586,0.0038582209785465956
validation,2025-03-31,25,244,16,0,True,23586,0.01034511998643263
validation,2025-03-31,26,86,17,0,True,23586,0.003646230814890189
validation,2025-03-31,27,37,13,0,True,23586,0.001568727211057407
validation,2025-03-31,28,253,20,2,True,23586,0.010726702281014161
validation,2025-03-31,29,285,26,27,True,23586,0.012083439328415161
validation,2025-03-31,30,385,102,0,True,23586,0.01632324260154329
validation,2025-03-31,31,365,7,0,True,23586,0.015475281946917663
validation,2025-03-31,32,35,11,0,True,23586,0.0014839311455948443
validation,2025-03-31,33,18,2,0,True,23586,0.0007631645891630628
validation,2025-03-31,34,50,2,0,True,23586,0.0021199016365640636
validation,2025-03-31,35,11,1,0,True,23586,0.00046637836004409397
validation,2025-03-31,36,800,375,0,True,23586,0.03391842618502502
validation,2025-03-31,37,29,3,0,True,23586,0.0012295429492071568
validation,2025-03-31,38,181,24,0,True,23586,0.007674043924361909
validation,2025-03-31,39,150,47,0,True,23586,0.00635970490969219
validation,2025-04-07,0,0,0,0,True,24630,0.0
validation,2025-04-07,1,200,16,0,True,24630,0.008120178643930167
validation,2025-04-07,2,480,28,0,True,24630,0.0194884287454324
validation,2025-04-07,3,3059,323,0,True,24630,0.1241981323589119
validation,2025-04-07,4,197,39,0,True,24630,0.007998375964271214
validation,2025-04-07,5,262,13,0,True,24630,0.010637434023548518
validation,2025-04-07,6,245,21,0,True,24630,0.009947218838814454
validation,2025-04-07,7,241,23,0,True,24630,0.00978481526593585
validation,2025-04-07,8,1887,1742,4,True,24630,0.07661388550548112
validation,2025-04-07,9,9,2,0,True,24630,0.0003654080389768575
validation,2025-04-07,10,220,12,1,True,24630,0.008932196508323184
validation,2025-04-07,11,1465,780,5,True,24630,0.059480308566788466
validation,2025-04-07,12,1560,1322,8,True,24630,0.06333739342265529
validation,2025-04-07,13,2096,1323,35,True,24630,0.08509947218838815
validation,2025-04-07,14,6977,4046,13,True,24630,0.2832724319935039
validation,2025-04-07,15,40,2,0,True,24630,0.0016240357287860333
validation,2025-04-07,16,204,15,0,True,24630,0.008282582216808769
validation,2025-04-07,17,522,217,38,True,24630,0.021193666260657735
validation,2025-04-07,18,110,23,0,True,24630,0.004466098254161592
validation,2025-04-07,19,1318,512,0,True,24630,0.053511977263499794
validation,2025-04-07,20,13,5,0,True,24630,0.0005278116118554608
validation,2025-04-07,21,134,8,0,True,24630,0.0054405196914332115
validation,2025-04-07,22,239,14,2,True,24630,0.009703613479496548
validation,2025-04-07,23,155,8,0,True,24630,0.006293138449045879
validation,2025-04-07,24,100,19,0,True,24630,0.004060089321965083
validation,2025-04-07,25,217,17,0,True,24630,0.00881039382866423
validation,2025-04-07,26,147,16,0,True,24630,0.005968331303288672
validation,2025-04-07,27,11,8,0,True,24630,0.00044660982541615913
validation,2025-04-07,28,208,19,0,True,24630,0.008444985789687373
validation,2025-04-07,29,281,20,13,True,24630,0.011408850994721885
validation,2025-04-07,30,399,85,0,True,24630,0.01619975639464068
validation,2025-04-07,31,336,12,0,True,24630,0.01364190012180268
validation,2025-04-07,32,41,13,2,True,24630,0.001664636622005684
validation,2025-04-07,33,20,3,0,True,24630,0.0008120178643930166
validation,2025-04-07,34,52,1,0,True,24630,0.0021112464474218433
validation,2025-04-07,35,7,1,0,True,24630,0.0002842062525375558
validation,2025-04-07,36,813,380,2,True,24630,0.033008526187576125
validation,2025-04-07,37,49,4,0,True,24630,0.0019894437677628906
validation,2025-04-07,38,138,19,0,True,24630,0.005602923264311815
validation,2025-04-07,39,178,51,0,True,24630,0.007226958993097848
validation,2025-04-14,0,2,1,0,True,24059,8.312897460409825e-05
validation,2025-04-14,1,345,17,0,True,24059,0.01433974811920695
validation,2025-04-14,2,602,22,0,True,24059,0.025021821355833578
validation,2025-04-14,3,2820,271,1,True,24059,0.11721185419177854
validation,2025-04-14,4,208,40,0,True,24059,0.008645413358826218
validation,2025-04-14,5,277,11,0,True,24059,0.011513362982667608
validation,2025-04-14,6,268,20,0,True,24059,0.011139282596949166
validation,2025-04-14,7,201,27,0,True,24059,0.008354461947711875
validation,2025-04-14,8,1857,1728,0,True,24059,0.07718525291990523
validation,2025-04-14,9,19,4,0,True,24059,0.0007897252587389335
validation,2025-04-14,10,274,18,0,True,24059,0.01138866952076146
validation,2025-04-14,11,1389,673,2,True,24059,0.05773307286254624
validation,2025-04-14,12,1417,1255,1,True,24059,0.05889687850700362
validation,2025-04-14,13,2105,1359,23,True,24059,0.08749324577081341
validation,2025-04-14,14,6784,3908,3,True,24059,0.2819734818571013
validation,2025-04-14,15,35,3,0,True,24059,0.0014547570555717194
validation,2025-04-14,16,197,11,0,True,24059,0.008188203998503679
validation,2025-04-14,17,486,200,176,True,24059,0.020200340828795876
validation,2025-04-14,18,120,25,0,True,24059,0.004987738476245895
validation,2025-04-14,19,1260,492,0,True,24059,0.0523712540005819
validation,2025-04-14,20,9,5,0,True,24059,0.00037408038571844215
validation,2025-04-14,21,97,5,0,True,24059,0.004031755268298766
validation,2025-04-14,22,286,20,2,True,24059,0.01188744336838605
validation,2025-04-14,23,145,5,0,True,24059,0.006026850658797124
validation,2025-04-14,24,71,22,0,True,24059,0.0029510785984454883
validation,2025-04-14,25,121,18,0,True,24059,0.005029302963547945
validation,2025-04-14,26,124,17,2,True,24059,0.005153996425454092
validation,2025-04-14,27,19,9,0,True,24059,0.0007897252587389335
validation,2025-04-14,28,209,18,0,True,24059,0.008686977846128268
validation,2025-04-14,29,376,22,54,True,24059,0.015628247225570473
validation,2025-04-14,30,416,86,0,True,24059,0.017290826717652436
validation,2025-04-14,31,321,8,0,True,24059,0.01334220042395777
validation,2025-04-14,32,23,9,1,True,24059,0.00095598320794713
validation,2025-04-14,33,9,1,0,True,24059,0.00037408038571844215
validation,2025-04-14,34,6,1,0,True,24059,0.00024938692381229477
validation,2025-04-14,35,10,2,0,True,24059,0.0004156448730204913
validation,2025-04-14,36,819,378,4,True,24059,0.034041315100378236
validation,2025-04-14,37,36,5,0,True,24059,0.0014963215428737686
validation,2025-04-14,38,139,17,0,True,24059,0.005777463734984829
validation,2025-04-14,39,157,45,0,True,24059,0.006525624506421713
validation,2025-04-21,0,2,2,0,True,24459,8.176949180260845e-05
validation,2025-04-21,1,182,18,0,True,24459,0.007441023754037369
validation,2025-04-21,2,606,33,0,True,24459,0.02477615601619036
validation,2025-04-21,3,2803,312,0,True,24459,0.11459994276135574
validation,2025-04-21,4,150,27,1,True,24459,0.006132711885195634
validation,2025-04-21,5,299,15,0,True,24459,0.012224539024489963
validation,2025-04-21,6,209,18,0,True,24459,0.008544911893372583
validation,2025-04-21,7,291,28,0,True,24459,0.011897461057279528
validation,2025-04-21,8,1951,1765,1,True,24459,0.07976613925344454
validation,2025-04-21,9,9,3,0,True,24459,0.000367962713111738
validation,2025-04-21,10,243,14,1,True,24459,0.009934993254016927
validation,2025-04-21,11,1356,742,2,True,24459,0.055439715442168525
validation,2025-04-21,12,1760,1497,0,True,24459,0.07195715278629543
validation,2025-04-21,13,2306,1344,26,True,24459,0.09428022404840754
validation,2025-04-21,14,6398,3821,7,True,24459,0.26158060427654445
validation,2025-04-21,15,41,3,0,True,24459,0.0016762745819534732
validation,2025-04-21,16,254,20,0,True,24459,0.010384725458931272
validation,2025-04-21,17,460,230,87,True,24459,0.018806983114599943
validation,2025-04-21,18,59,19,1,True,24459,0.0024122000081769493
validation,2025-04-21,19,1384,455,0,True,24459,0.05658448832740504
validation,2025-04-21,20,8,2,0,True,24459,0.0003270779672104338
validation,2025-04-21,21,76,5,0,True,24459,0.003107240688499121
validation,2025-04-21,22,262,23,1,True,24459,0.010711803426141706
validation,2025-04-21,23,136,12,0,True,24459,0.0055603254425773746
validation,2025-04-21,24,154,23,0,True,24459,0.0062962508688008505
validation,2025-04-21,25,133,20,0,True,24459,0.005437671204873462
validation,2025-04-21,26,130,18,3,True,24459,0.005315016967169549
validation,2025-04-21,27,28,13,0,True,24459,0.0011447728852365183
validation,2025-04-21,28,152,13,0,True,24459,0.006214481376998242
validation,2025-04-21,29,323,21,48,True,24459,0.013205772926121264
validation,2025-04-21,30,523,98,0,True,24459,0.021382722106382108
validation,2025-04-21,31,388,13,0,True,24459,0.01586328140970604
validation,2025-04-21,32,69,17,1,True,24459,0.0028210474671899913
validation,2025-04-21,33,14,3,0,True,24459,0.0005723864426182591
validation,2025-04-21,34,13,2,0,True,24459,0.0005315016967169549
validation,2025-04-21,35,4,1,0,True,24459,0.0001635389836052169
validation,2025-04-21,36,857,412,0,True,24459,0.03503822723741772
validation,2025-04-21,37,59,4,0,True,24459,0.0024122000081769493
validation,2025-04-21,38,135,23,0,True,24459,0.005519440696676071
validation,2025-04-21,39,232,47,0,True,24459,0.00948526104910258
validation,2025-04-28,0,1,1,0,True,23828,4.1967433271781096e-05
validation,2025-04-28,1,230,23,0,True,23828,0.009652509652509652
validation,2025-04-28,2,467,43,1,True,23828,0.01959879133792177
validation,2025-04-28,3,2978,308,0,True,23828,0.12497901628336411
validation,2025-04-28,4,76,16,0,True,23828,0.0031895249286553636
validation,2025-04-28,5,249,13,0,True,23828,0.010449890884673494
validation,2025-04-28,6,203,20,0,True,23828,0.008519388954171562
validation,2025-04-28,7,236,26,0,True,23828,0.009904314252140339
validation,2025-04-28,8,1979,1780,0,True,23828,0.0830535504448548
validation,2025-04-28,9,14,3,0,True,23828,0.0005875440658049354
validation,2025-04-28,10,225,13,0,True,23828,0.009442672486150747
validation,2025-04-28,11,1296,711,3,True,23828,0.054389793520228304
validation,2025-04-28,12,1769,1500,2,True,23828,0.07424038945778076
validation,2025-04-28,13,2147,1326,44,True,23828,0.09010407923451402
validation,2025-04-28,14,6753,4030,23,True,23828,0.2834060768843378
validation,2025-04-28,15,45,3,0,True,23828,0.0018885344972301495
validation,2025-04-28,16,237,20,0,True,23828,0.00994628168541212
validation,2025-04-28,17,400,181,85,True,23828,0.016786973308712438
validation,2025-04-28,18,64,15,0,True,23828,0.00268591572939399
validation,2025-04-28,19,1244,436,0,True,23828,0.05220748699009568
validation,2025-04-28,20,13,2,0,True,23828,0.0005455766325331543
validation,2025-04-28,21,73,5,0,True,23828,0.00306362262884002
validation,2025-04-28,22,204,14,1,True,23828,0.008561356387443344
validation,2025-04-28,23,149,15,0,True,23828,0.006253147557495384
validation,2025-04-28,24,78,13,0,True,23828,0.0032734597951989256
validation,2025-04-28,25,86,15,1,True,23828,0.0036091992613731744
validation,2025-04-28,26,99,13,1,True,23828,0.004154775893906329
validation,2025-04-28,27,33,14,0,True,23828,0.0013849252979687761
validation,2025-04-28,28,172,17,0,True,23828,0.007218398522746349
validation,2025-04-28,29,331,14,57,True,23828,0.013891220412959543
validation,2025-04-28,30,399,76,0,True,23828,0.016745005875440658
validation,2025-04-28,31,284,13,0,True,23828,0.011918751049185832
validation,2025-04-28,32,42,11,1,True,23828,0.0017626321974148062
validation,2025-04-28,33,9,2,0,True,23828,0.00037770689944602987
validation,2025-04-28,34,5,2,0,True,23828,0.00020983716635890548
validation,2025-04-28,35,3,1,0,True,23828,0.0001259022998153433
validation,2025-04-28,36,985,443,0,True,23828,0.04133792177270438
validation,2025-04-28,37,45,7,0,True,23828,0.0018885344972301495
validation,2025-04-28,38,111,27,3,True,23828,0.004658385093167702
validation,2025-04-28,39,94,25,0,True,23828,0.003944938727547424
validation,2025-05-05,0,0,0,0,True,24059,0.0
validation,2025-05-05,1,194,19,0,True,24059,0.008063510536597531
validation,2025-05-05,2,502,38,1,True,24059,0.020865372625628664
validation,2025-05-05,3,3211,317,0,True,24059,0.13346356872687976
validation,2025-05-05,4,99,25,0,True,24059,0.004114884242902864
validation,2025-05-05,5,282,18,0,True,24059,0.011721185419177854
validation,2025-05-05,6,160,19,0,True,24059,0.006650317968327861
validation,2025-05-05,7,283,41,0,True,24059,0.011762749906479903
validation,2025-05-05,8,2073,1785,1,True,24059,0.08616318217714784
validation,2025-05-05,9,2,1,0,True,24059,8.312897460409825e-05
validation,2025-05-05,10,195,11,3,True,24059,0.00810507502389958
validation,2025-05-05,11,1188,702,8,True,24059,0.049378610914834364
validation,2025-05-05,12,1722,1534,2,True,24059,0.0715740471341286
validation,2025-05-05,13,2143,1352,55,True,24059,0.08907269628829129
validation,2025-05-05,14,6568,4016,101,True,24059,0.2729955525998587
validation,2025-05-05,15,24,3,0,True,24059,0.000997547695249179
validation,2025-05-05,16,176,14,0,True,24059,0.007315349765160647
validation,2025-05-05,17,334,200,16,True,24059,0.01388253875888441
validation,2025-05-05,18,85,20,0,True,24059,0.003532981420674176
validation,2025-05-05,19,1518,498,0,True,24059,0.06309489172451058
validation,2025-05-05,20,15,4,0,True,24059,0.0006234673095307369
validation,2025-05-05,21,89,4,0,True,24059,0.0036992393698823726
validation,2025-05-05,22,201,15,0,True,24059,0.008354461947711875
validation,2025-05-05,23,146,21,0,True,24059,0.0060684151460991724
validation,2025-05-05,24,155,29,0,True,24059,0.0064424955318176155
validation,2025-05-05,25,123,10,0,True,24059,0.005112431938152043
validation,2025-05-05,26,98,29,1,True,24059,0.004073319755600814
validation,2025-05-05,27,30,16,0,True,24059,0.0012469346190614738
validation,2025-05-05,28,149,19,0,True,24059,0.00619310860800532
validation,2025-05-05,29,367,24,56,True,24059,0.015254166839852031
validation,2025-05-05,30,401,96,0,True,24059,0.0166673594081217
validation,2025-05-05,31,288,10,0,True,24059,0.011970572342990149
validation,2025-05-05,32,28,8,0,True,24059,0.0011638056444573757
validation,2025-05-05,33,9,1,0,True,24059,0.00037408038571844215
validation,2025-05-05,34,4,1,0,True,24059,0.0001662579492081965
validation,2025-05-05,35,8,1,0,True,24059,0.000332515898416393
validation,2025-05-05,36,879,401,0,True,24059,0.036535184338501184
validation,2025-05-05,37,76,6,0,True,24059,0.003158901034955734
validation,2025-05-05,38,113,12,0,True,24059,0.004696787065131551
validation,2025-05-05,39,121,37,0,True,24059,0.005029302963547945
validation,2025-05-12,0,7,3,0,True,24214,0.00028908895680185016
validation,2025-05-12,1,321,11,0,True,24214,0.013256793590484843
validation,2025-05-12,2,457,31,0,True,24214,0.01887337903692079
validation,2025-05-12,3,2669,218,0,True,24214,0.11022548938630544
validation,2025-05-12,4,99,15,0,True,24214,0.0040885438176261665
validation,2025-05-12,5,187,9,0,True,24214,0.007722804988849426
validation,2025-05-12,6,135,12,0,True,24214,0.005575287024035682
validation,2025-05-12,7,167,29,0,True,24214,0.006896836540844139
validation,2025-05-12,8,2206,1823,0,True,24214,0.09110431981498307
validation,2025-05-12,9,7,4,0,True,24214,0.00028908895680185016
validation,2025-05-12,10,243,17,2,True,24214,0.010035516643264228
validation,2025-05-12,11,1464,794,1,True,24214,0.06046089039398695
validation,2025-05-12,12,1805,1610,4,True,24214,0.07454365243247708
validation,2025-05-12,13,2197,1468,37,True,24214,0.09073263401338069
validation,2025-05-12,14,6911,4041,171,True,24214,0.28541339720822667
validation,2025-05-12,15,30,4,0,True,24214,0.0012389526720079293
validation,2025-05-12,16,160,15,0,True,24214,0.00660774758404229
validation,2025-05-12,17,479,231,72,True,24214,0.019781944329726603
validation,2025-05-12,18,46,11,0,True,24214,0.0018997274304121583
validation,2025-05-12,19,1561,559,0,True,24214,0.0644668373668126
validation,2025-05-12,20,6,2,0,True,24214,0.0002477905344015859
validation,2025-05-12,21,70,5,0,True,24214,0.002890889568018502
validation,2025-05-12,22,162,19,4,True,24214,0.006690344428842818
validation,2025-05-12,23,151,16,0,True,24214,0.006236061782439911
validation,2025-05-12,24,121,36,0,True,24214,0.004997109110431982
validation,2025-05-12,25,66,12,0,True,24214,0.0027256958784174445
validation,2025-05-12,26,103,16,3,True,24214,0.004253737507227224
validation,2025-05-12,27,41,10,0,True,24214,0.0016932353184108367
validation,2025-05-12,28,222,17,0,True,24214,0.009168249772858676
validation,2025-05-12,29,285,23,47,True,24214,0.011770050384075328
validation,2025-05-12,30,440,124,0,True,24214,0.018171305856116298
validation,2025-05-12,31,309,13,0,True,24214,0.012761212521681671
validation,2025-05-12,32,20,7,0,True,24214,0.0008259684480052862
validation,2025-05-12,33,4,2,0,True,24214,0.00016519368960105725
validation,2025-05-12,34,1,1,0,True,24214,4.129842240026431e-05
validation,2025-05-12,35,14,2,0,True,24214,0.0005781779136037003
validation,2025-05-12,36,776,359,0,True,24214,0.03204757578260511
validation,2025-05-12,37,36,4,0,True,24214,0.0014867432064095151
validation,2025-05-12,38,140,18,0,True,24214,0.005781779136037004
validation,2025-05-12,39,96,36,0,True,24214,0.003964648550425374
validation,2025-05-19,0,4,3,0,True,24171,0.00016548756774647304
validation,2025-05-19,1,219,12,0,True,24171,0.0090604443341194
validation,2025-05-19,2,552,44,0,True,24171,0.02283728434901328
validation,2025-05-19,3,1347,324,0,True,24171,0.0557279384386248
validation,2025-05-19,4,106,28,0,True,24171,0.004385420545281535
validation,2025-05-19,5,180,17,0,True,24171,0.007446940548591287
validation,2025-05-19,6,167,12,0,True,24171,0.00690910595341525
validation,2025-05-19,7,149,24,0,True,24171,0.006164411898556121
validation,2025-05-19,8,2476,2000,0,True,24171,0.10243680443506682
validation,2025-05-19,9,3,2,0,True,24171,0.00012411567580985477
validation,2025-05-19,10,249,12,2,True,24171,0.010301601092217947
validation,2025-05-19,11,1485,794,1,True,24171,0.06143725952587812
validation,2025-05-19,12,1777,1597,8,True,24171,0.07351785197137065
validation,2025-05-19,13,2180,1340,42,True,24171,0.09019072442182781
validation,2025-05-19,14,7880,4328,118,True,24171,0.3260105084605519
validation,2025-05-19,15,28,3,0,True,24171,0.0011584129742253113
validation,2025-05-19,16,196,16,0,True,24171,0.00810889081957718
validation,2025-05-19,17,405,186,94,True,24171,0.016755616234330396
validation,2025-05-19,18,49,14,0,True,24171,0.002027222704894295
validation,2025-05-19,19,1661,568,1,True,24171,0.06871871250672293
validation,2025-05-19,20,5,2,0,True,24171,0.0002068594596830913
validation,2025-05-19,21,38,4,0,True,24171,0.001572131893591494
validation,2025-05-19,22,200,32,1,True,24171,0.008274378387323653
validation,2025-05-19,23,162,13,0,True,24171,0.006702246493732159
validation,2025-05-19,24,114,31,0,True,24171,0.004716395680774482
validation,2025-05-19,25,74,13,0,True,24171,0.003061520003309751
validation,2025-05-19,26,182,19,2,True,24171,0.007529684332464524
validation,2025-05-19,27,29,17,0,True,24171,0.0011997848661619297
validation,2025-05-19,28,151,12,0,True,24171,0.006247155682429358
validation,2025-05-19,29,372,27,33,True,24171,0.015390343800421993
validation,2025-05-19,30,314,95,0,True,24171,0.012990774068098135
validation,2025-05-19,31,261,10,0,True,24171,0.010798063795457367
validation,2025-05-19,32,47,11,0,True,24171,0.0019444789210210584
validation,2025-05-19,33,5,3,0,True,24171,0.0002068594596830913
validation,2025-05-19,34,1,1,0,True,24171,4.137189193661826e-05
validation,2025-05-19,35,8,1,0,True,24171,0.0003309751354929461
validation,2025-05-19,36,749,326,0,True,24171,0.030987547060527077
validation,2025-05-19,37,46,6,1,True,24171,0.00190310702908444
validation,2025-05-19,38,170,14,0,True,24171,0.007033221629225104
validation,2025-05-19,39,130,51,0,True,24171,0.005378345951760374
validation,2025-05-26,0,2,2,0,True,24541,8.149627154557679e-05
validation,2025-05-26,1,301,18,0,True,24541,0.012265188867609307
validation,2025-05-26,2,495,39,1,True,24541,0.020170327207530255
validation,2025-05-26,3,1128,319,0,True,24541,0.04596389715170531
validation,2025-05-26,4,99,31,0,True,24541,0.004034065441506051
validation,2025-05-26,5,133,12,0,True,24541,0.005419502057780856
validation,2025-05-26,6,192,16,0,True,24541,0.007823642068375372
validation,2025-05-26,7,158,28,0,True,24541,0.006438205452100566
validation,2025-05-26,8,2264,1835,0,True,24541,0.09225377938959292
validation,2025-05-26,9,1,1,0,True,24541,4.0748135772788395e-05
validation,2025-05-26,10,100,14,0,True,24541,0.004074813577278839
validation,2025-05-26,11,1798,989,0,True,24541,0.07326514811947353
validation,2025-05-26,12,1842,1638,6,True,24541,0.07505806609347622
validation,2025-05-26,13,2026,1266,24,True,24541,0.08255572307566929
validation,2025-05-26,14,8777,4633,113,True,24541,0.35764638767776374
validation,2025-05-26,15,31,5,0,True,24541,0.0012631922089564403
validation,2025-05-26,16,165,12,0,True,24541,0.006723442402510085
validation,2025-05-26,17,403,240,42,True,24541,0.016421498716433724
validation,2025-05-26,18,70,16,0,True,24541,0.0028523695040951875
validation,2025-05-26,19,1659,533,0,True,24541,0.06760115724705595
validation,2025-05-26,20,10,4,0,True,24541,0.00040748135772788395
validation,2025-05-26,21,71,4,0,True,24541,0.002893117639867976
validation,2025-05-26,22,243,25,1,True,24541,0.00990179699278758
validation,2025-05-26,23,213,19,0,True,24541,0.008679352919603927
validation,2025-05-26,24,91,27,0,True,24541,0.003708080355323744
validation,2025-05-26,25,82,10,0,True,24541,0.0033413471333686483
validation,2025-05-26,26,197,23,0,True,24541,0.008027382747239313
validation,2025-05-26,27,28,13,0,True,24541,0.0011409478016380752
validation,2025-05-26,28,193,13,0,True,24541,0.00786439020414816
validation,2025-05-26,29,220,24,14,True,24541,0.008964589870013447
validation,2025-05-26,30,247,86,0,True,24541,0.010064789535878733
validation,2025-05-26,31,274,13,0,True,24541,0.011164989201744021
validation,2025-05-26,32,39,15,0,True,24541,0.0015891772951387474
validation,2025-05-26,33,1,1,0,True,24541,4.0748135772788395e-05
validation,2025-05-26,34,0,0,0,True,24541,0.0
validation,2025-05-26,35,5,1,0,True,24541,0.00020374067886394197
validation,2025-05-26,36,634,306,0,True,24541,0.025834318079947842
validation,2025-05-26,37,46,4,0,True,24541,0.0018744142455482662
validation,2025-05-26,38,197,16,2,True,24541,0.008027382747239313
validation,2025-05-26,39,106,45,0,True,24541,0.00431930239191557
validation,2025-06-02,0,1,1,0,True,26597,3.759822536376283e-05
validation,2025-06-02,1,271,13,0,True,26597,0.010189119073579727
validation,2025-06-02,2,437,38,0,True,26597,0.016430424483964357
validation,2025-06-02,3,1425,424,0,True,26597,0.05357747114336203
validation,2025-06-02,4,117,41,0,True,26597,0.004398992367560251
validation,2025-06-02,5,185,16,0,True,26597,0.006955671692296123
validation,2025-06-02,6,152,14,0,True,26597,0.00571493025529195
validation,2025-06-02,7,193,35,0,True,26597,0.007256457495206226
validation,2025-06-02,8,2250,1924,3,True,26597,0.08459600706846637
validation,2025-06-02,9,7,3,0,True,26597,0.0002631875775463398
validation,2025-06-02,10,176,11,0,True,26597,0.0066172876640222585
validation,2025-06-02,11,2327,1239,1,True,26597,0.08749107042147611
validation,2025-06-02,12,1867,1683,8,True,26597,0.0701958867541452
validation,2025-06-02,13,2122,1403,33,True,26597,0.07978343422190473
validation,2025-06-02,14,9684,5098,111,True,26597,0.36410121442267923
validation,2025-06-02,15,30,3,0,True,26597,0.001127946760912885
validation,2025-06-02,16,273,23,0,True,26597,0.010264315524307253
validation,2025-06-02,17,388,166,72,True,26597,0.014588111441139978
validation,2025-06-02,18,48,14,0,True,26597,0.001804714817460616
validation,2025-06-02,19,1883,585,0,True,26597,0.07079745835996541
validation,2025-06-02,20,17,4,0,True,26597,0.0006391698311839681
validation,2025-06-02,21,55,2,0,True,26597,0.0020679023950069555
validation,2025-06-02,22,165,26,0,True,26597,0.006203707185020867
validation,2025-06-02,23,169,15,0,True,26597,0.006354100086475918
validation,2025-06-02,24,98,33,0,True,26597,0.0036846260856487575
validation,2025-06-02,25,77,10,0,True,26597,0.002895063353009738
validation,2025-06-02,26,206,33,0,True,26597,0.007745234424935143
validation,2025-06-02,27,18,12,0,True,26597,0.0006767680565477309
validation,2025-06-02,28,207,14,0,True,26597,0.007782832650298906
validation,2025-06-02,29,202,37,13,True,26597,0.0075948415234800915
validation,2025-06-02,30,348,120,0,True,26597,0.013084182426589465
validation,2025-06-02,31,274,17,0,True,26597,0.010301913749671016
validation,2025-06-02,32,33,15,1,True,26597,0.0012407414370041734
validation,2025-06-02,33,3,2,0,True,26597,0.0001127946760912885
validation,2025-06-02,34,0,0,0,True,26597,0.0
validation,2025-06-02,35,5,1,0,True,26597,0.00018799112681881414
validation,2025-06-02,36,587,293,0,True,26597,0.02207015828852878
validation,2025-06-02,37,37,5,0,True,26597,0.0013911343384592247
validation,2025-06-02,38,179,16,0,True,26597,0.006730082340113547
validation,2025-06-02,39,81,34,0,True,26597,0.0030454562544647893
validation,2025-06-09,0,3,2,0,True,26606,0.00011275652108546944
validation,2025-06-09,1,372,21,0,True,26606,0.013981808614598211
validation,2025-06-09,2,593,30,0,True,26606,0.02228820566789446
validation,2025-06-09,3,1035,347,0,True,26606,0.03890099977448696
validation,2025-06-09,4,99,47,0,True,26606,0.0037209651958204915
validation,2025-06-09,5,130,12,0,True,26606,0.004886115913703676
validation,2025-06-09,6,228,13,0,True,26606,0.008569495602495678
validation,2025-06-09,7,187,33,0,True,26606,0.0070284898143275956
validation,2025-06-09,8,2261,1944,1,True,26606,0.08498083139141548
validation,2025-06-09,9,3,2,0,True,26606,0.00011275652108546944
validation,2025-06-09,10,120,16,0,True,26606,0.004510260843418778
validation,2025-06-09,11,1957,1100,2,True,26606,0.07355483725475456
validation,2025-06-09,12,1679,1482,8,True,26606,0.0631060663008344
validation,2025-06-09,13,2325,1363,25,True,26606,0.08738630384123881
validation,2025-06-09,14,10175,6131,117,True,26606,0.38243253401488386
validation,2025-06-09,15,19,3,0,True,26606,0.0007141246335413064
validation,2025-06-09,16,249,22,0,True,26606,0.009358791250093965
validation,2025-06-09,17,387,196,11,True,26606,0.014545591220025559
validation,2025-06-09,18,93,19,0,True,26606,0.0034954521536495527
validation,2025-06-09,19,1760,532,0,True,26606,0.06615049237014207
validation,2025-06-09,20,13,2,0,True,26606,0.0004886115913703676
validation,2025-06-09,21,35,3,0,True,26606,0.0013154927459971435
validation,2025-06-09,22,192,28,1,True,26606,0.007216417349470044
validation,2025-06-09,23,218,17,0,True,26606,0.00819364053221078
validation,2025-06-09,24,84,30,0,True,26606,0.0031571825903931442
validation,2025-06-09,25,105,11,0,True,26606,0.00394647823799143
validation,2025-06-09,26,185,20,2,True,26606,0.006953318800270615
validation,2025-06-09,27,21,10,0,True,26606,0.0007892956475982861
validation,2025-06-09,28,263,14,0,True,26606,0.00988498834849282
validation,2025-06-09,29,247,27,27,True,26606,0.009283620236036984
validation,2025-06-09,30,301,99,0,True,26606,0.011313237615575435
validation,2025-06-09,31,294,18,0,True,26606,0.011050139066376006
validation,2025-06-09,32,53,24,0,True,26606,0.00199203187250996
validation,2025-06-09,33,1,1,0,True,26606,3.758550702848981e-05
validation,2025-06-09,34,9,2,1,True,26606,0.00033826956325640835
validation,2025-06-09,35,6,1,0,True,26606,0.00022551304217093888
validation,2025-06-09,36,563,264,0,True,26606,0.021160640457039765
validation,2025-06-09,37,18,5,2,True,26606,0.0006765391265128167
validation,2025-06-09,38,230,25,0,True,26606,0.008644666616552657
validation,2025-06-09,39,93,34,0,True,26606,0.0034954521536495527
validation,2025-06-16,0,1,1,0,True,27105,3.689356207341819e-05
validation,2025-06-16,1,174,13,0,True,27105,0.006419479800774765
validation,2025-06-16,2,615,57,0,True,27105,0.022689540675152185
validation,2025-06-16,3,1302,340,0,True,27105,0.04803541781959048
validation,2025-06-16,4,131,38,0,True,27105,0.004833056631617783
validation,2025-06-16,5,257,20,0,True,27105,0.009481645452868474
validation,2025-06-16,6,85,13,0,True,27105,0.003135952776240546
validation,2025-06-16,7,144,62,0,True,27105,0.005312672938572219
validation,2025-06-16,8,2406,1921,0,True,27105,0.08876591034864416
validation,2025-06-16,9,1,1,0,True,27105,3.689356207341819e-05
validation,2025-06-16,10,161,20,0,True,27105,0.0059398634938203285
validation,2025-06-16,11,1928,1144,2,True,27105,0.07113078767755027
validation,2025-06-16,12,1920,1722,7,True,27105,0.07083563918096292
validation,2025-06-16,13,2091,1309,24,True,27105,0.07714443829551743
validation,2025-06-16,14,10738,6351,172,True,27105,0.39616306954436453
validation,2025-06-16,15,20,3,0,True,27105,0.0007378712414683637
validation,2025-06-16,16,146,15,0,True,27105,0.005386460062719056
validation,2025-06-16,17,364,167,5,True,27105,0.01342925659472422
validation,2025-06-16,18,55,16,0,True,27105,0.0020291459140380002
validation,2025-06-16,19,1630,532,0,True,27105,0.060136506179671645
validation,2025-06-16,20,29,5,0,True,27105,0.0010699133001291275
validation,2025-06-16,21,62,6,0,True,27105,0.0022874008485519277
validation,2025-06-16,22,143,27,2,True,27105,0.005275779376498801
validation,2025-06-16,23,122,15,1,True,27105,0.004501014572957019
validation,2025-06-16,24,128,34,0,True,27105,0.0047223759453975285
validation,2025-06-16,25,144,14,0,True,27105,0.005312672938572219
validation,2025-06-16,26,132,23,1,True,27105,0.004869950193691201
validation,2025-06-16,27,18,10,0,True,27105,0.0006640841173215274
validation,2025-06-16,28,115,11,0,True,27105,0.004242759638443091
validation,2025-06-16,29,189,37,22,True,27105,0.0069728832318760375
validation,2025-06-16,30,337,107,0,True,27105,0.012433130418741929
validation,2025-06-16,31,355,24,0,True,27105,0.013097214536063457
validation,2025-06-16,32,75,31,1,True,27105,0.002767017155506364
validation,2025-06-16,33,12,4,0,True,27105,0.00044272274488101824
validation,2025-06-16,34,17,2,0,True,27105,0.0006271905552481092
validation,2025-06-16,35,4,2,0,True,27105,0.00014757424829367277
validation,2025-06-16,36,783,355,0,True,27105,0.02888765910348644
validation,2025-06-16,37,36,5,4,True,27105,0.0013281682346430548
validation,2025-06-16,38,161,21,0,True,27105,0.0059398634938203285
validation,2025-06-16,39,74,33,0,True,27105,0.002730123593432946
validation,2025-06-23,0,18,1,0,True,27010,0.0006664198445020362
validation,2025-06-23,1,193,14,0,True,27010,0.007145501666049612
validation,2025-06-23,2,506,25,0,True,27010,0.01873380229544613
validation,2025-06-23,3,1659,389,6,True,27010,0.06142169566827101
validation,2025-06-23,4,123,32,0,True,27010,0.004553868937430581
validation,2025-06-23,5,302,24,0,True,27010,0.011181044057756386
validation,2025-06-23,6,123,21,0,True,27010,0.004553868937430581
validation,2025-06-23,7,98,34,0,True,27010,0.003628285820066642
validation,2025-06-23,8,2545,1984,0,True,27010,0.09422436134764901
validation,2025-06-23,9,6,4,0,True,27010,0.00022213994816734541
validation,2025-06-23,10,92,16,2,True,27010,0.0034061458718992964
validation,2025-06-23,11,1761,1028,2,True,27010,0.06519807478711588
validation,2025-06-23,12,1811,1637,7,True,27010,0.06704924102184376
validation,2025-06-23,13,2153,1431,36,True,27010,0.07971121806738245
validation,2025-06-23,14,10179,5874,216,True,27010,0.37686042206590153
validation,2025-06-23,15,24,2,0,True,27010,0.0008885597926693817
validation,2025-06-23,16,201,11,0,True,27010,0.007441688263606072
validation,2025-06-23,17,365,177,4,True,27010,0.013513513513513514
validation,2025-06-23,18,55,10,0,True,27010,0.0020362828582006663
validation,2025-06-23,19,1840,616,0,True,27010,0.06812291743798593
validation,2025-06-23,20,16,6,0,True,27010,0.0005923731951129211
validation,2025-06-23,21,44,5,0,True,27010,0.0016290262865605331
validation,2025-06-23,22,116,17,2,True,27010,0.004294705664568678
validation,2025-06-23,23,106,17,2,True,27010,0.003924472417623103
validation,2025-06-23,24,85,31,0,True,27010,0.0031469825990373935
validation,2025-06-23,25,110,17,0,True,27010,0.004072565716401333
validation,2025-06-23,26,186,29,3,True,27010,0.006886338393187709
validation,2025-06-23,27,37,13,0,True,27010,0.0013698630136986301
validation,2025-06-23,28,159,16,0,True,27010,0.005886708626434654
validation,2025-06-23,29,248,30,22,True,27010,0.009181784524250277
validation,2025-06-23,30,302,114,0,True,27010,0.011181044057756386
validation,2025-06-23,31,326,19,0,True,27010,0.012069603850425768
validation,2025-06-23,32,189,34,0,True,27010,0.006997408367271381
validation,2025-06-23,33,15,7,0,True,27010,0.0005553498704183636
validation,2025-06-23,34,0,0,0,True,27010,0.0
validation,2025-06-23,35,11,1,0,True,27010,0.0004072565716401333
validation,2025-06-23,36,764,362,0,True,27010,0.028285820066641983
validation,2025-06-23,37,45,4,4,True,27010,0.0016660496112550908
validation,2025-06-23,38,130,15,1,True,27010,0.004813032210292484
validation,2025-06-23,39,67,33,0,True,27010,0.0024805627545353573
validation,2025-06-30,0,9,3,0,False,3893,0.0023118417672745952
validation,2025-06-30,1,0,0,0,False,3893,0.0
validation,2025-06-30,2,62,8,0,False,3893,0.01592602106344721
validation,2025-06-30,3,299,69,0,False,3893,0.07680452093501156
validation,2025-06-30,4,7,6,0,False,3893,0.0017980991523246853
validation,2025-06-30,5,16,4,0,False,3893,0.004109940919599281
validation,2025-06-30,6,12,4,0,False,3893,0.0030824556896994607
validation,2025-06-30,7,23,9,0,False,3893,0.005908040071923966
validation,2025-06-30,8,382,315,0,False,3893,0.09812483945543282
validation,2025-06-30,9,0,0,0,False,3893,0.0
validation,2025-06-30,10,9,3,0,False,3893,0.0023118417672745952
validation,2025-06-30,11,272,180,0,False,3893,0.06986899563318777
validation,2025-06-30,12,284,246,0,False,3893,0.07295145132288723
validation,2025-06-30,13,288,213,4,False,3893,0.07397893655278705
validation,2025-06-30,14,1596,991,35,False,3893,0.40996660673002827
validation,2025-06-30,15,2,2,0,False,3893,0.0005137426149499101
validation,2025-06-30,16,23,5,0,False,3893,0.005908040071923966
validation,2025-06-30,17,37,20,0,False,3893,0.009504238376573337
validation,2025-06-30,18,6,3,0,False,3893,0.0015412278448497304
validation,2025-06-30,19,216,106,0,False,3893,0.05548420241459029
validation,2025-06-30,20,2,2,0,False,3893,0.0005137426149499101
validation,2025-06-30,21,6,2,0,False,3893,0.0015412278448497304
validation,2025-06-30,22,21,6,0,False,3893,0.005394297456974056
validation,2025-06-30,23,13,4,0,False,3893,0.0033393269971744156
validation,2025-06-30,24,17,9,0,False,3893,0.004366812227074236
validation,2025-06-30,25,8,1,0,False,3893,0.0020549704597996403
validation,2025-06-30,26,27,5,0,False,3893,0.006935525301823786
validation,2025-06-30,27,2,2,0,False,3893,0.0005137426149499101
validation,2025-06-30,28,6,3,0,False,3893,0.0015412278448497304
validation,2025-06-30,29,5,3,0,False,3893,0.0012843565373747753
validation,2025-06-30,30,50,26,0,False,3893,0.012843565373747753
validation,2025-06-30,31,45,10,0,False,3893,0.011559208836372977
validation,2025-06-30,32,31,8,0,False,3893,0.007963010531723606
validation,2025-06-30,33,2,2,0,False,3893,0.0005137426149499101
validation,2025-06-30,34,0,0,0,False,3893,0.0
validation,2025-06-30,35,2,2,0,False,3893,0.0005137426149499101
validation,2025-06-30,36,78,42,0,False,3893,0.020035961983046493
validation,2025-06-30,37,1,1,0,False,3893,0.00025687130747495504
validation,2025-06-30,38,18,9,1,False,3893,0.0046236835345491905
validation,2025-06-30,39,16,6,0,False,3893,0.004109940919599281
