split,week,cluster_id,complaint_count,weekly_total,b1_rolling_13_mean,b1_rolling_13_p025,b1_rolling_13_p10,b1_rolling_13_p25,b1_rolling_13_p50,b1_rolling_13_p75,b1_rolling_13_p90,b1_rolling_13_p975,b1_rolling_13_impossible_probability
calibration,2024-10-07,0,23,18288,18.137,10.0,13.0,15.0,18.0,21.0,24.0,27.0,0.0
calibration,2024-10-07,1,161,18288,104.153,85.0,92.0,97.0,104.0,111.0,117.0,125.02499999999986,0.0
calibration,2024-10-07,2,431,18288,275.31,243.0,254.0,264.0,276.0,287.0,297.0,308.0,0.0
calibration,2024-10-07,3,1314,18288,818.415,765.0,783.0,799.0,818.0,836.0,857.0,874.0,0.0
calibration,2024-10-07,4,148,18288,214.89,186.0,196.0,205.0,215.0,225.0,234.0,244.0,0.0
calibration,2024-10-07,5,217,18288,191.463,166.0,174.0,182.0,191.0,200.0,209.0,218.02499999999986,0.0
calibration,2024-10-07,6,160,18288,169.664,144.0,153.0,161.0,169.0,178.0,186.0,196.02499999999986,0.0
calibration,2024-10-07,7,260,18288,204.729,177.0,187.0,195.0,204.0,215.0,223.0,233.0,0.0
calibration,2024-10-07,8,1475,18288,1514.2505,1436.0,1466.0,1488.0,1513.0,1540.0,1567.0,1593.0249999999999,0.0
calibration,2024-10-07,9,24,18288,44.263,32.0,36.0,40.0,44.0,49.0,53.0,58.0,0.0
calibration,2024-10-07,10,64,18288,160.468,137.0,145.0,152.0,160.0,169.0,177.0,186.02499999999986,0.0
calibration,2024-10-07,11,1270,18288,1520.0735,1444.0,1471.0,1495.0,1521.0,1546.0,1569.0,1594.0,0.0
calibration,2024-10-07,12,1345,18288,1314.5305,1243.975,1268.0,1290.0,1314.5,1340.0,1361.0,1392.0,0.0
calibration,2024-10-07,13,1179,18288,1296.963,1223.0,1248.0,1274.0,1298.0,1321.0,1343.0,1367.0,0.0
calibration,2024-10-07,14,3228,18288,3082.78,2976.975,3011.0,3045.0,3082.0,3119.0,3154.0,3194.0,0.0
calibration,2024-10-07,15,110,18288,118.67,97.0,106.0,112.0,118.0,125.0,132.0,141.0,0.0
calibration,2024-10-07,16,296,18288,267.8415,236.0,247.0,257.0,267.0,279.0,289.0,301.0,0.0
calibration,2024-10-07,17,642,18288,792.794,737.0,758.0,774.0,794.0,811.25,829.0,847.0249999999999,0.0
calibration,2024-10-07,18,257,18288,173.361,149.0,157.0,164.0,173.0,182.0,190.0,200.02499999999986,0.0
calibration,2024-10-07,19,1373,18288,1362.303,1290.0,1314.0,1336.0,1363.0,1389.0,1409.0,1434.0,0.0
calibration,2024-10-07,20,83,18288,78.9495,61.0,68.0,73.0,79.0,85.0,90.0,97.0,0.0
calibration,2024-10-07,21,79,18288,61.975,47.0,51.0,57.0,62.0,67.0,72.0,78.0,0.0
calibration,2024-10-07,22,246,18288,197.485,171.0,179.9,188.0,197.0,207.0,215.0,225.0,0.0
calibration,2024-10-07,23,147,18288,138.2295,115.0,123.0,130.0,138.0,147.0,154.0,161.0,0.0
calibration,2024-10-07,24,216,18288,216.454,188.0,198.0,206.0,217.0,227.0,235.0,245.0,0.0
calibration,2024-10-07,25,206,18288,261.444,230.0,240.0,250.0,261.0,272.0,283.0,294.02499999999986,0.0
calibration,2024-10-07,26,210,18288,192.6175,166.975,175.0,183.0,192.0,202.0,210.0,221.02499999999986,0.0
calibration,2024-10-07,27,212,18288,189.217,163.0,172.0,180.0,189.0,198.0,207.10000000000014,217.0,0.0
calibration,2024-10-07,28,224,18288,127.8685,107.0,114.0,120.0,128.0,135.0,142.0,150.0,0.0
calibration,2024-10-07,29,154,18288,272.413,241.975,251.0,261.0,272.0,283.0,295.0,306.02499999999986,0.0
calibration,2024-10-07,30,470,18288,687.656,637.0,654.0,670.0,688.0,705.0,722.0,742.0,0.0
calibration,2024-10-07,31,352,18288,320.7655,287.0,298.0,309.0,321.0,332.0,344.0,355.0,0.0
calibration,2024-10-07,32,246,18288,210.245,182.0,192.0,201.0,210.0,220.0,228.0,238.0,0.0
calibration,2024-10-07,33,18,18288,51.352,38.0,42.0,46.0,51.0,56.0,61.0,66.0,0.0
calibration,2024-10-07,34,96,18288,106.4725,87.0,93.0,100.0,107.0,113.0,119.0,127.0,0.0
calibration,2024-10-07,35,26,18288,42.37,31.0,34.0,38.0,42.0,46.25,51.0,55.0,0.0
calibration,2024-10-07,36,601,18288,863.729,806.0,826.0,845.0,865.0,884.0,900.0,918.0249999999999,0.0
calibration,2024-10-07,37,247,18288,202.144,174.0,184.0,193.0,202.0,211.0,221.0,231.0,0.0
calibration,2024-10-07,38,231,18288,210.0125,183.0,192.0,200.0,210.0,220.0,229.0,239.0,0.0
calibration,2024-10-07,39,247,18288,209.2525,181.0,191.0,199.0,209.0,219.0,228.0,238.02499999999986,0.0
calibration,2024-10-14,0,15,16930,17.8345,10.0,13.0,15.0,18.0,21.0,23.0,26.024999999999864,0.0
calibration,2024-10-14,1,130,16930,102.243,82.0,89.0,95.0,102.0,109.0,116.0,124.0,0.0
calibration,2024-10-14,2,329,16930,277.6895,245.0,257.0,266.0,278.0,288.0,300.0,312.0,0.0
calibration,2024-10-14,3,1142,16930,810.3275,755.975,773.0,792.0,810.0,830.0,847.0,866.0,0.0
calibration,2024-10-14,4,164,16930,193.7835,168.0,177.0,184.0,193.0,203.0,212.0,222.0,0.0
calibration,2024-10-14,5,227,16930,181.4235,155.0,165.0,172.0,181.0,190.0,198.0,210.02499999999986,0.0
calibration,2024-10-14,6,176,16930,155.5445,132.0,140.0,147.0,155.0,164.0,172.0,182.0,0.0
calibration,2024-10-14,7,270,16930,190.999,164.0,174.0,181.0,191.0,200.0,209.0,218.0,0.0
calibration,2024-10-14,8,1303,16930,1385.937,1311.0,1337.0,1361.0,1386.0,1412.0,1435.0,1458.0,0.0
calibration,2024-10-14,9,21,16930,40.293,29.0,32.0,36.0,40.0,45.0,49.0,53.0,0.0
calibration,2024-10-14,10,144,16930,140.638,119.0,126.0,133.0,140.0,149.0,156.0,163.0,0.0
calibration,2024-10-14,11,1460,16930,1379.3655,1310.0,1333.0,1354.75,1378.0,1403.0,1428.1000000000001,1451.0,0.0
calibration,2024-10-14,12,1296,16930,1226.639,1158.0,1181.0,1202.0,1226.0,1251.0,1272.0,1294.0,0.0
calibration,2024-10-14,13,1272,16930,1200.082,1132.0,1156.0,1177.0,1200.0,1223.0,1244.0,1268.0249999999999,0.0
calibration,2024-10-14,14,3069,16930,2883.3055,2783.975,2816.0,2847.0,2883.0,2919.0,2951.1000000000004,2991.0,0.0
calibration,2024-10-14,15,78,16930,110.378,90.0,97.0,103.0,110.0,117.0,124.0,131.0,0.0
calibration,2024-10-14,16,348,16930,253.5915,222.0,233.0,243.0,254.0,264.0,274.0,285.0,0.0
calibration,2024-10-14,17,643,16930,719.2215,666.975,686.0,701.0,719.0,737.0,753.0,774.0,0.0
calibration,2024-10-14,18,91,16930,160.579,135.0,144.0,152.0,161.0,169.0,178.0,186.0,0.0
calibration,2024-10-14,19,1212,16930,1264.9695,1195.975,1221.0,1241.0,1265.0,1288.0,1310.0,1335.0249999999999,0.0
calibration,2024-10-14,20,46,16930,74.192,58.0,63.0,68.0,74.0,80.0,85.0,92.0,0.0
calibration,2024-10-14,21,79,16930,60.9655,47.0,51.0,56.0,61.0,66.0,71.0,76.02499999999986,0.0
calibration,2024-10-14,22,236,16930,185.729,160.0,169.0,176.75,186.0,194.0,203.0,213.0,0.0
calibration,2024-10-14,23,112,16930,122.8035,101.0,109.0,115.75,122.0,130.0,137.0,145.0,0.0
calibration,2024-10-14,24,186,16930,199.96,172.975,182.0,190.0,200.0,210.0,218.0,227.0,0.0
calibration,2024-10-14,25,168,16930,234.92,206.0,216.0,225.0,235.0,245.0,255.0,265.0,0.0
calibration,2024-10-14,26,154,16930,176.038,149.975,160.0,167.0,175.0,185.0,195.0,203.0,0.0
calibration,2024-10-14,27,116,16930,183.5465,156.0,166.0,174.0,183.0,193.0,202.0,211.0,0.0
calibration,2024-10-14,28,219,16930,122.9885,102.0,109.0,116.0,123.0,130.0,136.0,145.0,0.0
calibration,2024-10-14,29,62,16930,247.164,218.0,228.0,237.0,247.0,258.0,268.0,279.0,0.0
calibration,2024-10-14,30,468,16930,602.716,556.975,572.0,586.0,604.0,619.0,633.0,650.0,0.0
calibration,2024-10-14,31,205,16930,305.2165,271.0,284.0,294.0,305.0,317.0,327.0,340.0,0.0
calibration,2024-10-14,32,206,16930,186.1055,161.0,169.0,177.0,186.0,195.0,204.0,214.0,0.0
calibration,2024-10-14,33,16,16930,37.642,26.0,30.0,33.0,37.0,42.0,46.0,50.0,0.0
calibration,2024-10-14,34,52,16930,97.1055,78.0,85.0,90.0,97.0,104.0,110.0,117.0,0.0
calibration,2024-10-14,35,55,16930,35.2365,24.0,28.0,31.0,35.0,39.0,43.0,47.0,0.0
calibration,2024-10-14,36,592,16930,777.253,723.0,744.0,759.0,777.0,796.0,813.0,832.0,0.0
calibration,2024-10-14,37,149,16930,193.1385,166.0,175.0,184.0,193.0,202.0,211.0,221.0,0.0
calibration,2024-10-14,38,215,16930,196.123,169.0,179.0,187.0,196.0,206.0,214.0,223.0,0.0
calibration,2024-10-14,39,204,16930,197.42,170.0,179.0,188.0,197.0,206.25,216.0,226.0,0.0
calibration,2024-10-21,0,25,17421,18.164,10.0,13.0,15.0,18.0,21.0,24.0,27.0,0.0
calibration,2024-10-21,1,59,17421,108.915,89.0,96.0,102.0,109.0,116.0,122.10000000000014,130.0,0.0
calibration,2024-10-21,2,312,17421,297.4225,263.0,275.0,286.0,297.0,309.0,320.0,333.0,0.0
calibration,2024-10-21,3,1101,17421,876.0235,816.0,839.0,857.0,876.0,896.0,915.0,937.0,0.0
calibration,2024-10-21,4,133,17421,199.291,172.0,181.0,189.0,199.0,209.0,217.0,228.0,0.0
calibration,2024-10-21,5,382,17421,196.5155,170.0,178.0,187.0,197.0,206.0,215.0,224.02499999999986,0.0
calibration,2024-10-21,6,172,17421,163.7195,137.975,148.0,155.0,164.0,172.0,180.0,188.0,0.0
calibration,2024-10-21,7,187,17421,202.2185,175.0,183.0,192.75,202.0,212.0,220.0,229.02499999999986,0.0
calibration,2024-10-21,8,1455,17421,1395.861,1321.0,1347.0,1371.0,1396.0,1421.0,1444.0,1469.0249999999999,0.0
calibration,2024-10-21,9,17,17421,40.163,28.0,32.0,36.0,40.0,44.0,49.0,53.0,0.0
calibration,2024-10-21,10,177,17421,142.5395,119.0,127.0,135.0,143.0,150.0,158.0,166.0,0.0
calibration,2024-10-21,11,1408,17421,1423.5905,1352.975,1376.0,1398.0,1424.0,1447.0,1472.0,1498.0,0.0
calibration,2024-10-21,12,1282,17421,1273.698,1202.0,1231.0,1250.0,1273.0,1297.0,1319.0,1344.0249999999999,0.0
calibration,2024-10-21,13,1331,17421,1237.3045,1169.0,1191.0,1213.0,1237.0,1263.0,1284.0,1305.0249999999999,0.0
calibration,2024-10-21,14,3915,17421,2998.407,2887.0,2928.0,2961.0,2998.0,3035.0,3071.0,3107.0249999999996,0.0
calibration,2024-10-21,15,72,17421,110.326,91.0,97.0,103.0,110.0,117.0,124.0,131.0,0.0
calibration,2024-10-21,16,360,17421,264.991,234.975,244.0,254.0,264.0,276.0,287.0,298.02499999999986,0.0
calibration,2024-10-21,17,619,17421,720.096,668.0,686.0,701.0,720.0,740.0,754.0,771.0,0.0
calibration,2024-10-21,18,77,17421,157.7485,134.0,141.9,149.0,158.0,166.0,174.0,183.0,0.0
calibration,2024-10-21,19,1299,17421,1293.9425,1222.975,1246.0,1269.0,1294.0,1319.0,1340.0,1367.0,0.0
calibration,2024-10-21,20,52,17421,73.2255,57.0,62.0,67.0,73.0,79.0,85.0,90.02499999999986,0.0
calibration,2024-10-21,21,55,17421,64.8675,49.0,55.0,59.0,65.0,70.0,75.0,82.02499999999986,0.0
calibration,2024-10-21,22,230,17421,193.595,167.0,176.0,184.0,193.0,203.0,212.0,222.02499999999986,0.0
calibration,2024-10-21,23,97,17421,119.5965,99.0,106.0,112.0,119.0,127.0,134.0,141.0,0.0
calibration,2024-10-21,24,169,17421,207.175,180.0,189.0,198.0,207.0,217.0,226.0,236.0,0.0
calibration,2024-10-21,25,136,17421,238.2665,208.0,219.0,228.0,238.0,249.0,258.0,268.0,0.0
calibration,2024-10-21,26,157,17421,180.7055,155.0,164.0,172.0,181.0,189.0,198.0,207.0,0.0
calibration,2024-10-21,27,48,17421,188.6615,163.0,171.0,179.0,188.0,198.0,206.10000000000014,215.0,0.0
calibration,2024-10-21,28,233,17421,139.503,118.0,124.0,131.0,140.0,148.0,155.0,163.0,0.0
calibration,2024-10-21,29,73,17421,234.8935,204.0,215.0,225.0,235.0,246.0,255.0,265.0,0.0
calibration,2024-10-21,30,400,17421,597.355,551.0,567.0,581.0,597.0,613.0,628.0,647.0249999999999,0.0
calibration,2024-10-21,31,224,17421,317.9185,283.0,295.0,306.0,318.0,330.0,341.0,353.0,0.0
calibration,2024-10-21,32,76,17421,192.9075,165.0,175.0,184.0,193.0,202.0,210.0,220.0,0.0
calibration,2024-10-21,33,9,17421,30.983,20.975,24.0,27.0,31.0,35.0,38.0,42.0,0.0
calibration,2024-10-21,34,29,17421,97.6095,78.0,85.0,91.0,97.0,104.0,110.0,118.0,0.0
calibration,2024-10-21,35,29,17421,32.629,22.0,25.0,29.0,32.0,36.0,40.0,44.0,0.0
calibration,2024-10-21,36,564,17421,781.6925,730.975,747.0,763.75,781.0,800.0,817.0,837.0,0.0
calibration,2024-10-21,37,58,17421,198.9565,171.0,181.0,190.0,199.0,208.0,217.0,227.0,0.0
calibration,2024-10-21,38,248,17421,206.4015,178.0,188.0,196.0,206.0,216.0,225.0,234.0,0.0
calibration,2024-10-21,39,151,17421,208.7795,180.0,190.0,199.0,208.0,219.0,227.0,238.0,0.0
calibration,2024-10-28,0,4,16490,17.4415,10.0,12.0,15.0,17.0,20.0,23.0,26.0,0.0
calibration,2024-10-28,1,57,16490,99.941,80.0,87.0,93.0,100.0,107.0,113.0,120.0,0.0
calibration,2024-10-28,2,242,16490,286.812,252.975,264.9,276.0,287.0,298.0,309.0,321.0,0.0
calibration,2024-10-28,3,1119,16490,868.4555,814.0,832.0,848.0,868.0,887.0,906.0,926.0,0.0
calibration,2024-10-28,4,110,16490,184.2865,158.975,167.0,175.0,184.0,194.0,202.0,211.0,0.0
calibration,2024-10-28,5,363,16490,207.3415,179.0,189.0,197.0,207.0,217.0,227.0,236.0,0.0
calibration,2024-10-28,6,118,16490,157.6375,133.0,141.0,149.0,158.0,167.0,174.0,183.0,0.0
calibration,2024-10-28,7,167,16490,191.5545,164.0,174.0,182.0,191.0,201.0,210.0,220.0,0.0
calibration,2024-10-28,8,1414,16490,1324.29,1253.0,1277.0,1300.0,1324.0,1350.0,1373.0,1396.0,0.0
calibration,2024-10-28,9,17,16490,36.6255,25.0,29.0,32.0,36.0,41.0,45.0,49.0,0.0
calibration,2024-10-28,10,133,16490,129.5675,107.0,115.0,122.0,129.5,137.0,144.0,153.0,0.0
calibration,2024-10-28,11,1187,16490,1346.9605,1271.0,1300.0,1322.0,1347.0,1373.0,1394.0,1418.0,0.0
calibration,2024-10-28,12,1215,16490,1205.5,1137.0,1162.0,1182.0,1205.0,1229.0,1250.0,1274.0249999999999,0.0
calibration,2024-10-28,13,1305,16490,1175.6605,1107.0,1130.0,1153.0,1176.0,1199.0,1220.0,1243.0,0.0
calibration,2024-10-28,14,3596,16490,2927.351,2821.0,2858.9,2891.0,2925.0,2962.0,3000.0,3036.0,0.0
calibration,2024-10-28,15,64,16490,102.1075,82.0,89.0,95.0,102.0,109.0,115.0,123.0,0.0
calibration,2024-10-28,16,328,16490,262.1245,231.0,241.0,251.0,262.0,273.0,283.0,295.0,0.0
calibration,2024-10-28,17,549,16490,672.6435,622.0,639.0,656.0,673.0,689.0,705.0,723.0,0.0
calibration,2024-10-28,18,71,16490,138.7325,117.0,124.9,131.0,138.0,147.0,153.0,163.0,0.0
calibration,2024-10-28,19,1563,16490,1214.221,1145.0,1169.0,1190.0,1214.0,1238.0,1260.0,1281.0,0.0
calibration,2024-10-28,20,32,16490,67.683,52.0,57.0,62.0,67.0,73.0,79.0,84.0,0.0
calibration,2024-10-28,21,49,16490,59.1245,44.0,50.0,54.0,59.0,64.0,69.0,75.0,0.0
calibration,2024-10-28,22,174,16490,187.0135,159.0,169.0,178.0,187.0,196.0,205.0,215.0,0.0
calibration,2024-10-28,23,75,16490,101.2015,81.0,88.0,95.0,101.0,108.0,114.0,122.0,0.0
calibration,2024-10-28,24,164,16490,194.9695,168.0,177.0,186.0,195.0,204.0,213.0,222.0,0.0
calibration,2024-10-28,25,185,16490,213.237,185.0,195.0,203.0,213.0,223.0,232.0,242.0,0.0
calibration,2024-10-28,26,116,16490,168.4055,143.0,152.0,159.0,168.0,177.0,185.0,195.0,0.0
calibration,2024-10-28,27,43,16490,171.0505,146.0,154.0,162.0,171.0,180.0,188.0,198.0,0.0
calibration,2024-10-28,28,198,16490,143.7815,121.0,128.9,135.75,144.0,152.0,159.0,168.0,0.0
calibration,2024-10-28,29,72,16490,210.8255,183.0,193.0,200.0,211.0,221.0,229.0,239.0,0.0
calibration,2024-10-28,30,319,16490,519.381,475.0,490.0,504.0,520.0,535.0,549.0,564.0,0.0
calibration,2024-10-28,31,249,16490,290.3685,258.0,269.0,279.0,290.0,301.0,312.0,323.0,0.0
calibration,2024-10-28,32,119,16490,176.982,152.0,160.0,168.0,177.0,186.0,193.0,203.0,0.0
calibration,2024-10-28,33,14,16490,20.485,12.0,15.0,17.0,20.0,23.0,26.0,30.0,0.0
calibration,2024-10-28,34,31,16490,86.904,69.0,75.0,80.0,87.0,93.0,99.0,106.0,0.0
calibration,2024-10-28,35,24,16490,28.549,18.0,22.0,25.0,28.0,32.0,36.0,40.0,0.0
calibration,2024-10-28,36,618,16490,727.632,674.0,693.0,710.0,727.0,746.0,762.0,784.0,0.0
calibration,2024-10-28,37,32,16490,182.403,156.0,165.0,173.0,182.0,192.0,200.0,209.0,0.0
calibration,2024-10-28,38,222,16490,199.948,173.0,182.0,191.0,200.0,209.0,217.0,228.0,0.0
calibration,2024-10-28,39,132,16490,191.802,166.0,175.0,182.0,191.0,201.0,209.0,219.0,0.0
calibration,2024-11-04,0,13,17683,14.9365,8.0,10.0,12.0,15.0,17.0,20.0,23.0,0.0
calibration,2024-11-04,1,46,17683,105.938,86.0,93.0,99.0,106.0,113.0,120.0,127.0,0.0
calibration,2024-11-04,2,340,17683,307.8695,274.0,285.0,296.0,308.0,320.0,331.10000000000014,342.0,0.0
calibration,2024-11-04,3,1215,17683,969.0405,908.0,929.0,948.75,969.0,990.0,1008.0,1031.0249999999999,0.0
calibration,2024-11-04,4,195,17683,190.2995,164.0,173.0,181.0,190.0,199.0,208.0,217.0,0.0
calibration,2024-11-04,5,293,17683,243.057,213.0,223.0,232.0,243.0,254.0,264.0,274.0,0.0
calibration,2024-11-04,6,155,17683,167.576,142.0,151.0,159.0,168.0,176.0,184.0,194.0,0.0
calibration,2024-11-04,7,168,17683,200.9035,174.0,183.0,191.0,201.0,210.0,218.0,229.0,0.0
calibration,2024-11-04,8,1542,17683,1418.285,1346.975,1370.0,1393.0,1418.0,1444.0,1467.0,1492.0,0.0
calibration,2024-11-04,9,17,17683,38.763,26.0,31.0,35.0,39.0,43.0,47.0,51.024999999999864,0.0
calibration,2024-11-04,10,200,17683,133.0885,111.0,118.0,125.0,133.0,141.0,148.0,156.0,0.0
calibration,2024-11-04,11,1366,17683,1438.011,1363.0,1389.0,1413.0,1437.0,1464.0,1488.0,1513.0,0.0
calibration,2024-11-04,12,1338,17683,1297.72,1227.975,1251.0,1274.0,1298.0,1323.0,1343.0,1370.0249999999999,0.0
calibration,2024-11-04,13,1279,17683,1274.718,1206.0,1228.0,1250.0,1275.0,1298.0,1322.1000000000001,1343.0249999999999,0.0
calibration,2024-11-04,14,3644,17683,3194.2545,3082.0,3120.9,3156.0,3195.0,3232.0,3265.1000000000004,3305.0,0.0
calibration,2024-11-04,15,79,17683,107.278,86.0,94.0,100.0,107.0,114.0,121.0,129.0,0.0
calibration,2024-11-04,16,261,17683,288.8985,256.0,268.0,277.0,289.0,300.0,310.0,322.0,0.0
calibration,2024-11-04,17,624,17683,708.748,656.0,674.0,690.0,709.0,726.0,743.0,762.0,0.0
calibration,2024-11-04,18,97,17683,140.097,117.0,125.0,132.0,140.0,148.0,155.0,163.0,0.0
calibration,2024-11-04,19,1818,17683,1323.904,1253.0,1276.0,1299.75,1322.0,1350.0,1372.0,1397.0,0.0
calibration,2024-11-04,20,43,17683,69.388,54.0,59.0,64.0,69.0,75.0,80.0,87.0,0.0
calibration,2024-11-04,21,49,17683,63.928,48.0,54.0,59.0,64.0,69.0,74.0,80.0,0.0
calibration,2024-11-04,22,203,17683,200.482,174.0,182.0,191.0,200.0,210.0,219.0,228.0,0.0
calibration,2024-11-04,23,78,17683,99.877,81.0,87.0,93.0,100.0,107.0,113.0,120.0,0.0
calibration,2024-11-04,24,208,17683,206.155,178.0,187.0,196.0,206.0,216.0,225.0,235.0,0.0
calibration,2024-11-04,25,161,17683,225.862,196.0,207.0,216.0,225.0,236.0,245.0,255.0,0.0
calibration,2024-11-04,26,108,17683,177.5115,151.0,160.0,168.0,178.0,187.0,195.0,202.0,0.0
calibration,2024-11-04,27,50,17683,170.111,146.0,154.0,161.0,169.0,179.0,187.0,196.0,0.0
calibration,2024-11-04,28,227,17683,161.3525,137.0,145.0,153.0,161.0,170.0,178.0,187.0,0.0
calibration,2024-11-04,29,65,17683,217.009,189.0,198.0,207.0,217.0,227.0,236.0,246.02499999999986,0.0
calibration,2024-11-04,30,396,17683,525.649,482.0,496.9,510.0,525.0,541.0,556.0,572.0,0.0
calibration,2024-11-04,31,188,17683,300.892,268.0,279.0,289.0,301.0,313.0,323.0,334.0,0.0
calibration,2024-11-04,32,45,17683,184.636,159.0,167.0,175.0,184.0,194.0,203.0,212.0,0.0
calibration,2024-11-04,33,15,17683,19.97,12.0,14.0,17.0,20.0,23.0,26.0,29.0,0.0
calibration,2024-11-04,34,54,17683,87.7785,70.975,76.0,82.0,87.0,94.0,100.0,107.0,0.0
calibration,2024-11-04,35,26,17683,29.684,20.0,23.0,26.0,29.0,33.0,37.0,41.0,0.0
calibration,2024-11-04,36,614,17683,765.8415,713.0,731.0,748.0,766.0,784.0,802.0,821.0249999999999,0.0
calibration,2024-11-04,37,62,17683,187.7275,161.0,170.0,178.0,187.5,197.0,205.0,215.0,0.0
calibration,2024-11-04,38,286,17683,218.54,190.0,200.0,209.0,218.0,228.0,237.0,247.0,0.0
calibration,2024-11-04,39,115,17683,204.035,175.975,185.0,194.0,204.0,214.0,223.0,233.0,0.0
calibration,2024-11-11,0,16,17582,14.312,8.0,10.0,12.0,14.0,17.0,19.0,22.0,0.0
calibration,2024-11-11,1,37,17582,98.223,80.0,86.0,91.0,98.0,105.0,111.0,119.0,0.0
calibration,2024-11-11,2,187,17582,315.239,281.0,293.0,303.0,315.0,327.0,338.0,350.0,0.0
calibration,2024-11-11,3,982,17582,1007.5765,945.0,966.0,986.0,1008.0,1029.0,1049.0,1071.0249999999999,0.0
calibration,2024-11-11,4,114,17582,186.281,160.0,169.0,177.0,186.0,195.0,204.0,213.02499999999986,0.0
calibration,2024-11-11,5,311,17582,255.583,225.0,235.0,245.0,256.0,266.0,276.0,287.02499999999986,0.0
calibration,2024-11-11,6,105,17582,170.0005,145.0,154.0,161.0,170.0,179.0,187.0,196.0,0.0
calibration,2024-11-11,7,166,17582,188.941,163.0,171.0,180.0,189.0,198.0,207.0,216.0,0.0
calibration,2024-11-11,8,1797,17582,1414.8975,1341.0,1366.0,1389.0,1415.0,1441.0,1463.0,1487.0249999999999,0.0
calibration,2024-11-11,9,18,17582,32.817,22.0,26.0,29.0,33.0,36.0,40.0,44.0,0.0
calibration,2024-11-11,10,198,17582,136.4575,114.975,122.0,128.0,136.0,144.0,152.0,160.0,0.0
calibration,2024-11-11,11,1485,17582,1421.8595,1347.975,1373.0,1397.75,1422.0,1447.0,1472.0,1494.0249999999999,0.0
calibration,2024-11-11,12,1395,17582,1304.603,1235.975,1259.0,1280.75,1305.0,1328.0,1350.0,1373.0,0.0
calibration,2024-11-11,13,1385,17582,1261.2075,1192.0,1215.0,1237.0,1261.0,1285.0,1306.0,1332.0,0.0
calibration,2024-11-11,14,4178,17582,3240.985,3136.975,3170.0,3201.0,3240.0,3278.0,3314.0,3349.0,0.0
calibration,2024-11-11,15,58,17582,105.154,86.0,92.0,98.0,105.0,112.0,118.0,126.0,0.0
calibration,2024-11-11,16,291,17582,290.055,257.975,268.0,278.0,290.0,301.0,311.0,323.0,0.0
calibration,2024-11-11,17,702,17582,686.2215,636.0,652.0,668.0,687.0,704.0,720.0,736.0,0.0
calibration,2024-11-11,18,71,17582,131.738,109.0,117.0,124.0,132.0,139.0,146.0,155.0,0.0
calibration,2024-11-11,19,1563,17582,1348.6245,1280.0,1301.0,1324.0,1347.0,1373.0,1397.0,1420.0249999999999,0.0
calibration,2024-11-11,20,12,17582,63.773,48.0,54.0,58.0,64.0,69.0,74.0,80.0,0.0
calibration,2024-11-11,21,30,17582,62.7245,48.0,53.0,57.0,63.0,68.0,73.0,78.0,0.0
calibration,2024-11-11,22,159,17582,205.24,177.0,187.0,195.0,205.0,215.0,223.0,234.02499999999986,0.0
calibration,2024-11-11,23,70,17582,98.7235,79.0,86.0,92.0,99.0,105.25,112.0,118.0,0.0
calibration,2024-11-11,24,139,17582,203.4475,176.0,185.0,194.0,203.0,213.0,221.0,232.02499999999986,0.0
calibration,2024-11-11,25,196,17582,213.677,186.0,195.0,204.0,214.0,223.0,232.0,242.0,0.0
calibration,2024-11-11,26,90,17582,172.7825,147.975,156.0,164.0,173.0,182.0,190.0,199.0,0.0
calibration,2024-11-11,27,48,17582,152.994,130.0,138.0,145.0,153.0,161.0,168.0,177.0,0.0
calibration,2024-11-11,28,68,17582,167.5475,142.0,151.0,159.0,167.0,176.0,184.0,193.0,0.0
calibration,2024-11-11,29,41,17582,195.8135,169.0,178.0,186.0,196.0,205.0,214.0,223.0,0.0
calibration,2024-11-11,30,343,17582,503.88,461.0,475.0,489.0,504.0,519.0,532.0,548.0249999999999,0.0
calibration,2024-11-11,31,155,17582,296.437,264.0,274.0,284.0,296.0,308.0,319.0,332.0,0.0
calibration,2024-11-11,32,63,17582,175.4915,150.0,159.0,167.0,176.0,184.0,192.0,201.02499999999986,0.0
calibration,2024-11-11,33,17,17582,19.2185,11.0,14.0,16.0,19.0,22.0,25.0,28.0,0.0
calibration,2024-11-11,34,29,17582,79.949,64.0,69.0,74.0,80.0,86.0,91.0,98.0,0.0
calibration,2024-11-11,35,15,17582,28.243,18.0,21.0,25.0,28.0,32.0,35.0,39.0,0.0
calibration,2024-11-11,36,724,17582,736.83,684.0,701.0,719.0,737.0,755.0,771.0,789.0,0.0
calibration,2024-11-11,37,34,17582,175.714,151.0,159.0,167.0,175.0,184.0,193.0,203.0,0.0
calibration,2024-11-11,38,163,17582,225.2885,196.975,206.0,215.0,225.0,236.0,245.0,256.0,0.0
calibration,2024-11-11,39,127,17582,192.067,166.0,174.0,182.0,192.0,202.0,210.0,220.0,0.0
calibration,2024-11-18,0,32,18827,14.99,8.0,10.0,12.0,15.0,17.0,20.0,23.0,0.0
calibration,2024-11-18,1,43,18827,100.0465,81.0,88.0,93.0,100.0,107.0,113.0,120.0,0.0
calibration,2024-11-18,2,338,18827,328.747,294.0,305.0,317.0,329.0,341.0,352.0,364.0,0.0
calibration,2024-11-18,3,1385,18827,1104.0625,1040.0,1062.0,1081.0,1104.0,1126.0,1146.0,1170.0,0.0
calibration,2024-11-18,4,119,18827,190.2835,163.0,173.0,181.0,190.0,199.0,207.0,216.0,0.0
calibration,2024-11-18,5,358,18827,286.845,254.0,264.0,276.0,287.0,298.0,308.0,321.0,0.0
calibration,2024-11-18,6,212,18827,175.961,151.0,159.0,167.0,176.0,185.0,193.0,202.0,0.0
calibration,2024-11-18,7,234,18827,198.3385,170.975,180.0,189.0,198.0,208.0,217.0,226.0,0.0
calibration,2024-11-18,8,1594,18827,1537.2705,1458.0,1488.0,1511.0,1537.0,1563.0,1587.0,1615.0,0.0
calibration,2024-11-18,9,26,18827,33.7115,22.0,27.0,30.0,34.0,37.0,41.0,45.0,0.0
calibration,2024-11-18,10,396,18827,152.688,130.0,138.0,145.0,152.0,161.0,168.0,177.02499999999986,0.0
calibration,2024-11-18,11,1555,18827,1527.6305,1450.0,1478.9,1500.75,1526.0,1554.0,1579.0,1606.0,0.0
calibration,2024-11-18,12,1400,18827,1413.997,1341.0,1369.0,1389.0,1413.0,1439.0,1462.0,1490.0,0.0
calibration,2024-11-18,13,1350,18827,1367.153,1294.975,1320.0,1342.0,1368.0,1393.0,1414.0,1440.0,0.0
calibration,2024-11-18,14,4334,18827,3563.872,3444.975,3487.0,3524.0,3565.0,3604.0,3640.0,3679.0249999999996,0.0
calibration,2024-11-18,15,43,18827,106.444,86.0,93.0,99.0,106.0,113.0,120.0,128.0,0.0
calibration,2024-11-18,16,200,18827,312.221,278.0,289.0,300.0,312.0,324.0,335.0,348.0,0.0
calibration,2024-11-18,17,497,18827,727.452,675.0,694.0,709.0,728.0,745.0,762.0,780.0,0.0
calibration,2024-11-18,18,143,18827,136.0655,113.0,121.0,128.0,136.0,144.0,151.0,160.0,0.0
calibration,2024-11-18,19,1342,18827,1459.999,1386.0,1413.0,1434.0,1460.0,1485.0,1510.0,1536.0249999999999,0.0
calibration,2024-11-18,20,17,18827,62.8755,47.0,53.0,57.0,63.0,68.0,73.0,79.0,0.0
calibration,2024-11-18,21,58,18827,64.1685,49.0,54.0,58.0,64.0,70.0,74.10000000000014,81.0,0.0
calibration,2024-11-18,22,198,18827,216.666,189.0,198.0,207.0,216.0,226.0,235.0,246.02499999999986,0.0
calibration,2024-11-18,23,133,18827,102.9635,83.0,90.0,96.0,102.5,110.0,117.0,124.0,0.0
calibration,2024-11-18,24,152,18827,214.0575,186.0,196.0,204.0,214.0,223.0,233.0,243.0,0.0
calibration,2024-11-18,25,210,18827,222.656,194.0,203.0,212.0,223.0,233.0,242.0,252.0,0.0
calibration,2024-11-18,26,139,18827,181.083,156.0,164.0,172.0,181.0,190.0,198.0,207.02499999999986,0.0
calibration,2024-11-18,27,51,18827,143.0025,119.0,127.9,135.0,143.0,152.0,159.0,167.0,0.0
calibration,2024-11-18,28,222,18827,177.373,152.0,160.9,168.0,177.0,186.0,195.0,204.0,0.0
calibration,2024-11-18,29,140,18827,195.2755,169.0,177.0,186.0,195.0,204.0,213.0,224.02499999999986,0.0
calibration,2024-11-18,30,475,18827,509.7235,466.0,483.0,495.0,509.0,525.0,538.0,552.0249999999999,0.0
calibration,2024-11-18,31,280,18827,299.161,264.975,277.0,287.0,299.0,310.0,322.0,333.02499999999986,0.0
calibration,2024-11-18,32,60,18827,181.506,155.975,165.0,173.0,181.0,190.0,199.0,209.0,0.0
calibration,2024-11-18,33,11,18827,19.1415,11.0,13.0,16.0,19.0,22.0,25.0,29.0,0.0
calibration,2024-11-18,34,22,18827,78.4885,61.0,67.0,73.0,79.0,84.0,90.0,95.0,0.0
calibration,2024-11-18,35,57,18827,29.427,19.0,23.0,26.0,29.0,33.0,36.0,41.0,0.0
calibration,2024-11-18,36,591,18827,782.3705,725.0,744.0,763.0,782.0,801.0,819.0,839.0,0.0
calibration,2024-11-18,37,32,18827,170.2675,144.975,154.0,161.0,170.0,179.0,188.0,195.0,0.0
calibration,2024-11-18,38,233,18827,236.2605,207.0,217.0,226.0,236.0,246.0,256.0,266.0,0.0
calibration,2024-11-18,39,145,18827,200.8155,172.0,183.0,191.0,201.0,211.0,219.0,228.0,0.0
calibration,2024-11-25,0,48,16032,13.3405,7.0,9.0,11.0,13.0,16.0,18.0,21.0,0.0
calibration,2024-11-25,1,82,16032,80.8955,64.0,70.0,75.0,80.0,87.0,93.0,99.0,0.0
calibration,2024-11-25,2,307,16032,282.288,251.0,261.0,271.0,282.0,293.0,303.0,315.0,0.0
calibration,2024-11-25,3,1132,16032,980.633,915.0,939.0,960.0,981.0,1002.0,1022.1000000000001,1042.0,0.0
calibration,2024-11-25,4,94,16032,148.471,125.0,133.0,140.0,148.0,157.0,164.0,173.0,0.0
calibration,2024-11-25,5,300,16032,257.953,228.0,238.0,247.0,258.0,269.0,279.0,290.0,0.0
calibration,2024-11-25,6,176,16032,155.5425,132.0,140.0,147.0,155.0,163.0,172.0,180.0,0.0
calibration,2024-11-25,7,214,16032,168.717,143.0,152.0,160.0,169.0,178.0,185.0,195.0,0.0
calibration,2024-11-25,8,1284,16032,1307.774,1236.0,1264.9,1282.0,1307.0,1332.0,1355.0,1379.0,0.0
calibration,2024-11-25,9,25,16032,26.6905,17.0,20.0,23.0,27.0,30.0,33.0,38.0,0.0
calibration,2024-11-25,10,237,16032,148.4015,125.0,133.0,140.0,148.0,156.0,164.0,172.0,0.0
calibration,2024-11-25,11,1136,16032,1303.735,1234.975,1259.0,1279.0,1303.0,1327.0,1350.0,1377.0499999999997,0.0
calibration,2024-11-25,12,1104,16032,1209.56,1140.0,1163.0,1186.0,1210.0,1232.0,1255.0,1282.0,0.0
calibration,2024-11-25,13,1044,16032,1163.955,1097.975,1120.0,1141.0,1164.0,1186.0,1207.0,1233.0,0.0
calibration,2024-11-25,14,4073,16032,3097.978,2988.0,3029.0,3060.0,3095.5,3135.0,3173.0,3211.0,0.0
calibration,2024-11-25,15,35,16032,86.6055,69.0,75.0,80.0,86.0,93.0,99.0,105.0,0.0
calibration,2024-11-25,16,221,16032,261.122,230.0,240.0,250.0,261.0,272.0,282.0,292.0,0.0
calibration,2024-11-25,17,474,16032,596.9025,550.0,566.0,580.0,596.0,613.0,629.0,647.0,0.0
calibration,2024-11-25,18,109,16032,115.01,95.0,101.0,108.0,115.0,122.0,129.0,138.0,0.0
calibration,2024-11-25,19,1079,16032,1228.2055,1161.975,1184.0,1205.0,1227.0,1251.0,1273.0,1296.0249999999999,0.0
calibration,2024-11-25,20,15,16032,51.8535,38.0,43.0,47.0,52.0,57.0,61.0,66.0,0.0
calibration,2024-11-25,21,20,16032,54.018,41.0,45.0,49.0,54.0,59.0,64.0,68.0,0.0
calibration,2024-11-25,22,153,16032,184.636,159.0,168.0,175.0,184.0,193.0,202.0,212.0,0.0
calibration,2024-11-25,23,94,16032,89.922,72.0,78.0,83.0,90.0,96.0,102.0,110.0,0.0
calibration,2024-11-25,24,129,16032,177.4515,152.0,160.0,168.0,177.0,187.0,195.0,203.0,0.0
calibration,2024-11-25,25,100,16032,187.0855,160.0,170.0,178.0,187.0,196.0,205.0,215.02499999999986,0.0
calibration,2024-11-25,26,109,16032,152.5905,129.0,137.0,144.0,152.0,161.0,168.10000000000014,177.0,0.0
calibration,2024-11-25,27,46,16032,106.9765,87.0,94.0,100.0,107.0,113.0,120.0,128.0,0.0
calibration,2024-11-25,28,251,16032,158.4505,133.0,142.0,150.0,158.0,167.0,175.0,184.0,0.0
calibration,2024-11-25,29,95,16032,159.8865,135.975,144.0,151.0,160.0,168.0,176.0,185.0,0.0
calibration,2024-11-25,30,399,16032,418.4435,379.0,393.0,404.0,419.0,432.0,445.0,458.02499999999986,0.0
calibration,2024-11-25,31,274,16032,249.633,220.0,229.0,239.0,249.0,260.0,270.0,282.02499999999986,0.0
calibration,2024-11-25,32,41,16032,149.0955,126.0,134.0,141.0,149.0,157.0,164.0,173.0,0.0
calibration,2024-11-25,33,17,16032,13.9515,7.0,9.0,11.0,14.0,16.0,19.0,22.0,0.0
calibration,2024-11-25,34,18,16032,64.5155,49.0,55.0,59.0,64.0,70.0,75.0,80.0,0.0
calibration,2024-11-25,35,10,16032,26.391,17.0,20.0,23.0,26.0,30.0,33.0,37.0,0.0
calibration,2024-11-25,36,743,16032,652.6995,604.0,620.0,635.0,652.0,670.0,685.0,705.0,0.0
calibration,2024-11-25,37,39,16032,134.3705,112.0,120.0,126.0,134.0,142.0,150.0,157.0,0.0
calibration,2024-11-25,38,203,16032,197.6165,170.0,179.0,188.0,198.0,207.0,215.0,226.0,0.0
calibration,2024-11-25,39,102,16032,168.3265,144.0,152.0,160.0,168.0,177.0,185.0,195.0,0.0
calibration,2024-12-02,0,40,20267,20.1205,12.0,14.0,17.0,20.0,23.0,26.0,29.0,0.0
calibration,2024-12-02,1,62,20267,102.425,83.0,89.0,96.0,102.0,109.0,116.0,123.0,0.0
calibration,2024-12-02,2,246,20267,367.1185,329.975,343.0,354.0,367.0,380.0,391.0,406.0,0.0
calibration,2024-12-02,3,1574,20267,1269.8415,1202.975,1225.0,1246.0,1270.0,1293.25,1315.0,1339.0249999999999,0.0
calibration,2024-12-02,4,114,20267,179.0275,153.0,162.0,170.0,179.0,188.0,196.0,207.0,0.0
calibration,2024-12-02,5,373,20267,342.0395,306.975,318.9,330.0,342.0,354.0,366.0,378.0,0.0
calibration,2024-12-02,6,144,20267,199.296,172.0,182.0,190.0,199.0,208.0,218.0,228.0,0.0
calibration,2024-12-02,7,297,20267,221.144,192.0,203.0,212.0,221.0,231.0,240.0,250.0,0.0
calibration,2024-12-02,8,1726,20267,1650.392,1572.975,1599.0,1622.0,1651.0,1679.0,1701.0,1727.0,0.0
calibration,2024-12-02,9,19,20267,32.26,22.0,25.0,28.0,32.0,36.0,40.0,44.0,0.0
calibration,2024-12-02,10,449,20267,201.427,173.0,183.0,192.0,202.0,211.0,220.0,230.0,0.0
calibration,2024-12-02,11,1560,20267,1639.2745,1560.0,1586.0,1610.0,1639.0,1667.0,1693.0,1718.0249999999999,0.0
calibration,2024-12-02,12,1345,20267,1504.1865,1425.0,1453.0,1477.0,1505.0,1532.0,1557.0,1580.0249999999999,0.0
calibration,2024-12-02,13,1524,20267,1460.565,1386.0,1412.0,1434.0,1460.0,1487.0,1510.0,1536.0,0.0
calibration,2024-12-02,14,4891,20267,4044.569,3919.0,3966.0,4000.0,4043.0,4088.0,4126.0,4174.0,0.0
calibration,2024-12-02,15,22,20267,99.646,81.975,87.0,93.0,100.0,106.0,112.0,119.0,0.0
calibration,2024-12-02,16,205,20267,330.515,296.975,307.0,318.0,330.0,343.0,354.0,366.0,0.0
calibration,2024-12-02,17,722,20267,734.6115,684.0,700.0,716.0,734.0,752.0,769.0,789.0,0.0
calibration,2024-12-02,18,196,20267,143.3545,120.975,128.0,135.0,143.0,152.0,159.0,168.0,0.0
calibration,2024-12-02,19,1463,20267,1552.391,1477.0,1500.0,1525.0,1552.0,1579.0,1605.0,1630.0,0.0
calibration,2024-12-02,20,14,20267,58.494,44.0,49.0,53.0,58.0,64.0,68.0,74.0,0.0
calibration,2024-12-02,21,51,20267,66.3195,51.0,56.0,61.0,66.0,72.0,77.0,82.0,0.0
calibration,2024-12-02,22,155,20267,233.249,205.0,214.0,223.0,233.0,243.0,253.0,263.0,0.0
calibration,2024-12-02,23,106,20267,115.7395,95.0,102.0,109.0,115.0,123.0,130.0,137.02499999999986,0.0
calibration,2024-12-02,24,177,20267,216.371,187.0,197.0,206.0,217.0,226.0,235.0,245.0,0.0
calibration,2024-12-02,25,210,20267,225.355,197.0,207.0,215.0,225.0,235.0,245.0,255.0,0.0
calibration,2024-12-02,26,109,20267,185.684,160.0,168.0,177.0,185.0,194.0,203.0,213.0,0.0
calibration,2024-12-02,27,42,20267,122.8655,102.0,108.0,115.0,123.0,130.0,137.0,145.0,0.0
calibration,2024-12-02,28,274,20267,214.4655,187.975,196.0,204.0,214.0,224.0,234.0,243.0,0.0
calibration,2024-12-02,29,161,20267,197.833,171.975,180.0,188.0,197.0,208.0,216.0,225.02499999999986,0.0
calibration,2024-12-02,30,423,20267,515.61,470.0,487.0,500.0,516.0,531.0,546.0,559.0,0.0
calibration,2024-12-02,31,242,20267,311.089,277.0,289.0,300.0,311.0,322.25,334.0,345.0,0.0
calibration,2024-12-02,32,50,20267,172.4235,147.0,155.0,163.0,172.0,181.0,190.0,199.0,0.0
calibration,2024-12-02,33,11,20267,17.8105,10.0,12.0,15.0,18.0,21.0,23.0,26.024999999999864,0.0
calibration,2024-12-02,34,25,20267,71.175,55.0,60.0,65.0,71.0,77.0,82.0,88.02499999999986,0.0
calibration,2024-12-02,35,22,20267,32.662,22.0,25.0,29.0,33.0,36.25,40.0,44.0,0.0
calibration,2024-12-02,36,689,20267,807.0935,752.975,771.0,788.0,807.0,826.0,844.0,862.0,0.0
calibration,2024-12-02,37,46,20267,147.4915,124.0,132.0,139.0,148.0,156.0,163.0,171.0,0.0
calibration,2024-12-02,38,316,20267,254.6755,225.0,235.0,243.0,255.0,265.0,275.0,288.0,0.0
calibration,2024-12-02,39,172,20267,203.358,176.0,185.0,193.0,204.0,213.0,222.0,232.0,0.0
calibration,2024-12-09,0,21,20179,21.7085,13.0,16.0,18.0,22.0,25.0,28.0,32.0,0.0
calibration,2024-12-09,1,86,20179,94.79,76.0,83.0,88.0,95.0,101.0,107.0,114.02499999999986,0.0
calibration,2024-12-09,2,265,20179,355.9325,318.975,332.0,343.0,356.0,369.0,380.0,393.0,0.0
calibration,2024-12-09,3,1301,20179,1306.5985,1233.0,1259.0,1283.0,1307.0,1330.0,1352.0,1377.0,0.0
calibration,2024-12-09,4,118,20179,167.817,143.0,152.0,160.0,168.0,176.0,184.0,194.0,0.0
calibration,2024-12-09,5,344,20179,346.2645,311.0,322.0,334.0,346.0,359.0,370.0,381.0,0.0
calibration,2024-12-09,6,211,20179,193.6515,167.0,176.0,184.0,194.0,203.0,211.0,220.02499999999986,0.0
calibration,2024-12-09,7,243,20179,224.273,196.0,205.0,214.0,224.0,234.0,243.0,255.0,0.0
calibration,2024-12-09,8,1661,20179,1661.287,1585.0,1608.0,1632.0,1661.0,1690.0,1713.1000000000001,1739.0249999999999,0.0
calibration,2024-12-09,9,32,20179,28.995,19.0,22.0,25.0,29.0,33.0,36.0,40.0,0.0
calibration,2024-12-09,10,390,20179,232.9435,204.0,213.0,223.0,233.0,244.0,252.0,262.0,0.0
calibration,2024-12-09,11,1599,20179,1600.7395,1519.0,1549.9,1575.0,1601.0,1628.0,1653.0,1677.0,0.0
calibration,2024-12-09,12,1368,20179,1488.8745,1415.0,1439.0,1462.75,1488.0,1515.0,1540.0,1567.0,0.0
calibration,2024-12-09,13,1421,20179,1466.708,1393.0,1418.0,1440.0,1466.0,1492.0,1516.0,1543.0,0.0
calibration,2024-12-09,14,5168,20179,4173.3755,4046.0,4089.0,4128.0,4173.0,4216.0,4257.0,4311.0,0.0
calibration,2024-12-09,15,30,20179,86.8845,69.0,75.0,80.0,87.0,93.0,99.0,105.02499999999986,0.0
calibration,2024-12-09,16,313,20179,318.734,285.0,295.0,307.0,319.0,331.25,341.10000000000014,353.02499999999986,0.0
calibration,2024-12-09,17,701,20179,724.23,672.0,689.0,705.0,723.5,743.0,760.0,778.0249999999999,0.0
calibration,2024-12-09,18,167,20179,142.5885,119.0,127.0,134.0,142.0,151.0,158.0,167.0,0.0
calibration,2024-12-09,19,1230,20179,1548.081,1473.0,1499.0,1522.0,1548.0,1573.0,1598.0,1626.0,0.0
calibration,2024-12-09,20,29,20179,50.9795,38.0,42.0,46.0,51.0,56.0,60.0,65.0,0.0
calibration,2024-12-09,21,42,20179,64.131,49.0,54.0,58.0,64.0,70.0,74.0,81.0,0.0
calibration,2024-12-09,22,173,20179,227.6825,199.0,208.0,217.0,228.0,238.0,247.0,257.0,0.0
calibration,2024-12-09,23,153,20179,114.911,95.0,102.0,108.0,115.0,122.0,128.0,135.0,0.0
calibration,2024-12-09,24,148,20179,205.7865,178.0,188.0,196.0,206.0,216.0,224.0,233.0,0.0
calibration,2024-12-09,25,160,20179,223.726,196.0,204.0,214.0,223.0,233.0,243.0,253.0,0.0
calibration,2024-12-09,26,130,20179,176.1615,150.0,159.0,167.0,176.0,185.0,194.0,202.0,0.0
calibration,2024-12-09,27,40,20179,105.931,87.0,93.0,99.0,105.0,112.0,119.0,127.0,0.0
calibration,2024-12-09,28,230,20179,225.725,196.975,206.9,216.0,226.0,236.0,245.0,256.0,0.0
calibration,2024-12-09,29,222,20179,186.101,159.0,169.0,177.0,186.0,195.0,204.0,214.0,0.0
calibration,2024-12-09,30,435,20179,499.077,455.0,471.0,484.0,499.0,514.25,528.0,542.0,0.0
calibration,2024-12-09,31,296,20179,292.073,259.0,270.0,280.0,292.0,304.0,314.0,326.0,0.0
calibration,2024-12-09,32,67,20179,154.5715,130.975,139.0,147.0,155.0,163.0,170.0,179.0,0.0
calibration,2024-12-09,33,18,20179,16.885,9.0,12.0,14.0,17.0,19.0,22.0,25.0,0.0
calibration,2024-12-09,34,32,20179,62.1915,48.0,52.0,57.0,62.0,67.0,72.0,78.0,0.0
calibration,2024-12-09,35,28,20179,31.0615,20.0,24.0,27.0,31.0,35.0,38.0,42.0,0.0
calibration,2024-12-09,36,681,20179,776.2035,721.975,742.0,758.0,777.0,794.0,811.0,830.0,0.0
calibration,2024-12-09,37,56,20179,126.184,104.975,112.0,118.0,126.0,134.0,141.0,151.0,0.0
calibration,2024-12-09,38,404,20179,259.807,228.0,238.0,249.0,260.0,271.0,281.0,292.0,0.0
calibration,2024-12-09,39,166,20179,197.7185,171.0,180.0,188.0,197.0,207.0,215.0,225.02499999999986,0.0
calibration,2024-12-16,0,14,19112,21.397,13.0,16.0,18.0,21.0,24.0,27.0,31.0,0.0
calibration,2024-12-16,1,127,19112,85.7905,68.0,74.0,79.0,86.0,92.0,98.0,105.0,0.0
calibration,2024-12-16,2,222,19112,325.773,289.0,302.0,313.0,326.0,338.0,350.0,363.02499999999986,0.0
calibration,2024-12-16,3,1277,19112,1262.87,1197.0,1220.0,1238.0,1263.0,1287.0,1309.0,1333.0,0.0
calibration,2024-12-16,4,112,19112,152.1775,128.0,137.0,144.0,152.0,161.0,168.0,177.0,0.0
calibration,2024-12-16,5,299,19112,325.3135,290.0,301.0,312.0,326.0,338.0,349.0,362.0,0.0
calibration,2024-12-16,6,175,19112,185.6435,161.0,169.0,176.0,185.0,195.0,203.0,213.0,0.0
calibration,2024-12-16,7,182,19112,214.4525,186.975,195.9,204.0,214.0,225.0,233.0,244.0,0.0
calibration,2024-12-16,8,1805,19112,1582.2085,1503.975,1532.0,1555.0,1582.0,1608.0,1633.0,1663.0249999999999,0.0
calibration,2024-12-16,9,17,19112,24.6785,16.0,18.0,21.0,24.0,28.0,31.0,34.0,0.0
calibration,2024-12-16,10,354,19112,235.315,206.0,216.0,225.0,236.0,246.0,254.0,264.0,0.0
calibration,2024-12-16,11,1429,19112,1497.6675,1423.0,1448.0,1470.0,1496.0,1524.0,1548.1000000000001,1575.0249999999999,0.0
calibration,2024-12-16,12,1506,19112,1400.952,1330.0,1353.0,1374.0,1401.0,1426.0,1449.0,1474.0,0.0
calibration,2024-12-16,13,1399,19112,1394.4665,1322.0,1347.0,1369.0,1394.0,1421.0,1443.0,1467.0,0.0
calibration,2024-12-16,14,4681,19112,4089.7745,3964.0,4005.0,4043.0,4089.0,4137.0,4175.1,4223.0,0.0
calibration,2024-12-16,15,37,19112,73.191,57.0,63.0,67.0,73.0,79.0,85.0,90.02499999999986,0.0
calibration,2024-12-16,16,177,19112,299.5125,266.0,277.9,288.0,299.0,311.0,322.0,334.0,0.0
calibration,2024-12-16,17,669,19112,687.1125,636.0,654.0,669.0,687.0,704.25,721.0,740.0249999999999,0.0
calibration,2024-12-16,18,135,19112,133.5335,111.0,119.0,126.0,133.0,141.0,149.0,157.0,0.0
calibration,2024-12-16,19,1354,19112,1450.031,1376.0,1400.0,1425.0,1451.0,1475.25,1497.0,1525.0,0.0
calibration,2024-12-16,20,21,19112,40.4845,28.0,32.0,36.0,41.0,45.0,49.0,53.0,0.0
calibration,2024-12-16,21,49,19112,58.002,43.0,48.0,53.0,58.0,63.0,68.0,74.0,0.0
calibration,2024-12-16,22,186,19112,211.8735,184.0,194.0,202.0,211.0,222.0,231.0,239.0,0.0
calibration,2024-12-16,23,143,19112,112.7925,92.0,99.0,106.0,113.0,120.0,127.0,135.0,0.0
calibration,2024-12-16,24,185,19112,188.329,161.975,171.0,179.0,188.0,197.0,207.0,216.0,0.0
calibration,2024-12-16,25,97,19112,197.9945,172.0,181.0,188.0,198.0,207.0,216.0,226.0,0.0
calibration,2024-12-16,26,118,19112,148.8425,125.0,134.0,141.0,149.0,157.0,164.0,173.0,0.0
calibration,2024-12-16,27,29,19112,92.8795,74.975,81.0,87.0,93.0,99.0,105.0,111.0,0.0
calibration,2024-12-16,28,194,19112,220.7785,192.0,202.0,211.0,221.0,231.0,240.0,250.0,0.0
calibration,2024-12-16,29,144,19112,162.1135,139.0,146.0,153.0,162.0,171.0,178.0,187.0,0.0
calibration,2024-12-16,30,415,19112,462.686,421.975,435.0,448.0,462.0,477.0,491.0,505.0,0.0
calibration,2024-12-16,31,257,19112,274.623,242.0,254.0,263.0,274.0,285.0,297.0,308.0,0.0
calibration,2024-12-16,32,147,19112,136.099,114.0,121.0,128.0,136.0,144.0,151.0,160.0,0.0
calibration,2024-12-16,33,15,19112,15.653,9.0,11.0,13.0,15.0,18.0,21.0,24.0,0.0
calibration,2024-12-16,34,12,19112,49.4715,37.0,41.0,45.0,49.0,54.0,58.0,63.0,0.0
calibration,2024-12-16,35,30,19112,30.37,20.0,23.0,26.0,30.0,34.0,38.0,41.0,0.0
calibration,2024-12-16,36,541,19112,716.819,665.0,683.0,698.0,716.0,735.0,751.0,771.0249999999999,0.0
calibration,2024-12-16,37,136,19112,109.3855,89.0,97.0,102.0,109.0,117.0,123.0,130.0,0.0
calibration,2024-12-16,38,217,19112,260.3075,229.0,239.0,250.0,260.0,271.0,280.0,292.0,0.0
calibration,2024-12-16,39,205,19112,182.499,156.0,164.9,173.0,182.0,192.0,200.0,210.0,0.0
calibration,2024-12-23,0,21,15816,18.0805,10.0,13.0,15.0,18.0,21.0,24.0,27.0,0.0
calibration,2024-12-23,1,165,15816,73.544,57.0,63.0,68.0,74.0,79.0,85.0,90.0,0.0
calibration,2024-12-23,2,157,15816,260.7525,230.0,240.0,250.0,260.5,271.0,282.0,291.0,0.0
calibration,2024-12-23,3,937,15816,1058.5525,997.0,1016.0,1037.0,1058.0,1080.0,1099.0,1123.0249999999999,0.0
calibration,2024-12-23,4,54,15816,120.3515,99.0,106.0,113.0,120.0,128.0,135.0,142.0,0.0
calibration,2024-12-23,5,265,15816,271.457,239.975,250.0,260.0,272.0,282.0,293.0,304.0,0.0
calibration,2024-12-23,6,157,15816,146.5805,125.0,131.0,138.0,146.0,154.0,162.0,171.0,0.0
calibration,2024-12-23,7,142,15816,179.771,154.0,163.0,171.0,179.0,189.0,197.0,207.0,0.0
calibration,2024-12-23,8,1471,15816,1329.741,1262.975,1285.0,1306.0,1330.0,1352.0,1375.0,1403.0,0.0
calibration,2024-12-23,9,14,15816,19.31,11.0,14.0,16.0,19.0,22.0,25.0,28.0,0.0
calibration,2024-12-23,10,290,15816,207.115,179.0,189.0,197.0,207.0,217.0,226.0,236.02499999999986,0.0
calibration,2024-12-23,11,1020,15816,1229.1785,1164.0,1185.0,1206.0,1230.0,1252.0,1273.0,1296.0,0.0
calibration,2024-12-23,12,1297,15816,1164.8575,1099.975,1123.0,1142.0,1164.0,1188.0,1208.0,1232.0,0.0
calibration,2024-12-23,13,1135,15816,1153.8545,1088.975,1110.0,1131.0,1154.0,1177.0,1197.0,1219.0,0.0
calibration,2024-12-23,14,3727,15816,3468.0455,3358.0,3395.0,3430.0,3467.0,3507.0,3543.0,3577.0249999999996,0.0
calibration,2024-12-23,15,45,15816,55.216,41.0,46.0,50.0,55.0,60.0,65.0,70.0,0.0
calibration,2024-12-23,16,130,15816,243.5785,213.0,223.0,233.0,243.0,254.0,264.0,275.0,0.0
calibration,2024-12-23,17,420,15816,564.3595,520.975,534.0,548.0,563.0,580.0,595.0,612.0,0.0
calibration,2024-12-23,18,79,15816,109.1405,89.0,95.9,102.0,109.0,116.0,123.0,130.0,0.0
calibration,2024-12-23,19,1240,15816,1194.3995,1128.975,1151.0,1172.0,1194.0,1218.0,1238.1000000000001,1264.0,0.0
calibration,2024-12-23,20,18,15816,31.0435,21.0,24.0,27.0,31.0,35.0,38.0,43.0,0.0
calibration,2024-12-23,21,33,15816,47.426,35.0,38.0,43.0,47.0,52.0,57.0,61.0,0.0
calibration,2024-12-23,22,164,15816,170.565,145.0,154.0,162.0,170.0,179.0,188.0,196.0,0.0
calibration,2024-12-23,23,87,15816,94.7575,75.0,82.0,88.0,95.0,102.0,107.0,114.0,0.0
calibration,2024-12-23,24,127,15816,154.0045,129.975,138.0,146.0,154.0,162.0,170.0,180.0,0.0
calibration,2024-12-23,25,134,15816,155.841,132.0,140.0,147.0,156.0,164.0,172.0,181.0,0.0
calibration,2024-12-23,26,72,15816,118.71,98.0,104.0,112.0,119.0,126.0,133.0,140.02499999999986,0.0
calibration,2024-12-23,27,33,15816,72.8535,56.975,62.0,67.0,73.0,79.0,84.0,90.0,0.0
calibration,2024-12-23,28,159,15816,180.5775,155.0,164.0,172.0,180.0,189.0,198.0,206.0,0.0
calibration,2024-12-23,29,153,15816,117.1165,97.0,104.0,109.0,117.0,124.0,131.0,138.0,0.0
calibration,2024-12-23,30,335,15816,368.0335,330.0,343.0,355.0,368.0,381.0,394.0,405.02499999999986,0.0
calibration,2024-12-23,31,275,15816,220.148,190.0,201.0,210.0,220.0,230.0,240.0,250.0,0.0
calibration,2024-12-23,32,171,15816,111.2005,91.0,97.0,104.0,111.0,118.0,125.0,132.0,0.0
calibration,2024-12-23,33,14,15816,12.615,6.0,8.0,10.0,12.0,15.0,17.0,20.0,0.0
calibration,2024-12-23,34,15,15816,37.106,26.0,29.0,33.0,37.0,41.0,45.0,50.0,0.0
calibration,2024-12-23,35,17,15816,24.954,16.0,19.0,21.0,25.0,28.0,31.0,36.0,0.0
calibration,2024-12-23,36,640,15816,577.4265,533.0,548.0,562.0,578.0,593.0,607.0,623.0249999999999,0.0
calibration,2024-12-23,37,171,15816,88.728,71.0,77.0,82.0,88.0,95.0,101.0,108.0,0.0
calibration,2024-12-23,38,207,15816,210.5895,182.0,192.0,200.0,210.0,221.0,229.0,240.0,0.0
calibration,2024-12-23,39,225,15816,149.5845,127.0,134.0,141.0,149.0,157.0,165.10000000000014,174.0,0.0
validation,2025-01-06,0,9,23771,28.88,19.0,22.0,25.0,29.0,32.0,36.0,40.0,0.0
validation,2025-01-06,1,300,23771,118.077,97.0,104.0,110.0,118.0,126.0,133.0,139.02499999999986,0.0
validation,2025-01-06,2,361,23771,373.8675,336.0,348.0,360.0,374.0,387.0,399.0,412.0,0.0
validation,2025-01-06,3,1270,23771,1597.0895,1521.0,1546.0,1570.0,1597.0,1624.0,1648.0,1676.0,0.0
validation,2025-01-06,4,102,23771,169.8715,145.0,154.0,161.0,170.0,178.0,186.0,196.0,0.0
validation,2025-01-06,5,329,23771,413.5655,375.0,388.0,400.0,414.0,427.0,439.0,454.0,0.0
validation,2025-01-06,6,198,23771,220.1765,191.0,201.0,210.0,220.0,230.0,240.0,251.0,0.0
validation,2025-01-06,7,203,23771,271.4075,240.0,250.0,260.0,271.0,282.25,292.0,304.02499999999986,0.0
validation,2025-01-06,8,1749,23771,2027.4845,1937.0,1969.0,1995.0,2027.0,2060.0,2088.1000000000004,2117.0,0.0
validation,2025-01-06,9,18,23771,27.344,18.0,21.0,24.0,27.0,31.0,34.0,38.0,0.0
validation,2025-01-06,10,461,23771,321.063,286.0,298.0,309.0,321.0,332.0,344.0,356.0,0.0
validation,2025-01-06,11,1569,23771,1836.316,1754.0,1782.0,1807.0,1835.0,1865.0,1893.0,1921.0,0.0
validation,2025-01-06,12,1893,23771,1756.806,1674.975,1705.0,1728.0,1757.0,1786.0,1811.0,1837.0,0.0
validation,2025-01-06,13,1761,23771,1722.637,1644.95,1671.0,1695.0,1723.0,1750.0,1775.0,1804.0,0.0
validation,2025-01-06,14,6552,23771,5312.8065,5172.975,5222.9,5266.75,5311.0,5360.0,5407.0,5457.025,0.0
validation,2025-01-06,15,51,23771,78.2255,61.0,67.0,72.0,78.0,84.0,90.0,96.0,0.0
validation,2025-01-06,16,223,23771,357.293,320.0,334.0,344.0,357.0,370.0,381.10000000000014,395.0,0.0
validation,2025-01-06,17,697,23771,819.575,763.0,782.0,800.0,819.0,839.0,857.0,878.0,0.0
validation,2025-01-06,18,79,23771,162.724,139.0,147.0,154.0,162.0,171.0,179.0,188.02499999999986,0.0
validation,2025-01-06,19,1751,23771,1812.07,1732.0,1759.0,1784.0,1813.0,1840.0,1865.0,1893.0,0.0
validation,2025-01-06,20,14,23771,44.4975,32.0,36.0,40.0,44.0,49.0,54.0,59.0,0.0
validation,2025-01-06,21,28,23771,67.3575,52.0,57.0,62.0,67.0,73.0,78.0,84.0,0.0
validation,2025-01-06,22,171,23771,252.874,223.0,233.0,242.0,253.0,264.0,273.0,285.0,0.0
validation,2025-01-06,23,118,23771,143.731,121.0,129.0,136.0,143.0,152.0,159.0,169.0,0.0
validation,2025-01-06,24,222,23771,222.636,194.975,204.0,212.0,222.0,233.0,242.0,251.0,0.0
validation,2025-01-06,25,187,23771,227.374,198.0,208.0,217.0,227.0,238.0,246.0,256.0,0.0
validation,2025-01-06,26,119,23771,172.2705,147.0,155.0,163.0,172.0,181.0,190.0,198.02499999999986,0.0
validation,2025-01-06,27,31,23771,98.344,79.975,86.0,92.0,98.0,105.0,111.0,118.0,0.0
validation,2025-01-06,28,122,23771,280.2055,246.0,259.0,269.0,280.0,291.0,302.0,314.0,0.0
validation,2025-01-06,29,199,23771,158.5495,135.0,142.0,150.0,159.0,167.0,174.0,184.0,0.0
validation,2025-01-06,30,375,23771,548.433,503.0,519.0,533.0,548.0,564.0,578.0,594.0,0.0
validation,2025-01-06,31,357,23771,331.645,298.0,309.0,319.0,331.0,343.0,355.0,367.0,0.0
validation,2025-01-06,32,386,23771,157.4755,132.0,141.0,149.0,158.0,166.0,174.0,183.0,0.0
validation,2025-01-06,33,18,23771,19.305,11.0,14.0,16.0,19.0,22.0,25.0,29.0,0.0
validation,2025-01-06,34,32,23771,49.959,37.0,41.0,45.0,50.0,55.0,59.0,63.0,0.0
validation,2025-01-06,35,11,23771,36.414,25.0,29.0,32.0,36.0,40.0,44.0,48.024999999999864,0.0
validation,2025-01-06,36,772,23771,862.9645,809.975,825.9,843.0,863.0,882.0,901.0,922.0249999999999,0.0
validation,2025-01-06,37,398,23771,125.5625,104.0,111.0,118.0,126.0,133.0,140.0,148.0,0.0
validation,2025-01-06,38,257,23771,318.171,284.975,295.0,306.0,318.0,331.0,341.0,353.0,0.0
validation,2025-01-06,39,378,23771,226.034,197.0,207.0,216.0,226.0,236.0,246.0,257.0,0.0
validation,2025-01-13,0,4,68406,80.8785,63.0,70.0,75.0,81.0,87.0,92.0,99.0,0.0
validation,2025-01-13,1,302,68406,389.132,350.0,364.0,376.0,389.0,402.0,415.0,428.0,0.0
validation,2025-01-13,2,300,68406,1072.8655,1005.0,1030.0,1051.0,1073.0,1095.0,1117.0,1138.0,0.0
validation,2025-01-13,3,1327,68406,4517.3575,4387.0,4431.0,4471.75,4519.0,4562.0,4605.0,4652.0,0.0
validation,2025-01-13,4,133,68406,453.0855,413.0,426.0,438.0,453.0,467.0,481.0,497.02499999999986,0.0
validation,2025-01-13,5,287,68406,1166.2555,1100.0,1122.0,1145.0,1166.0,1189.25,1211.0,1233.0,0.0
validation,2025-01-13,6,139,68406,619.793,573.0,588.0,602.0,619.5,636.0,652.0,669.0,0.0
validation,2025-01-13,7,212,68406,783.985,730.0,748.0,766.0,784.0,803.0,819.0,837.0249999999999,0.0
validation,2025-01-13,8,39844,68406,5820.146,5673.0,5719.0,5768.0,5820.0,5873.0,5918.1,5965.0,0.0
validation,2025-01-13,9,27,68406,76.2295,60.0,66.0,70.0,76.0,82.0,88.0,93.0,0.0
validation,2025-01-13,10,267,68406,1001.9555,943.0,961.0,981.0,1001.0,1022.0,1042.0,1064.0249999999999,0.0
validation,2025-01-13,11,1766,68406,5174.927,5035.0,5082.0,5126.0,5174.0,5222.0,5269.1,5316.0,0.0
validation,2025-01-13,12,2466,68406,5102.9215,4962.0,5009.0,5055.0,5102.0,5150.0,5196.0,5251.025,0.0
validation,2025-01-13,13,2339,68406,4989.3695,4853.975,4899.0,4942.0,4991.0,5037.0,5080.0,5128.0,0.0
validation,2025-01-13,14,11579,68406,15797.1045,15552.9,15641.8,15713.0,15795.0,15881.0,15956.1,16049.0,0.0
validation,2025-01-13,15,36,68406,207.9935,180.0,190.0,198.0,207.0,218.0,226.0,237.0,0.0
validation,2025-01-13,16,123,68406,961.9355,905.0,923.0,940.0,962.0,982.0,1002.0,1021.0,0.0
validation,2025-01-13,17,577,68406,2284.261,2191.0,2220.0,2252.0,2284.0,2317.0,2347.0,2375.0,0.0
validation,2025-01-13,18,131,68406,451.518,408.975,424.0,437.0,451.0,466.0,479.0,496.02499999999986,0.0
validation,2025-01-13,19,2290,68406,5247.137,5106.0,5153.0,5197.0,5248.0,5296.0,5339.0,5390.0,0.0
validation,2025-01-13,20,26,68406,113.9045,94.0,100.0,106.0,114.0,121.0,128.0,136.0,0.0
validation,2025-01-13,21,46,68406,179.058,153.975,162.0,170.0,179.0,188.0,197.0,206.0,0.0
validation,2025-01-13,22,116,68406,702.2795,651.0,668.0,685.0,702.0,719.0,737.0,754.0,0.0
validation,2025-01-13,23,84,68406,405.4515,367.0,379.0,392.0,405.0,419.0,432.0,444.0,0.0
validation,2025-01-13,24,183,68406,637.239,588.0,605.0,620.0,636.0,654.0,671.0,688.0,0.0
validation,2025-01-13,25,220,68406,618.133,571.975,587.0,602.0,619.0,634.0,649.0,665.0,0.0
validation,2025-01-13,26,121,68406,468.6145,428.0,441.9,454.0,468.5,483.0,495.0,510.0,0.0
validation,2025-01-13,27,28,68406,226.9165,198.0,208.0,217.0,227.0,236.25,246.0,256.0,0.0
validation,2025-01-13,28,136,68406,752.1815,699.0,717.0,734.0,751.0,770.25,787.0,808.0,0.0
validation,2025-01-13,29,239,68406,454.208,414.0,429.0,440.0,454.0,468.0,482.0,495.02499999999986,0.0
validation,2025-01-13,30,449,68406,1506.2805,1433.0,1457.0,1480.0,1506.0,1531.0,1557.0,1583.0,0.0
validation,2025-01-13,31,321,68406,962.3285,901.0,922.0,941.0,962.0,984.0,1003.0,1023.0,0.0
validation,2025-01-13,32,350,68406,481.9315,439.0,454.0,467.0,482.0,497.0,510.0,525.0,0.0
validation,2025-01-13,33,15,68406,55.568,41.975,46.0,50.0,55.0,61.0,65.0,71.0,0.0
validation,2025-01-13,34,22,68406,128.143,107.0,114.0,120.0,128.0,136.0,142.10000000000014,151.0,0.0
validation,2025-01-13,35,24,68406,100.5845,82.0,88.0,94.0,100.0,107.0,114.0,121.0,0.0
validation,2025-01-13,36,874,68406,2402.0205,2310.975,2341.0,2370.0,2400.0,2433.0,2463.0,2503.0249999999996,0.0
validation,2025-01-13,37,397,68406,418.704,379.0,392.0,404.0,419.0,433.0,446.0,459.0,0.0
validation,2025-01-13,38,265,68406,919.187,863.0,881.0,899.0,918.0,940.0,959.0,978.0,0.0
validation,2025-01-13,39,341,68406,679.4005,627.975,647.0,663.0,679.0,697.0,713.0,730.0,0.0
validation,2025-01-20,0,10,43200,39.48,28.0,32.0,35.0,39.0,44.0,48.0,52.0,0.0
validation,2025-01-20,1,199,43200,223.926,194.975,205.0,214.0,224.0,234.0,244.0,253.0,0.0
validation,2025-01-20,2,433,43200,539.214,493.0,509.0,523.0,539.0,555.0,570.0,585.0,0.0
validation,2025-01-20,3,1784,43200,2360.978,2266.0,2299.0,2328.75,2361.0,2394.0,2422.0,2456.0,0.0
validation,2025-01-20,4,151,43200,234.39,205.0,215.0,224.0,234.0,245.0,254.0,265.0,0.0
validation,2025-01-20,5,355,43200,618.5885,568.975,586.9,601.0,618.0,635.0,652.0,667.0249999999999,0.0
validation,2025-01-20,6,175,43200,320.06,285.0,297.0,308.0,320.0,332.0,343.0,356.0,0.0
validation,2025-01-20,7,274,43200,402.411,364.0,377.0,388.75,402.0,416.0,428.0,441.0,0.0
validation,2025-01-20,8,12073,43200,8779.85,8590.0,8657.0,8715.0,8782.0,8845.25,8901.0,8962.0,0.0
validation,2025-01-20,9,30,43200,40.347,29.0,32.0,36.0,40.0,45.0,48.0,53.0,0.0
validation,2025-01-20,10,195,43200,554.1065,509.975,525.0,538.0,554.0,570.0,583.0,601.0249999999999,0.0
validation,2025-01-20,11,1964,43200,2775.168,2673.975,2709.0,2740.0,2775.0,2809.0,2844.0,2879.0249999999996,0.0
validation,2025-01-20,12,2618,43200,2829.298,2727.0,2759.0,2792.0,2831.0,2865.0,2899.0,2930.0,0.0
validation,2025-01-20,13,2251,43200,2777.4375,2672.975,2707.0,2741.0,2778.0,2813.0,2846.1000000000004,2882.0499999999997,0.0
validation,2025-01-20,14,13209,43200,9497.902,9303.975,9374.0,9430.75,9499.0,9564.0,9620.1,9696.025,0.0
validation,2025-01-20,15,50,43200,97.25,78.0,85.0,90.0,97.0,104.0,111.0,117.0,0.0
validation,2025-01-20,16,175,43200,476.708,436.0,449.0,462.0,477.0,491.0,505.0,518.0,0.0
validation,2025-01-20,17,717,43200,1181.8105,1112.975,1136.0,1159.0,1182.0,1205.0,1226.0,1250.0,0.0
validation,2025-01-20,18,89,43200,216.4735,188.0,197.9,207.0,216.0,226.0,236.0,246.0,0.0
validation,2025-01-20,19,2466,43200,2874.2295,2773.975,2806.0,2840.0,2875.0,2908.0,2940.0,2977.0499999999997,0.0
validation,2025-01-20,20,12,43200,50.764,37.0,42.0,46.0,51.0,56.0,60.0,66.0,0.0
validation,2025-01-20,21,57,43200,88.3305,70.0,76.0,82.0,88.0,95.0,101.0,108.0,0.0
validation,2025-01-20,22,226,43200,347.3555,312.0,323.0,335.0,347.0,360.0,372.0,386.0,0.0
validation,2025-01-20,23,99,43200,202.082,175.0,185.0,193.0,202.0,212.0,220.0,230.0,0.0
validation,2025-01-20,24,298,43200,328.208,292.0,305.0,316.0,328.0,341.0,352.0,364.0,0.0
validation,2025-01-20,25,237,43200,324.1535,289.975,301.0,312.0,324.0,336.0,347.0,359.02499999999986,0.0
validation,2025-01-20,26,135,43200,231.1075,203.0,212.0,221.0,231.0,241.0,251.0,262.0,0.0
validation,2025-01-20,27,38,43200,90.946,73.0,79.0,84.0,91.0,97.0,103.0,111.0,0.0
validation,2025-01-20,28,102,43200,379.4195,342.0,355.0,366.0,379.0,392.0,405.0,419.0,0.0
validation,2025-01-20,29,116,43200,250.05,220.0,230.0,239.0,250.0,261.0,270.0,282.0,0.0
validation,2025-01-20,30,359,43200,784.8205,730.0,748.0,765.0,785.0,804.0,822.0,839.0249999999999,0.0
validation,2025-01-20,31,300,43200,498.045,454.0,470.0,483.0,498.0,513.0,526.0,540.0249999999999,0.0
validation,2025-01-20,32,279,43200,266.3725,232.0,246.0,256.0,267.0,277.25,287.0,298.0,0.0
validation,2025-01-20,33,17,43200,28.552,19.0,22.0,25.0,28.0,32.0,35.0,39.0,0.0
validation,2025-01-20,34,43,43200,56.1655,42.0,47.0,51.0,56.0,61.0,65.0,71.0,0.0
validation,2025-01-20,35,24,43200,52.3585,39.0,43.0,47.0,52.0,57.0,62.0,67.0,0.0
validation,2025-01-20,36,803,43200,1294.0915,1225.975,1250.0,1271.0,1294.0,1317.0,1339.0,1365.0,0.0
validation,2025-01-20,37,276,43200,241.603,212.0,222.0,231.0,241.0,252.0,261.0,273.0,0.0
validation,2025-01-20,38,255,43200,484.673,442.975,456.0,469.75,484.0,500.0,514.0,528.0,0.0
validation,2025-01-20,39,306,43200,369.249,332.0,345.0,356.0,369.0,382.0,394.0,409.0,0.0
validation,2025-01-27,0,19,29695,24.3545,15.0,18.0,21.0,24.0,28.0,31.0,34.0,0.0
validation,2025-01-27,1,60,29695,148.4945,124.975,133.0,140.0,148.0,157.0,165.0,172.0,0.0
validation,2025-01-27,2,365,29695,350.3735,315.0,327.0,337.0,351.0,363.0,374.0,388.0,0.0
validation,2025-01-27,3,2359,29695,1548.7,1472.0,1498.0,1521.75,1548.0,1576.25,1600.0,1627.0,0.0
validation,2025-01-27,4,174,29695,146.19,124.0,132.0,138.0,146.0,154.0,162.0,170.0,0.0
validation,2025-01-27,5,313,29695,401.6175,363.0,375.0,387.0,402.0,416.0,427.0,442.0,0.0
validation,2025-01-27,6,132,29695,202.1395,173.0,183.0,193.0,202.0,211.0,221.0,232.0,0.0
validation,2025-01-27,7,245,29695,253.9825,223.0,234.0,243.0,254.0,265.0,275.0,288.0,0.0
validation,2025-01-27,8,4755,29695,6546.867,6388.95,6444.9,6495.0,6547.0,6600.0,6648.0,6708.025,0.0
validation,2025-01-27,9,23,29695,26.283,17.0,20.0,23.0,26.0,30.0,33.0,37.0,0.0
validation,2025-01-27,10,135,29695,353.4185,316.0,330.0,341.0,353.0,366.0,378.0,390.02499999999986,0.0
validation,2025-01-27,11,1537,29695,1796.9185,1714.0,1742.0,1768.0,1798.0,1825.0,1850.0,1880.0,0.0
validation,2025-01-27,12,2358,29695,1907.5255,1825.0,1851.0,1877.0,1908.0,1938.0,1963.0,1995.0249999999999,0.0
validation,2025-01-27,13,1916,29695,1842.7435,1759.0,1788.0,1814.0,1843.0,1872.0,1897.0,1922.0249999999999,0.0
validation,2025-01-27,14,9239,29695,6940.51,6770.0,6834.0,6885.0,6942.0,6997.0,7048.0,7097.0,0.0
validation,2025-01-27,15,43,29695,58.7975,44.0,49.0,54.0,58.0,64.0,68.0,74.0,0.0
validation,2025-01-27,16,149,29695,282.9235,252.0,262.0,271.0,282.0,294.0,304.0,318.0,0.0
validation,2025-01-27,17,642,29695,752.244,701.0,718.0,734.0,752.0,771.0,787.0,807.0,0.0
validation,2025-01-27,18,89,29695,135.875,113.0,120.9,128.0,136.0,143.0,150.0,159.0,0.0
validation,2025-01-27,19,2013,29695,1930.3295,1846.0,1876.0,1900.0,1930.0,1961.0,1985.0,2015.0,0.0
validation,2025-01-27,20,20,29695,28.7325,19.0,22.0,25.0,29.0,32.0,36.0,40.0,0.0
validation,2025-01-27,21,49,29695,53.522,40.0,44.0,49.0,53.5,58.0,63.0,68.0,0.0
validation,2025-01-27,22,170,29695,217.9555,189.0,199.0,208.0,218.0,228.0,237.0,246.0,0.0
validation,2025-01-27,23,94,29695,126.802,106.0,113.0,119.0,126.5,134.0,141.10000000000014,149.0,0.0
validation,2025-01-27,24,117,29695,217.691,188.975,198.0,207.75,218.0,228.0,237.0,247.0,0.0
validation,2025-01-27,25,274,29695,210.5735,184.0,192.0,201.0,210.0,220.0,230.0,239.0,0.0
validation,2025-01-27,26,76,29695,143.6635,122.0,128.0,135.0,143.0,152.0,159.0,168.0,0.0
validation,2025-01-27,27,30,29695,49.9105,37.0,41.0,45.0,50.0,55.0,59.0,65.0,0.0
validation,2025-01-27,28,104,29695,228.182,199.0,209.0,218.0,228.0,238.0,248.0,259.0,0.0
validation,2025-01-27,29,72,29695,162.139,140.0,146.0,154.0,162.0,171.0,178.0,186.0,0.0
validation,2025-01-27,30,341,29695,483.776,443.975,456.0,470.0,483.0,498.0,512.0,528.0249999999999,0.0
validation,2025-01-27,31,324,29695,322.3135,289.0,300.0,309.0,321.0,335.0,345.10000000000014,357.0,0.0
validation,2025-01-27,32,59,29695,175.266,150.975,158.0,166.0,175.0,184.0,192.0,201.0,0.0
validation,2025-01-27,33,22,29695,18.311,10.0,13.0,15.0,18.0,21.0,24.0,27.0,0.0
validation,2025-01-27,34,58,29695,34.449,23.975,27.0,30.0,34.0,38.0,42.0,47.0,0.0
validation,2025-01-27,35,25,29695,29.975,20.0,23.0,26.0,30.0,34.0,37.0,41.0,0.0
validation,2025-01-27,36,834,29695,835.6935,779.0,797.0,817.0,836.0,855.0,873.0,892.0,0.0
validation,2025-01-27,37,29,29695,163.7765,138.0,147.0,155.0,164.0,173.0,180.0,188.0,0.0
validation,2025-01-27,38,327,29695,308.931,274.0,286.0,297.0,308.0,321.0,332.0,344.0,0.0
validation,2025-01-27,39,104,29695,241.856,212.0,223.0,232.0,241.0,252.0,261.0,272.0,0.0
validation,2025-02-03,0,4,27661,21.45,13.0,16.0,18.0,21.0,24.25,27.0,31.0,0.0
validation,2025-02-03,1,103,27661,132.019,109.0,118.0,124.0,132.0,140.0,147.0,155.0,0.0
validation,2025-02-03,2,380,27661,317.7155,282.0,296.0,306.0,318.0,329.0,341.0,352.0,0.0
validation,2025-02-03,3,2487,27661,1494.0185,1418.0,1443.0,1468.0,1495.0,1520.0,1543.0,1571.0249999999999,0.0
validation,2025-02-03,4,153,27661,134.3195,112.0,120.0,127.0,134.0,142.0,149.0,157.02499999999986,0.0
validation,2025-02-03,5,308,27661,354.6525,320.0,332.0,342.0,354.0,367.0,379.0,391.0,0.0
validation,2025-02-03,6,157,27661,176.8385,153.0,160.0,167.0,177.0,186.0,194.0,204.0,0.0
validation,2025-02-03,7,312,27661,231.787,202.0,212.0,221.0,232.0,242.0,251.0,262.0,0.0
validation,2025-02-03,8,3446,27661,6146.718,6001.0,6052.0,6094.75,6146.0,6196.0,6244.1,6302.025,0.0
validation,2025-02-03,9,30,27661,23.877,16.0,18.0,20.75,24.0,27.0,30.0,34.0,0.0
validation,2025-02-03,10,190,27661,313.6035,280.0,290.0,301.0,313.0,326.0,336.0,347.0,0.0
validation,2025-02-03,11,1697,27661,1620.7585,1542.0,1570.0,1594.0,1621.0,1646.0,1672.0,1702.0249999999999,0.0
validation,2025-02-03,12,2133,27661,1799.801,1721.0,1747.0,1773.0,1800.0,1826.0,1853.0,1880.0249999999999,0.0
validation,2025-02-03,13,2012,27661,1699.6655,1619.975,1649.0,1670.75,1700.0,1728.0,1753.0,1778.0,0.0
validation,2025-02-03,14,8267,27661,6673.3945,6518.975,6569.9,6617.0,6670.0,6730.0,6781.0,6837.0,0.0
validation,2025-02-03,15,59,27661,50.384,37.0,41.0,46.0,50.0,55.0,59.0,64.02499999999986,0.0
validation,2025-02-03,16,185,27661,236.982,209.0,217.0,226.0,237.0,248.0,257.0,267.02499999999986,0.0
validation,2025-02-03,17,649,27661,675.1225,621.0,641.0,658.0,675.0,693.0,710.0,727.0249999999999,0.0
validation,2025-02-03,18,81,27661,122.968,102.0,109.0,115.0,123.0,130.0,137.0,145.0,0.0
validation,2025-02-03,19,1871,27661,1791.294,1712.0,1737.0,1761.0,1791.0,1819.0,1846.0,1878.0,0.0
validation,2025-02-03,20,10,27661,23.135,14.0,17.0,20.0,23.0,26.0,29.0,34.0,0.0
validation,2025-02-03,21,34,27661,47.488,35.0,39.0,43.0,47.0,52.0,56.0,61.0,0.0
validation,2025-02-03,22,163,27661,189.9435,164.0,172.0,181.0,190.0,199.0,208.0,218.0,0.0
validation,2025-02-03,23,83,27661,113.0845,93.0,100.0,106.0,113.0,120.0,127.0,135.0,0.0
validation,2025-02-03,24,120,27661,190.432,164.0,173.0,181.0,191.0,200.0,208.0,217.02499999999986,0.0
validation,2025-02-03,25,281,27661,200.574,173.0,182.0,191.0,200.0,210.0,219.0,228.0,0.0
validation,2025-02-03,26,78,27661,122.5015,101.975,109.0,115.0,123.0,130.0,137.0,145.0,0.0
validation,2025-02-03,27,44,27661,43.3615,31.0,35.0,39.0,43.0,48.0,52.0,57.0,0.0
validation,2025-02-03,28,104,27661,193.372,166.0,175.9,184.0,193.0,202.0,211.0,221.0,0.0
validation,2025-02-03,29,93,27661,145.1675,123.0,130.0,137.0,145.0,153.0,161.0,171.0,0.0
validation,2025-02-03,30,290,27661,427.8875,387.0,401.0,414.0,428.0,442.0,454.0,470.0,0.0
validation,2025-02-03,31,324,27661,297.691,265.0,276.0,286.0,297.0,309.0,320.0,332.0,0.0
validation,2025-02-03,32,55,27661,155.481,131.0,139.0,147.0,155.0,164.0,172.0,180.0,0.0
validation,2025-02-03,33,20,27661,17.51,10.0,12.0,15.0,17.0,20.0,23.0,26.0,0.0
validation,2025-02-03,34,50,27661,33.293,22.975,26.0,29.0,33.0,37.0,41.0,45.0,0.0
validation,2025-02-03,35,15,27661,26.7425,17.0,20.0,23.0,27.0,30.0,33.0,37.0,0.0
validation,2025-02-03,36,940,27661,771.044,715.0,733.0,752.0,771.0,791.0,807.0,825.0,0.0
validation,2025-02-03,37,34,27661,144.5485,121.0,129.0,136.0,144.0,153.0,161.0,171.0,0.0
validation,2025-02-03,38,276,27661,284.252,251.0,263.0,273.0,284.0,296.0,305.0,317.0,0.0
validation,2025-02-03,39,123,27661,212.7885,185.0,194.0,203.0,213.0,223.0,231.0,241.0,0.0
validation,2025-02-10,0,3,22784,16.845,9.0,12.0,14.0,17.0,20.0,22.0,26.0,0.0
validation,2025-02-10,1,121,22784,109.2605,89.0,96.0,102.0,109.0,116.0,123.0,130.0,0.0
validation,2025-02-10,2,279,22784,263.171,231.0,243.0,252.0,263.0,274.0,284.0,296.0,0.0
validation,2025-02-10,3,2332,22784,1282.1425,1214.0,1235.0,1258.0,1282.0,1306.0,1329.0,1353.0,0.0
validation,2025-02-10,4,111,22784,110.35,90.0,96.0,103.0,110.0,117.0,124.0,131.0,0.0
validation,2025-02-10,5,273,22784,278.433,246.0,258.0,267.0,279.0,290.0,299.0,310.02499999999986,0.0
validation,2025-02-10,6,144,22784,143.9355,121.0,128.0,135.0,144.0,152.0,159.0,168.0,0.0
validation,2025-02-10,7,275,22784,194.9105,168.0,178.0,185.0,195.0,204.0,212.0,225.0,0.0
validation,2025-02-10,8,2583,22784,5037.333,4901.95,4953.0,4992.0,5037.0,5084.0,5127.1,5174.025,0.0
validation,2025-02-10,9,24,22784,20.0085,12.0,14.0,17.0,20.0,23.0,26.0,29.0,0.0
validation,2025-02-10,10,182,22784,254.111,224.0,234.0,243.0,254.0,264.0,275.0,287.0,0.0
validation,2025-02-10,11,1288,22784,1325.597,1254.975,1280.0,1303.0,1326.0,1349.0,1370.0,1398.0249999999999,0.0
validation,2025-02-10,12,1443,22784,1495.3465,1421.0,1447.0,1470.0,1494.0,1521.0,1545.0,1571.0249999999999,0.0
validation,2025-02-10,13,1796,22784,1402.1785,1329.0,1354.9,1377.0,1402.0,1427.0,1450.0,1473.0,0.0
validation,2025-02-10,14,6304,22784,5624.6865,5475.0,5526.0,5574.75,5623.0,5676.25,5720.1,5778.025,0.0
validation,2025-02-10,15,55,22784,39.853,28.0,32.0,36.0,40.0,44.0,47.100000000000136,52.0,0.0
validation,2025-02-10,16,130,22784,178.857,152.0,162.0,170.0,179.0,188.0,196.0,207.0,0.0
validation,2025-02-10,17,494,22784,545.194,499.0,515.0,529.0,545.0,561.0,576.0,593.0,0.0
validation,2025-02-10,18,68,22784,98.6305,79.0,86.0,91.75,98.0,105.0,112.0,118.0,0.0
validation,2025-02-10,19,1491,22784,1446.0235,1368.975,1397.0,1421.0,1446.0,1471.0,1494.0,1523.0,0.0
validation,2025-02-10,20,8,22784,17.0335,10.0,12.0,14.0,17.0,20.0,22.0,26.0,0.0
validation,2025-02-10,21,35,22784,36.98,25.0,29.0,33.0,37.0,41.0,45.0,49.0,0.0
validation,2025-02-10,22,165,22784,151.073,127.0,135.0,142.0,151.0,159.0,168.0,177.0,0.0
validation,2025-02-10,23,95,22784,90.117,71.975,78.0,84.0,90.0,96.0,103.0,109.0,0.0
validation,2025-02-10,24,138,22784,149.033,126.0,134.0,141.0,149.0,157.0,164.0,174.0,0.0
validation,2025-02-10,25,256,22784,166.6605,142.0,150.9,158.0,167.0,175.0,183.0,191.0,0.0
validation,2025-02-10,26,92,22784,94.3965,75.0,81.0,88.0,94.0,101.0,107.0,113.0,0.0
validation,2025-02-10,27,36,22784,34.6095,24.0,27.0,31.0,34.0,38.0,42.0,46.0,0.0
validation,2025-02-10,28,84,22784,147.24,124.0,131.0,139.0,147.0,155.25,164.0,171.0,0.0
validation,2025-02-10,29,120,22784,117.027,96.0,102.0,109.0,117.0,124.0,132.0,140.0,0.0
validation,2025-02-10,30,357,22784,339.9095,305.0,317.0,327.0,340.0,353.0,363.0,375.0,0.0
validation,2025-02-10,31,329,22784,242.3525,212.0,222.0,232.0,242.0,253.0,263.0,275.0,0.0
validation,2025-02-10,32,52,22784,119.286,99.0,105.0,112.0,119.0,127.0,133.10000000000014,141.0,0.0
validation,2025-02-10,33,19,22784,14.137,7.0,10.0,11.0,14.0,17.0,19.0,22.0,0.0
validation,2025-02-10,34,48,22784,27.7865,18.0,21.0,24.0,28.0,31.0,35.0,38.0,0.0
validation,2025-02-10,35,13,22784,20.4525,12.0,15.0,17.0,20.0,24.0,26.0,29.0,0.0
validation,2025-02-10,36,1191,22784,636.005,588.0,603.0,618.0,636.0,654.0,669.0,685.0249999999999,0.0
validation,2025-02-10,37,16,22784,115.439,95.0,102.0,108.0,115.0,123.0,130.0,138.0,0.0
validation,2025-02-10,38,223,22784,229.617,201.0,210.0,219.0,230.0,240.0,248.0,259.0,0.0
validation,2025-02-10,39,111,22784,169.4645,144.0,153.0,161.0,169.0,178.0,186.0,195.02499999999986,0.0
validation,2025-02-17,0,4,18877,13.359,7.0,9.0,11.0,13.0,16.0,18.0,21.0,0.0
validation,2025-02-17,1,133,18877,92.4805,75.0,80.0,86.0,92.0,99.0,105.0,111.0,0.0
validation,2025-02-17,2,147,18877,211.5135,184.0,193.0,202.0,212.0,221.0,230.0,241.0,0.0
validation,2025-02-17,3,1140,18877,1108.2345,1046.0,1066.9,1086.0,1107.0,1130.0,1150.0,1175.0,0.0
validation,2025-02-17,4,112,18877,85.4835,68.0,73.0,79.0,85.5,92.0,97.0,104.0,0.0
validation,2025-02-17,5,194,18877,226.727,197.0,207.0,216.0,227.0,237.0,246.0,255.0,0.0
validation,2025-02-17,6,126,18877,116.6435,97.0,103.0,109.0,116.0,124.0,131.0,137.0,0.0
validation,2025-02-17,7,219,18877,164.938,141.0,148.0,156.0,165.0,173.0,182.0,190.0,0.0
validation,2025-02-17,8,1973,18877,4166.251,4037.975,4081.0,4124.0,4167.0,4207.0,4249.0,4304.0,0.0
validation,2025-02-17,9,32,18877,16.5905,9.975000000000001,12.0,14.0,16.0,19.0,22.0,25.0,0.0
validation,2025-02-17,10,191,18877,205.735,179.0,188.0,196.0,206.0,215.0,223.0,234.0,0.0
validation,2025-02-17,11,1146,18877,1077.8475,1012.975,1035.0,1054.0,1077.0,1101.0,1121.0,1142.0249999999999,0.0
validation,2025-02-17,12,1536,18877,1227.391,1161.0,1181.0,1203.0,1228.0,1251.0,1273.0,1297.0249999999999,0.0
validation,2025-02-17,13,1723,18877,1172.84,1108.0,1128.0,1149.0,1173.0,1197.0,1217.0,1240.0,0.0
validation,2025-02-17,14,5166,18877,4739.9225,4610.0,4650.9,4693.0,4740.0,4789.0,4830.0,4874.0,0.0
validation,2025-02-17,15,46,18877,31.2215,21.0,25.0,27.0,31.0,35.0,38.0,42.0,0.0
validation,2025-02-17,16,146,18877,139.097,116.0,125.0,131.0,139.0,147.0,155.0,162.0,0.0
validation,2025-02-17,17,500,18877,437.6215,395.0,411.0,423.0,438.0,452.0,464.0,477.02499999999986,0.0
validation,2025-02-17,18,53,18877,78.9545,62.0,68.0,73.0,79.0,85.0,90.0,97.0,0.0
validation,2025-02-17,19,1392,18877,1162.323,1098.0,1120.0,1140.0,1162.0,1185.0,1205.0,1227.0,0.0
validation,2025-02-17,20,7,18877,11.99,6.0,8.0,10.0,12.0,14.0,17.0,19.0,0.0
validation,2025-02-17,21,85,18877,29.447,20.0,23.0,26.0,29.0,33.0,36.0,40.0,0.0
validation,2025-02-17,22,204,18877,120.943,100.0,107.0,113.0,121.0,129.0,135.0,142.0,0.0
validation,2025-02-17,23,90,18877,74.9445,59.0,64.0,69.0,75.0,81.0,86.0,93.0,0.0
validation,2025-02-17,24,172,18877,117.363,96.0,103.0,110.0,117.0,125.0,132.0,140.0,0.0
validation,2025-02-17,25,274,18877,140.9475,118.975,125.0,133.0,141.0,149.0,156.10000000000014,164.0,0.0
validation,2025-02-17,26,124,18877,76.21,59.975,65.9,70.0,76.0,82.0,87.0,93.0,0.0
validation,2025-02-17,27,27,18877,27.09,18.0,21.0,24.0,27.0,31.0,34.0,37.0,0.0
validation,2025-02-17,28,102,18877,113.134,92.0,99.0,106.0,113.0,121.0,127.0,134.0,0.0
validation,2025-02-17,29,164,18877,98.962,79.0,86.0,92.0,99.0,106.0,112.0,119.0,0.0
validation,2025-02-17,30,308,18877,274.8725,242.0,254.0,263.0,275.0,286.0,296.0,309.0,0.0
validation,2025-02-17,31,248,18877,204.9675,177.0,186.0,195.0,204.0,215.0,224.0,234.0,0.0
validation,2025-02-17,32,45,18877,98.0825,79.0,85.0,91.0,98.0,105.0,111.0,118.0,0.0
validation,2025-02-17,33,13,18877,11.8175,6.0,8.0,9.0,12.0,14.0,16.0,19.0,0.0
validation,2025-02-17,34,60,18877,22.2895,14.0,16.0,19.0,22.0,25.0,28.0,32.0,0.0
validation,2025-02-17,35,25,18877,16.2025,9.0,11.0,13.0,16.0,19.0,21.0,25.0,0.0
validation,2025-02-17,36,637,18877,550.71,504.0,520.0,535.0,551.0,566.0,581.0,595.0,0.0
validation,2025-02-17,37,25,18877,91.649,73.0,79.0,85.0,92.0,98.0,104.0,111.0,0.0
validation,2025-02-17,38,189,18877,184.365,158.975,167.0,175.0,184.0,194.0,203.0,212.0,0.0
validation,2025-02-17,39,99,18877,137.7925,116.0,123.0,129.0,137.0,146.0,153.0,162.0,0.0
validation,2025-02-24,0,6,22346,14.9265,8.0,10.0,12.0,15.0,17.0,20.0,23.0,0.0
validation,2025-02-24,1,140,22346,115.7245,96.0,103.0,108.0,115.0,123.0,130.0,137.0,0.0
validation,2025-02-24,2,401,22346,246.658,216.0,227.0,236.0,246.0,258.0,266.0,278.0,0.0
validation,2025-02-24,3,1994,22346,1317.382,1248.0,1272.0,1293.0,1317.0,1342.0,1362.0,1390.0,0.0
validation,2025-02-24,4,134,22346,100.353,82.0,88.0,93.0,100.0,107.0,113.0,120.0,0.0
validation,2025-02-24,5,299,22346,259.0475,227.0,239.0,248.0,259.0,270.0,280.0,293.0,0.0
validation,2025-02-24,6,212,22346,139.209,116.0,124.0,131.0,139.0,147.0,154.0,165.0,0.0
validation,2025-02-24,7,320,22346,198.014,170.0,180.0,189.0,198.0,207.0,216.0,226.0,0.0
validation,2025-02-24,8,2129,22346,4924.3195,4790.975,4832.0,4874.0,4924.0,4974.0,5016.0,5063.0,0.0
validation,2025-02-24,9,29,22346,20.7435,12.0,15.0,18.0,21.0,24.0,27.0,30.0,0.0
validation,2025-02-24,10,261,22346,242.7895,213.0,222.0,232.0,243.0,254.0,263.0,274.0,0.0
validation,2025-02-24,11,1361,22346,1249.1435,1180.0,1203.0,1226.0,1249.0,1272.0,1295.0,1322.0,0.0
validation,2025-02-24,12,1532,22346,1457.1655,1384.0,1409.0,1430.0,1458.0,1483.0,1506.1000000000001,1535.0249999999999,0.0
validation,2025-02-24,13,1795,22346,1406.105,1332.0,1356.0,1381.0,1406.0,1431.0,1454.0,1478.0249999999999,0.0
validation,2025-02-24,14,5921,22346,5650.979,5502.0,5552.9,5600.0,5651.0,5702.0,5748.1,5799.049999999999,0.0
validation,2025-02-24,15,58,22346,35.758,24.0,28.0,32.0,35.0,40.0,44.0,48.0,0.0
validation,2025-02-24,16,206,22346,154.145,130.0,138.0,146.0,154.0,163.0,170.0,179.02499999999986,0.0
validation,2025-02-24,17,541,22346,502.849,458.975,474.9,488.0,502.0,518.0,533.0,545.0,0.0
validation,2025-02-24,18,61,22346,91.8105,74.0,80.0,85.0,92.0,98.0,104.0,111.0,0.0
validation,2025-02-24,19,1607,22346,1359.3715,1288.0,1313.0,1335.0,1360.0,1384.0,1404.0,1428.0,0.0
validation,2025-02-24,20,15,22346,13.7645,7.0,9.0,11.0,14.0,16.0,19.0,22.0,0.0
validation,2025-02-24,21,80,22346,38.161,26.975,30.0,33.0,38.0,42.0,46.0,51.0,0.0
validation,2025-02-24,22,230,22346,145.35,121.975,129.0,137.0,145.0,154.0,161.0,169.0,0.0
validation,2025-02-24,23,98,22346,89.8745,71.975,78.0,83.0,89.0,96.0,102.0,109.0,0.0
validation,2025-02-24,24,82,22346,140.8745,118.0,126.0,133.0,141.0,149.0,156.0,164.0,0.0
validation,2025-02-24,25,323,22346,171.2625,146.0,155.0,162.0,171.0,180.0,188.0,197.0,0.0
validation,2025-02-24,26,154,22346,92.1815,74.0,80.0,85.0,92.0,99.0,105.0,113.0,0.0
validation,2025-02-24,27,28,22346,30.9605,20.0,24.0,27.0,31.0,35.0,39.0,43.0,0.0
validation,2025-02-24,28,93,22346,134.909,112.0,120.0,127.0,135.0,143.0,150.0,158.0,0.0
validation,2025-02-24,29,192,22346,124.7675,104.0,111.0,117.0,124.0,132.0,139.0,147.02499999999986,0.0
validation,2025-02-24,30,416,22346,321.6715,288.0,299.0,310.0,322.0,332.25,344.0,357.0,0.0
validation,2025-02-24,31,318,22346,247.869,217.0,228.0,237.0,248.0,258.0,267.0,279.0,0.0
validation,2025-02-24,32,54,22346,114.0585,94.0,100.0,107.0,114.0,121.0,128.0,135.0,0.0
validation,2025-02-24,33,21,22346,13.777,7.0,9.0,11.0,14.0,16.0,18.0,22.0,0.0
validation,2025-02-24,34,46,22346,28.426,18.0,21.900000000000006,25.0,28.0,32.0,35.0,39.0,0.0
validation,2025-02-24,35,2,22346,19.6655,12.0,14.0,17.0,19.0,23.0,25.0,29.0,0.0
validation,2025-02-24,36,824,22346,643.963,592.0,611.0,627.0,644.0,662.0,676.0,694.0,0.0
validation,2025-02-24,37,28,22346,107.6135,88.0,94.0,101.0,107.0,114.0,121.0,129.0,0.0
validation,2025-02-24,38,216,22346,218.756,191.0,200.0,209.0,219.0,229.0,237.0,247.02499999999986,0.0
validation,2025-02-24,39,119,22346,160.0345,136.975,144.0,151.0,160.0,168.0,177.0,185.0,0.0
validation,2025-03-03,0,14,23936,14.1065,7.0,10.0,11.0,14.0,17.0,19.0,22.0,0.0
validation,2025-03-03,1,120,23936,129.86,108.0,115.0,122.0,130.0,138.0,144.0,153.0,0.0
validation,2025-03-03,2,402,23936,264.8625,234.0,244.0,254.0,265.0,276.0,286.0,296.0,0.0
validation,2025-03-03,3,3464,23936,1438.2785,1362.975,1389.0,1413.0,1439.0,1464.0,1486.0,1514.0,0.0
validation,2025-03-03,4,162,23936,107.2815,88.0,95.0,100.0,107.0,114.0,121.0,128.0,0.0
validation,2025-03-03,5,306,23936,270.6125,238.0,250.0,260.0,270.0,282.0,292.0,304.0,0.0
validation,2025-03-03,6,179,23936,147.704,125.0,132.0,139.0,147.0,156.0,163.0,171.0,0.0
validation,2025-03-03,7,259,23936,216.152,188.0,198.0,207.0,216.0,226.0,235.0,245.0,0.0
validation,2025-03-03,8,1875,23936,5258.807,5120.0,5168.0,5210.0,5257.0,5306.0,5352.1,5406.0,0.0
validation,2025-03-03,9,13,23936,22.1265,14.0,16.0,19.0,22.0,25.0,29.0,32.0,0.0
validation,2025-03-03,10,244,23936,247.548,218.0,228.0,236.0,248.0,258.0,267.10000000000014,280.0,0.0
validation,2025-03-03,11,1266,23936,1312.3445,1241.975,1266.0,1287.0,1312.0,1338.0,1358.0,1385.0249999999999,0.0
validation,2025-03-03,12,1548,23936,1553.988,1474.0,1503.0,1528.0,1555.0,1582.0,1604.0,1626.0,0.0
validation,2025-03-03,13,1784,23936,1520.769,1441.0,1470.0,1494.75,1521.0,1547.0,1570.0,1594.0,0.0
validation,2025-03-03,14,6328,23936,6102.8325,5952.975,6005.0,6050.0,6102.5,6153.0,6202.1,6262.0,0.0
validation,2025-03-03,15,38,23936,38.986,27.0,31.0,34.0,39.0,43.0,47.0,51.0,0.0
validation,2025-03-03,16,172,23936,163.642,139.975,148.0,155.0,163.0,173.0,180.0,188.0,0.0
validation,2025-03-03,17,580,23936,536.9185,493.0,507.9,520.0,537.0,553.0,567.0,584.0,0.0
validation,2025-03-03,18,69,23936,92.31,74.0,80.0,86.0,92.0,99.0,104.0,110.0,0.0
validation,2025-03-03,19,1792,23936,1461.6305,1392.975,1415.0,1435.0,1461.5,1487.0,1509.1000000000001,1535.0,0.0
validation,2025-03-03,20,11,23936,14.558,7.0,10.0,12.0,14.0,17.0,19.0,22.0,0.0
validation,2025-03-03,21,79,23936,41.9605,30.0,34.0,38.0,42.0,46.0,50.0,55.0,0.0
validation,2025-03-03,22,177,23936,156.412,131.975,141.0,148.0,156.0,165.0,173.0,181.0,0.0
validation,2025-03-03,23,142,23936,92.4705,75.0,80.0,86.0,92.0,99.0,105.0,112.0,0.0
validation,2025-03-03,24,97,23936,144.546,121.0,128.0,136.0,144.0,153.0,160.0,169.0,0.0
validation,2025-03-03,25,254,23936,189.1675,161.975,172.0,180.0,189.0,199.0,207.0,216.0,0.0
validation,2025-03-03,26,144,23936,98.7255,79.0,86.0,92.0,98.0,105.0,112.0,119.0,0.0
validation,2025-03-03,27,42,23936,30.9575,21.0,24.0,27.0,31.0,35.0,38.0,41.0,0.0
validation,2025-03-03,28,71,23936,134.784,112.0,120.0,127.0,135.0,143.0,149.0,158.0,0.0
validation,2025-03-03,29,247,23936,135.595,112.0,121.0,127.0,136.0,144.0,150.0,159.0,0.0
validation,2025-03-03,30,455,23936,337.413,303.0,315.0,325.0,337.0,349.0,361.0,373.0,0.0
validation,2025-03-03,31,294,23936,266.0105,234.0,245.0,255.0,265.0,277.0,287.0,299.02499999999986,0.0
validation,2025-03-03,32,55,23936,120.607,99.0,106.0,113.0,120.0,128.0,135.0,142.0,0.0
validation,2025-03-03,33,21,23936,15.1655,8.0,10.0,12.0,15.0,18.0,20.0,23.0,0.0
validation,2025-03-03,34,61,23936,31.544,22.0,25.0,28.0,31.0,35.0,39.0,43.0,0.0
validation,2025-03-03,35,14,23936,16.993,9.0,12.0,14.0,17.0,20.0,23.0,25.024999999999864,0.0
validation,2025-03-03,36,764,23936,700.077,647.0,666.0,681.0,700.0,719.0,735.0,754.0,0.0
validation,2025-03-03,37,27,23936,113.624,92.0,100.0,107.0,114.0,121.0,128.0,135.0,0.0
validation,2025-03-03,38,261,23936,230.746,202.0,211.0,221.0,230.0,241.0,250.0,261.02499999999986,0.0
validation,2025-03-03,39,105,23936,168.394,143.0,152.0,160.0,169.0,177.0,185.0,194.0,0.0
validation,2025-03-10,0,0,26061,12.413,6.0,8.0,10.0,12.0,15.0,17.0,20.0,0.0
validation,2025-03-10,1,81,26061,140.2685,117.0,124.0,132.0,140.0,148.0,156.0,164.0,0.0
validation,2025-03-10,2,625,26061,289.4635,256.0,267.0,278.0,289.0,301.0,311.10000000000014,323.0,0.0
validation,2025-03-10,3,3709,26061,1699.821,1623.0,1647.0,1670.0,1700.0,1729.0,1753.0,1778.0249999999999,0.0
validation,2025-03-10,4,138,26061,119.0485,98.0,105.0,112.0,119.0,127.0,133.0,140.0,0.0
validation,2025-03-10,5,269,26061,287.7125,254.0,266.0,276.0,288.0,299.0,310.0,321.0,0.0
validation,2025-03-10,6,194,26061,157.418,134.0,142.0,149.0,157.0,166.0,173.0,183.0,0.0
validation,2025-03-10,7,303,26061,233.3545,204.975,214.0,223.0,233.0,243.0,252.0,264.0,0.0
validation,2025-03-10,8,1860,26061,5641.1305,5499.0,5544.0,5589.75,5643.0,5692.0,5735.0,5783.0,0.0
validation,2025-03-10,9,19,26061,22.769,14.0,17.0,19.0,23.0,26.0,29.0,32.0,0.0
validation,2025-03-10,10,186,26061,264.0745,233.975,243.0,253.0,263.0,275.0,285.0,298.0,0.0
validation,2025-03-10,11,1569,26061,1407.2865,1336.0,1360.0,1382.0,1407.0,1432.0,1456.0,1481.0249999999999,0.0
validation,2025-03-10,12,1766,26061,1685.63,1607.975,1634.0,1657.0,1686.0,1713.0,1738.0,1768.0,0.0
validation,2025-03-10,13,2305,26061,1671.071,1592.0,1618.0,1644.0,1671.0,1699.0,1723.0,1751.0,0.0
validation,2025-03-10,14,6720,26061,6664.079,6507.0,6557.9,6611.0,6665.5,6716.0,6766.0,6822.025,0.0
validation,2025-03-10,15,15,26061,41.6915,29.975,33.0,37.0,42.0,46.0,50.0,54.0,0.0
validation,2025-03-10,16,181,26061,170.686,145.0,154.0,162.0,170.0,180.0,188.0,196.0,0.0
validation,2025-03-10,17,638,26061,577.7185,532.0,547.0,560.0,577.0,595.0,610.0,626.0249999999999,0.0
validation,2025-03-10,18,66,26061,94.9365,76.0,82.0,88.0,95.0,102.0,108.0,115.0,0.0
validation,2025-03-10,19,1478,26061,1606.763,1527.0,1556.0,1580.75,1608.0,1634.0,1657.1000000000001,1684.0249999999999,0.0
validation,2025-03-10,20,12,26061,15.092,8.0,10.0,12.0,15.0,18.0,20.0,23.0,0.0
validation,2025-03-10,21,77,26061,48.919,36.0,40.0,44.0,49.0,53.0,58.0,63.0,0.0
validation,2025-03-10,22,214,26061,168.515,143.0,152.0,160.0,168.0,177.0,185.0,195.0,0.0
validation,2025-03-10,23,144,26061,102.0115,82.0,89.0,96.0,102.0,108.0,115.0,123.0,0.0
validation,2025-03-10,24,152,26061,151.1435,128.0,135.0,143.0,151.0,160.0,167.0,176.0,0.0
validation,2025-03-10,25,256,26061,212.8015,184.975,194.0,203.0,213.0,223.0,232.0,242.0,0.0
validation,2025-03-10,26,151,26061,107.836,88.0,95.0,101.0,107.0,115.0,122.0,129.0,0.0
validation,2025-03-10,27,25,26061,32.8555,22.0,26.0,29.0,33.0,37.0,40.0,45.0,0.0
validation,2025-03-10,28,90,26061,130.336,109.0,116.0,123.0,130.0,138.0,146.0,153.0,0.0
validation,2025-03-10,29,202,26061,155.429,131.0,139.0,147.0,155.0,164.0,172.0,180.02499999999986,0.0
validation,2025-03-10,30,370,26061,362.6505,326.0,338.0,350.0,363.0,376.0,387.0,399.0,0.0
validation,2025-03-10,31,336,26061,284.936,254.0,264.0,273.75,284.0,297.0,307.0,318.0,0.0
validation,2025-03-10,32,40,26061,129.5305,107.0,115.0,122.0,129.0,137.0,144.0,152.02499999999986,0.0
validation,2025-03-10,33,21,26061,16.397,9.0,11.0,14.0,16.0,19.0,22.0,25.0,0.0
validation,2025-03-10,34,66,26061,36.92,25.0,29.0,33.0,37.0,41.0,45.0,49.0,0.0
validation,2025-03-10,35,12,26061,18.3135,10.975000000000001,13.0,15.0,18.0,21.0,24.0,27.0,0.0
validation,2025-03-10,36,1392,26061,745.6445,689.975,711.0,727.0,745.0,764.0,782.0,800.0,0.0
validation,2025-03-10,37,39,26061,120.126,100.0,107.0,112.0,120.0,127.0,134.0,143.0,0.0
validation,2025-03-10,38,244,26061,250.3575,220.0,230.9,240.0,251.0,260.0,271.0,282.0,0.0
validation,2025-03-10,39,96,26061,179.768,155.0,163.0,170.75,180.0,189.0,197.0,206.0,0.0
validation,2025-03-17,0,3,24172,8.7095,3.0,5.0,7.0,9.0,11.0,13.0,15.0,0.0
validation,2025-03-17,1,63,24172,130.195,107.0,115.0,122.0,130.0,138.0,145.0,153.0,0.0
validation,2025-03-17,2,570,24172,290.166,258.0,269.0,280.0,290.0,301.0,311.0,323.0,0.0
validation,2025-03-17,3,2797,24172,1694.281,1614.975,1643.0,1669.75,1695.0,1721.0,1744.0,1772.0249999999999,0.0
validation,2025-03-17,4,156,24172,110.661,91.0,97.0,103.0,111.0,118.0,124.0,131.0,0.0
validation,2025-03-17,5,259,24172,256.3265,228.0,237.0,245.75,256.0,266.0,277.0,288.0,0.0
validation,2025-03-17,6,320,24172,146.7365,122.0,131.0,139.0,147.0,155.0,163.0,171.0,0.0
validation,2025-03-17,7,163,24172,213.194,185.0,195.0,204.0,213.0,223.0,232.0,242.0,0.0
validation,2025-03-17,8,1995,24172,5157.81,5018.0,5066.0,5107.75,5157.0,5208.0,5252.0,5298.025,0.0
validation,2025-03-17,9,15,24172,20.481,12.0,15.0,17.0,20.0,23.25,26.0,30.0,0.0
validation,2025-03-17,10,193,24172,223.272,195.0,205.0,213.0,223.0,233.0,242.0,252.0,0.0
validation,2025-03-17,11,1344,24172,1284.4125,1215.0,1240.0,1260.0,1283.5,1308.25,1330.0,1358.0249999999999,0.0
validation,2025-03-17,12,1727,24172,1567.7565,1491.0,1518.0,1541.0,1568.0,1594.0,1617.0,1647.0249999999999,0.0
validation,2025-03-17,13,2093,24172,1578.907,1499.0,1529.0,1552.0,1578.5,1605.0,1631.1000000000001,1654.0,0.0
validation,2025-03-17,14,6403,24172,6204.193,6049.0,6099.0,6150.0,6204.0,6258.0,6305.1,6363.025,0.0
validation,2025-03-17,15,30,24172,37.7065,27.0,30.0,33.0,38.0,42.0,45.0,50.0,0.0
validation,2025-03-17,16,204,24172,154.716,131.0,139.0,146.0,155.0,163.0,171.0,179.0,0.0
validation,2025-03-17,17,519,24172,522.0165,478.0,492.0,507.0,523.0,537.0,551.0,566.0,0.0
validation,2025-03-17,18,75,24172,77.9845,61.0,66.0,72.0,78.0,84.0,89.0,96.0,0.0
validation,2025-03-17,19,1302,24172,1468.036,1393.975,1418.0,1443.0,1468.0,1494.0,1517.0,1542.0,0.0
validation,2025-03-17,20,10,24172,13.654,7.0,9.0,11.0,14.0,16.0,18.0,21.0,0.0
validation,2025-03-17,21,143,24172,46.4255,34.0,38.0,42.0,46.0,51.0,55.0,60.0,0.0
validation,2025-03-17,22,325,24172,157.54,133.975,142.0,149.0,158.0,166.0,173.0,182.0,0.0
validation,2025-03-17,23,187,24172,95.272,76.0,83.0,89.0,95.0,102.0,108.0,115.0,0.0
validation,2025-03-17,24,238,24172,135.8085,113.0,121.0,128.0,135.0,144.0,151.0,158.0,0.0
validation,2025-03-17,25,271,24172,197.3505,169.0,179.0,188.0,197.0,207.0,216.0,226.0,0.0
validation,2025-03-17,26,114,24172,101.1205,83.0,88.0,94.0,101.0,107.0,114.0,122.0,0.0
validation,2025-03-17,27,33,24172,29.005,19.0,22.0,25.0,29.0,33.0,36.0,41.0,0.0
validation,2025-03-17,28,88,24172,106.282,87.0,93.0,99.0,106.0,113.0,120.0,127.0,0.0
validation,2025-03-17,29,422,24172,144.7775,122.0,129.0,137.0,145.0,152.0,160.0,169.0,0.0
validation,2025-03-17,30,377,24172,327.305,293.0,305.0,315.0,327.0,340.0,349.0,364.0,0.0
validation,2025-03-17,31,322,24172,265.669,235.0,245.0,254.0,265.0,277.0,287.0,297.0,0.0
validation,2025-03-17,32,45,24172,117.696,97.0,104.0,110.0,118.0,125.0,132.0,140.0,0.0
validation,2025-03-17,33,16,24172,15.8,8.975000000000001,11.0,13.0,16.0,18.0,21.0,24.0,0.0
validation,2025-03-17,34,52,24172,36.668,26.0,29.0,33.0,36.0,41.0,44.0,49.0,0.0
validation,2025-03-17,35,10,24172,16.054,9.0,11.0,13.0,16.0,19.0,21.0,24.024999999999864,0.0
validation,2025-03-17,36,951,24172,726.758,673.975,692.0,709.0,727.0,744.0,760.0,778.0,0.0
validation,2025-03-17,37,22,24172,109.1395,90.0,96.0,102.0,109.0,116.0,122.0,130.0,0.0
validation,2025-03-17,38,179,24172,222.6815,193.0,203.0,213.0,223.0,233.0,242.0,252.0,0.0
validation,2025-03-17,39,136,24172,158.96,135.975,143.0,150.0,159.0,167.0,175.0,184.0,0.0
validation,2025-03-24,0,8,23032,7.1555,2.0,4.0,5.0,7.0,9.0,11.0,13.0,0.0
validation,2025-03-24,1,80,23032,120.3855,100.0,107.0,113.0,120.0,128.0,134.0,143.0,0.0
validation,2025-03-24,2,622,23032,292.0115,259.0,270.0,280.0,293.0,303.0,314.0,326.0,0.0
validation,2025-03-24,3,2806,23032,1690.2435,1610.0,1638.0,1663.0,1691.0,1717.0,1744.0,1771.0249999999999,0.0
validation,2025-03-24,4,106,23032,106.901,87.0,94.0,100.0,107.0,114.0,120.0,127.0,0.0
validation,2025-03-24,5,193,23032,236.524,208.0,217.9,227.0,236.0,246.0,256.0,268.0,0.0
validation,2025-03-24,6,267,23032,145.289,122.975,130.0,137.0,145.0,153.0,161.0,168.02499999999986,0.0
validation,2025-03-24,7,222,23032,196.26,170.0,178.0,187.0,196.0,205.0,214.0,223.0,0.0
validation,2025-03-24,8,1801,23032,4883.016,4748.95,4793.0,4833.0,4882.0,4932.0,4977.0,5021.025,0.0
validation,2025-03-24,9,29,23032,18.4845,11.0,13.0,16.0,18.0,21.0,24.0,27.0,0.0
validation,2025-03-24,10,129,23032,198.504,172.0,181.0,189.0,198.0,208.0,216.0,225.0,0.0
validation,2025-03-24,11,1452,23032,1193.939,1124.0,1149.0,1170.0,1194.0,1219.0,1239.0,1262.0,0.0
validation,2025-03-24,12,1647,23032,1499.2565,1421.0,1449.0,1473.0,1500.0,1526.0,1548.0,1576.0,0.0
validation,2025-03-24,13,1777,23032,1530.7505,1455.975,1482.9,1504.0,1530.0,1557.0,1582.0,1608.0249999999999,0.0
validation,2025-03-24,14,6264,23032,5922.346,5775.975,5825.0,5870.0,5921.0,5971.0,6023.0,6080.049999999999,0.0
validation,2025-03-24,15,31,23032,35.3195,24.975,28.0,31.0,35.0,39.0,43.0,48.0,0.0
validation,2025-03-24,16,223,23032,138.94,118.0,124.0,131.0,139.0,147.0,155.0,162.0,0.0
validation,2025-03-24,17,493,23032,482.099,439.0,453.0,467.0,482.0,498.0,510.0,525.0,0.0
validation,2025-03-24,18,68,23032,67.717,52.0,57.0,62.0,68.0,73.0,78.0,84.0,0.0
validation,2025-03-24,19,1199,23032,1387.709,1316.0,1342.0,1364.0,1387.0,1412.0,1434.0,1461.0,0.0
validation,2025-03-24,20,19,23032,11.5575,5.0,7.0,9.0,12.0,14.0,16.0,19.0,0.0
validation,2025-03-24,21,100,23032,49.968,36.0,41.0,45.0,50.0,55.0,59.0,64.0,0.0
validation,2025-03-24,22,259,23032,157.814,132.0,141.0,149.0,158.0,166.0,174.0,184.0,0.0
validation,2025-03-24,23,168,23032,92.184,74.0,80.0,86.0,93.0,98.0,104.0,111.0,0.0
validation,2025-03-24,24,168,23032,134.532,112.0,120.0,127.0,135.0,142.0,149.0,157.0,0.0
validation,2025-03-24,25,289,23032,192.159,166.0,175.0,183.0,192.0,201.0,209.0,219.02499999999986,0.0
validation,2025-03-24,26,145,23032,94.404,76.0,82.0,88.0,94.0,101.0,107.0,113.0,0.0
validation,2025-03-24,27,41,23032,26.8235,17.0,20.0,23.0,27.0,30.0,33.0,37.0,0.0
validation,2025-03-24,28,201,23032,91.394,73.0,79.0,85.0,91.0,98.0,104.0,110.0,0.0
validation,2025-03-24,29,356,23032,148.787,126.0,134.0,140.0,149.0,157.0,164.0,173.0,0.0
validation,2025-03-24,30,318,23032,305.086,271.0,283.0,293.0,305.0,316.0,327.0,339.0,0.0
validation,2025-03-24,31,282,23032,252.175,221.0,232.0,242.0,252.0,263.0,272.0,283.0,0.0
validation,2025-03-24,32,43,23032,109.155,89.0,96.0,102.0,109.0,116.0,123.0,130.0,0.0
validation,2025-03-24,33,25,23032,14.765,8.0,10.0,12.0,15.0,17.0,20.0,23.0,0.0
validation,2025-03-24,34,102,23032,35.62,24.0,28.0,32.0,35.0,40.0,44.0,48.0,0.0
validation,2025-03-24,35,9,23032,14.08,7.0,10.0,12.0,14.0,16.0,19.0,22.0,0.0
validation,2025-03-24,36,666,23032,703.9625,653.975,670.0,687.0,704.0,721.0,738.0,755.0,0.0
validation,2025-03-24,37,62,23032,100.819,81.975,88.0,94.0,101.0,107.0,113.10000000000014,121.0,0.0
validation,2025-03-24,38,189,23032,196.043,169.0,178.0,186.0,196.0,205.0,214.0,225.0,0.0
validation,2025-03-24,39,173,23032,147.836,124.0,132.0,140.0,148.0,156.0,164.0,173.0,0.0
validation,2025-03-31,0,0,23586,6.736,2.0,3.0,5.0,7.0,8.0,10.0,12.024999999999864,0.0
validation,2025-03-31,1,158,23586,119.415,99.0,106.0,112.0,119.0,126.25,133.0,142.0,0.0
validation,2025-03-31,2,504,23586,321.7725,287.0,299.0,310.0,322.0,333.0,345.0,358.0,0.0
validation,2025-03-31,3,3152,23586,1814.36,1730.0,1758.0,1784.0,1814.5,1843.0,1870.0,1897.0249999999999,0.0
validation,2025-03-31,4,132,23586,107.403,87.0,94.0,100.0,107.0,115.0,121.0,128.0,0.0
validation,2025-03-31,5,272,23586,232.864,203.0,213.0,223.0,233.0,243.0,252.0,262.02499999999986,0.0
validation,2025-03-31,6,245,23586,153.522,130.0,138.0,145.0,153.0,162.0,170.0,178.0,0.0
validation,2025-03-31,7,183,23586,201.14,175.0,183.0,191.0,201.0,210.0,219.0,229.0,0.0
validation,2025-03-31,8,1875,23586,4945.792,4807.0,4857.0,4901.0,4948.0,4992.0,5032.1,5081.025,0.0
validation,2025-03-31,9,8,23586,19.4165,11.0,14.0,16.0,19.0,22.0,25.0,28.0,0.0
validation,2025-03-31,10,214,23586,186.3735,159.0,169.0,177.0,187.0,195.0,203.0,213.0,0.0
validation,2025-03-31,11,1362,23586,1211.079,1145.0,1168.0,1188.0,1211.0,1233.0,1254.1000000000001,1280.0,0.0
validation,2025-03-31,12,1637,23586,1529.2635,1455.975,1482.0,1502.0,1528.0,1556.0,1580.0,1605.0,0.0
validation,2025-03-31,13,1936,23586,1576.7155,1498.975,1526.0,1549.0,1576.0,1604.0,1628.0,1658.0249999999999,0.0
validation,2025-03-31,14,6333,23586,6102.1115,5943.0,6000.9,6051.0,6101.0,6156.0,6203.0,6263.0,0.0
validation,2025-03-31,15,24,23586,35.7125,25.0,28.0,31.0,36.0,40.0,43.0,47.0,0.0
validation,2025-03-31,16,179,23586,143.7085,121.0,128.0,135.75,144.0,152.0,159.0,168.02499999999986,0.0
validation,2025-03-31,17,527,23586,476.324,435.0,449.0,461.75,476.0,490.0,504.0,519.0,0.0
validation,2025-03-31,18,64,23586,64.347,49.0,54.0,59.0,64.0,70.0,75.0,81.0,0.0
validation,2025-03-31,19,1295,23586,1395.482,1324.0,1347.0,1370.0,1396.0,1421.0,1443.0,1472.0,0.0
validation,2025-03-31,20,11,23586,11.646,5.0,8.0,9.0,12.0,14.0,16.0,19.0,0.0
validation,2025-03-31,21,115,23586,54.0025,40.0,45.0,49.0,54.0,59.0,63.0,69.0,0.0
validation,2025-03-31,22,198,23586,164.418,140.0,149.0,156.0,164.0,173.0,181.0,190.0,0.0
validation,2025-03-31,23,142,23586,94.947,77.0,82.0,88.0,95.0,102.0,108.0,115.0,0.0
validation,2025-03-31,24,91,23586,134.9045,111.0,120.0,127.0,135.0,143.0,150.0,157.0,0.0
validation,2025-03-31,25,244,23586,207.706,180.0,190.0,198.0,207.0,217.0,226.0,236.0,0.0
validation,2025-03-31,26,86,23586,97.4235,79.0,85.0,90.0,97.0,104.0,110.0,118.0,0.0
validation,2025-03-31,27,37,23586,27.9165,18.0,21.0,24.0,28.0,31.0,35.0,39.0,0.0
validation,2025-03-31,28,253,23586,93.2045,74.975,81.0,87.0,93.0,100.0,106.0,113.0,0.0
validation,2025-03-31,29,285,23586,164.4565,140.0,148.0,155.75,164.0,173.0,181.0,189.0,0.0
validation,2025-03-31,30,385,23586,303.1705,270.975,281.0,292.0,303.0,315.0,326.0,338.0,0.0
validation,2025-03-31,31,365,23586,258.029,227.0,237.0,247.0,258.0,269.0,279.0,290.0,0.0
validation,2025-03-31,32,35,23586,104.1455,85.0,91.0,97.0,104.0,111.0,117.0,124.02499999999986,0.0
validation,2025-03-31,33,18,23586,15.4175,8.0,10.900000000000006,12.75,15.0,18.0,21.0,23.0,0.0
validation,2025-03-31,34,50,23586,41.7915,30.0,34.0,37.0,42.0,46.0,50.0,55.0,0.0
validation,2025-03-31,35,11,23586,12.816,6.0,8.0,10.0,13.0,15.0,18.0,20.0,0.0
validation,2025-03-31,36,800,23586,720.457,668.0,685.0,703.0,721.0,738.0,756.0,771.0249999999999,0.0
validation,2025-03-31,37,29,23586,97.0055,78.0,85.0,90.0,97.0,104.0,109.0,116.0,0.0
validation,2025-03-31,38,181,23586,196.9105,170.0,180.0,187.0,197.0,206.0,215.0,226.0,0.0
validation,2025-03-31,39,150,23586,147.488,123.0,132.0,139.0,147.0,156.0,163.0,172.02499999999986,0.0
validation,2025-04-07,0,0,24630,5.4715,2.0,3.0,4.0,5.0,7.0,9.0,10.0,0.0
validation,2025-04-07,1,200,24630,121.2435,100.0,107.0,114.0,121.0,128.0,135.0,143.0,0.0
validation,2025-04-07,2,480,24630,351.503,316.0,328.0,339.0,351.0,364.0,376.0,388.02499999999986,0.0
validation,2025-04-07,3,3059,24630,1997.447,1912.0,1939.0,1966.75,1997.0,2028.0,2057.0,2084.0,0.0
validation,2025-04-07,4,197,24630,114.996,95.0,101.0,108.0,115.0,122.0,129.0,136.0,0.0
validation,2025-04-07,5,262,24630,238.4845,208.0,219.0,229.0,238.0,249.0,258.0,270.0,0.0
validation,2025-04-07,6,245,24630,162.5965,138.0,147.0,154.0,162.0,171.0,179.0,189.0,0.0
validation,2025-04-07,7,241,24630,207.9105,180.0,190.0,198.0,208.0,218.0,226.0,238.0,0.0
validation,2025-04-07,8,1887,24630,5086.4735,4950.0,4993.9,5036.0,5086.0,5136.25,5179.1,5233.0,0.0
validation,2025-04-07,9,9,24630,19.426,12.0,14.0,17.0,19.0,22.0,25.0,28.0,0.0
validation,2025-04-07,10,220,24630,185.836,159.0,169.0,177.0,186.0,194.0,203.0,213.0,0.0
validation,2025-04-07,11,1465,24630,1259.769,1187.0,1214.0,1236.0,1260.0,1283.0,1306.0,1334.0,0.0
validation,2025-04-07,12,1560,24630,1586.3515,1507.0,1534.0,1558.0,1587.0,1614.0,1639.0,1665.0,0.0
validation,2025-04-07,13,2096,24630,1663.095,1582.0,1610.0,1636.0,1663.0,1691.0,1715.0,1743.0249999999999,0.0
validation,2025-04-07,14,6977,24630,6413.4115,6254.975,6308.9,6357.75,6413.0,6466.0,6519.1,6582.0,0.0
validation,2025-04-07,15,40,24630,34.8895,24.0,27.0,31.0,35.0,39.0,43.0,47.0,0.0
validation,2025-04-07,16,204,24630,149.5305,125.0,134.0,141.0,149.0,158.0,166.0,174.0,0.0
validation,2025-04-07,17,522,24630,494.056,452.0,466.0,478.0,494.0,509.0,521.0,539.0,0.0
validation,2025-04-07,18,110,24630,65.211,50.0,55.0,59.0,65.0,71.0,76.0,82.0,0.0
validation,2025-04-07,19,1318,24630,1431.3585,1356.0,1383.0,1405.75,1432.0,1457.0,1481.0,1507.0,0.0
validation,2025-04-07,20,13,24630,11.437,5.0,7.0,9.0,11.0,14.0,16.0,19.0,0.0
validation,2025-04-07,21,134,24630,60.6935,46.0,51.0,55.0,61.0,66.0,71.0,77.0,0.0
validation,2025-04-07,22,239,24630,169.9645,146.0,153.0,161.0,170.0,179.0,186.0,195.0,0.0
validation,2025-04-07,23,155,24630,101.1275,83.0,89.0,94.0,101.0,108.0,114.0,121.0,0.0
validation,2025-04-07,24,100,24630,135.546,112.0,120.0,128.0,135.0,144.0,151.0,158.0,0.0
validation,2025-04-07,25,217,24630,219.2805,191.0,202.0,210.0,219.0,228.0,238.0,250.0,0.0
validation,2025-04-07,26,147,24630,100.354,82.0,88.0,94.0,100.0,107.0,113.0,120.0,0.0
validation,2025-04-07,27,11,24630,28.8375,19.0,22.0,25.0,29.0,32.0,36.0,40.0,0.0
validation,2025-04-07,28,208,24630,101.447,83.0,88.0,95.0,101.0,108.0,115.0,121.0,0.0
validation,2025-04-07,29,281,24630,176.4825,150.975,159.0,167.0,176.0,186.0,194.0,202.0,0.0
validation,2025-04-07,30,399,24630,313.4375,278.975,290.0,301.0,314.0,325.0,336.10000000000014,349.0,0.0
validation,2025-04-07,31,336,24630,268.026,236.975,247.0,257.0,268.0,279.0,289.0,300.0,0.0
validation,2025-04-07,32,41,24630,97.6595,79.0,85.0,91.0,98.0,104.0,110.0,118.0,0.0
validation,2025-04-07,33,20,24630,16.054,9.0,11.0,13.0,16.0,19.0,21.0,24.0,0.0
validation,2025-04-07,34,52,24630,45.1985,32.0,37.0,41.0,45.0,50.0,54.0,59.0,0.0
validation,2025-04-07,35,7,24630,12.7515,6.0,8.0,10.0,12.0,15.0,17.0,20.0,0.0
validation,2025-04-07,36,813,24630,747.0695,696.0,713.9,729.0,746.0,765.0,782.0,799.0249999999999,0.0
validation,2025-04-07,37,49,24630,90.3425,72.0,78.0,84.0,90.0,97.0,103.0,109.0,0.0
validation,2025-04-07,38,138,24630,199.6555,173.0,182.0,190.0,199.0,209.0,218.0,228.0,0.0
validation,2025-04-07,39,178,24630,146.0995,122.0,131.0,138.0,146.0,154.0,162.0,171.0,0.0
validation,2025-04-14,0,2,24059,4.8175,1.0,2.0,3.0,5.0,6.0,8.0,10.0,0.0
validation,2025-04-14,1,345,24059,112.4455,92.975,99.0,105.0,112.0,119.0,126.0,134.0,0.0
validation,2025-04-14,2,602,24059,350.371,314.0,327.0,338.0,350.0,363.0,374.0,387.02499999999986,0.0
validation,2025-04-14,3,2820,24059,2062.4075,1973.0,2004.0,2031.0,2063.0,2092.0,2122.0,2155.0249999999996,0.0
validation,2025-04-14,4,208,24059,118.228,97.0,104.0,111.0,118.0,126.0,132.0,141.0,0.0
validation,2025-04-14,5,277,24059,228.5275,201.0,210.0,218.0,228.0,238.0,248.0,259.0,0.0
validation,2025-04-14,6,268,24059,161.192,137.0,145.0,153.0,161.0,170.0,178.0,185.0,0.0
validation,2025-04-14,7,201,24059,205.5185,178.0,187.0,195.0,206.0,215.0,224.0,233.0,0.0
validation,2025-04-14,8,1857,24059,4965.6885,4831.0,4875.0,4921.0,4966.0,5011.0,5056.0,5100.0,0.0
validation,2025-04-14,9,19,24059,18.384,11.0,13.0,15.0,18.0,21.0,24.0,27.0,0.0
validation,2025-04-14,10,274,24059,165.3745,141.0,148.0,157.0,165.0,174.0,182.0,192.0,0.0
validation,2025-04-14,11,1389,24059,1222.91,1155.975,1179.0,1198.0,1224.0,1247.0,1266.0,1287.0,0.0
validation,2025-04-14,12,1417,24059,1524.3465,1450.975,1476.0,1500.0,1524.0,1549.0,1574.0,1602.0,0.0
validation,2025-04-14,13,2105,24059,1640.5195,1563.0,1589.0,1614.0,1642.0,1668.0,1690.0,1716.0,0.0
validation,2025-04-14,14,6784,24059,6280.8805,6118.0,6178.0,6227.0,6282.0,6334.0,6385.0,6436.0,0.0
validation,2025-04-14,15,35,24059,33.474,22.0,26.0,29.0,33.0,37.0,41.0,45.024999999999864,0.0
validation,2025-04-14,16,197,24059,144.9235,123.0,130.0,136.0,144.0,153.0,160.0,170.0,0.0
validation,2025-04-14,17,486,24059,470.2925,428.0,443.0,455.0,469.0,485.0,500.0,513.0,0.0
validation,2025-04-14,18,120,24059,65.154,50.0,55.0,60.0,65.0,70.0,75.0,82.0,0.0
validation,2025-04-14,19,1260,24059,1368.216,1299.0,1320.9,1343.0,1367.0,1393.0,1418.0,1443.0249999999999,0.0
validation,2025-04-14,20,9,24059,11.0135,5.0,7.0,9.0,11.0,13.0,15.0,18.0,0.0
validation,2025-04-14,21,97,24059,65.9595,51.0,56.0,60.0,66.0,72.0,77.0,82.0,0.0
validation,2025-04-14,22,286,24059,171.2385,147.0,155.0,162.0,171.0,179.0,188.0,198.0,0.0
validation,2025-04-14,23,145,24059,100.7035,81.0,88.0,94.0,101.0,108.0,114.0,121.0,0.0
validation,2025-04-14,24,71,24059,124.5905,104.0,111.0,117.0,124.0,132.0,139.0,147.02499999999986,0.0
validation,2025-04-14,25,121,24059,215.5715,188.0,197.0,206.0,216.0,225.0,234.0,245.0,0.0
validation,2025-04-14,26,124,24059,99.768,80.0,87.0,93.0,100.0,106.0,113.0,120.0,0.0
validation,2025-04-14,27,19,24059,26.803,17.0,21.0,23.0,27.0,30.0,33.0,37.0,0.0
validation,2025-04-14,28,209,24059,104.0365,85.0,91.0,97.0,104.0,111.0,118.0,124.0,0.0
validation,2025-04-14,29,376,24059,177.07,152.0,160.0,168.0,177.0,186.0,194.0,203.0,0.0
validation,2025-04-14,30,416,24059,306.8965,274.975,285.0,295.0,307.0,318.0,329.0,340.0,0.0
validation,2025-04-14,31,321,24059,261.2435,230.0,241.0,250.0,261.0,272.0,282.0,294.0,0.0
validation,2025-04-14,32,23,24059,73.0405,57.0,62.0,67.0,73.0,79.0,84.0,91.0,0.0
validation,2025-04-14,33,9,24059,15.967,9.0,11.0,13.0,16.0,19.0,21.0,25.0,0.0
validation,2025-04-14,34,6,24059,45.182,33.0,37.0,41.0,45.0,50.0,54.0,58.0,0.0
validation,2025-04-14,35,10,24059,12.084,6.0,8.0,10.0,12.0,14.0,17.0,20.0,0.0
validation,2025-04-14,36,819,24059,730.036,677.0,695.0,711.75,729.0,748.0,767.0,784.0,0.0
validation,2025-04-14,37,36,24059,65.6765,50.975,55.0,60.0,65.5,71.0,76.10000000000014,82.0,0.0
validation,2025-04-14,38,139,24059,187.2875,161.0,169.0,178.0,187.0,196.0,205.0,215.0,0.0
validation,2025-04-14,39,157,24059,130.161,108.0,115.0,122.0,130.0,138.0,145.0,153.02499999999986,0.0
validation,2025-04-21,0,2,24459,5.4155,1.0,3.0,4.0,5.0,7.0,8.0,10.0,0.0
validation,2025-04-21,1,182,24459,131.954,111.0,117.9,125.0,132.0,140.0,147.0,154.0,0.0
validation,2025-04-21,2,606,24459,424.7065,385.0,398.0,410.0,424.0,439.0,452.0,467.0,0.0
validation,2025-04-21,3,2803,24459,2480.336,2383.0,2417.9,2447.0,2481.0,2513.0,2544.1000000000004,2575.0249999999996,0.0
validation,2025-04-21,4,150,24459,141.6195,119.0,126.0,133.0,141.0,150.0,158.0,166.0,0.0
validation,2025-04-21,5,299,24459,262.3275,231.0,241.9,251.0,262.0,273.0,283.0,295.0,0.0
validation,2025-04-21,6,209,24459,195.2885,169.0,178.0,186.0,195.0,205.0,214.0,222.0,0.0
validation,2025-04-21,7,291,24459,235.978,207.0,216.0,225.0,236.0,247.0,256.0,266.0,0.0
validation,2025-04-21,8,1951,24459,2937.112,2833.0,2866.0,2899.0,2936.5,2973.0,3008.1000000000004,3043.0499999999997,0.0
validation,2025-04-21,9,9,24459,20.564,12.0,15.0,17.0,20.0,24.0,26.0,30.0,0.0
validation,2025-04-21,10,243,24459,191.4345,166.0,174.0,182.0,191.0,201.0,209.0,218.02499999999986,0.0
validation,2025-04-21,11,1356,24459,1379.691,1307.0,1332.9,1355.75,1379.0,1404.0,1427.0,1451.0,0.0
validation,2025-04-21,12,1760,24459,1680.759,1601.975,1628.0,1652.0,1680.0,1708.25,1734.0,1763.0,0.0
validation,2025-04-21,13,2306,24459,1873.4815,1789.0,1817.0,1845.0,1873.0,1903.0,1930.0,1958.0,0.0
validation,2025-04-21,14,6398,24459,6875.2385,6715.975,6771.0,6818.0,6873.5,6930.0,6979.0,7040.0,0.0
validation,2025-04-21,15,41,24459,38.5935,27.0,31.0,34.0,38.0,43.0,46.0,51.0,0.0
validation,2025-04-21,16,254,24459,172.3955,147.0,156.0,164.0,172.0,181.0,189.0,198.0,0.0
validation,2025-04-21,17,460,24459,535.1335,490.975,505.0,519.0,535.0,551.0,564.0,582.0,0.0
validation,2025-04-21,18,59,24459,74.354,58.0,64.0,69.0,74.0,80.0,85.0,92.0,0.0
validation,2025-04-21,19,1384,24459,1501.226,1421.975,1450.0,1475.0,1500.0,1527.0,1556.0,1581.0249999999999,0.0
validation,2025-04-21,20,8,24459,11.5825,5.0,7.0,9.0,11.0,14.0,16.0,19.0,0.0
validation,2025-04-21,21,76,24459,79.372,63.0,68.0,73.0,79.0,85.0,91.0,97.0,0.0
validation,2025-04-21,22,262,24459,208.901,181.0,191.0,199.0,208.0,219.0,228.0,237.0,0.0
validation,2025-04-21,23,136,24459,120.1495,100.0,106.0,113.0,120.0,128.0,134.0,142.0,0.0
validation,2025-04-21,24,154,24459,135.1325,112.0,120.0,127.0,135.0,143.0,151.0,159.0,0.0
validation,2025-04-21,25,133,24459,241.1685,212.0,221.0,230.75,241.0,252.0,261.0,271.0,0.0
validation,2025-04-21,26,130,24459,115.092,96.0,102.0,108.0,115.0,122.0,129.0,135.0,0.0
validation,2025-04-21,27,28,24459,30.2455,20.0,23.0,26.0,30.0,34.0,37.100000000000136,41.0,0.0
validation,2025-04-21,28,152,24459,125.0355,105.0,111.0,118.0,125.0,132.0,139.0,147.0,0.0
validation,2025-04-21,29,323,24459,213.916,187.0,195.0,204.0,214.0,224.0,232.0,242.02499999999986,0.0
validation,2025-04-21,30,523,24459,350.6585,315.0,327.9,338.0,350.0,363.0,375.0,388.0,0.0
validation,2025-04-21,31,388,24459,299.663,267.0,277.0,288.0,299.0,311.0,322.0,334.0,0.0
validation,2025-04-21,32,69,24459,60.5795,46.0,51.0,55.0,60.0,66.0,70.0,76.0,0.0
validation,2025-04-21,33,14,24459,17.7795,10.0,12.0,15.0,18.0,21.0,24.0,27.0,0.0
validation,2025-04-21,34,13,24459,51.324,37.0,42.0,46.0,51.0,56.0,60.0,66.0,0.0
validation,2025-04-21,35,4,24459,13.08,6.0,8.0,10.0,13.0,16.0,18.0,21.0,0.0
validation,2025-04-21,36,857,24459,837.1395,781.0,801.0,817.0,836.0,858.0,874.0,895.0,0.0
validation,2025-04-21,37,59,24459,49.1245,36.0,40.0,44.0,49.0,54.0,58.0,63.0,0.0
validation,2025-04-21,38,135,24459,206.424,179.0,188.0,197.0,206.0,216.0,224.0,233.02499999999986,0.0
validation,2025-04-21,39,232,24459,135.48,113.0,121.0,128.0,135.0,143.0,151.0,159.0,0.0
validation,2025-04-28,0,1,23828,4.945,1.0,2.0,3.0,5.0,6.0,8.0,10.0,0.0
validation,2025-04-28,1,230,23828,135.2505,112.975,121.0,127.0,135.0,143.0,150.0,157.0,0.0
validation,2025-04-28,2,467,23828,452.319,412.0,425.0,438.0,452.0,467.0,479.0,494.0,0.0
validation,2025-04-28,3,2978,23828,2639.8745,2544.0,2574.0,2604.75,2638.5,2674.0,2706.0,2740.0249999999996,0.0
validation,2025-04-28,4,76,23828,146.097,122.975,130.0,138.0,146.0,154.0,162.0,169.02499999999986,0.0
validation,2025-04-28,5,249,23828,266.8635,236.0,246.0,255.0,267.0,278.0,288.0,300.0,0.0
validation,2025-04-28,6,203,23828,203.8585,175.0,186.0,194.0,204.0,214.0,222.0,233.0,0.0
validation,2025-04-28,7,236,23828,243.942,214.0,224.0,233.0,244.0,255.0,263.0,275.0,0.0
validation,2025-04-28,8,1979,23828,2265.293,2174.0,2204.0,2233.0,2265.0,2297.0,2325.0,2359.0249999999996,0.0
validation,2025-04-28,9,14,23828,19.6165,12.0,14.0,17.0,19.0,23.0,25.0,28.024999999999864,0.0
validation,2025-04-28,10,225,23828,200.966,174.0,182.0,191.0,201.0,211.0,220.0,230.0,0.0
validation,2025-04-28,11,1296,23828,1377.5045,1301.975,1329.0,1352.0,1377.0,1404.0,1426.0,1453.0249999999999,0.0
validation,2025-04-28,12,1769,23828,1667.7945,1589.975,1616.0,1640.0,1667.0,1695.0,1719.1000000000001,1747.0,0.0
validation,2025-04-28,13,2147,23828,1938.361,1854.975,1880.9,1907.0,1938.0,1969.0,1997.1000000000001,2026.0,0.0
validation,2025-04-28,14,6753,23828,6582.607,6428.975,6481.0,6526.0,6580.0,6634.25,6689.0,6748.025,0.0
validation,2025-04-28,15,45,23828,39.0445,27.0,31.0,35.0,39.0,43.0,47.0,52.0,0.0
validation,2025-04-28,16,237,23828,183.627,158.0,167.0,174.0,183.0,193.0,201.0,210.0,0.0
validation,2025-04-28,17,400,23828,532.847,490.0,503.0,518.0,532.0,548.0,563.0,576.0249999999999,0.0
validation,2025-04-28,18,64,23828,74.5,58.0,64.0,69.0,75.0,80.0,85.0,92.0,0.0
validation,2025-04-28,19,1244,23828,1465.72,1388.975,1416.0,1439.0,1466.0,1492.0,1515.0,1546.0,0.0
validation,2025-04-28,20,13,23828,11.551,6.0,7.0,9.0,11.0,14.0,16.0,19.0,0.0
validation,2025-04-28,21,73,23828,83.3545,66.0,72.0,77.0,83.0,89.0,95.0,102.0,0.0
validation,2025-04-28,22,204,23828,218.886,190.0,199.0,209.0,219.0,229.0,238.0,249.0,0.0
validation,2025-04-28,23,149,23828,127.112,105.975,113.0,120.0,127.0,135.0,142.0,150.0,0.0
validation,2025-04-28,24,78,23828,128.8115,107.0,115.0,121.0,129.0,136.0,143.0,151.0,0.0
validation,2025-04-28,25,86,23828,241.248,211.0,221.0,230.0,241.0,252.0,262.0,271.0,0.0
validation,2025-04-28,26,99,23828,118.316,98.0,105.0,111.0,118.0,126.0,132.0,139.0,0.0
validation,2025-04-28,27,33,23828,30.2525,20.0,23.0,26.0,30.0,34.0,37.0,42.0,0.0
validation,2025-04-28,28,172,23828,133.067,110.0,119.0,125.0,133.0,141.0,148.0,156.0,0.0
validation,2025-04-28,29,331,23828,236.863,208.0,217.0,226.0,236.0,248.0,257.0,267.0,0.0
validation,2025-04-28,30,399,23828,374.58,340.0,350.0,361.0,374.0,388.0,400.0,411.0,0.0
validation,2025-04-28,31,284,23828,316.181,282.975,294.0,305.0,316.0,328.0,339.0,351.0,0.0
validation,2025-04-28,32,42,23828,46.667,34.0,38.0,42.0,46.0,51.0,55.0,60.024999999999864,0.0
validation,2025-04-28,33,9,23828,18.1245,10.0,13.0,15.0,18.0,21.0,24.0,27.0,0.0
validation,2025-04-28,34,5,23828,50.411,37.975,42.0,46.0,50.0,55.0,60.0,65.0,0.0
validation,2025-04-28,35,3,23828,11.991,6.0,8.0,10.0,12.0,14.0,16.0,19.0,0.0
validation,2025-04-28,36,985,23828,868.9675,810.0,830.0,850.0,870.0,889.25,906.0,926.0,0.0
validation,2025-04-28,37,45,23828,34.3295,23.0,27.0,30.0,34.0,38.0,42.0,46.0,0.0
validation,2025-04-28,38,111,23828,203.7625,176.975,185.0,193.0,204.0,214.0,223.0,232.0,0.0
validation,2025-04-28,39,94,23828,135.024,112.0,120.0,127.0,135.0,143.0,150.0,159.0,0.0
validation,2025-05-05,0,0,24059,3.8155,1.0,1.0,2.0,4.0,5.0,6.0,8.0,0.0
validation,2025-05-05,1,194,24059,151.763,128.0,135.0,143.0,152.0,160.0,168.0,176.0,0.0
validation,2025-05-05,2,502,24059,472.322,429.0,443.0,458.0,473.0,487.0,500.0,514.0,0.0
validation,2025-05-05,3,3211,24059,2762.9965,2661.0,2696.0,2727.0,2762.0,2800.0,2834.0,2863.0,0.0
validation,2025-05-05,4,99,24059,142.9305,119.0,127.0,135.0,142.5,151.0,159.0,166.0,0.0
validation,2025-05-05,5,282,24059,269.4875,236.0,249.0,258.0,269.0,280.0,290.10000000000014,303.0,0.0
validation,2025-05-05,6,160,24059,215.833,188.0,197.0,206.0,215.0,226.0,234.0,245.0,0.0
validation,2025-05-05,7,283,24059,250.5385,221.0,231.0,240.0,250.0,261.0,270.0,282.0,0.0
validation,2025-05-05,8,2073,24059,2114.479,2027.0,2056.0,2083.0,2115.0,2145.0,2174.0,2206.0249999999996,0.0
validation,2025-05-05,9,2,24059,19.55,11.0,14.0,17.0,19.0,22.0,25.0,29.0,0.0
validation,2025-05-05,10,195,24059,213.83,186.0,195.0,204.0,214.0,224.0,232.0,242.0,0.0
validation,2025-05-05,11,1188,24059,1399.8175,1324.975,1353.0,1376.0,1400.0,1424.0,1446.0,1472.0,0.0
validation,2025-05-05,12,1722,24059,1669.433,1588.0,1616.0,1642.0,1670.0,1697.0,1721.0,1745.0249999999999,0.0
validation,2025-05-05,13,2143,24059,2012.4625,1921.975,1956.0,1982.0,2012.0,2042.0,2070.0,2102.0249999999996,0.0
validation,2025-05-05,14,6568,24059,6579.056,6407.975,6472.0,6525.0,6580.0,6633.0,6688.0,6736.025,0.0
validation,2025-05-05,15,24,24059,40.337,29.0,32.0,36.0,40.0,45.0,48.0,53.0,0.0
validation,2025-05-05,16,176,24059,195.844,169.0,178.0,186.0,196.0,206.0,214.0,223.0,0.0
validation,2025-05-05,17,334,24059,528.8615,484.975,499.0,513.0,529.0,544.0,558.0,575.0,0.0
validation,2025-05-05,18,85,24059,74.407,57.975,63.0,69.0,74.0,80.0,85.0,92.0,0.0
validation,2025-05-05,19,1518,24059,1448.156,1372.0,1399.0,1422.0,1448.0,1474.0,1496.0,1523.0,0.0
validation,2025-05-05,20,15,24059,11.344,5.0,7.0,9.0,11.0,14.0,16.0,18.0,0.0
validation,2025-05-05,21,89,24059,87.675,70.0,76.0,81.0,88.0,94.0,100.0,106.0,0.0
validation,2025-05-05,22,201,24059,227.784,200.0,209.0,217.75,228.0,238.0,246.10000000000014,257.0,0.0
validation,2025-05-05,23,146,24059,134.733,113.0,121.0,127.0,135.0,142.0,149.0,157.0,0.0
validation,2025-05-05,24,155,24059,129.616,108.0,115.0,122.0,130.0,137.0,145.0,153.0,0.0
validation,2025-05-05,25,123,24059,233.942,205.0,214.0,223.75,234.0,244.0,254.0,263.0,0.0
validation,2025-05-05,26,98,24059,123.329,101.0,109.0,116.0,123.0,131.0,138.0,146.0,0.0
validation,2025-05-05,27,30,24059,31.558,21.0,24.0,28.0,32.0,35.0,39.0,43.0,0.0
validation,2025-05-05,28,149,24059,142.16,120.0,127.0,134.0,142.0,150.0,158.0,166.0,0.0
validation,2025-05-05,29,367,24059,263.891,233.0,243.0,253.0,264.0,274.0,286.0,296.0,0.0
validation,2025-05-05,30,401,24059,390.287,352.0,365.0,376.0,390.0,404.0,416.0,429.0,0.0
validation,2025-05-05,31,288,24059,322.974,287.0,300.0,311.0,323.0,335.0,347.0,359.0,0.0
validation,2025-05-05,32,28,24059,46.4895,33.0,38.0,41.75,46.0,51.0,56.0,60.0,0.0
validation,2025-05-05,33,9,24059,17.586,10.0,12.0,15.0,17.0,20.0,23.0,26.0,0.0
validation,2025-05-05,34,4,24059,47.307,34.0,39.0,42.75,47.0,52.0,56.0,61.0,0.0
validation,2025-05-05,35,8,24059,10.6625,5.0,7.0,8.0,11.0,13.0,15.0,17.0,0.0
validation,2025-05-05,36,879,24059,905.654,849.0,867.0,885.0,906.0,926.0,945.0,964.0249999999999,0.0
validation,2025-05-05,37,76,24059,36.703,25.0,29.0,33.0,36.0,41.0,45.0,50.0,0.0
validation,2025-05-05,38,113,24059,193.12,167.0,175.0,184.0,193.0,202.0,211.0,222.0,0.0
validation,2025-05-05,39,121,24059,137.822,115.0,123.0,130.0,137.0,145.0,153.0,162.0,0.0
validation,2025-05-12,0,7,24214,3.464,0.0,1.0,2.0,3.0,5.0,6.0,8.0,0.0
validation,2025-05-12,1,321,24214,162.0435,138.0,146.0,154.0,162.0,170.0,178.0,187.0,0.0
validation,2025-05-12,2,457,24214,490.82,449.0,464.0,475.0,491.0,506.0,520.0,533.0,0.0
validation,2025-05-12,3,2669,24214,2871.943,2765.975,2801.0,2835.0,2873.0,2910.0,2940.1000000000004,2977.0,0.0
validation,2025-05-12,4,99,24214,140.754,117.975,126.0,133.0,141.0,149.0,156.0,164.0,0.0
validation,2025-05-12,5,187,24214,272.223,240.0,251.0,261.0,272.0,283.0,294.0,305.02499999999986,0.0
validation,2025-05-12,6,135,24214,219.4795,190.0,201.0,209.0,219.0,229.0,239.0,248.0,0.0
validation,2025-05-12,7,167,24214,253.1815,223.0,233.0,243.0,253.0,264.0,274.0,283.02499999999986,0.0
validation,2025-05-12,8,2206,24214,2045.026,1955.0,1988.0,2015.0,2045.0,2074.0,2103.0,2134.0,0.0
validation,2025-05-12,9,7,24214,17.6285,10.0,12.0,15.0,17.0,20.0,23.0,26.0,0.0
validation,2025-05-12,10,243,24214,218.4185,190.975,199.0,209.0,219.0,228.0,236.0,247.0,0.0
validation,2025-05-12,11,1464,24214,1384.2055,1311.0,1339.0,1359.0,1384.0,1410.0,1431.0,1457.0,0.0
validation,2025-05-12,12,1805,24214,1668.007,1587.975,1615.0,1640.75,1669.0,1695.0,1720.0,1746.0,0.0
validation,2025-05-12,13,2197,24214,2059.0275,1970.95,2001.0,2027.0,2058.0,2091.0,2119.0,2147.0249999999996,0.0
validation,2025-05-12,14,6911,24214,6563.424,6405.0,6460.0,6507.0,6563.0,6619.0,6668.0,6728.0,0.0
validation,2025-05-12,15,30,24214,38.332,27.0,31.0,34.0,38.0,43.0,46.0,51.0,0.0
validation,2025-05-12,16,160,24214,198.2735,173.0,181.0,188.0,198.0,208.0,216.0,226.0,0.0
validation,2025-05-12,17,479,24214,513.818,469.0,484.0,498.0,514.0,530.0,542.1000000000001,558.0,0.0
validation,2025-05-12,18,46,24214,76.6545,60.0,66.0,71.0,76.0,82.0,88.0,94.0,0.0
validation,2025-05-12,19,1561,24214,1447.5455,1376.0,1398.0,1422.0,1447.0,1472.0,1498.0,1523.0,0.0
validation,2025-05-12,20,6,24214,12.0935,6.0,8.0,10.0,12.0,14.0,17.0,19.0,0.0
validation,2025-05-12,21,70,24214,93.6535,75.0,82.0,87.0,94.0,100.0,106.0,112.0,0.0
validation,2025-05-12,22,162,24214,235.032,206.0,216.0,224.0,235.0,245.0,255.0,266.0,0.0
validation,2025-05-12,23,151,24214,142.0805,120.0,127.0,133.0,142.0,150.0,158.0,166.0,0.0
validation,2025-05-12,24,121,24214,134.0505,112.0,119.9,126.0,134.0,142.0,149.0,157.0,0.0
validation,2025-05-12,25,66,24214,225.667,196.0,206.9,216.0,226.0,236.0,245.0,255.0,0.0
validation,2025-05-12,26,103,24214,127.3815,106.0,113.0,120.0,127.0,134.0,142.0,150.02499999999986,0.0
validation,2025-05-12,27,41,24214,30.8595,21.0,24.0,27.0,31.0,35.0,38.0,42.0,0.0
validation,2025-05-12,28,222,24214,147.8495,125.0,132.0,139.0,147.0,156.25,164.0,173.0,0.0
validation,2025-05-12,29,285,24214,290.2095,258.0,268.0,278.0,290.0,302.0,313.0,325.0,0.0
validation,2025-05-12,30,440,24214,405.471,367.0,380.0,392.0,405.0,419.0,431.0,444.0,0.0
validation,2025-05-12,31,309,24214,325.481,291.0,302.0,313.0,325.5,338.0,349.0,361.0,0.0
validation,2025-05-12,32,20,24214,45.3915,33.0,37.0,41.0,45.0,50.0,55.0,60.0,0.0
validation,2025-05-12,33,4,24214,17.085,9.975000000000001,12.0,14.0,17.0,20.0,23.0,26.0,0.0
validation,2025-05-12,34,1,24214,44.7425,32.0,36.0,40.0,45.0,49.0,53.0,59.0,0.0
validation,2025-05-12,35,14,24214,10.1105,5.0,6.0,8.0,10.0,12.0,14.0,17.0,0.0
validation,2025-05-12,36,776,24214,917.3385,859.975,881.0,897.0,917.0,937.0,956.0,976.0,0.0
validation,2025-05-12,37,36,24214,40.869,29.0,33.0,36.0,41.0,45.0,49.0,54.0,0.0
validation,2025-05-12,38,140,24214,183.692,157.975,167.0,174.0,183.0,193.0,201.0,210.0,0.0
validation,2025-05-12,39,96,24214,139.999,117.0,125.0,132.0,140.0,148.0,155.0,164.02499999999986,0.0
validation,2025-05-19,0,4,24171,3.8005,1.0,1.0,2.0,4.0,5.0,6.0,8.0,0.0
validation,2025-05-19,1,219,24171,176.759,150.0,160.0,167.0,177.0,186.0,194.0,203.02499999999986,0.0
validation,2025-05-19,2,552,24171,502.028,459.975,474.0,487.0,501.0,517.0,530.0,546.0,0.0
validation,2025-05-19,3,1347,24171,2878.238,2772.0,2808.0,2840.0,2880.0,2916.0,2948.0,2983.0499999999997,0.0
validation,2025-05-19,4,106,24171,139.089,116.0,123.0,131.0,139.0,147.0,155.0,163.0,0.0
validation,2025-05-19,5,180,24171,263.1545,231.0,243.0,253.0,263.0,274.0,284.0,296.0,0.0
validation,2025-05-19,6,167,24171,217.4965,189.0,199.0,207.0,217.0,227.0,237.0,248.0,0.0
validation,2025-05-19,7,149,24171,242.728,214.0,223.0,233.0,243.0,253.0,262.0,275.0,0.0
validation,2025-05-19,8,2476,24171,2003.285,1916.975,1947.0,1973.0,2004.0,2034.0,2061.0,2091.0,0.0
validation,2025-05-19,9,3,24171,16.2215,9.0,11.0,13.0,16.0,19.0,22.0,25.0,0.0
validation,2025-05-19,10,249,24171,222.0825,193.0,203.0,212.0,222.0,233.0,242.0,251.0,0.0
validation,2025-05-19,11,1485,24171,1388.6595,1315.0,1342.0,1362.0,1389.0,1415.0,1436.0,1463.0249999999999,0.0
validation,2025-05-19,12,1777,24171,1685.989,1606.0,1634.0,1658.0,1687.0,1712.0,1738.0,1764.0,0.0
validation,2025-05-19,13,2180,24171,2077.87,1992.0,2020.0,2047.0,2078.0,2110.0,2136.0,2168.0499999999997,0.0
validation,2025-05-19,14,7880,24171,6569.1245,6410.975,6463.0,6514.0,6569.0,6625.0,6674.1,6728.075,0.0
validation,2025-05-19,15,28,24171,36.1925,25.0,28.0,32.0,36.0,40.0,44.0,49.0,0.0
validation,2025-05-19,16,196,24171,199.8205,174.0,182.0,190.0,199.0,209.0,218.0,229.0,0.0
validation,2025-05-19,17,405,24171,509.5795,466.0,480.0,494.0,510.0,525.0,539.0,554.0,0.0
validation,2025-05-19,18,49,24171,74.0035,57.0,63.0,68.0,74.0,79.0,85.0,92.0,0.0
validation,2025-05-19,19,1661,24171,1443.431,1371.975,1394.0,1418.0,1443.0,1468.0,1492.1000000000001,1518.0,0.0
validation,2025-05-19,20,5,24171,11.842,6.0,8.0,9.0,12.0,14.0,16.0,19.0,0.0
validation,2025-05-19,21,38,24171,95.6585,76.0,83.0,89.0,96.0,102.0,108.0,115.0,0.0
validation,2025-05-19,22,200,24171,232.802,202.0,212.9,222.0,233.0,244.0,253.0,262.0,0.0
validation,2025-05-19,23,162,24171,145.58,122.0,130.0,137.0,145.0,154.0,161.0,170.0,0.0
validation,2025-05-19,24,114,24171,132.607,110.0,118.0,125.0,132.5,140.0,147.0,156.0,0.0
validation,2025-05-19,25,74,24171,209.148,181.975,191.0,199.0,209.0,219.0,228.0,237.0,0.0
validation,2025-05-19,26,182,24171,127.564,107.0,113.0,120.0,127.0,135.0,142.0,150.0,0.0
validation,2025-05-19,27,29,24171,31.393,21.0,24.0,27.0,31.0,35.0,39.0,43.0,0.0
validation,2025-05-19,28,151,24171,157.729,134.0,142.0,149.0,158.0,166.0,174.0,183.0,0.0
validation,2025-05-19,29,372,24171,301.748,267.0,279.0,291.0,301.0,313.0,324.0,336.0,0.0
validation,2025-05-19,30,314,24171,409.484,369.0,383.0,396.0,409.0,423.0,436.0,452.0,0.0
validation,2025-05-19,31,261,24171,321.289,287.0,299.0,309.0,321.0,333.0,344.0,356.0,0.0
validation,2025-05-19,32,47,24171,42.3905,31.0,34.0,38.0,42.0,47.0,51.0,55.024999999999864,0.0
validation,2025-05-19,33,5,24171,15.8185,9.0,11.0,13.0,15.0,19.0,21.0,25.0,0.0
validation,2025-05-19,34,1,24171,40.9115,29.0,33.0,37.0,41.0,45.0,49.0,54.0,0.0
validation,2025-05-19,35,8,24171,10.227,4.975000000000001,6.0,8.0,10.0,12.0,15.0,17.0,0.0
validation,2025-05-19,36,749,24171,878.218,819.0,842.0,858.0,878.0,898.0,916.0,934.0,0.0
validation,2025-05-19,37,46,24171,42.0715,29.0,34.0,38.0,42.0,46.25,51.0,55.0,0.0
validation,2025-05-19,38,170,24171,175.7505,150.0,159.0,167.0,176.0,185.0,192.0,201.0,0.0
validation,2025-05-19,39,130,24171,138.319,115.0,123.0,130.0,138.0,146.0,154.0,162.0,0.0
validation,2025-05-26,0,2,24541,3.834,1.0,1.0,2.0,4.0,5.0,6.0,8.0,0.0
validation,2025-05-26,1,301,24541,183.7095,157.0,166.0,174.0,183.0,193.0,202.0,211.0,0.0
validation,2025-05-26,2,495,24541,533.7,489.975,504.9,518.0,533.0,549.0,563.1000000000001,580.0,0.0
validation,2025-05-26,3,1128,24541,2890.8805,2789.0,2823.0,2854.0,2890.0,2926.0,2961.0,3000.0,0.0
validation,2025-05-26,4,99,24541,138.278,115.0,123.0,130.0,138.0,146.0,153.0,163.0,0.0
validation,2025-05-26,5,133,24541,261.6995,229.975,241.0,250.0,262.0,273.0,283.0,294.0,0.0
validation,2025-05-26,6,192,24541,219.4765,191.0,201.0,209.0,219.0,230.0,238.0,250.0,0.0
validation,2025-05-26,7,158,24541,237.052,206.0,218.0,227.0,237.0,247.0,257.0,268.0,0.0
validation,2025-05-26,8,2264,24541,2037.617,1949.975,1982.0,2008.0,2038.0,2066.0,2095.0,2123.0,0.0
validation,2025-05-26,9,1,24541,13.85,7.0,9.0,11.0,14.0,16.0,18.100000000000136,21.0,0.0
validation,2025-05-26,10,100,24541,226.285,197.0,207.0,216.0,226.0,236.0,246.0,257.0,0.0
validation,2025-05-26,11,1798,24541,1412.3355,1339.975,1366.0,1388.0,1412.0,1437.0,1462.0,1489.0,0.0
validation,2025-05-26,12,1842,24541,1700.961,1623.0,1650.0,1673.0,1699.5,1729.0,1753.0,1781.0249999999999,0.0
validation,2025-05-26,13,2026,24541,2110.0,2024.0,2052.0,2079.0,2109.0,2140.0,2167.0,2202.0249999999996,0.0
validation,2025-05-26,14,8777,24541,6771.3635,6611.0,6666.0,6713.0,6770.0,6831.25,6879.0,6935.025,0.0
validation,2025-05-26,15,31,24541,34.645,24.0,27.0,30.0,34.0,38.0,42.100000000000136,47.0,0.0
validation,2025-05-26,16,165,24541,203.602,176.0,186.0,194.0,203.0,213.0,222.0,233.0,0.0
validation,2025-05-26,17,403,24541,500.8815,457.0,473.0,486.0,501.0,516.0,530.0,545.0,0.0
validation,2025-05-26,18,70,24541,73.657,57.0,63.0,68.0,73.0,79.0,85.0,91.0,0.0
validation,2025-05-26,19,1659,24541,1460.877,1386.0,1413.9,1436.0,1461.0,1486.0,1508.1000000000001,1537.0,0.0
validation,2025-05-26,20,10,24541,11.6645,5.0,7.0,9.0,11.0,14.0,16.0,19.0,0.0
validation,2025-05-26,21,71,24541,91.5915,72.0,79.0,85.0,92.0,98.0,104.0,111.02499999999986,0.0
validation,2025-05-26,22,243,24541,232.385,203.0,213.0,222.0,233.0,243.0,252.0,262.0,0.0
validation,2025-05-26,23,213,24541,150.868,128.0,135.0,143.0,151.0,159.0,167.0,176.0,0.0
validation,2025-05-26,24,91,24541,127.385,105.0,112.0,120.0,127.0,135.0,142.0,149.0,0.0
validation,2025-05-26,25,82,24541,193.234,166.0,175.0,184.0,193.0,202.25,211.0,223.0,0.0
validation,2025-05-26,26,197,24541,131.5275,110.0,117.0,124.0,131.0,139.0,147.0,155.0,0.0
validation,2025-05-26,27,28,24541,31.2825,21.0,24.0,28.0,31.0,35.0,38.0,42.0,0.0
validation,2025-05-26,28,193,24541,161.6025,138.0,145.0,153.0,161.0,171.0,178.0,186.0,0.0
validation,2025-05-26,29,220,24541,317.8565,284.975,296.0,306.0,317.0,330.0,341.0,353.0,0.0
validation,2025-05-26,30,247,24541,409.8285,369.975,383.0,396.0,409.0,424.0,437.0,449.02499999999986,0.0
validation,2025-05-26,31,274,24541,322.132,288.0,300.0,310.0,321.0,335.0,346.0,357.0,0.0
validation,2025-05-26,32,39,24541,42.7325,31.0,35.0,38.0,43.0,47.0,51.0,56.0,0.0
validation,2025-05-26,33,1,24541,15.2635,8.0,10.0,13.0,15.0,18.0,20.0,23.0,0.0
validation,2025-05-26,34,0,24541,36.099,25.0,28.0,32.0,36.0,40.0,44.0,48.0,0.0
validation,2025-05-26,35,5,24541,8.814,4.0,5.0,7.0,9.0,11.0,13.0,15.0,0.0
validation,2025-05-26,36,634,24541,885.8525,826.0,846.0,865.0,886.0,906.0,925.0,948.0249999999999,0.0
validation,2025-05-26,37,46,24541,43.4,31.0,35.0,39.0,43.0,48.0,52.0,57.0,0.0
validation,2025-05-26,38,197,24541,174.1545,149.0,157.0,165.0,174.0,183.0,191.0,200.0,0.0
validation,2025-05-26,39,106,24541,140.1865,117.975,125.0,132.0,141.0,148.0,155.0,164.0,0.0
validation,2025-06-02,0,1,26597,3.708,1.0,1.0,2.0,4.0,5.0,6.0,8.0,0.0
validation,2025-06-02,1,271,26597,210.83,182.975,192.0,201.0,211.0,221.0,230.0,240.0,0.0
validation,2025-06-02,2,437,26597,581.6975,533.0,550.0,566.0,582.0,599.0,612.1000000000001,629.0249999999999,0.0
validation,2025-06-02,3,1425,26597,3037.9705,2932.0,2965.0,2999.0,3041.0,3076.0,3108.0,3146.0249999999996,0.0
validation,2025-06-02,4,117,26597,146.2415,123.0,130.0,138.0,146.0,154.0,162.10000000000014,172.0,0.0
validation,2025-06-02,5,185,26597,268.068,235.0,247.0,257.0,268.0,280.0,288.0,301.0,0.0
validation,2025-06-02,6,152,26597,235.0075,204.0,215.0,225.0,235.0,246.0,255.0,265.0,0.0
validation,2025-06-02,7,193,26597,241.507,212.0,222.0,231.0,241.0,251.0,262.0,271.0,0.0
validation,2025-06-02,8,2250,26597,2205.213,2114.975,2147.0,2173.0,2206.0,2237.0,2266.0,2298.0,0.0
validation,2025-06-02,9,7,26597,12.547,6.0,8.0,10.0,12.0,15.0,17.0,19.0,0.0
validation,2025-06-02,10,176,26597,229.652,201.0,211.0,220.0,229.0,239.0,249.0,259.0,0.0
validation,2025-06-02,11,2327,26597,1555.948,1477.0,1505.0,1528.0,1557.0,1583.0,1606.0,1634.0249999999999,0.0
validation,2025-06-02,12,1867,26597,1856.8745,1771.0,1802.0,1827.0,1857.0,1886.0,1913.0,1944.0,0.0
validation,2025-06-02,13,2122,26597,2290.8525,2198.975,2230.0,2259.0,2291.0,2323.0,2352.0,2386.0249999999996,0.0
validation,2025-06-02,14,9684,26597,7528.651,7365.95,7418.0,7470.0,7528.0,7585.0,7639.0,7700.0,0.0
validation,2025-06-02,15,30,26597,34.865,24.0,27.900000000000006,31.0,35.0,39.0,42.100000000000136,46.0,0.0
validation,2025-06-02,16,273,26597,215.247,188.0,197.0,205.0,215.0,225.0,233.0,242.02499999999986,0.0
validation,2025-06-02,17,388,26597,527.2725,483.0,498.0,512.0,527.0,542.0,557.0,573.0,0.0
validation,2025-06-02,18,48,26597,79.9805,63.0,68.9,74.0,80.0,86.0,92.0,98.0,0.0
validation,2025-06-02,19,1883,26597,1577.7295,1499.975,1526.0,1550.0,1577.0,1605.0,1630.0,1660.0,0.0
validation,2025-06-02,20,17,26597,12.1545,6.0,8.0,10.0,12.0,14.0,17.0,19.0,0.0
validation,2025-06-02,21,55,26597,98.031,79.0,86.0,92.0,98.0,105.0,111.0,118.0,0.0
validation,2025-06-02,22,165,26597,251.322,221.0,231.0,241.0,251.0,262.0,272.0,283.0,0.0
validation,2025-06-02,23,169,26597,172.572,146.0,156.0,164.0,172.0,181.0,190.0,199.0,0.0
validation,2025-06-02,24,98,26597,138.02,115.0,123.0,130.0,138.0,146.0,153.0,162.0,0.0
validation,2025-06-02,25,77,26597,187.4365,161.0,170.0,178.0,187.0,197.0,205.0,215.0,0.0
validation,2025-06-02,26,206,26597,145.426,122.0,130.0,137.0,146.0,153.0,161.0,170.0,0.0
validation,2025-06-02,27,18,26597,33.5065,23.0,26.0,30.0,33.0,37.0,41.0,46.0,0.0
validation,2025-06-02,28,207,26597,182.4265,156.0,165.0,173.0,183.0,191.0,200.0,210.0,0.0
validation,2025-06-02,29,202,26597,344.479,307.0,321.0,332.0,344.0,357.0,370.0,382.0,0.0
validation,2025-06-02,30,348,26597,426.589,388.0,400.0,412.0,427.0,440.0,453.0,469.0,0.0
validation,2025-06-02,31,274,26597,342.91,306.0,319.9,331.0,342.0,356.0,367.0,380.0,0.0
validation,2025-06-02,32,33,26597,44.9035,32.0,36.0,40.0,45.0,49.0,54.0,59.0,0.0
validation,2025-06-02,33,3,26597,14.7785,8.0,10.0,12.0,15.0,17.0,20.0,23.0,0.0
validation,2025-06-02,34,0,26597,35.0215,24.0,28.0,31.0,35.0,39.0,43.0,47.0,0.0
validation,2025-06-02,35,5,26597,9.8525,4.0,6.0,8.0,10.0,12.0,14.0,16.0,0.0
validation,2025-06-02,36,587,26597,936.313,877.0,897.0,915.75,936.0,957.0,975.0,995.0,0.0
validation,2025-06-02,37,37,26597,48.59,35.975,40.0,44.0,48.0,53.0,58.0,63.0,0.0
validation,2025-06-02,38,179,26597,185.6695,160.0,168.9,176.0,185.0,195.0,204.0,213.0,0.0
validation,2025-06-02,39,81,26597,150.087,125.0,135.0,142.0,150.0,158.0,165.0,174.0,0.0
validation,2025-06-09,0,3,26606,2.6285,0.0,1.0,1.0,2.0,4.0,5.0,6.0,0.0
validation,2025-06-09,1,372,26606,221.644,192.975,202.0,212.0,222.0,231.25,242.0,252.0,0.0
validation,2025-06-09,2,593,26606,580.3825,534.0,550.0,564.0,580.0,596.0,612.0,627.0,0.0
validation,2025-06-09,3,1035,26606,2843.3475,2738.975,2775.9,2808.0,2844.0,2879.0,2909.0,2944.0,0.0
validation,2025-06-09,4,99,26606,140.978,118.0,126.0,133.0,141.0,149.0,156.0,165.0,0.0
validation,2025-06-09,5,130,26606,255.0165,225.0,235.9,245.0,255.0,266.0,275.0,285.0,0.0
validation,2025-06-09,6,228,26606,231.0055,202.0,212.0,221.0,231.0,241.0,250.0,260.02499999999986,0.0
validation,2025-06-09,7,187,26606,233.673,203.0,215.0,223.0,233.0,244.0,254.0,263.0,0.0
validation,2025-06-09,8,2261,26606,2218.502,2129.95,2158.0,2185.0,2219.0,2250.25,2279.0,2314.0,0.0
validation,2025-06-09,9,3,26606,12.0295,6.0,8.0,10.0,12.0,14.0,17.0,19.0,0.0
validation,2025-06-09,10,120,26606,221.514,192.975,203.0,212.0,221.0,231.0,241.0,251.0,0.0
validation,2025-06-09,11,1957,26606,1634.498,1556.0,1583.9,1606.0,1635.0,1662.0,1688.0,1716.0,0.0
validation,2025-06-09,12,1679,26606,1868.6355,1787.95,1814.0,1840.0,1869.0,1898.0,1924.0,1951.0249999999999,0.0
validation,2025-06-09,13,2325,26606,2298.146,2203.975,2238.0,2266.0,2297.0,2330.0,2360.0,2395.0249999999996,0.0
validation,2025-06-09,14,10175,26606,7748.335,7577.975,7633.0,7686.0,7748.0,7810.0,7863.0,7915.0,0.0
validation,2025-06-09,15,19,26606,33.9445,23.0,27.0,30.0,34.0,38.0,41.0,46.0,0.0
validation,2025-06-09,16,249,26606,222.001,191.0,203.0,212.0,222.0,232.0,242.0,251.0,0.0
validation,2025-06-09,17,387,26606,507.067,464.975,478.0,491.0,507.0,522.0,536.0,553.0,0.0
validation,2025-06-09,18,93,26606,77.5355,61.0,66.0,71.75,77.0,83.0,89.0,96.0,0.0
validation,2025-06-09,19,1760,26606,1573.4685,1497.0,1522.9,1545.75,1574.0,1601.0,1625.0,1650.0249999999999,0.0
validation,2025-06-09,20,13,26606,12.3645,6.0,8.0,10.0,12.0,15.0,17.0,20.0,0.0
validation,2025-06-09,21,35,26606,95.7725,78.0,83.0,89.0,95.5,102.0,109.0,115.0,0.0
validation,2025-06-09,22,192,26606,248.408,218.975,229.0,238.0,248.0,259.0,269.0,278.0,0.0
validation,2025-06-09,23,218,26606,173.5335,147.0,157.0,165.0,174.0,182.0,191.0,200.0,0.0
validation,2025-06-09,24,84,26606,136.788,114.0,122.0,129.0,136.0,145.0,152.0,160.02499999999986,0.0
validation,2025-06-09,25,105,26606,171.348,145.975,154.0,162.0,171.0,180.0,188.10000000000014,197.0,0.0
validation,2025-06-09,26,185,26606,149.2185,125.0,134.0,141.0,149.0,157.0,165.0,173.0,0.0
validation,2025-06-09,27,21,26606,31.2465,21.0,24.0,27.0,31.0,35.0,39.0,43.0,0.0
validation,2025-06-09,28,263,26606,192.3385,166.0,175.0,183.0,192.0,202.0,210.0,220.0,0.0
validation,2025-06-09,29,247,26606,337.4265,301.0,314.0,324.0,338.0,350.0,361.0,374.0,0.0
validation,2025-06-09,30,301,26606,413.724,372.0,388.0,400.0,414.0,427.0,440.0,455.0,0.0
validation,2025-06-09,31,294,26606,338.5585,303.0,315.0,326.0,338.0,351.0,363.0,376.0,0.0
validation,2025-06-09,32,53,26606,42.4645,30.0,34.0,38.0,42.0,47.0,51.0,56.0,0.0
validation,2025-06-09,33,1,26606,12.9275,7.0,8.0,10.0,13.0,15.0,18.0,20.0,0.0
validation,2025-06-09,34,9,26606,29.4085,19.0,22.0,26.0,29.0,33.0,37.0,40.0,0.0
validation,2025-06-09,35,6,26606,9.0045,4.0,5.0,7.0,9.0,11.0,13.0,15.0,0.0
validation,2025-06-09,36,563,26606,914.472,855.0,876.0,894.0,914.0,934.0,954.0,975.0,0.0
validation,2025-06-09,37,18,26606,48.632,35.0,40.0,44.0,48.0,53.0,58.0,63.0,0.0
validation,2025-06-09,38,230,26606,177.3175,152.0,160.0,168.0,177.0,186.25,194.10000000000014,204.0,0.0
validation,2025-06-09,39,93,26606,146.8095,124.0,131.0,138.0,146.0,155.0,163.0,172.0,0.0
validation,2025-06-16,0,1,27105,2.9185,0.0,1.0,2.0,3.0,4.0,5.0,7.0,0.0
validation,2025-06-16,1,174,27105,250.526,220.0,230.0,239.0,250.0,261.0,272.0,282.0,0.0
validation,2025-06-16,2,615,27105,588.0085,541.0,557.0,571.0,588.0,604.0,619.0,634.0,0.0
validation,2025-06-16,3,1302,27105,2661.8935,2558.0,2596.0,2628.0,2662.0,2697.0,2727.0,2760.0249999999996,0.0
validation,2025-06-16,4,131,27105,139.935,117.0,125.0,132.0,140.0,148.0,155.0,163.0,0.0
validation,2025-06-16,5,257,27105,248.583,218.0,227.9,237.0,249.0,259.0,270.0,282.0,0.0
validation,2025-06-16,6,85,27105,237.673,208.0,217.0,228.0,238.0,248.0,257.0,266.0,0.0
validation,2025-06-16,7,144,27105,227.782,198.0,209.0,217.0,227.0,238.0,248.0,258.0,0.0
validation,2025-06-16,8,2406,27105,2288.9495,2194.975,2229.0,2256.75,2290.0,2320.0,2348.0,2386.0,0.0
validation,2025-06-16,9,1,27105,10.8995,5.0,7.0,9.0,11.0,13.0,15.0,18.0,0.0
validation,2025-06-16,10,161,27105,220.411,192.0,202.0,211.0,220.5,230.0,239.0,249.0,0.0
validation,2025-06-16,11,1928,27105,1695.1095,1621.0,1645.9,1667.0,1694.0,1723.0,1748.0,1774.0,0.0
validation,2025-06-16,12,1920,27105,1892.995,1807.95,1839.0,1864.0,1893.0,1923.0,1947.0,1976.0,0.0
validation,2025-06-16,13,2091,27105,2340.0455,2241.975,2281.0,2307.0,2339.0,2372.25,2404.0,2433.0249999999996,0.0
validation,2025-06-16,14,10738,27105,8175.756,8006.975,8056.0,8114.0,8176.0,8238.0,8292.0,8351.0,0.0
validation,2025-06-16,15,20,27105,34.8415,24.0,27.0,31.0,35.0,39.0,42.0,46.0,0.0
validation,2025-06-16,16,146,27105,231.7695,201.0,212.0,222.0,232.0,242.0,251.0,262.0,0.0
validation,2025-06-16,17,364,27105,494.7595,449.975,467.0,479.0,494.0,510.0,525.0,541.0,0.0
validation,2025-06-16,18,55,27105,81.07,64.0,70.0,75.0,81.0,87.0,93.0,100.0,0.0
validation,2025-06-16,19,1630,27105,1622.683,1539.0,1571.0,1596.0,1623.0,1651.0,1674.1000000000001,1700.0,0.0
validation,2025-06-16,20,29,27105,12.8005,6.0,8.0,10.0,13.0,15.0,18.0,21.0,0.0
validation,2025-06-16,21,62,27105,93.231,75.0,81.0,87.0,93.0,100.0,105.0,112.0,0.0
validation,2025-06-16,22,143,27105,250.1415,218.975,229.0,239.0,250.0,261.0,270.0,281.0,0.0
validation,2025-06-16,23,122,27105,183.034,156.0,166.0,174.0,183.0,192.0,201.0,208.02499999999986,0.0
validation,2025-06-16,24,128,27105,133.0435,112.0,118.9,125.0,133.0,140.0,148.0,157.0,0.0
validation,2025-06-16,25,144,27105,160.8725,136.0,144.0,152.0,161.0,170.0,177.0,187.0,0.0
validation,2025-06-16,26,132,27105,155.2505,131.0,139.0,147.0,155.0,163.0,171.0,180.02499999999986,0.0
validation,2025-06-16,27,18,27105,31.688,21.0,24.0,28.0,31.0,35.25,39.0,43.024999999999864,0.0
validation,2025-06-16,28,115,27105,210.2505,183.0,191.9,200.0,210.0,220.0,229.0,238.0,0.0
validation,2025-06-16,29,189,27105,346.6685,311.0,323.0,334.0,346.0,360.0,371.0,383.0,0.0
validation,2025-06-16,30,337,27105,415.192,375.0,389.0,401.0,415.0,428.0,442.0,456.0,0.0
validation,2025-06-16,31,355,27105,340.6035,305.0,316.0,328.0,341.0,354.0,364.0,378.0,0.0
validation,2025-06-16,32,75,27105,43.98,31.0,35.0,39.0,44.0,48.0,52.0,58.0,0.0
validation,2025-06-16,33,12,27105,11.462,5.0,7.0,9.0,11.0,14.0,16.0,18.0,0.0
validation,2025-06-16,34,17,27105,25.1745,16.0,19.0,22.0,25.0,29.0,32.0,36.0,0.0
validation,2025-06-16,35,4,27105,8.5745,3.0,5.0,7.0,8.0,10.0,12.0,15.0,0.0
validation,2025-06-16,36,783,27105,858.2935,803.0,822.0,839.0,858.0,877.0,896.0,916.0,0.0
validation,2025-06-16,37,36,27105,47.9505,35.0,39.0,43.0,48.0,53.0,57.0,62.0,0.0
validation,2025-06-16,38,161,27105,178.326,153.0,161.0,169.0,178.0,188.0,196.0,206.0,0.0
validation,2025-06-16,39,74,27105,149.1165,125.0,134.0,141.0,149.0,157.0,165.0,173.0,0.0
validation,2025-06-23,0,18,27010,2.7785,0.0,1.0,2.0,3.0,4.0,5.0,7.0,0.0
validation,2025-06-23,1,193,27010,256.4045,226.0,236.0,245.0,256.0,267.0,277.0,288.0,0.0
validation,2025-06-23,2,506,27010,583.654,537.0,553.0,567.0,583.0,600.0,615.0,632.0,0.0
validation,2025-06-23,3,1659,27010,2502.958,2402.975,2441.0,2469.0,2502.0,2537.0,2570.0,2600.0,0.0
validation,2025-06-23,4,123,27010,136.7005,113.0,122.0,129.0,137.0,145.0,152.0,160.0,0.0
validation,2025-06-23,5,302,27010,244.311,216.975,225.0,234.0,244.0,255.0,265.0,275.0,0.0
validation,2025-06-23,6,123,27010,215.2885,188.0,197.0,205.0,215.0,225.0,235.0,246.0,0.0
validation,2025-06-23,7,98,27010,223.0905,194.0,205.0,214.0,223.0,233.0,242.0,252.0,0.0
validation,2025-06-23,8,2545,27010,2296.622,2202.975,2235.0,2265.0,2297.0,2329.0,2356.1000000000004,2390.0,0.0
validation,2025-06-23,9,6,27010,9.4525,4.0,6.0,7.0,9.0,11.0,13.0,16.0,0.0
validation,2025-06-23,10,92,27010,215.029,187.0,197.0,206.0,215.0,224.0,234.0,244.0,0.0
validation,2025-06-23,11,1761,27010,1721.818,1640.0,1666.0,1695.0,1722.0,1749.0,1775.0,1803.0,0.0
validation,2025-06-23,12,1811,27010,1886.108,1807.0,1833.0,1856.0,1885.0,1915.0,1941.0,1969.0,0.0
validation,2025-06-23,13,2153,27010,2310.0085,2213.975,2249.0,2275.0,2310.0,2344.0,2375.0,2404.0249999999996,0.0
validation,2025-06-23,14,10179,27010,8435.771,8265.95,8322.0,8375.75,8435.0,8494.0,8552.1,8619.0,0.0
validation,2025-06-23,15,24,27010,33.4685,23.0,26.0,29.0,33.0,37.0,41.0,45.0,0.0
validation,2025-06-23,16,201,27010,223.309,194.0,204.0,213.0,223.0,233.25,243.0,254.0,0.0
validation,2025-06-23,17,365,27010,475.5985,433.975,448.0,461.0,475.0,490.0,503.0,518.0,0.0
validation,2025-06-23,18,55,27010,78.5065,62.0,67.0,73.0,78.0,84.0,90.0,96.0,0.0
validation,2025-06-23,19,1840,27010,1629.944,1551.0,1577.0,1602.0,1630.0,1658.0,1684.0,1713.0249999999999,0.0
validation,2025-06-23,20,16,27010,14.2675,7.0,10.0,12.0,14.0,17.0,19.0,22.0,0.0
validation,2025-06-23,21,44,27010,85.4575,68.0,74.0,79.0,85.0,92.0,98.0,104.0,0.0
validation,2025-06-23,22,116,27010,231.646,202.0,212.0,222.0,231.0,242.0,251.0,262.0,0.0
validation,2025-06-23,23,106,27010,175.13,151.0,158.0,166.0,175.0,184.0,192.0,201.0,0.0
validation,2025-06-23,24,85,27010,122.3935,102.0,109.0,115.0,122.0,130.0,136.0,143.0,0.0
validation,2025-06-23,25,110,27010,147.955,125.0,132.0,140.0,148.0,156.0,163.10000000000014,173.0,0.0
validation,2025-06-23,26,186,27010,154.407,131.0,138.0,146.0,154.0,163.0,171.0,179.0,0.0
validation,2025-06-23,27,37,27010,29.851,20.0,23.0,26.0,30.0,33.0,37.0,41.0,0.0
validation,2025-06-23,28,159,27010,209.699,183.0,192.0,200.0,209.0,219.0,228.0,238.0,0.0
validation,2025-06-23,29,248,27010,322.965,289.0,301.0,312.0,323.0,334.0,345.0,358.0,0.0
validation,2025-06-23,30,302,27010,405.87,369.0,381.0,392.0,406.0,419.0,431.0,446.0,0.0
validation,2025-06-23,31,326,27010,338.831,305.0,315.0,327.0,339.0,351.0,362.0,375.0,0.0
validation,2025-06-23,32,189,27010,46.304,34.0,38.0,41.0,46.0,51.0,55.0,61.0,0.0
validation,2025-06-23,33,15,27010,11.0865,5.0,7.0,9.0,11.0,13.0,15.0,18.0,0.0
validation,2025-06-23,34,0,27010,22.0235,13.0,16.0,19.0,22.0,25.0,28.0,32.0,0.0
validation,2025-06-23,35,11,27010,8.0515,3.0,5.0,6.0,8.0,10.0,12.0,14.0,0.0
validation,2025-06-23,36,764,27010,834.8925,777.975,798.0,815.0,835.0,854.0,873.0,893.0,0.0
validation,2025-06-23,37,45,27010,48.1125,36.0,40.0,43.0,48.0,53.0,57.0,62.0,0.0
validation,2025-06-23,38,130,27010,175.6945,151.0,159.0,167.0,175.0,185.0,193.0,202.0,0.0
validation,2025-06-23,39,67,27010,141.805,118.975,127.0,134.0,142.0,150.0,158.0,166.0,0.0
