split,week,cluster_id,complaint_count,weekly_total,model_mean,model_p025,model_p10,model_p25,model_p50,model_p75,model_p90,model_p975,model_impossible_probability,b2_static_mean,b2_static_p025,b2_static_p10,b2_static_p25,b2_static_p50,b2_static_p75,b2_static_p90,b2_static_p975,b2_static_impossible_probability,b2_rolling_4_mean,b2_rolling_4_p025,b2_rolling_4_p10,b2_rolling_4_p25,b2_rolling_4_p50,b2_rolling_4_p75,b2_rolling_4_p90,b2_rolling_4_p975,b2_rolling_4_impossible_probability
fit,2023-01-30,0,12,8655,21.3845,2.0,5.0,10.0,18.0,30.0,42.0,60.0,0.0,15.919,9.0,11.0,13.0,16.0,19.0,21.0,24.0,0.0,21.1705,13.0,16.0,18.0,21.0,24.0,27.0,31.0,0.0
fit,2023-01-30,1,25,8655,14.0805,0.0,2.0,5.0,11.0,20.0,30.0,47.0,0.0,48.6615,35.0,40.0,44.0,48.0,53.0,58.0,63.0,0.0,13.947,7.0,9.0,11.0,14.0,16.0,19.0,22.0,0.0
fit,2023-01-30,2,11,8655,14.579,0.0,2.0,5.0,11.0,20.0,32.0,48.0,0.0,69.009,53.0,59.0,63.0,69.0,74.0,80.0,87.0,0.0,14.95,8.0,10.0,12.0,15.0,18.0,20.0,23.0,0.0
fit,2023-01-30,3,205,8655,223.1865,138.0,163.0,188.0,219.0,255.0,291.0,330.0,0.0,287.3795,257.0,266.0,276.0,287.0,298.0,309.0,320.0,0.0,223.435,194.0,204.0,214.0,223.0,233.0,242.0,252.0,0.0
fit,2023-01-30,4,68,8655,77.3275,29.975,42.0,55.0,73.0,95.0,118.0,144.02499999999986,0.0,107.544,88.0,95.0,101.0,107.0,114.0,121.0,129.0,0.0,78.9305,61.975,68.0,73.0,79.0,85.0,91.0,97.0,0.0
fit,2023-01-30,5,2,8655,8.633,0.0,0.0,2.0,6.0,12.0,21.0,36.0,0.0,76.721,60.0,65.0,71.0,76.0,83.0,88.0,94.02499999999986,0.0,8.674,4.0,5.0,7.0,8.0,11.0,13.0,15.0,0.0
fit,2023-01-30,6,134,8655,120.9905,59.0,76.0,94.0,117.0,145.0,172.10000000000014,204.0,0.0,112.022,90.0,98.0,105.0,112.0,120.0,126.0,133.02499999999986,0.0,121.5475,100.0,108.0,114.0,121.0,129.0,136.0,144.0,0.0
fit,2023-01-30,7,15,8655,15.094,0.0,2.0,6.0,12.0,21.0,33.0,47.0,0.0,93.3635,75.0,81.0,87.0,93.0,100.0,106.0,113.0,0.0,15.1575,8.0,10.0,12.0,15.0,18.0,20.0,23.0,0.0
fit,2023-01-30,8,1425,8655,1505.1025,1280.975,1357.9,1421.0,1501.0,1585.0,1658.0,1751.0499999999997,0.0,972.1445,916.0,935.0,951.0,971.0,992.0,1011.0,1032.0249999999999,0.0,1499.0935,1430.975,1454.0,1475.0,1499.0,1523.0,1544.0,1565.0,0.0
fit,2023-01-30,9,60,8655,36.835,8.0,15.0,22.0,34.0,48.0,62.0,84.02499999999986,0.0,21.6065,13.0,16.0,18.0,21.0,25.0,28.0,31.0,0.0,36.8565,26.0,29.0,33.0,37.0,41.0,44.0,49.0,0.0
fit,2023-01-30,10,11,8655,14.4245,0.0,2.0,5.0,11.0,20.0,31.0,45.024999999999864,0.0,74.4275,58.0,64.0,69.0,74.0,80.0,86.0,91.0,0.0,14.288,8.0,10.0,12.0,14.0,17.0,19.0,22.0,0.0
fit,2023-01-30,11,679,8655,774.7805,612.0,664.0,714.0,770.0,832.0,891.0,952.0249999999999,0.0,787.9945,734.0,753.0,770.0,788.0,807.0,823.0,843.0,0.0,774.112,722.975,741.0,756.0,774.0,792.0,809.0,827.0249999999999,0.0
fit,2023-01-30,12,798,8655,858.046,683.975,742.0,795.0,853.0,921.0,982.0,1049.0499999999997,0.0,700.462,652.0,669.0,683.0,700.0,718.0,731.0,748.0,0.0,859.8885,805.0,824.0,841.0,859.0,878.0,898.0,918.0,0.0
fit,2023-01-30,13,1030,8655,1094.6115,893.975,961.9,1022.0,1093.0,1164.0,1227.0,1305.0249999999999,0.0,790.655,738.0,755.0,773.0,791.0,808.0,825.0,845.0,0.0,1091.297,1033.0,1052.0,1070.0,1091.0,1112.0,1130.0,1154.0249999999999,0.0
fit,2023-01-30,14,1698,8655,1633.3295,1395.0,1471.0,1549.0,1626.0,1720.0,1802.0,1883.0249999999999,0.0,1432.471,1366.0,1388.0,1410.0,1433.0,1456.0,1476.0,1500.0249999999999,0.0,1634.797,1562.975,1587.0,1610.0,1635.0,1661.0,1682.0,1704.0,0.0
fit,2023-01-30,15,42,8655,46.005,13.0,20.0,29.0,43.0,59.0,75.10000000000014,98.0,0.0,61.3355,46.975,51.0,56.0,61.0,67.0,71.0,77.0,0.0,46.108,34.0,38.0,42.0,46.0,50.0,55.0,60.0,0.0
fit,2023-01-30,16,3,8655,3.2785,0.0,0.0,0.0,1.0,4.0,10.0,21.0,0.0,75.293,59.0,65.0,69.0,75.0,81.0,86.0,92.0,0.0,3.3645,0.0,1.0,2.0,3.0,4.0,6.0,7.0,0.0
fit,2023-01-30,17,794,8655,828.1195,656.95,715.0,768.0,827.0,887.0,948.0,1015.0,0.0,576.7785,533.975,548.0,561.0,577.0,593.0,606.0,622.0,0.0,830.698,776.0,795.0,811.0,831.0,849.0,866.0,885.0,0.0
fit,2023-01-30,18,21,8655,27.52,4.0,8.900000000000006,14.0,24.0,37.0,51.0,71.0,0.0,87.506,69.0,75.9,81.0,87.5,94.0,100.0,106.0,0.0,27.9955,18.0,21.0,24.0,28.0,31.0,35.0,39.0,0.0
fit,2023-01-30,19,327,8655,291.143,188.0,219.0,251.0,288.0,328.25,365.0,414.02499999999986,0.0,512.932,469.0,485.0,498.0,512.0,528.0,541.0,556.0,0.0,291.0055,259.0,270.0,280.0,290.0,302.0,312.0,324.0,0.0
fit,2023-01-30,20,2,8655,8.751,0.0,0.0,2.0,6.0,12.0,22.0,35.0,0.0,27.2655,18.0,21.0,24.0,27.0,31.0,34.0,38.0,0.0,9.0745,4.0,5.0,7.0,9.0,11.0,13.0,15.0,0.0
fit,2023-01-30,21,14,8655,18.5285,1.0,3.0,8.0,15.0,26.0,38.0,54.024999999999864,0.0,33.221,22.975,26.0,29.0,33.0,37.0,40.0,45.0,0.0,18.7395,11.0,13.0,16.0,19.0,22.0,24.0,28.0,0.0
fit,2023-01-30,22,123,8655,126.512,63.0,80.9,97.0,124.0,151.0,177.10000000000014,211.02499999999986,0.0,104.541,84.975,92.0,98.0,104.0,112.0,118.0,125.0,0.0,127.416,106.0,113.0,119.0,127.0,135.0,142.0,150.0,0.0
fit,2023-01-30,23,7,8655,8.8435,0.0,0.0,2.0,6.0,12.0,22.0,34.0,0.0,51.904,38.0,43.0,47.0,52.0,57.0,61.0,66.0,0.0,9.393,4.0,6.0,7.0,9.0,11.0,14.0,16.0,0.0
fit,2023-01-30,24,13,8655,17.517,1.0,3.0,7.0,14.0,24.0,36.100000000000136,53.024999999999864,0.0,78.564,61.975,67.0,73.0,78.5,85.0,90.0,97.0,0.0,17.8775,10.0,13.0,15.0,18.0,21.0,23.0,26.0,0.0
fit,2023-01-30,25,86,8655,103.6425,46.0,62.900000000000006,80.0,100.0,124.0,151.0,178.0,0.0,115.387,96.0,102.0,108.0,115.0,122.0,129.0,136.0,0.0,103.9475,85.0,91.0,97.0,104.0,110.25,117.0,125.0,0.0
fit,2023-01-30,26,82,8655,68.3695,24.0,35.900000000000006,48.0,65.0,84.0,106.0,138.0,0.0,91.444,73.0,79.0,85.0,91.0,98.0,104.0,111.0,0.0,68.654,53.0,58.900000000000006,63.0,68.0,74.0,79.0,85.0,0.0
fit,2023-01-30,27,55,8655,16.3725,1.0,3.0,6.0,13.0,22.0,35.0,53.0,0.0,65.065,49.0,55.0,60.0,65.0,70.0,75.0,81.0,0.0,16.2955,9.0,11.0,13.75,16.0,19.0,22.0,24.0,0.0
fit,2023-01-30,28,30,8655,23.5255,3.0,6.0,12.0,20.0,31.0,46.0,65.02499999999986,0.0,56.2955,42.0,47.0,51.0,56.0,61.0,66.0,71.0,0.0,23.729,15.0,18.0,20.0,23.0,27.0,30.0,34.0,0.0
fit,2023-01-30,29,23,8655,27.247,4.0,8.0,14.0,23.0,37.0,51.0,74.02499999999986,0.0,74.212,58.0,63.0,68.0,74.0,80.0,86.0,91.02499999999986,0.0,27.4495,18.0,21.0,24.0,27.0,31.0,34.0,38.0,0.0
fit,2023-01-30,30,45,8655,52.3205,16.0,24.0,34.0,49.0,66.0,85.10000000000014,108.02499999999986,0.0,174.929,150.0,158.0,166.0,175.0,184.0,192.0,201.0,0.0,52.24,38.0,43.0,47.0,52.0,57.0,61.0,67.0,0.0
fit,2023-01-30,31,0,8655,2.7055,0.0,0.0,0.0,0.0,3.0,8.0,19.0,0.0,65.068,50.0,55.0,59.0,65.0,71.0,76.0,82.0,0.0,2.627,0.0,1.0,1.0,2.0,4.0,5.0,6.0,0.0
fit,2023-01-30,32,32,8655,22.2675,2.0,5.0,11.0,19.0,30.0,44.0,62.0,0.0,73.337,56.975,63.0,68.0,73.0,79.0,84.0,90.0,0.0,21.903,13.0,16.0,19.0,22.0,25.0,28.0,31.0,0.0
fit,2023-01-30,33,51,8655,37.061,7.0,14.0,22.0,33.0,49.0,64.0,86.0,0.0,57.207,42.975,48.0,52.0,57.0,62.0,67.0,72.02499999999986,0.0,37.321,26.0,30.0,33.0,37.0,41.0,45.0,50.0,0.0
fit,2023-01-30,34,37,8655,85.954,35.0,48.0,63.0,83.0,105.0,127.0,153.0,0.0,53.309,39.0,44.0,48.0,53.0,58.0,63.0,68.0,0.0,85.4005,67.0,74.0,79.0,85.0,91.0,97.0,103.02499999999986,0.0
fit,2023-01-30,35,0,8655,0.209,0.0,0.0,0.0,0.0,0.0,0.0,2.0,0.0,23.5775,15.0,18.0,20.0,23.0,27.0,30.0,34.0,0.0,0.2385,0.0,0.0,0.0,0.0,0.0,1.0,1.0,0.0
fit,2023-01-30,36,631,8655,399.5485,275.0,315.8,352.0,395.0,445.0,488.10000000000014,545.0,0.0,434.379,393.0,408.0,421.0,435.0,448.0,459.0,476.0,0.0,398.088,359.0,373.0,385.0,398.0,411.0,423.0,438.0,0.0
fit,2023-01-30,37,24,8655,7.4765,0.0,0.0,1.0,4.0,11.0,19.0,35.0,0.0,50.7605,37.0,42.0,46.0,51.0,55.0,60.0,65.0,0.0,7.5485,3.0,4.0,6.0,7.0,9.0,11.0,13.0,0.0
fit,2023-01-30,38,34,8655,9.607,0.0,0.0,2.0,6.0,13.0,23.0,39.0,0.0,51.262,38.0,42.0,46.0,51.0,56.0,61.0,66.0,0.0,9.7185,4.0,6.0,7.0,10.0,12.0,14.0,16.0,0.0
fit,2023-01-30,39,6,8655,10.0705,0.0,1.0,3.0,6.0,14.0,24.0,38.024999999999864,0.0,69.0465,53.0,59.0,63.0,69.0,75.0,79.0,86.0,0.0,10.023,4.0,6.0,8.0,10.0,12.0,14.0,17.0,0.0
fit,2023-02-06,0,19,9294,20.379,1.0,4.0,9.0,16.0,28.0,42.0,60.0,0.0,17.033,9.0,12.0,14.0,17.0,20.0,22.0,26.0,0.0,20.4295,12.0,15.0,17.0,20.0,23.0,26.0,30.0,0.0
fit,2023-02-06,1,27,9294,18.595,1.0,3.0,7.0,15.0,26.0,39.0,59.0,0.0,52.4785,39.0,43.0,48.0,52.0,57.0,62.0,67.0,0.0,18.5,11.0,13.0,16.0,18.0,21.0,24.0,27.0,0.0
fit,2023-02-06,2,12,9294,15.218,0.0,2.0,5.0,11.0,21.0,34.0,50.0,0.0,73.8375,58.0,63.0,68.0,73.0,79.0,85.0,92.0,0.0,15.145,8.0,10.0,12.0,15.0,18.0,20.0,23.0,0.0
fit,2023-02-06,3,163,9294,234.677,145.0,170.0,199.0,230.0,268.0,307.0,346.02499999999986,0.0,309.114,275.0,287.0,297.75,309.0,320.0,332.0,345.0,0.0,234.9995,205.0,216.0,225.0,235.0,245.0,254.0,266.0,0.0
fit,2023-02-06,4,105,9294,80.6675,32.0,44.0,58.0,77.0,99.0,122.0,147.02499999999986,0.0,115.6015,94.0,102.0,108.0,116.0,122.0,129.0,137.0,0.0,81.0775,64.0,69.0,75.0,81.0,87.0,93.0,99.0,0.0
fit,2023-02-06,5,4,9294,6.379,0.0,0.0,1.0,3.0,9.0,17.0,29.0,0.0,82.0595,64.0,70.9,76.0,82.0,88.0,94.0,100.0,0.0,6.8345,2.0,4.0,5.0,7.0,8.0,10.0,13.0,0.0
fit,2023-02-06,6,133,9294,131.9285,65.0,84.0,103.0,128.0,157.0,184.0,217.0,0.0,119.728,99.0,105.0,112.0,120.0,127.0,134.0,142.0,0.0,133.045,111.0,118.0,125.0,133.0,141.0,148.0,158.0,0.0
fit,2023-02-06,7,7,9294,16.986,0.0,2.9000000000000057,6.0,13.0,23.25,36.0,55.0,0.0,99.767,81.0,87.0,93.0,99.0,106.0,113.0,120.0,0.0,16.957,9.0,12.0,14.0,17.0,19.0,22.0,25.0,0.0
fit,2023-02-06,8,1310,9294,1698.928,1444.925,1534.0,1607.0,1695.0,1782.25,1873.0,1968.0249999999999,0.0,1043.943,983.0,1006.0,1023.0,1044.0,1065.0,1083.0,1103.0249999999999,0.0,1694.5395,1619.0,1648.9,1670.0,1694.0,1719.0,1743.0,1767.0,0.0
fit,2023-02-06,9,53,9294,48.02,12.0,21.0,30.0,44.0,62.0,80.0,108.02499999999986,0.0,23.154,14.0,17.0,20.0,23.0,26.0,30.0,33.0,0.0,47.721,35.0,39.0,43.0,48.0,52.0,56.0,61.0,0.0
fit,2023-02-06,10,35,9294,13.638,0.0,2.0,5.0,10.0,19.0,31.0,46.024999999999864,0.0,79.599,64.0,69.0,74.0,79.0,85.0,91.0,98.0,0.0,14.056,8.0,9.0,11.0,14.0,16.0,19.0,22.0,0.0
fit,2023-02-06,11,872,9294,778.432,602.975,661.9,714.0,775.5,837.0,902.0,973.0,0.0,848.267,794.0,813.0,829.0,848.0,867.0,884.0,901.0,0.0,781.0875,730.0,747.0,762.0,781.5,798.25,815.0,833.0,0.0
fit,2023-02-06,12,946,9294,902.5585,716.95,775.0,833.75,898.0,967.0,1035.1000000000001,1119.0249999999999,0.0,752.0655,700.0,719.0,734.0,751.0,770.0,786.0,803.0249999999999,0.0,902.248,848.975,866.0,882.0,901.0,921.0,940.0,960.0,0.0
fit,2023-02-06,13,1135,9294,1179.9475,971.95,1037.9,1104.0,1176.5,1256.0,1322.0,1406.0,0.0,848.118,792.975,813.0,830.0,849.0,867.0,882.0,902.0,0.0,1179.37,1116.0,1137.0,1159.0,1180.0,1200.0,1219.1000000000001,1239.0,0.0
fit,2023-02-06,14,1657,9294,1759.2215,1510.975,1594.9,1672.75,1758.0,1843.25,1921.0,2023.0249999999999,0.0,1539.417,1469.95,1495.0,1515.75,1538.0,1562.0,1587.1000000000001,1610.0,0.0,1761.987,1686.0,1713.9,1737.0,1762.0,1789.25,1810.0,1834.0249999999999,0.0
fit,2023-02-06,15,52,9294,54.6,16.0,24.0,34.0,50.0,70.0,90.0,115.02499999999986,0.0,65.939,51.0,56.0,60.0,66.0,71.0,76.0,83.0,0.0,54.2655,41.0,45.0,49.0,54.0,59.0,64.0,69.0,0.0
fit,2023-02-06,16,2,9294,3.086,0.0,0.0,0.0,1.0,3.0,9.0,21.0,0.0,80.756,63.0,69.0,74.0,81.0,87.0,93.0,99.0,0.0,3.276,0.0,1.0,2.0,3.0,4.0,6.0,7.0,0.0
fit,2023-02-06,17,857,9294,810.7235,628.975,689.0,746.0,808.0,874.25,934.0,998.0249999999999,0.0,619.989,571.0,588.9,604.0,620.0,637.0,651.0,667.0249999999999,0.0,808.268,758.0,774.0,790.0,808.0,826.0,842.0,863.0,0.0
fit,2023-02-06,18,13,9294,28.0585,4.0,8.0,14.0,25.0,37.0,52.0,72.02499999999986,0.0,93.6715,75.0,82.0,87.0,93.0,100.0,106.0,113.0,0.0,28.1855,19.0,22.0,25.0,28.0,32.0,35.0,39.0,0.0
fit,2023-02-06,19,316,9294,305.5255,193.95,229.0,263.0,302.0,346.0,384.0,434.0,0.0,550.03,504.0,519.9,535.0,550.0,565.0,580.0,597.0,0.0,305.0985,273.0,285.0,294.0,305.0,316.0,326.0,339.0,0.0
fit,2023-02-06,20,1,9294,7.212,0.0,0.0,1.0,4.0,10.0,19.0,33.0,0.0,29.281,20.0,23.0,26.0,29.0,33.0,36.0,40.0,0.0,7.736,3.0,4.0,6.0,7.0,9.25,12.0,14.0,0.0
fit,2023-02-06,21,38,9294,18.3095,1.0,3.0,7.0,15.0,25.0,38.0,59.024999999999864,0.0,35.8245,25.0,28.900000000000006,32.0,36.0,40.0,44.0,48.0,0.0,18.228,10.0,13.0,15.0,18.0,21.0,24.0,27.0,0.0
fit,2023-02-06,22,79,9294,130.326,63.0,82.0,102.0,127.0,155.0,182.0,221.0,0.0,112.417,91.0,99.0,105.0,112.0,119.0,126.0,134.0,0.0,130.389,109.0,116.0,122.0,130.0,138.0,145.10000000000014,153.0,0.0
fit,2023-02-06,23,36,9294,11.372,0.0,1.0,3.0,8.0,16.0,27.0,42.0,0.0,55.717,42.0,46.0,51.0,55.0,60.0,65.0,71.0,0.0,11.1955,5.0,7.0,9.0,11.0,13.0,15.0,18.0,0.0
fit,2023-02-06,24,17,9294,16.6815,1.0,3.0,6.0,13.0,23.0,37.0,53.0,0.0,84.466,67.0,73.0,78.0,84.0,91.0,96.0,103.0,0.0,16.821,9.0,12.0,14.0,17.0,20.0,22.0,25.0,0.0
fit,2023-02-06,25,216,9294,105.9885,47.0,65.0,81.0,103.0,128.0,151.10000000000014,186.0,0.0,123.9545,102.0,109.0,116.0,124.0,132.0,138.0,146.0,0.0,106.702,87.0,94.0,100.0,107.0,113.0,120.0,128.0,0.0
fit,2023-02-06,26,76,9294,80.8145,32.0,45.0,58.0,77.0,99.0,122.0,154.0,0.0,98.265,79.0,86.0,91.0,98.0,105.0,111.0,118.0,0.0,81.316,64.0,70.0,76.0,81.0,87.0,93.0,99.0,0.0
fit,2023-02-06,27,71,9294,27.8185,3.9750000000000014,8.0,14.0,24.0,37.0,53.0,72.02499999999986,0.0,70.103,55.0,60.0,64.0,70.0,76.0,81.0,87.0,0.0,27.2995,17.0,21.0,24.0,27.0,31.0,34.0,38.0,0.0
fit,2023-02-06,28,68,9294,31.6865,5.975000000000001,10.0,17.0,28.0,41.0,59.0,81.02499999999986,0.0,60.4245,44.975,50.0,55.0,60.0,66.0,71.0,77.0,0.0,32.067,21.0,25.0,28.0,32.0,36.0,40.0,44.0,0.0
fit,2023-02-06,29,33,9294,25.918,3.0,7.0,13.0,22.0,35.0,49.0,69.0,0.0,79.727,62.0,68.0,74.0,80.0,86.0,92.0,98.0,0.0,26.3855,16.0,20.0,23.0,26.0,30.0,33.0,37.0,0.0
fit,2023-02-06,30,59,9294,54.324,15.0,25.0,36.0,51.0,69.0,88.0,114.0,0.0,187.904,162.0,170.0,178.0,188.0,197.0,205.0,215.0,0.0,54.842,41.0,45.0,50.0,55.0,60.0,65.0,70.0,0.0
fit,2023-02-06,31,5,9294,1.195,0.0,0.0,0.0,0.0,1.0,3.0,13.0,0.0,70.0135,54.0,59.0,64.0,70.0,76.0,81.0,87.0,0.0,1.29,0.0,0.0,0.0,1.0,2.0,3.0,4.0,0.0
fit,2023-02-06,32,27,9294,28.482,3.0,8.0,14.0,25.0,39.0,54.0,73.0,0.0,78.532,62.0,67.0,72.0,78.0,85.0,90.0,97.0,0.0,28.197,18.0,22.0,25.0,28.0,32.0,35.0,39.0,0.0
fit,2023-02-06,33,28,9294,44.2385,11.0,18.0,28.0,40.0,56.0,75.0,106.0,0.0,61.483,46.0,52.0,56.0,61.0,67.0,72.0,77.0,0.0,44.5275,32.0,36.0,40.0,44.0,49.0,53.0,58.0,0.0
fit,2023-02-06,34,63,9294,75.2495,26.0,40.0,54.0,71.0,93.0,116.0,143.02499999999986,0.0,56.733,42.0,47.0,52.0,57.0,62.0,67.0,71.0,0.0,74.774,58.0,64.0,69.0,75.0,81.0,86.0,92.0,0.0
fit,2023-02-06,35,3,9294,0.218,0.0,0.0,0.0,0.0,0.0,0.0,3.0,0.0,25.2085,16.0,19.0,22.0,25.0,29.0,32.0,35.0,0.0,0.2535,0.0,0.0,0.0,0.0,0.0,1.0,1.0,0.0
fit,2023-02-06,36,711,9294,489.5455,348.975,395.0,439.0,486.5,537.0,586.1000000000001,647.0,0.0,466.315,426.0,440.0,453.0,466.0,480.0,492.0,507.0,0.0,487.2155,446.0,460.0,472.0,486.0,503.0,515.1000000000001,529.0,0.0
fit,2023-02-06,37,25,9294,11.4255,0.0,1.0,3.0,8.0,16.0,26.0,43.0,0.0,54.281,41.0,45.0,49.0,54.0,59.0,64.0,69.0,0.0,11.621,5.0,7.0,9.0,11.0,14.0,16.0,19.0,0.0
fit,2023-02-06,38,9,9294,16.3355,1.0,3.0,6.0,13.0,22.0,34.0,51.024999999999864,0.0,55.275,41.0,46.0,50.0,55.0,60.0,65.0,70.0,0.0,16.964,9.0,12.0,14.0,17.0,20.0,22.0,26.0,0.0
fit,2023-02-06,39,11,9294,9.2905,0.0,0.0,2.0,6.0,13.0,23.0,37.04999999999973,0.0,73.5075,57.0,63.0,68.0,73.0,80.0,85.0,90.0,0.0,9.0855,4.0,5.0,7.0,9.0,11.0,13.0,15.0,0.0
fit,2023-02-13,0,18,8500,17.793,1.0,3.0,7.0,15.0,24.0,37.0,52.0,0.0,15.5135,8.0,11.0,13.0,15.0,18.0,21.0,24.0,0.0,17.679,10.0,12.0,15.0,18.0,20.0,23.0,26.0,0.0
fit,2023-02-13,1,12,8500,19.09,1.0,4.0,8.0,16.0,26.0,38.0,55.0,0.0,47.6975,34.0,39.0,43.0,47.0,52.0,57.100000000000136,62.0,0.0,19.367,11.0,14.0,16.0,19.0,22.0,25.0,29.0,0.0
fit,2023-02-13,2,14,8500,13.624,0.0,2.0,4.0,10.0,19.0,30.0,47.0,0.0,67.623,51.975,57.0,62.0,67.0,73.0,78.0,84.0,0.0,13.433,6.0,9.0,11.0,13.0,16.0,18.0,21.0,0.0
fit,2023-02-13,3,238,8500,194.8215,114.0,138.0,163.0,191.0,224.0,256.0,292.02499999999986,0.0,282.518,250.0,262.0,271.0,282.0,293.0,304.0,316.0,0.0,194.848,167.0,177.0,186.0,195.0,204.0,213.0,222.02499999999986,0.0
fit,2023-02-13,4,118,8500,75.2905,29.975,41.0,55.0,72.0,92.0,115.0,139.0,0.0,106.361,86.0,92.0,99.0,107.0,114.0,119.0,128.0,0.0,75.901,59.0,65.0,70.0,76.0,82.0,87.0,93.0,0.0
fit,2023-02-13,5,5,8500,5.2375,0.0,0.0,0.0,2.0,7.0,14.0,26.0,0.0,75.279,59.0,64.0,69.0,75.0,81.0,87.0,93.0,0.0,5.549,1.0,3.0,4.0,5.0,7.0,9.0,10.0,0.0
fit,2023-02-13,6,127,8500,118.6255,59.0,76.0,92.0,115.0,141.0,167.0,199.0,0.0,109.589,89.0,96.0,102.0,109.0,117.0,124.0,131.0,0.0,119.976,99.0,106.0,112.0,119.0,127.0,135.0,143.0,0.0
fit,2023-02-13,7,21,8500,12.897,0.0,2.0,5.0,10.0,18.0,27.0,42.024999999999864,0.0,91.4655,73.0,79.0,85.0,91.0,98.0,104.0,110.0,0.0,13.594,7.0,9.0,11.0,13.0,16.0,18.0,21.0,0.0
fit,2023-02-13,8,1203,8500,1523.641,1283.975,1370.0,1440.0,1522.0,1604.25,1684.0,1777.0749999999996,0.0,954.711,899.975,917.0,934.0,954.0,975.0,993.0,1015.0,0.0,1530.2895,1463.975,1483.0,1506.0,1530.0,1555.0,1576.0,1599.0,0.0
fit,2023-02-13,9,69,8500,51.491,15.0,23.900000000000006,34.0,48.0,66.0,84.0,106.02499999999986,0.0,21.423,13.0,16.0,18.0,21.0,25.0,27.0,30.0,0.0,50.9385,37.0,42.0,46.0,51.0,56.0,60.0,65.0,0.0
fit,2023-02-13,10,43,8500,17.3485,1.0,3.0,7.0,14.0,24.0,35.0,54.024999999999864,0.0,72.9495,57.0,62.0,67.0,73.0,79.0,83.0,90.0,0.0,17.305,10.0,12.0,14.0,17.0,20.0,23.0,26.0,0.0
fit,2023-02-13,11,813,8500,732.1105,574.95,624.0,673.0,730.5,788.25,843.1000000000001,903.0249999999999,0.0,774.6825,725.975,742.0,756.0,774.0,793.0,809.0,827.0,0.0,732.294,683.0,700.0,715.0,732.0,749.0,764.0,781.0249999999999,0.0
fit,2023-02-13,12,888,8500,840.154,668.0,722.0,775.0,835.0,900.0,963.1000000000001,1037.0249999999999,0.0,688.1225,638.0,655.0,671.0,688.0,705.0,720.1000000000001,738.0,0.0,836.9135,783.0,804.0,818.0,837.0,855.0,872.0,890.0,0.0
fit,2023-02-13,13,1090,8500,1081.7625,887.0,947.9,1008.0,1079.5,1151.0,1216.0,1294.0499999999997,0.0,775.8895,723.0,743.0,758.0,775.0,793.0,810.0,828.0,0.0,1078.0595,1019.0,1038.9,1058.0,1078.0,1099.0,1117.0,1136.0,0.0
fit,2023-02-13,14,1426,8500,1532.639,1304.975,1381.0,1449.0,1528.0,1613.25,1691.0,1777.0249999999999,0.0,1406.928,1340.975,1363.0,1383.0,1406.0,1431.0,1452.0,1476.0249999999999,0.0,1532.251,1460.975,1486.0,1508.0,1533.0,1556.0,1578.0,1606.0,0.0
fit,2023-02-13,15,24,8500,46.654,12.975000000000001,19.900000000000006,29.0,44.0,59.0,78.0,102.0,0.0,60.413,46.0,50.0,55.0,60.0,66.0,71.0,76.0,0.0,45.978,33.0,37.0,41.0,46.0,50.0,55.0,60.0,0.0
fit,2023-02-13,16,1,8500,2.655,0.0,0.0,0.0,0.0,3.0,8.0,19.0,0.0,73.6865,57.0,63.0,68.0,73.0,79.0,85.0,91.0,0.0,2.9405,0.0,1.0,2.0,3.0,4.0,5.0,7.0,0.0
fit,2023-02-13,17,1053,8500,716.437,558.0,609.0,661.0,715.0,770.25,828.0,891.0,0.0,566.762,523.0,538.0,551.0,566.0,582.0,597.0,613.0249999999999,0.0,716.7475,668.0,685.0,700.0,716.5,733.25,749.0,768.0249999999999,0.0
fit,2023-02-13,18,11,8500,19.9085,2.0,5.0,9.0,16.0,28.0,41.0,57.0,0.0,85.707,69.0,74.0,80.0,85.0,92.0,97.0,104.0,0.0,19.989,11.0,14.0,17.0,20.0,23.0,26.0,29.0,0.0
fit,2023-02-13,19,319,8500,290.9965,187.0,221.9,251.0,289.0,326.0,365.0,411.0,0.0,503.979,460.0,476.0,490.0,504.0,518.0,533.1000000000001,550.0,0.0,288.1655,256.0,267.0,277.0,288.0,299.0,309.0,320.0,0.0
fit,2023-02-13,20,15,8500,5.9035,0.0,0.0,0.0,3.0,8.0,16.0,29.0,0.0,26.71,17.0,20.0,23.0,26.0,30.0,33.100000000000136,38.0,0.0,5.935,2.0,3.0,4.0,6.0,7.0,9.0,11.0,0.0
fit,2023-02-13,21,39,8500,21.081,2.0,6.0,10.0,18.0,29.0,42.0,58.0,0.0,32.7245,21.0,25.0,29.0,33.0,37.0,40.0,45.0,0.0,21.0215,13.0,15.0,18.0,21.0,24.0,27.0,30.0,0.0
fit,2023-02-13,22,47,8500,107.1255,49.975,65.0,82.0,103.0,128.0,154.10000000000014,185.0,0.0,102.3315,83.0,90.0,95.0,102.0,109.0,116.0,123.0,0.0,106.7115,87.0,94.0,100.0,107.0,113.0,120.0,126.0,0.0
fit,2023-02-13,23,41,8500,16.912,1.0,3.0,7.0,13.0,23.0,36.0,53.024999999999864,0.0,51.049,38.0,42.0,46.0,51.0,56.0,61.0,66.0,0.0,17.099,9.0,12.0,14.0,17.0,20.0,23.0,26.0,0.0
fit,2023-02-13,24,19,8500,17.886,1.0,4.0,8.0,15.0,24.0,36.0,54.0,0.0,77.3365,61.0,66.0,71.0,77.0,83.0,89.0,96.0,0.0,17.496,9.0,12.0,15.0,17.0,20.0,23.0,26.0,0.0
fit,2023-02-13,25,161,8500,122.6845,62.0,79.0,97.0,120.0,145.0,171.0,200.02499999999986,0.0,113.0055,93.0,100.0,106.0,113.0,120.0,127.0,134.0,0.0,123.0575,101.0,109.0,115.0,123.0,131.0,137.0,146.0,0.0
fit,2023-02-13,26,58,8500,78.2155,31.0,44.0,56.0,75.0,96.0,118.0,148.02499999999986,0.0,89.956,72.0,78.0,84.0,90.0,96.0,102.0,109.02499999999986,0.0,77.3435,61.0,66.0,71.0,77.0,83.0,89.0,94.0,0.0
fit,2023-02-13,27,48,8500,36.428,7.0,13.0,21.0,33.0,47.0,63.0,87.0,0.0,64.0165,49.0,54.0,59.0,64.0,69.0,75.0,80.0,0.0,36.793,25.0,29.0,33.0,37.0,41.0,45.0,49.0,0.0
fit,2023-02-13,28,31,8500,43.3625,12.0,18.0,27.0,40.0,56.0,73.0,95.0,0.0,55.188,41.0,45.0,50.0,55.0,60.0,65.0,70.0,0.0,43.4325,31.0,35.0,39.0,43.0,48.0,52.0,57.0,0.0
fit,2023-02-13,29,7,8500,26.375,3.0,8.0,14.0,23.0,36.0,50.0,68.0,0.0,72.689,56.0,62.0,67.0,73.0,79.0,84.0,89.02499999999986,0.0,27.068,17.0,21.0,24.0,27.0,31.0,34.0,37.024999999999864,0.0
fit,2023-02-13,30,58,8500,48.6825,13.0,22.0,31.0,45.0,62.0,81.0,103.0,0.0,172.0565,147.0,155.0,163.0,172.0,181.0,189.0,198.0,0.0,48.1035,35.0,39.0,43.0,48.0,53.0,57.0,62.024999999999864,0.0
fit,2023-02-13,31,0,8500,2.062,0.0,0.0,0.0,0.0,2.0,6.0,16.024999999999864,0.0,63.757,49.0,54.0,58.0,63.0,69.0,74.0,80.0,0.0,2.274,0.0,0.0,1.0,2.0,3.0,4.0,6.0,0.0
fit,2023-02-13,32,26,8500,22.9275,3.0,6.0,11.0,19.0,31.0,45.0,64.02499999999986,0.0,72.286,56.0,62.0,67.0,72.0,78.0,83.0,90.0,0.0,22.9185,14.0,17.0,20.0,23.0,26.0,29.0,32.0,0.0
fit,2023-02-13,33,14,8500,41.431,10.0,17.0,26.0,38.0,53.0,71.0,91.04999999999973,0.0,56.0565,41.0,47.0,51.0,56.0,61.0,66.0,71.0,0.0,41.637,30.0,34.0,37.0,42.0,46.0,50.0,55.0,0.0
fit,2023-02-13,34,6,8500,61.7495,21.0,30.0,42.0,58.0,78.0,98.0,121.0,0.0,51.767,38.0,43.0,47.0,52.0,56.0,61.0,65.0,0.0,61.527,47.0,51.0,56.0,61.0,67.0,72.0,78.0,0.0
fit,2023-02-13,35,9,8500,0.872,0.0,0.0,0.0,0.0,0.0,2.0,9.024999999999864,0.0,23.0555,14.0,17.0,20.0,23.0,26.0,29.0,33.0,0.0,0.8865,0.0,0.0,0.0,1.0,1.0,2.0,3.0,0.0
fit,2023-02-13,36,360,8500,493.2045,363.975,404.0,443.0,490.0,538.0,586.0,647.0249999999999,0.0,426.953,388.0,401.0,413.0,427.0,441.0,454.0,467.0,0.0,494.7875,453.0,468.0,480.0,494.0,509.0,523.0,538.0249999999999,0.0
fit,2023-02-13,37,5,8500,15.352,1.0,3.0,6.0,12.0,21.0,32.0,48.0,0.0,49.611,37.0,41.0,45.0,49.0,54.0,58.0,63.0,0.0,15.322,8.0,10.0,13.0,15.0,18.0,20.0,23.0,0.0
fit,2023-02-13,38,42,8500,15.47,0.0,2.0,6.0,12.0,21.0,33.0,50.0,0.0,50.2955,37.0,41.0,46.0,50.0,55.0,60.0,65.0,0.0,15.558,9.0,11.0,13.0,15.0,18.0,21.0,23.0,0.0
fit,2023-02-13,39,21,8500,9.099,0.0,0.0,2.0,6.0,13.0,22.0,37.0,0.0,67.8555,52.0,57.0,62.0,68.0,73.0,78.0,84.0,0.0,8.81,3.0,5.0,7.0,9.0,11.0,13.0,15.0,0.0
fit,2023-02-20,0,31,8188,15.545,1.0,3.0,6.0,12.0,21.0,33.0,50.0,0.0,15.014,8.0,10.0,12.0,15.0,17.0,20.0,23.0,0.0,15.617,8.0,11.0,13.0,15.0,18.0,21.0,23.0,0.0
fit,2023-02-20,1,35,8188,17.3205,1.0,3.0,7.0,14.0,24.0,35.100000000000136,53.024999999999864,0.0,46.0985,33.0,38.0,41.0,46.0,50.0,55.0,60.0,0.0,16.8955,9.975000000000001,12.0,14.0,17.0,20.0,22.0,26.0,0.0
fit,2023-02-20,2,15,8188,12.4005,0.0,1.0,4.0,9.0,17.0,28.0,44.0,0.0,65.181,50.0,55.0,59.0,65.0,71.0,76.0,82.0,0.0,12.2215,6.0,8.0,10.0,12.0,14.0,17.0,19.0,0.0
fit,2023-02-20,3,287,8188,197.2635,117.0,141.0,165.0,195.0,227.0,257.0,292.02499999999986,0.0,271.4055,241.0,251.0,260.0,271.0,282.0,292.0,303.0,0.0,198.3145,172.975,181.0,188.75,198.0,208.0,216.0,225.0,0.0
fit,2023-02-20,4,110,8188,79.491,32.975,45.0,59.0,77.0,97.0,118.0,143.0,0.0,102.246,83.0,89.0,95.0,102.0,109.0,115.0,122.0,0.0,79.916,64.0,69.0,74.0,80.0,86.0,92.0,98.0,0.0
fit,2023-02-20,5,0,8188,5.3735,0.0,0.0,0.0,2.0,7.0,15.0,27.0,0.0,72.4485,57.0,62.0,66.0,72.0,78.0,83.0,89.02499999999986,0.0,5.1945,1.0,2.0,4.0,5.0,7.0,8.0,10.0,0.0
fit,2023-02-20,6,119,8188,124.4045,63.0,80.0,97.0,121.0,148.0,174.0,205.0,0.0,105.4755,87.0,93.0,98.0,105.0,112.0,118.10000000000014,126.0,0.0,124.676,103.0,111.0,117.0,125.0,132.0,140.0,147.0,0.0
fit,2023-02-20,7,17,8188,13.8275,0.0,2.0,5.0,10.0,19.0,30.0,46.0,0.0,88.507,70.0,77.0,83.0,88.0,95.0,100.0,107.0,0.0,13.7975,7.0,9.0,11.0,14.0,16.0,19.0,21.0,0.0
fit,2023-02-20,8,1160,8188,1264.2955,1049.975,1125.0,1189.0,1261.0,1338.0,1403.0,1486.0749999999996,0.0,919.845,863.0,882.0,901.0,920.0,939.0,957.0,976.0,0.0,1264.0045,1199.0,1222.0,1243.0,1265.0,1286.0,1306.0,1328.0249999999999,0.0
fit,2023-02-20,9,42,8188,51.4535,16.0,25.0,34.0,48.0,65.0,84.0,106.02499999999986,0.0,20.4185,12.0,15.0,17.0,20.0,23.0,26.0,30.0,0.0,50.6225,38.0,42.0,46.0,50.5,55.0,60.0,65.0,0.0
fit,2023-02-20,10,34,8188,25.43,3.0,7.0,14.0,22.0,34.0,48.0,67.0,0.0,70.329,55.0,60.0,65.0,70.0,76.0,81.0,87.0,0.0,25.0985,16.0,19.0,22.0,25.0,29.0,32.0,35.0,0.0
fit,2023-02-20,11,835,8188,729.408,569.975,618.0,668.0,728.0,786.0,842.0,902.0,0.0,746.071,696.0,712.0,728.0,746.0,763.0,780.1000000000001,797.0249999999999,0.0,730.4365,678.0,697.0,713.0,731.0,748.0,763.0,781.0249999999999,0.0
fit,2023-02-20,12,827,8188,816.5465,649.95,705.9,754.0,814.0,876.0,932.0,995.0249999999999,0.0,662.3985,614.0,631.0,647.0,662.0,678.0,695.0,711.0,0.0,816.6385,762.975,781.0,798.0,817.0,835.0,854.0,871.0,0.0
fit,2023-02-20,13,923,8188,1012.898,831.0,885.0,947.0,1010.0,1076.0,1141.0,1204.0249999999999,0.0,747.1685,695.0,714.0,730.0,747.0,765.0,781.0,799.0,0.0,1011.004,955.0,973.0,991.0,1012.0,1030.0,1049.0,1068.0,0.0
fit,2023-02-20,14,1292,8188,1525.4165,1296.0,1374.9,1445.0,1523.0,1600.0,1679.0,1764.0,0.0,1355.1675,1290.0,1311.0,1332.0,1355.0,1379.0,1400.0,1423.0,0.0,1530.6045,1464.0,1485.0,1507.75,1531.0,1553.0,1574.0,1597.0,0.0
fit,2023-02-20,15,10,8188,40.1755,10.975000000000001,16.0,24.0,37.0,53.0,68.0,91.02499999999986,0.0,58.416,44.0,49.0,53.0,58.0,63.0,69.0,75.0,0.0,39.984,28.0,32.0,36.0,40.0,44.0,48.0,53.0,0.0
fit,2023-02-20,16,30,8188,2.417,0.0,0.0,0.0,0.0,3.0,7.0,17.0,0.0,71.246,55.0,61.0,65.0,71.0,77.0,82.0,89.0,0.0,2.4705,0.0,1.0,1.0,2.0,3.0,5.0,6.0,0.0
fit,2023-02-20,17,1131,8188,794.939,631.95,688.9,733.0,791.0,851.0,909.1000000000001,983.0249999999999,0.0,546.834,502.0,516.0,531.0,547.0,562.0,575.0,592.0249999999999,0.0,793.74,743.0,759.0,774.0,794.0,813.0,829.0,845.0,0.0
fit,2023-02-20,18,56,8188,14.5045,0.0,2.0,5.0,11.0,20.0,31.0,51.024999999999864,0.0,82.3225,65.0,71.0,76.0,82.0,88.0,94.0,101.0,0.0,14.643,8.0,10.0,12.0,14.0,17.0,20.0,23.0,0.0
fit,2023-02-20,19,316,8188,285.089,188.0,216.0,247.0,281.0,320.0,359.0,398.02499999999986,0.0,485.5235,442.0,459.0,471.0,485.0,499.0,513.0,529.0,0.0,285.476,253.0,264.0,275.0,285.0,297.0,307.0,317.02499999999986,0.0
fit,2023-02-20,20,12,8188,6.998,0.0,0.0,1.0,4.0,10.0,18.0,30.024999999999864,0.0,25.6015,16.0,19.0,22.0,25.0,29.0,32.0,36.0,0.0,6.8395,2.0,4.0,5.0,7.0,8.0,10.0,12.0,0.0
fit,2023-02-20,21,56,8188,25.4615,3.0,7.0,13.0,22.0,34.0,47.0,67.02499999999986,0.0,31.4955,21.0,24.0,28.0,31.0,35.0,39.0,43.0,0.0,25.2555,16.0,19.0,22.0,25.0,28.0,32.0,36.0,0.0
fit,2023-02-20,22,74,8188,86.9705,37.975,51.0,64.0,85.0,105.0,128.0,153.02499999999986,0.0,98.4135,79.0,86.0,92.0,98.0,105.0,111.0,118.0,0.0,86.929,69.0,75.0,81.0,87.0,93.0,99.0,105.0,0.0
fit,2023-02-20,23,37,8188,22.706,2.9750000000000014,6.0,11.0,19.0,31.0,44.0,61.024999999999864,0.0,49.4495,36.0,41.0,45.0,49.0,54.0,58.0,64.0,0.0,22.594,14.0,16.0,19.0,22.0,26.0,29.0,32.0,0.0
fit,2023-02-20,24,26,8188,14.745,0.0,2.0,5.0,11.0,21.0,32.0,48.0,0.0,74.259,58.0,64.0,68.0,74.0,80.0,85.10000000000014,92.0,0.0,14.868,8.0,10.0,12.0,15.0,17.0,20.0,23.0,0.0
fit,2023-02-20,25,121,8188,133.1105,69.975,87.0,106.0,130.0,157.0,181.0,220.0,0.0,109.1865,89.975,96.0,102.0,109.0,116.0,122.0,130.0,0.0,132.3455,110.0,118.0,125.0,132.0,140.0,147.0,154.0,0.0
fit,2023-02-20,26,24,8188,73.773,30.0,40.0,54.0,71.0,90.0,110.10000000000014,138.0,0.0,86.4215,69.0,75.0,80.0,86.0,92.0,98.0,105.0,0.0,74.205,58.0,63.0,68.0,74.0,80.0,85.10000000000014,92.0,0.0
fit,2023-02-20,27,33,8188,42.7845,11.0,18.0,27.0,40.0,55.0,71.0,94.0,0.0,61.5615,47.0,52.0,56.0,61.0,67.0,71.0,77.0,0.0,43.163,31.0,35.0,38.75,43.0,47.0,52.0,57.0,0.0
fit,2023-02-20,28,75,8188,42.072,11.0,18.0,27.0,39.0,53.25,72.0,91.0,0.0,53.2895,40.0,44.0,49.0,53.0,58.0,62.0,67.0,0.0,41.3625,29.0,33.0,37.0,41.0,46.0,50.0,54.0,0.0
fit,2023-02-20,29,20,8188,20.678,2.0,5.0,10.0,17.0,28.0,41.0,57.0,0.0,69.9615,55.0,59.0,65.0,70.0,75.0,81.0,87.0,0.0,20.8415,12.0,15.0,18.0,21.0,24.0,27.0,30.0,0.0
fit,2023-02-20,30,32,8188,51.1305,14.0,23.0,34.0,48.0,64.0,83.0,109.02499999999986,0.0,165.7125,140.0,149.0,157.0,165.0,175.0,183.0,192.0,0.0,50.3255,37.0,41.0,45.0,50.0,55.0,59.0,65.0,0.0
fit,2023-02-20,31,1,8188,2.173,0.0,0.0,0.0,0.0,2.0,7.0,17.024999999999864,0.0,61.8475,47.0,52.0,56.0,62.0,67.0,72.0,78.0,0.0,2.027,0.0,0.0,1.0,2.0,3.0,4.0,5.0,0.0
fit,2023-02-20,32,26,8188,23.4225,3.0,6.0,12.0,20.0,31.25,44.0,62.024999999999864,0.0,69.4805,53.0,59.0,64.0,69.0,75.0,80.0,86.0,0.0,23.705,15.0,18.0,20.0,23.0,27.0,30.0,34.0,0.0
fit,2023-02-20,33,20,8188,35.1755,7.0,13.0,21.0,31.0,46.0,61.100000000000136,82.0,0.0,54.297,40.0,45.0,49.0,54.0,59.0,64.0,69.02499999999986,0.0,35.1755,24.0,28.0,31.0,35.0,39.0,43.0,48.0,0.0
fit,2023-02-20,34,0,8188,38.228,9.0,16.0,23.0,35.0,49.0,66.0,87.0,0.0,50.1335,37.0,41.0,45.0,50.0,55.0,59.0,64.0,0.0,38.2715,26.0,31.0,34.0,38.0,42.0,46.0,52.0,0.0
fit,2023-02-20,35,3,8188,2.844,0.0,0.0,0.0,0.0,3.0,9.0,20.0,0.0,22.0865,13.0,16.0,19.0,22.0,25.0,28.0,32.0,0.0,2.869,0.0,1.0,2.0,3.0,4.0,5.0,7.0,0.0
fit,2023-02-20,36,312,8188,492.4025,362.975,403.0,442.75,489.5,538.0,584.0,640.0249999999999,0.0,411.221,372.0,387.0,398.0,411.0,425.0,437.0,451.0,0.0,489.107,449.0,461.0,474.0,489.0,504.0,517.0,531.0,0.0
fit,2023-02-20,37,5,8188,14.29,0.0,2.0,5.0,11.0,20.0,31.0,46.0,0.0,48.006,35.0,39.0,43.0,48.0,53.0,57.0,62.0,0.0,14.5995,8.0,10.0,12.0,14.0,17.0,20.0,22.0,0.0
fit,2023-02-20,38,31,8188,20.1495,2.0,5.0,9.0,17.0,28.0,41.0,58.0,0.0,48.4715,35.0,39.0,44.0,48.0,53.0,57.0,63.0,0.0,21.2795,13.0,15.0,18.0,21.0,24.0,27.0,30.0,0.0
fit,2023-02-20,39,10,8188,10.6865,0.0,1.0,3.0,7.0,15.0,25.0,42.0,0.0,64.9885,50.0,54.900000000000006,59.0,65.0,71.0,76.0,81.0,0.0,10.882,5.0,7.0,9.0,11.0,13.0,15.0,18.0,0.0
fit,2023-02-27,0,49,9078,21.2475,2.0,5.0,9.0,18.0,29.0,43.0,60.0,0.0,16.7805,9.0,12.0,14.0,17.0,20.0,22.0,25.0,0.0,21.355,13.0,15.0,18.0,21.0,24.0,28.0,31.0,0.0
fit,2023-02-27,1,5,9078,26.087,3.0,7.0,13.0,22.0,34.0,51.0,69.02499999999986,0.0,51.0945,37.0,42.0,46.0,51.0,56.0,61.0,66.0,0.0,26.0935,16.0,20.0,23.0,26.0,30.0,33.0,36.0,0.0
fit,2023-02-27,2,32,9078,14.166,0.0,2.0,4.0,10.0,20.0,31.100000000000136,50.024999999999864,0.0,72.2845,57.0,62.0,66.0,72.0,78.0,83.0,89.0,0.0,13.8885,7.0,9.0,11.0,14.0,16.0,19.0,21.0,0.0
fit,2023-02-27,3,211,9078,232.361,144.0,169.9,195.0,228.5,265.0,300.0,345.02499999999986,0.0,301.2975,270.0,280.0,290.0,301.0,313.0,323.0,336.0,0.0,234.068,204.0,215.0,223.0,234.0,244.0,253.0,264.0,0.0
fit,2023-02-27,4,128,9078,104.9395,46.0,64.0,79.0,102.0,125.0,151.10000000000014,186.0,0.0,113.478,93.0,100.0,106.0,114.0,121.0,127.0,135.0,0.0,105.1475,86.0,92.0,98.0,105.0,112.0,119.0,125.0,0.0
fit,2023-02-27,5,4,9078,3.2505,0.0,0.0,0.0,1.0,3.0,10.0,23.0,0.0,80.7075,63.0,69.0,74.0,81.0,87.0,93.0,100.0,0.0,3.085,0.0,1.0,2.0,3.0,4.0,5.0,7.0,0.0
fit,2023-02-27,6,110,9078,133.6115,66.0,85.0,104.0,131.0,159.0,185.10000000000014,217.0,0.0,117.08,97.0,104.0,110.0,117.0,124.0,131.0,139.0,0.0,134.608,113.0,120.0,127.0,135.0,143.0,149.0,157.0,0.0
fit,2023-02-27,7,6,9078,15.8835,0.0,2.0,6.0,12.0,22.0,35.0,52.024999999999864,0.0,98.459,79.0,86.0,92.0,99.0,105.0,111.0,118.0,0.0,15.8965,9.0,11.0,13.0,16.0,19.0,21.0,24.0,0.0
fit,2023-02-27,8,1156,9078,1335.0215,1108.975,1186.9,1255.0,1334.5,1412.0,1485.0,1568.0249999999999,0.0,1020.1615,961.0,981.0,1000.0,1021.0,1040.0,1059.0,1079.0249999999999,0.0,1335.6225,1267.0,1292.9,1313.0,1336.0,1359.0,1378.0,1399.0,0.0
fit,2023-02-27,9,59,9078,59.0935,20.0,29.0,39.0,55.0,76.0,93.0,119.02499999999986,0.0,22.7185,14.0,17.0,19.0,23.0,26.0,29.0,32.0,0.0,59.101,45.0,49.0,54.0,59.0,64.0,69.0,75.0,0.0
fit,2023-02-27,10,19,9078,32.24,5.0,11.0,18.0,29.0,43.0,57.0,80.0,0.0,78.376,62.0,68.0,72.0,78.0,84.0,89.0,96.0,0.0,32.516,22.0,25.0,28.0,32.0,36.0,40.0,44.0,0.0
fit,2023-02-27,11,1105,9078,840.928,666.0,721.9,777.0,837.0,903.0,962.1000000000001,1031.0249999999999,0.0,827.8435,775.975,793.0,809.0,827.5,846.0,863.0,883.0,0.0,837.5775,785.0,804.0,819.0,838.0,855.0,871.0,890.0,0.0
fit,2023-02-27,12,883,9078,904.6905,716.0,785.0,840.75,905.0,965.0,1024.0,1099.0499999999997,0.0,734.5945,682.0,701.0,717.0,735.0,752.0,767.0,788.0,0.0,905.4425,851.0,869.0,886.0,906.0,924.0,943.0,960.0,0.0
fit,2023-02-27,13,1065,9078,1094.5395,881.975,963.0,1021.75,1092.0,1165.0,1234.0,1320.0,0.0,828.9515,776.0,794.0,810.0,829.0,847.0,865.1000000000001,885.0,0.0,1093.6355,1033.0,1054.0,1072.0,1093.0,1115.0,1134.0,1154.0,0.0
fit,2023-02-27,14,1431,9078,1589.2855,1346.975,1422.9,1501.0,1589.0,1672.0,1756.0,1849.0249999999999,0.0,1501.519,1434.0,1457.0,1478.0,1501.0,1525.0,1547.0,1570.0,0.0,1589.325,1517.0,1543.0,1565.0,1589.5,1613.0,1635.0,1658.0,0.0
fit,2023-02-27,15,40,9078,33.8185,6.0,12.0,19.0,31.0,44.0,60.0,81.0,0.0,64.346,50.0,54.0,59.0,64.0,70.0,75.0,81.0,0.0,34.024,23.0,27.0,30.0,34.0,38.0,42.0,46.0,0.0
fit,2023-02-27,16,10,9078,9.9405,0.0,0.0,2.0,6.0,14.0,25.0,40.0,0.0,78.8855,62.0,67.0,73.0,79.0,85.0,90.0,97.0,0.0,9.7365,4.0,6.0,7.0,10.0,12.0,14.0,16.0,0.0
fit,2023-02-27,17,1231,9078,1004.7805,815.975,873.0,933.0,1004.0,1071.0,1133.0,1211.0499999999997,0.0,605.1225,557.0,575.0,590.0,605.0,621.0,636.0,651.0,0.0,1004.5485,945.0,968.0,984.0,1005.0,1025.0,1041.0,1059.0249999999999,0.0
fit,2023-02-27,18,72,9078,26.209,4.0,8.0,14.0,22.0,35.0,49.0,70.0,0.0,92.0395,74.0,80.0,85.0,92.0,98.0,104.0,110.0,0.0,26.6635,17.0,20.0,23.0,27.0,30.0,33.0,37.0,0.0
fit,2023-02-27,19,291,9078,335.4675,226.975,259.9,292.0,332.0,375.0,416.0,468.02499999999986,0.0,538.2115,493.0,508.0,522.0,539.0,554.0,569.0,583.0,0.0,334.8265,298.0,311.0,323.0,335.0,347.0,357.0,371.0,0.0
fit,2023-02-27,20,17,9078,8.264,0.0,0.0,1.0,5.0,11.0,21.0,39.0,0.0,28.472,18.975,22.0,25.0,28.0,32.0,35.0,39.0,0.0,8.1065,3.0,5.0,6.0,8.0,10.0,12.0,14.0,0.0
fit,2023-02-27,21,51,9078,39.111,9.0,16.0,24.0,35.5,50.0,68.0,89.02499999999986,0.0,35.0055,24.0,28.0,31.0,35.0,39.0,43.0,47.0,0.0,38.8855,27.0,31.0,35.0,39.0,43.0,47.0,51.0,0.0
fit,2023-02-27,22,61,9078,83.879,35.0,48.0,60.0,79.0,104.0,128.10000000000014,155.02499999999986,0.0,109.595,90.0,96.0,102.0,109.0,116.0,123.0,131.0,0.0,85.1515,68.0,73.0,79.0,85.0,91.0,97.0,104.0,0.0
fit,2023-02-27,23,47,9078,32.2155,6.0,10.0,17.0,28.0,43.0,59.0,81.0,0.0,54.765,41.0,45.0,49.0,55.0,60.0,64.0,70.0,0.0,32.013,22.0,25.0,28.0,32.0,36.0,39.100000000000136,43.024999999999864,0.0
fit,2023-02-27,24,31,9078,20.238,1.0,4.0,9.0,17.0,28.0,42.0,58.024999999999864,0.0,81.937,65.0,71.0,76.0,82.0,88.0,93.0,99.0,0.0,19.835,12.0,15.0,17.0,20.0,23.0,25.0,29.0,0.0
fit,2023-02-27,25,150,9078,153.3455,81.0,103.0,124.0,150.0,179.0,209.0,241.0,0.0,121.013,100.0,107.0,113.0,121.0,128.0,136.0,143.0,0.0,153.3625,129.0,137.0,145.0,153.0,162.0,170.0,179.0,0.0
fit,2023-02-27,26,57,9078,62.25,21.0,31.0,43.0,58.0,77.0,99.10000000000014,127.0,0.0,95.822,77.0,84.0,89.0,96.0,102.0,109.0,116.0,0.0,63.2375,49.0,53.900000000000006,58.0,63.0,68.0,74.0,78.0,0.0
fit,2023-02-27,27,48,9078,54.1425,15.0,25.0,35.0,51.0,69.0,88.0,112.0,0.0,68.008,52.0,57.0,63.0,68.0,73.0,78.0,85.0,0.0,54.356,40.0,45.0,49.0,54.0,59.0,64.0,69.0,0.0
fit,2023-02-27,28,97,9078,54.636,17.0,26.0,35.0,51.0,70.0,89.0,113.0,0.0,59.14,45.0,50.0,54.0,59.0,64.0,69.0,74.02499999999986,0.0,53.905,40.0,45.0,49.0,54.0,59.0,63.0,68.0,0.0
fit,2023-02-27,29,12,9078,22.2105,2.0,6.0,10.0,19.0,30.0,44.0,63.0,0.0,77.58,61.0,66.0,72.0,77.0,83.0,89.0,96.0,0.0,22.0045,14.0,16.0,19.0,22.0,25.0,28.0,32.0,0.0
fit,2023-02-27,30,75,9078,50.8145,15.0,23.0,33.0,47.0,64.0,84.0,113.0,0.0,183.004,156.0,166.0,174.0,183.0,192.0,201.0,209.0,0.0,50.8875,38.0,42.0,46.0,51.0,55.0,60.0,65.0,0.0
fit,2023-02-27,31,4,9078,1.8135,0.0,0.0,0.0,0.0,1.0,6.0,17.0,0.0,68.2175,53.0,58.0,63.0,68.0,74.0,79.0,85.0,0.0,1.853,0.0,0.0,1.0,2.0,3.0,4.0,5.0,0.0
fit,2023-02-27,32,19,9078,29.325,5.0,9.0,16.0,26.0,39.0,55.0,75.0,0.0,76.7505,60.0,66.0,71.0,76.0,83.0,88.0,95.0,0.0,29.351,19.0,22.0,26.0,29.0,33.0,37.0,40.024999999999864,0.0
fit,2023-02-27,33,49,9078,29.477,4.0,10.0,16.0,26.0,39.0,54.0,73.02499999999986,0.0,60.0055,45.0,50.0,55.0,60.0,65.0,70.0,76.0,0.0,29.852,20.0,23.0,26.0,30.0,33.0,37.0,41.0,0.0
fit,2023-02-27,34,50,9078,27.718,3.0,8.0,14.0,24.0,38.0,52.0,73.0,0.0,55.1695,41.0,46.0,50.0,55.0,60.0,65.0,71.0,0.0,27.9135,18.0,21.0,24.0,28.0,31.0,35.0,38.0,0.0
fit,2023-02-27,35,4,9078,4.3215,0.0,0.0,0.0,1.0,5.0,13.0,25.0,0.0,24.7285,15.975000000000001,19.0,21.0,24.0,28.0,31.0,35.0,0.0,4.162,1.0,2.0,3.0,4.0,5.0,7.0,9.0,0.0
fit,2023-02-27,36,370,9078,527.6355,385.0,428.0,473.0,524.0,578.0,627.0,687.0,0.0,455.898,415.0,428.0,441.0,456.0,470.0,483.0,497.0,0.0,526.745,484.0,498.9,512.0,527.0,541.0,554.0,571.0249999999999,0.0
fit,2023-02-27,37,0,9078,15.381,0.0,2.0,6.0,12.0,21.0,33.0,51.0,0.0,53.0185,40.0,44.0,48.0,53.0,58.0,62.0,67.0,0.0,15.7195,8.0,10.0,13.0,16.0,18.0,21.0,24.0,0.0
fit,2023-02-27,38,21,9078,30.801,5.0,10.0,17.0,27.0,41.0,56.100000000000136,74.02499999999986,0.0,53.8135,40.0,45.0,49.0,54.0,59.0,63.0,69.0,0.0,30.6395,21.0,24.0,27.0,31.0,34.0,38.0,41.0,0.0
fit,2023-02-27,39,8,9078,12.86,0.0,1.0,4.0,9.0,18.0,29.0,44.0,0.0,72.106,56.0,61.0,66.0,72.0,78.0,83.0,90.0,0.0,12.859,6.0,8.0,10.0,13.0,15.0,17.0,20.0,0.0
fit,2023-03-06,0,34,8788,28.6135,4.0,9.0,15.0,25.0,38.0,54.0,71.02499999999986,0.0,16.0375,9.0,11.0,13.0,16.0,19.0,21.0,24.0,0.0,29.652,19.0,23.0,26.0,30.0,33.0,37.0,40.0,0.0
fit,2023-03-06,1,11,8788,19.7905,1.0,4.0,9.0,16.0,27.0,40.0,58.024999999999864,0.0,49.4095,37.0,41.0,45.0,49.0,54.0,59.0,64.0,0.0,19.872,12.0,14.0,17.0,20.0,23.0,26.0,29.0,0.0
fit,2023-03-06,2,19,8788,19.1485,1.0,4.0,8.0,15.0,26.0,40.0,60.0,0.0,70.121,54.0,60.0,65.0,70.0,76.0,81.0,86.0,0.0,18.587,11.0,13.0,16.0,18.0,21.0,24.0,28.0,0.0
fit,2023-03-06,3,176,8788,225.1205,138.975,163.0,189.0,221.0,257.0,292.0,332.02499999999986,0.0,292.273,260.0,271.0,281.0,292.0,304.0,314.0,325.0,0.0,225.108,197.0,206.0,215.0,225.0,235.0,244.0,254.02499999999986,0.0
fit,2023-03-06,4,85,8788,115.9015,56.975,72.9,90.0,113.0,137.0,163.0,196.0,0.0,109.6695,90.0,96.0,103.0,109.0,117.0,123.0,131.0,0.0,115.6835,94.0,102.0,108.0,115.0,123.0,129.10000000000014,137.0,0.0
fit,2023-03-06,5,1,8788,3.777,0.0,0.0,0.0,1.0,4.0,12.0,23.0,0.0,78.0125,61.0,66.0,72.0,78.0,84.0,90.0,97.0,0.0,3.488,0.0,1.0,2.0,3.0,5.0,6.0,8.0,0.0
fit,2023-03-06,6,118,8788,123.7955,59.0,78.0,97.0,120.0,147.0,174.0,209.0,0.0,113.78,94.0,100.0,106.0,114.0,121.0,127.0,135.0,0.0,122.7925,102.0,109.0,116.0,122.0,130.0,137.0,145.0,0.0
fit,2023-03-06,7,11,8788,13.312,0.0,1.0,4.0,10.0,19.0,30.0,48.024999999999864,0.0,94.5885,76.0,82.0,88.0,94.0,101.0,107.0,115.0,0.0,13.091,7.0,9.0,11.0,13.0,15.0,18.0,20.0,0.0
fit,2023-03-06,8,1152,8788,1207.098,1002.0,1063.0,1130.0,1204.0,1280.0,1350.0,1443.0,0.0,986.7435,933.0,950.0,966.0,987.0,1006.0,1024.1000000000001,1041.0249999999999,0.0,1210.212,1147.0,1167.0,1188.0,1211.0,1232.0,1252.0,1276.0,0.0
fit,2023-03-06,9,28,8788,56.993,18.0,28.0,38.0,53.0,71.0,93.0,119.0,0.0,21.9745,13.0,16.0,19.0,22.0,25.0,28.0,32.0,0.0,56.4545,42.0,47.0,52.0,56.0,61.0,66.0,71.0,0.0
fit,2023-03-06,10,27,8788,32.375,6.0,11.0,18.0,28.0,43.0,58.0,78.0,0.0,75.7865,59.0,64.0,69.75,76.0,82.0,87.0,94.0,0.0,32.9265,22.0,26.0,29.0,33.0,37.0,40.0,45.0,0.0
fit,2023-03-06,11,888,8788,906.173,735.0,785.9,837.0,900.0,971.25,1032.1000000000001,1102.0249999999999,0.0,800.348,749.0,765.9,783.0,800.0,818.0,834.0,852.0,0.0,908.108,853.0,871.0,888.0,907.0,928.0,946.0,965.0,0.0
fit,2023-03-06,12,907,8788,889.3975,709.925,771.0,823.0,886.0,952.25,1016.1000000000001,1084.0749999999996,0.0,711.528,658.0,677.0,694.0,712.0,730.0,745.0,764.0249999999999,0.0,886.2875,832.0,850.9,867.0,886.0,904.25,923.0,941.0,0.0
fit,2023-03-06,13,939,8788,1057.417,867.975,927.0,985.75,1055.0,1122.0,1195.1000000000001,1271.0499999999997,0.0,801.23,748.0,766.0,782.0,801.0,820.0,836.0,854.0,0.0,1055.6785,997.0,1017.9,1035.0,1055.0,1076.0,1095.0,1116.0249999999999,0.0
fit,2023-03-06,14,1370,8788,1451.3435,1228.0,1302.0,1371.0,1449.5,1528.0,1602.0,1682.0,0.0,1454.0565,1382.975,1409.0,1431.0,1454.0,1477.0,1500.0,1525.0,0.0,1452.6605,1385.0,1409.0,1428.0,1452.0,1477.0,1497.1000000000001,1521.0,0.0
fit,2023-03-06,15,64,8788,32.405,6.0,11.0,18.0,29.0,43.0,60.0,79.02499999999986,0.0,62.356,46.0,52.0,57.0,62.0,68.0,73.0,78.0,0.0,31.978,22.0,25.0,28.0,32.0,36.0,39.0,43.0,0.0
fit,2023-03-06,16,26,8788,11.1115,0.0,1.0,3.0,8.0,16.0,26.0,42.0,0.0,76.3565,60.0,65.0,70.0,76.0,82.0,88.0,94.0,0.0,11.0385,5.0,7.0,9.0,11.0,13.0,15.100000000000136,18.0,0.0
fit,2023-03-06,17,1430,8788,1069.89,872.975,939.9,999.0,1064.5,1138.25,1208.1000000000001,1287.0,0.0,585.487,541.0,556.0,570.0,586.0,601.0,614.0,629.0,0.0,1069.51,1010.0,1030.0,1049.75,1070.0,1089.0,1107.0,1130.0,0.0
fit,2023-03-06,18,75,8788,39.042,8.0,15.0,23.0,36.0,51.0,67.0,88.0,0.0,89.208,71.0,77.0,83.0,90.0,95.0,101.0,108.0,0.0,38.5885,27.0,31.0,34.0,39.0,43.0,47.0,51.0,0.0
fit,2023-03-06,19,312,8788,310.713,208.975,238.0,270.0,306.0,349.0,386.0,435.0,0.0,520.744,479.0,492.0,506.0,521.0,535.0,549.0,564.0249999999999,0.0,311.487,278.0,290.0,300.0,311.5,323.0,334.0,345.0,0.0
fit,2023-03-06,20,17,8788,12.0065,0.0,1.0,3.0,8.0,17.0,28.100000000000136,43.0,0.0,27.7865,18.0,21.0,24.0,28.0,31.0,35.0,38.0,0.0,11.504,5.0,7.0,9.0,11.0,14.0,16.0,19.0,0.0
fit,2023-03-06,21,61,8788,45.6245,12.0,20.0,29.0,42.0,58.0,78.0,101.02499999999986,0.0,34.043,23.0,27.0,30.0,34.0,38.0,42.0,46.0,0.0,46.367,34.0,37.0,42.0,46.0,51.0,56.0,61.0,0.0
fit,2023-03-06,22,83,8788,65.8155,22.0,33.0,44.0,61.0,83.0,105.10000000000014,133.0,0.0,106.184,87.0,93.0,99.0,106.0,113.0,119.0,127.0,0.0,65.4845,50.0,56.0,60.0,65.0,71.0,76.0,81.0,0.0
fit,2023-03-06,23,24,8788,40.6995,11.0,16.0,25.0,36.0,52.0,69.0,95.02499999999986,0.0,52.7495,38.975,43.0,48.0,53.0,57.0,62.0,68.0,0.0,40.5155,28.0,32.0,36.0,40.0,45.0,49.0,54.0,0.0
fit,2023-03-06,24,25,8788,23.9325,3.0,7.0,12.0,20.0,32.0,45.0,66.0,0.0,79.9545,63.0,69.0,74.0,80.0,86.0,91.0,98.0,0.0,23.5825,15.0,18.0,20.0,23.0,27.0,30.0,34.0,0.0
fit,2023-03-06,25,131,8788,161.6425,91.975,112.0,133.0,158.0,186.0,216.0,253.0,0.0,117.22,96.0,104.0,110.0,117.0,124.0,131.0,139.0,0.0,162.048,137.0,146.0,154.0,162.0,170.0,178.0,187.0,0.0
fit,2023-03-06,26,68,8788,54.0965,16.0,25.0,36.0,50.0,69.0,87.0,111.02499999999986,0.0,93.036,75.0,81.0,86.0,93.0,99.0,105.0,113.0,0.0,54.204,39.0,44.0,49.0,54.0,59.0,64.0,69.0,0.0
fit,2023-03-06,27,49,8788,51.143,15.0,23.0,33.0,47.5,64.0,84.0,109.0,0.0,66.3785,50.975,55.0,61.0,66.0,72.0,77.0,84.0,0.0,50.5785,37.0,42.0,46.0,50.0,55.0,60.0,65.0,0.0
fit,2023-03-06,28,20,8788,67.7975,25.0,35.0,47.0,64.0,84.0,106.0,134.0,0.0,57.0465,43.0,47.0,52.0,57.0,62.0,67.0,72.0,0.0,68.253,53.0,58.0,62.0,68.0,74.0,79.0,85.0,0.0
fit,2023-03-06,29,26,8788,18.4475,1.0,3.0,8.0,15.0,25.0,39.0,56.0,0.0,74.8495,59.0,64.0,69.0,75.0,81.0,86.0,91.0,0.0,18.0495,10.0,13.0,15.0,18.0,21.0,24.0,27.0,0.0
fit,2023-03-06,30,50,8788,55.898,17.0,26.0,37.0,52.0,71.0,90.0,115.0,0.0,177.87,152.0,161.0,169.0,177.0,186.0,195.0,204.02499999999986,0.0,56.2855,42.0,47.0,51.0,56.0,61.0,66.0,71.0,0.0
fit,2023-03-06,31,3,8788,2.8935,0.0,0.0,0.0,0.0,3.0,9.0,22.0,0.0,66.33,52.0,56.0,61.0,66.0,72.0,77.0,83.0,0.0,2.801,0.0,1.0,2.0,3.0,4.0,5.0,7.0,0.0
fit,2023-03-06,32,18,8788,25.035,3.0,7.0,12.0,21.0,35.0,48.0,67.0,0.0,74.645,58.0,64.0,69.0,74.0,80.0,86.0,91.0,0.0,24.9105,16.0,19.0,22.0,25.0,28.0,31.0,35.0,0.0
fit,2023-03-06,33,23,8788,28.315,4.975000000000001,9.0,15.0,24.0,38.0,52.0,74.0,0.0,58.056,44.0,49.0,53.0,58.0,63.0,68.0,74.0,0.0,27.995,18.0,21.0,24.0,28.0,31.0,35.0,39.0,0.0
fit,2023-03-06,34,65,8788,30.1165,5.0,10.0,16.0,26.0,40.0,55.0,78.0,0.0,53.7545,39.0,44.0,49.0,54.0,59.0,63.0,68.02499999999986,0.0,29.9195,20.0,23.0,26.0,30.0,34.0,37.0,41.0,0.0
fit,2023-03-06,35,0,8788,5.152,0.0,0.0,0.0,2.0,7.0,15.0,29.0,0.0,24.0265,15.0,18.0,21.0,24.0,27.0,30.0,34.0,0.0,4.906,1.0,2.0,3.0,5.0,6.0,8.0,10.0,0.0
fit,2023-03-06,36,382,8788,438.357,312.975,351.0,389.0,435.0,481.0,532.0,585.0249999999999,0.0,441.202,402.975,415.0,427.0,441.0,455.0,467.0,482.0,0.0,439.5365,399.0,413.0,426.0,439.0,453.0,465.0,480.0,0.0
fit,2023-03-06,37,16,8788,8.88,0.0,0.0,2.0,6.0,12.0,22.0,37.0,0.0,51.3225,38.0,42.0,47.0,51.0,56.0,60.0,65.0,0.0,9.095,4.0,5.0,7.0,9.0,11.0,13.0,15.0,0.0
fit,2023-03-06,38,44,8788,26.236,3.0,7.0,13.0,23.0,35.0,50.0,73.0,0.0,51.978,38.975,43.0,47.0,52.0,57.0,62.0,66.0,0.0,26.079,17.0,20.0,23.0,26.0,29.0,33.0,36.024999999999864,0.0
fit,2023-03-06,39,10,8788,12.494,0.0,1.0,4.0,9.0,17.0,28.0,44.0,0.0,69.8575,54.0,59.0,64.0,70.0,75.0,81.0,86.02499999999986,0.0,12.682,6.0,8.0,10.0,12.0,15.0,17.0,21.0,0.0
fit,2023-03-13,0,32,9779,37.782,6.0,13.0,21.0,34.0,50.0,68.10000000000014,91.0,0.0,17.9445,10.0,13.0,15.0,18.0,21.0,23.0,27.0,0.0,37.4765,26.0,30.0,33.0,37.0,41.0,46.0,49.0,0.0
fit,2023-03-13,1,23,9779,18.3185,1.0,3.0,7.0,14.0,26.0,39.0,59.0,0.0,54.9625,41.0,46.0,50.0,55.0,60.0,65.0,70.0,0.0,18.1035,10.0,13.0,15.0,18.0,21.0,24.0,27.0,0.0
fit,2023-03-13,2,20,9779,23.074,2.0,5.0,11.0,19.5,32.0,45.0,66.0,0.0,77.6365,60.975,66.0,72.0,77.5,84.0,89.0,96.0,0.0,23.082,14.0,17.0,20.0,23.0,26.0,29.0,33.0,0.0
fit,2023-03-13,3,210,9779,258.2925,157.975,190.0,219.0,254.0,294.0,332.10000000000014,384.0,0.0,324.1355,288.0,301.0,312.0,324.0,336.0,348.0,359.0,0.0,258.0985,226.0,238.0,248.0,258.0,269.0,278.0,289.0,0.0
fit,2023-03-13,4,175,9779,125.1565,59.975,78.0,96.0,122.0,149.0,179.0,217.02499999999986,0.0,121.582,99.0,107.0,114.0,122.0,129.0,136.0,143.0,0.0,124.533,102.975,110.0,117.0,125.0,132.0,139.0,146.02499999999986,0.0
fit,2023-03-13,5,6,9779,3.135,0.0,0.0,0.0,0.0,3.0,10.0,22.0,0.0,86.8975,68.0,75.0,80.0,87.0,93.0,99.0,105.0,0.0,3.064,0.0,1.0,2.0,3.0,4.0,5.0,7.0,0.0
fit,2023-03-13,6,123,9779,132.973,63.975,84.0,103.0,130.0,159.0,189.0,222.0,0.0,126.029,105.0,112.0,118.0,126.0,133.0,140.0,148.0,0.0,134.2625,113.0,119.9,126.0,134.0,142.0,149.0,157.02499999999986,0.0
fit,2023-03-13,7,19,9779,15.3475,0.0,2.0,5.0,12.0,21.0,34.0,51.0,0.0,105.6115,87.0,92.0,98.0,105.0,112.0,119.0,126.0,0.0,15.9065,8.0,11.0,13.0,16.0,19.0,21.0,24.0,0.0
fit,2023-03-13,8,1157,9779,1323.1415,1112.975,1174.0,1240.0,1321.0,1402.0,1475.0,1566.0249999999999,0.0,1097.655,1037.0,1058.0,1077.0,1098.0,1118.0,1138.0,1160.0,0.0,1319.2575,1254.975,1276.0,1296.0,1320.0,1342.0,1361.0,1384.0,0.0
fit,2023-03-13,9,61,9779,56.2385,16.0,25.0,37.0,53.0,71.25,91.0,119.02499999999986,0.0,24.334,15.0,18.0,21.0,24.0,28.0,31.0,34.0,0.0,56.348,42.0,47.0,51.0,56.0,61.0,66.0,71.0,0.0
fit,2023-03-13,10,35,9779,34.566,6.0,12.0,19.0,30.0,46.0,63.0,86.0,0.0,84.344,67.0,72.0,78.0,84.0,91.0,96.0,104.02499999999986,0.0,35.1545,24.0,28.0,31.0,35.0,39.0,43.0,47.0,0.0
fit,2023-03-13,11,1126,9779,1030.182,823.975,898.0,957.75,1028.0,1102.0,1166.0,1243.0249999999999,0.0,891.43,835.0,855.0,872.0,891.0,911.0,928.0,946.0,0.0,1028.5265,971.0,990.0,1010.0,1028.0,1049.0,1067.0,1086.0499999999997,0.0
fit,2023-03-13,12,820,9779,989.962,782.925,857.0,916.0,987.0,1060.0,1132.0,1203.0249999999999,0.0,791.9725,738.0,757.0,774.0,792.0,811.0,827.0,843.0,0.0,992.1845,935.975,955.0,972.0,993.0,1012.0,1029.0,1053.0,0.0
fit,2023-03-13,13,975,9779,1135.9785,931.0,995.9,1060.0,1132.0,1208.0,1279.0,1360.0,0.0,891.3675,835.0,855.0,871.0,891.0,911.0,929.0,946.0249999999999,0.0,1136.34,1074.0,1097.0,1116.0,1137.0,1157.0,1176.1000000000001,1196.0,0.0
fit,2023-03-13,14,1646,9779,1560.661,1311.975,1395.0,1467.0,1555.5,1650.0,1738.1000000000001,1827.0499999999997,0.0,1620.3575,1547.975,1572.0,1595.0,1620.0,1647.0,1668.0,1696.0249999999999,0.0,1560.349,1489.975,1514.0,1536.0,1560.0,1585.0,1605.0,1631.0,0.0
fit,2023-03-13,15,60,9779,39.863,7.0,14.0,24.0,35.0,53.0,70.0,95.0,0.0,69.364,54.0,59.0,64.0,69.0,75.0,80.0,86.0,0.0,39.4395,28.0,32.0,35.0,39.0,44.0,48.0,52.0,0.0
fit,2023-03-13,16,6,9779,19.2355,1.0,4.0,8.0,15.0,27.0,40.0,58.024999999999864,0.0,84.731,67.0,72.0,78.0,85.0,91.0,97.0,103.0,0.0,19.331,11.0,14.0,16.0,19.0,22.0,25.0,28.0,0.0
fit,2023-03-13,17,1496,9779,1366.32,1137.975,1212.0,1283.0,1363.0,1443.0,1527.1000000000001,1617.0,0.0,651.2695,601.0,619.0,634.0,651.0,668.0,684.0,699.0,0.0,1370.441,1303.0,1328.0,1348.0,1370.0,1393.0,1413.0,1437.0,0.0
fit,2023-03-13,18,91,9779,61.422,19.975,29.0,41.0,57.0,77.0,99.0,125.0,0.0,98.9365,79.975,86.0,92.0,99.0,106.0,112.0,119.0,0.0,60.845,46.0,51.0,55.0,61.0,66.0,71.0,76.0,0.0
fit,2023-03-13,19,416,9779,349.583,233.0,271.0,302.0,346.0,393.25,439.0,483.0,0.0,579.551,535.0,549.0,564.0,579.0,595.0,610.0,627.0,0.0,350.203,313.0,327.0,337.0,350.0,363.0,374.0,385.02499999999986,0.0
fit,2023-03-13,20,30,9779,17.33,1.0,3.0,7.0,13.0,23.0,36.0,59.0,0.0,30.8845,20.0,24.0,27.0,31.0,34.0,38.0,42.0,0.0,17.4205,10.0,12.0,14.0,17.0,20.0,23.0,26.0,0.0
fit,2023-03-13,21,66,9779,58.8805,16.975,27.0,38.0,54.0,75.25,98.0,124.0,0.0,37.53,26.0,30.0,33.0,37.0,42.0,45.0,50.0,0.0,58.438,44.0,49.0,53.0,58.0,63.0,68.0,74.0,0.0
fit,2023-03-13,22,84,9779,75.376,29.0,40.0,53.0,72.0,93.0,116.0,145.02499999999986,0.0,118.0195,98.0,105.0,111.0,118.0,125.0,132.0,139.0,0.0,75.3975,59.0,64.0,70.0,75.0,81.0,87.0,93.0,0.0
fit,2023-03-13,23,21,9779,42.218,9.0,16.0,25.0,38.0,55.0,74.0,98.0,0.0,59.0755,45.0,49.0,54.0,59.0,64.0,69.0,74.0,0.0,42.305,29.0,34.0,38.0,42.0,46.0,51.0,55.0,0.0
fit,2023-03-13,24,34,9779,29.1185,4.0,9.0,15.0,25.0,39.0,55.0,76.0,0.0,89.0145,71.975,77.0,83.0,89.0,95.0,101.0,108.0,0.0,28.967,19.0,22.0,25.0,29.0,33.0,36.0,40.024999999999864,0.0
fit,2023-03-13,25,154,9779,159.7235,83.0,104.9,127.75,156.0,186.0,220.0,258.0499999999997,0.0,130.6955,109.0,116.0,123.0,130.0,138.0,145.0,154.0,0.0,159.277,135.975,143.0,150.0,159.0,168.0,175.0,185.0,0.0
fit,2023-03-13,26,48,9779,59.451,17.0,28.0,39.0,56.0,77.0,96.0,121.0,0.0,103.0935,83.0,90.0,96.0,103.0,110.0,116.0,123.0,0.0,58.604,44.0,49.0,54.0,58.0,64.0,68.0,74.0,0.0
fit,2023-03-13,27,63,9779,50.4125,13.0,22.0,32.0,46.0,65.0,85.0,114.0,0.0,73.141,56.975,62.0,68.0,73.0,79.0,84.0,90.0,0.0,50.7895,38.0,42.0,46.0,51.0,56.0,60.0,65.0,0.0
fit,2023-03-13,28,25,9779,64.082,21.0,31.0,43.0,60.0,81.0,101.0,128.02499999999986,0.0,64.043,49.0,54.0,59.0,64.0,69.0,74.0,79.0,0.0,63.626,49.0,53.0,58.0,63.0,69.0,74.0,80.0,0.0
fit,2023-03-13,29,19,9779,18.955,1.0,3.0,7.0,15.0,26.0,40.0,60.0,0.0,83.1985,66.0,71.0,77.0,83.0,89.0,95.0,101.0,0.0,18.7085,11.0,13.0,16.0,19.0,21.0,24.0,27.0,0.0
fit,2023-03-13,30,76,9779,61.809,19.0,28.0,41.0,57.0,78.0,101.10000000000014,129.0,0.0,198.0125,172.0,181.0,189.0,198.0,207.0,216.0,226.0,0.0,61.003,45.0,51.0,56.0,61.0,66.0,71.0,76.02499999999986,0.0
fit,2023-03-13,31,4,9779,2.622,0.0,0.0,0.0,0.0,3.0,8.0,17.0,0.0,73.762,57.0,63.0,68.0,74.0,79.0,85.0,92.0,0.0,2.5405,0.0,1.0,1.0,2.0,3.0,5.0,6.0,0.0
fit,2023-03-13,32,35,9779,25.107,2.0,6.0,12.0,22.0,35.0,49.100000000000136,70.0,0.0,82.8415,65.0,71.9,77.0,83.0,89.0,95.0,101.0,0.0,25.3495,16.0,19.0,22.0,25.0,29.0,32.0,36.0,0.0
fit,2023-03-13,33,43,9779,29.619,4.0,9.0,15.0,25.0,39.0,55.0,82.0,0.0,64.746,49.0,54.0,59.0,65.0,70.0,76.0,81.0,0.0,30.032,20.0,23.0,26.0,30.0,34.0,37.0,41.0,0.0
fit,2023-03-13,34,59,9779,34.3755,7.0,12.0,20.0,30.0,44.0,62.0,86.0,0.0,59.723,45.0,50.0,54.0,59.0,65.0,70.0,75.0,0.0,34.7305,24.0,27.0,31.0,34.0,39.0,42.0,47.0,0.0
fit,2023-03-13,35,2,9779,4.876,0.0,0.0,0.0,2.0,6.0,15.0,27.024999999999864,0.0,26.421,17.0,20.0,23.0,26.0,30.0,33.0,37.0,0.0,4.84,1.0,2.0,3.0,5.0,6.0,8.0,10.0,0.0
fit,2023-03-13,36,447,9779,403.1145,273.95,313.9,354.0,400.0,447.0,494.0,548.0249999999999,0.0,491.897,448.0,464.0,477.0,492.0,506.0,520.0,536.0249999999999,0.0,403.024,365.0,377.0,390.0,404.0,416.0,428.0,442.0,0.0
fit,2023-03-13,37,28,9779,7.4055,0.0,0.0,1.0,4.0,10.0,19.0,34.0,0.0,57.62,43.0,48.0,53.0,57.0,62.0,67.0,72.0,0.0,7.686,3.0,4.0,6.0,7.0,9.0,11.0,13.024999999999864,0.0
fit,2023-03-13,38,22,9779,38.8485,9.0,15.0,23.0,35.0,51.0,68.0,90.0,0.0,57.837,44.0,48.0,53.0,57.0,63.0,68.0,73.0,0.0,39.1295,27.0,31.0,35.0,39.0,43.0,47.0,51.024999999999864,0.0
fit,2023-03-13,39,22,9779,14.444,0.0,2.0,4.0,10.0,20.0,33.0,52.024999999999864,0.0,77.333,60.0,66.0,71.0,77.0,83.0,89.0,95.0,0.0,14.186,7.0,9.0,12.0,14.0,17.0,19.0,22.0,0.0
fit,2023-03-20,0,29,9090,37.788,7.975000000000001,14.0,22.0,34.0,49.25,67.0,89.0,0.0,16.7045,9.0,11.0,14.0,17.0,19.0,22.0,25.0,0.0,37.467,26.0,30.0,33.0,37.0,42.0,45.0,50.0,0.0
fit,2023-03-20,1,34,9090,19.338,1.0,4.0,8.0,15.5,27.0,39.0,59.0,0.0,51.315,38.0,42.0,46.0,51.0,56.0,61.0,66.0,0.0,19.0055,11.0,14.0,16.0,19.0,22.0,25.0,28.0,0.0
fit,2023-03-20,2,25,9090,22.164,2.0,5.0,10.0,19.0,30.0,44.0,65.0,0.0,72.381,56.0,61.0,66.0,72.0,79.0,83.0,89.0,0.0,22.043,13.0,16.0,19.0,22.0,25.0,28.0,32.0,0.0
fit,2023-03-20,3,145,9090,223.6325,136.0,162.0,188.0,219.0,255.0,291.0,334.0,0.0,302.0965,266.975,280.0,291.0,302.0,314.0,324.0,335.02499999999986,0.0,224.134,196.0,205.0,213.0,224.0,234.25,243.0,254.0,0.0
fit,2023-03-20,4,169,9090,126.948,62.0,81.0,99.0,124.0,151.0,177.0,215.0,0.0,113.3845,92.0,100.0,106.0,113.0,121.0,127.0,134.0,0.0,126.345,104.0,112.0,119.0,126.0,134.0,141.0,149.0,0.0
fit,2023-03-20,5,2,9090,3.106,0.0,0.0,0.0,1.0,4.0,9.0,21.0,0.0,80.756,64.0,70.0,75.0,80.0,87.0,92.0,99.0,0.0,2.986,0.0,1.0,2.0,3.0,4.0,5.0,7.0,0.0
fit,2023-03-20,6,150,9090,119.352,57.0,74.0,92.0,115.0,144.0,169.10000000000014,206.0,0.0,117.4,96.0,103.9,111.0,117.0,125.0,131.0,138.02499999999986,0.0,119.459,98.0,106.0,112.0,119.0,127.0,133.0,141.0,0.0
fit,2023-03-20,7,71,9090,13.6925,0.0,2.0,5.0,10.0,19.0,30.0,45.0,0.0,98.248,79.0,86.0,91.0,98.0,105.0,111.0,118.0,0.0,13.621,7.0,9.0,11.0,13.0,16.0,19.0,21.024999999999864,0.0
fit,2023-03-20,8,1169,9090,1171.7725,967.975,1031.0,1097.0,1166.0,1245.0,1315.1000000000001,1395.0249999999999,0.0,1021.286,964.0,983.0,1001.0,1022.0,1041.0,1060.1000000000001,1082.0,0.0,1172.4555,1108.0,1131.0,1151.0,1173.0,1194.0,1213.0,1238.0,0.0
fit,2023-03-20,9,55,9090,48.6275,13.975000000000001,21.0,30.0,44.0,63.0,82.10000000000014,103.02499999999986,0.0,22.8175,14.0,17.0,20.0,23.0,26.0,29.0,32.024999999999864,0.0,48.226,36.0,40.0,44.0,48.0,53.0,57.0,62.0,0.0
fit,2023-03-20,10,34,9090,29.4965,4.0,9.0,16.0,26.0,39.0,54.100000000000136,75.02499999999986,0.0,78.465,61.0,67.0,73.0,78.0,84.0,90.0,96.0,0.0,29.243,19.0,22.0,25.0,29.0,33.0,36.0,41.0,0.0
fit,2023-03-20,11,1047,9090,1000.675,796.975,869.0,929.0,997.0,1069.0,1138.1000000000001,1210.0,0.0,827.7425,772.975,792.0,809.0,828.0,847.0,864.0,883.0,0.0,1001.458,943.0,964.9,981.0,1001.0,1021.0,1042.0,1062.0,0.0
fit,2023-03-20,12,859,9090,872.5125,691.0,750.0,803.0,870.5,941.0,997.1000000000001,1069.0499999999997,0.0,735.485,685.0,701.0,718.0,735.0,753.0,770.0,789.0,0.0,871.1235,814.975,834.0,852.0,872.0,890.0,907.0,927.0,0.0
fit,2023-03-20,13,1072,9090,989.2225,789.0,859.0,918.0,985.0,1060.25,1124.0,1193.0249999999999,0.0,828.9425,774.0,794.0,810.0,830.0,848.0,863.0,880.0,0.0,990.217,931.0,952.0,971.0,989.0,1010.0,1029.0,1049.0249999999999,0.0
fit,2023-03-20,14,1497,9090,1458.855,1235.0,1304.0,1375.0,1455.0,1541.0,1619.1000000000001,1710.0999999999995,0.0,1504.2015,1433.0,1458.9,1479.0,1505.5,1529.0,1550.0,1574.0,0.0,1454.437,1386.975,1410.9,1430.75,1455.0,1478.0,1498.0,1522.0,0.0
fit,2023-03-20,15,38,9090,45.258,11.0,18.0,28.0,41.0,58.0,78.0,103.0,0.0,64.7185,49.0,54.0,59.0,65.0,70.0,75.0,80.02499999999986,0.0,44.3915,31.0,36.0,40.0,44.0,49.0,53.0,58.0,0.0
fit,2023-03-20,16,23,9090,18.7685,1.0,4.0,8.0,15.0,26.0,38.0,57.024999999999864,0.0,79.121,62.975,68.0,73.0,79.0,85.0,91.0,97.0,0.0,18.427,11.0,13.0,15.0,18.0,21.0,24.0,28.0,0.0
fit,2023-03-20,17,1002,9090,1333.982,1120.9,1189.0,1252.0,1329.0,1413.0,1489.2000000000003,1571.0249999999999,0.0,606.682,560.0,575.0,590.0,607.0,622.0,637.0,656.0,0.0,1342.037,1278.975,1300.0,1320.0,1341.0,1364.25,1384.1000000000001,1408.0,0.0
fit,2023-03-20,18,77,9090,75.588,29.0,40.0,55.0,72.0,92.0,114.0,143.0,0.0,91.574,74.0,79.0,85.0,91.0,98.0,104.0,110.0,0.0,74.4625,57.0,63.0,69.0,74.0,80.0,86.0,92.0,0.0
fit,2023-03-20,19,336,9090,339.2675,228.0,263.0,294.0,335.0,380.0,422.10000000000014,472.0,0.0,538.337,495.0,510.0,523.0,539.0,553.0,567.0,581.0,0.0,338.703,304.0,316.0,327.0,339.0,350.0,362.0,376.0,0.0
fit,2023-03-20,20,13,9090,19.2815,1.0,4.0,9.0,15.0,26.0,38.0,57.0,0.0,28.6365,18.0,22.0,25.0,28.5,32.0,36.0,40.0,0.0,19.507,12.0,14.0,16.0,19.0,22.0,25.0,28.0,0.0
fit,2023-03-20,21,61,9090,58.643,19.975,28.0,40.0,55.0,74.0,94.0,121.0,0.0,35.0845,25.0,28.0,31.0,35.0,39.0,43.0,46.024999999999864,0.0,59.163,45.0,49.0,54.0,59.0,64.0,69.0,75.0,0.0
fit,2023-03-20,22,70,9090,76.2015,28.0,41.0,53.0,73.0,94.0,118.0,147.02499999999986,0.0,109.78,90.0,96.0,103.0,110.0,117.0,123.0,130.0,0.0,76.7835,61.0,66.0,71.0,77.0,83.0,88.0,94.0,0.0
fit,2023-03-20,23,69,9090,32.2585,5.0,11.0,18.0,28.0,43.0,59.0,79.0,0.0,54.383,40.0,45.0,49.0,54.0,59.0,64.0,70.0,0.0,32.6985,22.0,25.0,29.0,32.0,37.0,41.0,45.0,0.0
fit,2023-03-20,24,21,9090,28.1835,4.0,9.0,15.0,25.0,38.0,51.100000000000136,68.0,0.0,82.669,65.0,71.0,76.0,82.0,89.0,95.0,101.0,0.0,29.5365,20.0,23.0,26.0,29.0,33.0,36.100000000000136,40.0,0.0
fit,2023-03-20,25,190,9090,142.0315,72.0,91.0,112.0,138.0,167.0,197.10000000000014,234.02499999999986,0.0,121.158,101.0,107.0,113.0,121.0,129.0,135.0,143.0,0.0,140.5395,117.0,125.0,132.0,140.0,148.25,156.0,165.0,0.0
fit,2023-03-20,26,38,9090,50.672,13.0,22.0,32.0,47.0,66.0,83.0,106.02499999999986,0.0,95.903,78.0,83.0,89.0,96.0,102.0,109.0,115.02499999999986,0.0,50.241,37.0,41.0,45.0,50.0,55.0,59.0,64.02499999999986,0.0
fit,2023-03-20,27,45,9090,48.693,13.0,22.0,31.0,45.0,62.0,81.0,106.02499999999986,0.0,68.3415,52.0,57.900000000000006,63.0,68.0,74.0,79.0,86.0,0.0,48.8955,36.0,40.0,44.0,48.0,54.0,58.0,63.0,0.0
fit,2023-03-20,28,113,9090,55.763,17.0,26.0,37.0,52.0,70.25,90.0,118.02499999999986,0.0,59.2645,44.0,50.0,54.0,59.0,64.0,69.0,75.0,0.0,55.159,41.0,45.0,50.0,55.0,60.0,65.0,70.0,0.0
fit,2023-03-20,29,34,9090,19.572,1.0,4.0,8.0,16.0,27.0,40.0,59.0,0.0,77.6915,60.0,66.0,72.0,77.0,84.0,89.0,95.0,0.0,19.7595,11.0,14.0,17.0,20.0,23.0,25.0,29.0,0.0
fit,2023-03-20,30,49,9090,59.459,19.0,28.0,40.0,56.0,75.0,94.0,118.02499999999986,0.0,183.9375,157.0,166.0,175.0,184.0,193.0,201.0,210.02499999999986,0.0,59.143,44.0,49.0,54.0,59.0,65.0,69.0,75.0,0.0
fit,2023-03-20,31,3,9090,3.5255,0.0,0.0,0.0,1.0,4.0,10.100000000000136,23.0,0.0,68.5635,53.0,59.0,63.0,68.0,74.0,79.0,86.0,0.0,3.22,0.0,1.0,2.0,3.0,4.0,6.0,7.0,0.0
fit,2023-03-20,32,41,9090,24.64,3.0,7.0,12.0,20.0,33.0,47.0,72.0,0.0,76.946,60.0,66.0,71.0,77.0,83.0,89.0,94.0,0.0,25.023,16.0,19.0,22.0,25.0,28.0,32.0,35.0,0.0
fit,2023-03-20,33,20,9090,34.145,6.975000000000001,12.0,19.75,31.0,45.0,61.0,82.02499999999986,0.0,60.165,45.0,51.0,55.0,60.0,65.0,70.0,75.0,0.0,34.43,23.0,27.0,30.0,34.0,38.0,42.0,46.0,0.0
fit,2023-03-20,34,20,9090,44.1315,12.0,19.0,28.0,40.0,56.0,76.0,99.0,0.0,55.6305,42.0,46.0,50.0,56.0,61.0,65.0,71.0,0.0,44.4045,32.0,36.0,40.0,44.0,49.0,53.0,57.024999999999864,0.0
fit,2023-03-20,35,3,9090,2.77,0.0,0.0,0.0,0.0,3.0,9.0,19.0,0.0,24.504,15.0,18.0,21.0,24.0,28.0,31.0,35.0,0.0,2.555,0.0,1.0,1.0,2.0,3.0,5.0,6.0,0.0
fit,2023-03-20,36,420,9090,384.6715,261.0,302.0,339.0,383.0,426.0,472.0,527.0749999999996,0.0,455.9815,416.0,430.9,442.0,455.0,469.0,482.0,497.0,0.0,383.22,347.0,359.0,370.0,383.0,396.0,407.0,423.0,0.0
fit,2023-03-20,37,9,9090,12.1705,0.0,1.0,4.0,8.0,17.0,29.0,43.0,0.0,53.3295,40.0,44.0,48.0,53.0,58.0,63.0,69.0,0.0,12.604,6.0,8.0,10.0,12.0,15.0,17.0,20.0,0.0
fit,2023-03-20,38,17,9090,30.7295,4.0,10.0,17.0,27.0,41.0,57.0,76.0,0.0,53.8405,40.0,45.0,49.0,54.0,59.0,63.0,68.02499999999986,0.0,30.0365,20.0,23.0,26.0,30.0,34.0,37.0,41.0,0.0
fit,2023-03-20,39,20,9090,12.4115,0.0,1.0,4.0,9.0,17.0,29.0,44.0,0.0,72.5325,57.0,62.0,67.0,72.0,78.0,83.0,89.0,0.0,12.8395,7.0,8.0,10.0,13.0,15.0,17.0,20.0,0.0
fit,2023-03-27,0,22,8799,34.763,7.0,12.0,19.0,31.0,46.0,62.0,86.0,0.0,16.201,9.0,11.0,13.0,16.0,19.0,22.0,25.0,0.0,34.7755,23.0,28.0,31.0,34.0,39.0,43.0,47.0,0.0
fit,2023-03-27,1,10,8799,17.915,1.0,3.0,7.0,15.0,24.0,38.0,54.0,0.0,49.637,36.0,41.0,45.0,50.0,54.0,59.0,64.0,0.0,17.7125,10.0,13.0,15.0,18.0,20.0,23.0,26.0,0.0
fit,2023-03-27,2,21,8799,23.542,2.0,6.0,12.0,20.0,32.0,45.100000000000136,66.0,0.0,70.175,54.0,59.0,64.0,70.0,76.0,81.0,87.0,0.0,23.129,15.0,17.0,20.0,23.0,26.0,29.0,33.0,0.0
fit,2023-03-27,3,185,8799,177.0835,103.0,126.0,147.0,173.0,204.0,231.0,271.02499999999986,0.0,292.2475,259.0,271.0,281.0,292.0,304.0,314.10000000000014,325.0,0.0,177.966,151.975,161.0,169.0,178.0,187.0,195.0,204.02499999999986,0.0
fit,2023-03-27,4,123,8799,133.3605,67.0,85.0,104.0,130.0,159.0,185.10000000000014,216.0,0.0,109.918,89.0,97.0,103.0,110.0,117.0,123.0,130.0,0.0,133.386,112.0,119.0,125.0,133.0,141.0,148.0,156.0,0.0
fit,2023-03-27,5,8,8799,3.255,0.0,0.0,0.0,1.0,4.0,9.100000000000136,21.0,0.0,78.1245,61.0,66.0,72.0,78.0,84.0,90.0,96.0,0.0,3.3595,0.0,1.0,2.0,3.0,4.0,6.0,7.0,0.0
fit,2023-03-27,6,146,8799,121.63,60.0,77.0,95.0,118.0,144.0,172.0,205.0,0.0,113.474,93.0,100.0,106.0,113.0,121.0,127.0,135.0,0.0,120.163,101.0,106.0,113.0,120.0,127.0,134.0,141.0,0.0
fit,2023-03-27,7,113,8799,25.335,3.0,7.0,13.0,22.0,34.0,49.0,65.0,0.0,95.4185,76.0,83.0,89.0,95.0,102.0,109.0,115.0,0.0,25.882,17.0,19.0,22.0,26.0,29.0,33.0,36.0,0.0
fit,2023-03-27,8,1226,8799,1114.1875,913.0,980.9,1041.0,1114.0,1182.0,1252.1000000000001,1325.0249999999999,0.0,988.5725,932.0,951.0,969.0,989.0,1008.25,1026.0,1048.0,0.0,1107.593,1044.975,1066.9,1087.0,1108.0,1128.0,1147.0,1167.0249999999999,0.0
fit,2023-03-27,9,16,8799,48.571,13.0,22.0,32.0,45.0,62.0,79.0,106.0,0.0,22.215,14.0,16.0,19.0,22.0,25.0,28.0,32.0,0.0,48.863,36.0,40.0,44.0,49.0,53.0,58.0,63.0,0.0
fit,2023-03-27,10,50,8799,27.9675,3.9750000000000014,9.0,15.0,24.0,38.0,53.0,74.0,0.0,75.59,59.0,64.0,69.0,75.0,81.0,87.0,93.0,0.0,27.8355,18.0,21.0,24.0,28.0,31.0,35.0,39.0,0.0
fit,2023-03-27,11,1183,8799,999.112,807.95,871.0,931.0,996.0,1068.0,1133.0,1202.0,0.0,800.5025,749.0,767.0,782.0,800.0,819.0,834.0,853.0,0.0,997.2745,941.0,960.0,977.0,997.0,1017.0,1035.0,1056.0,0.0
fit,2023-03-27,12,826,8799,826.6955,654.0,709.0,763.0,826.0,887.0,946.0,1012.1249999999993,0.0,712.2465,663.0,679.0,695.0,713.0,730.0,745.0,762.0,0.0,830.472,776.0,795.0,812.75,830.0,849.25,866.0,883.0249999999999,0.0
fit,2023-03-27,13,905,8799,968.9995,781.0,844.0,897.0,965.5,1037.0,1101.1000000000001,1174.0249999999999,0.0,802.2815,750.0,768.0,783.0,802.0,821.0,838.0,856.0249999999999,0.0,969.3715,913.0,932.0,950.0,969.0,989.0,1008.0,1026.0,0.0
fit,2023-03-27,14,1331,8799,1419.61,1191.0,1271.9,1342.0,1418.5,1496.0,1571.1000000000001,1659.0249999999999,0.0,1457.5915,1389.975,1413.0,1435.0,1458.0,1481.0,1502.0,1523.0,0.0,1423.227,1356.0,1379.0,1400.0,1424.0,1447.0,1465.0,1490.0,0.0
fit,2023-03-27,15,32,8799,49.2535,13.0,22.0,31.0,46.0,62.0,82.0,107.0,0.0,62.608,47.975,52.0,57.0,62.0,68.0,73.0,79.0,0.0,48.5345,35.0,40.0,44.0,48.0,53.0,57.0,62.0,0.0
fit,2023-03-27,16,13,8799,15.519,0.0,2.0,6.0,12.0,21.0,32.0,50.0,0.0,76.607,60.0,66.0,71.0,76.0,82.0,88.0,94.0,0.0,15.8795,9.0,11.0,13.0,16.0,18.0,21.0,24.0,0.0
fit,2023-03-27,17,837,8799,1233.4,1024.0,1091.9,1152.0,1232.0,1307.0,1377.0,1468.0249999999999,0.0,586.3545,540.0,556.0,569.0,586.0,603.0,617.0,634.0,0.0,1233.857,1168.0,1191.0,1211.0,1233.0,1257.0,1277.0,1301.0,0.0
fit,2023-03-27,18,69,8799,75.294,27.0,40.0,54.0,73.0,93.0,114.0,140.0,0.0,88.92,70.0,77.0,82.0,89.0,96.0,101.0,108.0,0.0,75.6655,59.0,65.0,70.0,75.0,81.0,87.0,93.0,0.0
fit,2023-03-27,19,347,8799,324.1015,217.0,248.9,283.0,322.0,362.0,403.0,447.02499999999986,0.0,521.817,480.0,493.0,507.0,522.0,536.25,550.0,564.0,0.0,324.8495,291.0,302.0,312.0,324.0,337.0,348.0,362.0,0.0
fit,2023-03-27,20,108,8799,18.249,1.0,4.0,8.0,15.0,25.0,38.0,55.0,0.0,27.468,17.0,21.0,24.0,27.0,31.0,35.0,38.0,0.0,18.7675,11.0,14.0,16.0,19.0,21.0,24.0,28.0,0.0
fit,2023-03-27,21,90,8799,57.1165,18.0,28.0,38.0,54.0,72.0,90.0,119.0,0.0,33.8385,23.0,27.0,30.0,34.0,38.0,41.0,46.0,0.0,57.215,43.0,48.0,52.0,57.0,62.0,66.10000000000014,72.0,0.0
fit,2023-03-27,22,66,8799,71.0195,26.0,37.0,50.0,67.0,87.0,109.0,137.0,0.0,106.281,86.975,93.0,99.0,106.0,113.0,120.0,126.0,0.0,71.25,55.975,61.0,66.0,71.0,77.0,82.0,88.0,0.0
fit,2023-03-27,23,58,8799,38.576,8.0,15.0,23.0,35.0,51.0,67.0,88.0,0.0,52.4605,39.0,43.0,47.0,52.0,57.0,62.0,67.0,0.0,38.804,27.0,31.0,35.0,39.0,43.0,47.0,51.024999999999864,0.0
fit,2023-03-27,24,26,8799,26.398,3.0,8.0,13.0,23.0,36.0,50.0,69.0,0.0,79.973,62.0,69.0,74.0,80.0,85.0,92.0,98.0,0.0,26.705,17.0,20.0,23.0,27.0,30.0,34.0,37.0,0.0
fit,2023-03-27,25,173,8799,148.5935,78.0,98.9,119.0,145.0,175.0,200.0,237.0,0.0,117.0485,96.0,103.0,109.0,117.0,124.0,131.0,139.0,0.0,149.5055,127.0,134.9,141.0,149.0,158.0,165.0,173.0,0.0
fit,2023-03-27,26,20,8799,51.5045,16.0,23.0,34.0,48.0,65.0,85.0,110.02499999999986,0.0,92.813,74.975,81.0,86.0,93.0,99.0,105.0,112.0,0.0,50.5705,37.0,42.0,46.0,50.0,55.0,60.0,65.0,0.0
fit,2023-03-27,27,57,8799,49.482,13.0,21.0,31.0,46.0,64.0,83.0,106.02499999999986,0.0,65.841,50.0,56.0,60.0,66.0,71.0,77.0,82.0,0.0,49.4395,37.0,41.0,44.0,49.0,54.0,59.0,63.0,0.0
fit,2023-03-27,28,40,8799,61.293,21.0,31.0,41.75,58.0,77.0,98.0,123.0,0.0,57.241,43.0,47.0,52.0,57.0,62.0,67.0,73.0,0.0,61.4365,46.0,51.0,56.0,61.0,67.0,72.0,77.02499999999986,0.0
fit,2023-03-27,29,22,8799,21.8255,2.0,5.0,10.0,18.0,30.0,43.0,61.0,0.0,75.2805,59.0,64.0,69.0,75.0,81.0,86.10000000000014,93.0,0.0,21.981,13.0,16.0,19.0,22.0,25.0,28.0,31.0,0.0
fit,2023-03-27,30,62,8799,60.9615,20.0,30.0,41.0,57.0,77.0,98.0,122.0,0.0,177.422,152.0,161.0,169.0,177.0,186.0,193.10000000000014,204.0,0.0,60.499,46.0,51.0,55.0,60.0,66.0,70.0,76.0,0.0
fit,2023-03-27,31,78,8799,3.521,0.0,0.0,0.0,1.0,4.0,10.0,21.0,0.0,66.0815,51.0,56.0,60.0,66.0,71.0,77.0,83.0,0.0,3.6075,1.0,1.0,2.0,3.0,5.0,6.0,8.0,0.0
fit,2023-03-27,32,15,8799,27.5485,3.9750000000000014,7.0,14.0,24.0,37.0,52.0,72.0,0.0,74.818,59.0,64.0,69.0,75.0,80.0,86.0,92.0,0.0,27.373,18.0,21.0,24.0,27.0,31.0,34.0,38.0,0.0
fit,2023-03-27,33,18,8799,32.569,5.0,11.0,18.0,29.0,43.0,58.0,82.02499999999986,0.0,58.4365,43.0,49.0,53.0,58.0,64.0,68.0,73.0,0.0,32.379,22.0,25.0,28.0,32.0,36.0,40.0,44.0,0.0
fit,2023-03-27,34,12,8799,45.9275,11.0,20.0,29.0,42.0,59.0,77.0,99.02499999999986,0.0,53.914,40.0,45.0,49.0,54.0,59.0,64.0,69.0,0.0,46.656,34.0,38.0,42.0,46.0,51.0,56.0,61.024999999999864,0.0
fit,2023-03-27,35,3,8799,2.5415,0.0,0.0,0.0,0.0,2.0,8.0,18.0,0.0,23.704,15.0,18.0,20.0,24.0,27.0,30.0,33.0,0.0,2.393,0.0,1.0,1.0,2.0,3.0,4.0,6.0,0.0
fit,2023-03-27,36,424,8799,389.3855,270.975,309.0,343.0,385.0,430.0,479.0,528.0249999999999,0.0,442.0585,403.975,416.0,428.0,442.0,456.0,469.0,484.0,0.0,387.93,351.0,362.9,375.0,388.0,401.0,413.0,426.0,0.0
fit,2023-03-27,37,21,8799,12.908,0.0,1.0,4.0,10.0,18.0,29.0,45.024999999999864,0.0,51.691,38.0,42.0,47.0,52.0,56.0,61.0,66.0,0.0,12.9495,6.0,9.0,11.0,13.0,15.0,17.0,20.0,0.0
fit,2023-03-27,38,25,8799,25.3215,3.0,7.0,13.0,22.0,34.0,49.0,67.0,0.0,52.172,39.0,43.0,47.0,52.0,57.0,62.0,67.0,0.0,25.139,16.0,19.0,22.0,25.0,29.0,32.0,35.0,0.0
fit,2023-03-27,39,18,8799,14.6635,0.0,2.0,5.0,11.0,21.0,32.100000000000136,46.0,0.0,69.956,54.0,59.0,64.0,70.0,75.0,81.0,87.0,0.0,14.6035,8.0,10.0,12.0,14.0,17.0,20.0,22.0,0.0
fit,2023-04-03,0,39,8734,29.0015,4.0,9.0,15.0,25.0,39.0,54.0,72.0,0.0,15.897,9.0,11.0,13.0,16.0,19.0,21.0,24.0,0.0,28.2655,18.0,21.0,25.0,28.0,32.0,35.0,40.0,0.0
fit,2023-04-03,1,16,8734,18.7855,1.0,4.0,8.0,15.0,26.0,38.0,56.024999999999864,0.0,49.2135,36.0,40.0,44.0,49.0,54.0,59.0,65.0,0.0,18.9385,11.0,13.0,16.0,19.0,22.0,24.0,28.0,0.0
fit,2023-04-03,2,20,8734,20.696,2.0,5.0,9.0,17.0,29.0,42.0,58.0,0.0,69.3185,54.0,59.0,64.0,69.0,75.0,80.0,86.0,0.0,20.6695,12.0,15.0,18.0,21.0,24.0,27.0,29.0,0.0
fit,2023-04-03,3,177,8734,171.464,96.975,118.0,140.0,168.0,199.0,230.0,267.02499999999986,0.0,290.4285,258.0,269.0,279.0,291.0,302.0,313.0,324.02499999999986,0.0,171.266,146.0,155.0,163.0,171.0,180.0,188.0,196.0,0.0
fit,2023-04-03,4,129,8734,132.2505,67.975,85.0,104.0,128.0,156.0,185.0,221.0,0.0,109.071,88.0,95.0,102.0,109.0,117.0,122.0,130.0,0.0,132.6605,111.0,118.0,125.0,132.0,140.0,148.0,155.0,0.0
fit,2023-04-03,5,20,8734,4.024,0.0,0.0,0.0,1.0,5.0,12.0,23.0,0.0,78.008,61.0,66.0,72.0,78.0,84.0,90.0,96.0,0.0,4.3705,1.0,2.0,3.0,4.0,6.0,7.0,9.0,0.0
fit,2023-04-03,6,134,8734,130.084,65.0,82.0,102.0,126.0,155.0,182.0,213.0,0.0,112.6745,92.0,99.0,105.0,112.0,120.0,126.0,133.0,0.0,128.7735,107.0,115.0,121.0,129.0,136.0,144.0,151.02499999999986,0.0
fit,2023-04-03,7,178,8734,51.217,15.0,23.900000000000006,34.0,47.0,65.0,84.0,108.0,0.0,94.4855,76.0,82.0,88.0,94.0,101.0,107.0,114.0,0.0,51.2075,38.0,42.0,46.0,51.0,56.0,60.100000000000136,65.0,0.0
fit,2023-04-03,8,991,8734,1126.015,930.975,995.9,1054.0,1123.0,1193.0,1261.0,1339.0249999999999,0.0,981.4165,923.975,945.0,962.0,982.0,1001.0,1019.0,1038.0,0.0,1126.769,1061.0,1084.0,1105.0,1127.0,1149.0,1170.0,1190.0249999999999,0.0
fit,2023-04-03,9,23,8734,38.287,8.0,14.900000000000006,22.0,35.0,50.0,65.0,90.0,0.0,21.981,13.0,16.0,19.0,22.0,25.0,28.0,32.0,0.0,38.3675,27.0,30.0,34.0,38.0,42.0,47.0,51.0,0.0
fit,2023-04-03,10,65,8734,35.4715,7.0,13.0,21.0,31.0,47.0,62.0,84.0,0.0,75.256,59.0,64.0,69.0,75.0,81.0,87.0,93.0,0.0,35.2195,24.0,28.0,31.0,35.0,39.0,43.0,48.0,0.0
fit,2023-04-03,11,1096,8734,1014.817,820.95,884.0,942.0,1013.5,1089.0,1147.0,1218.0249999999999,0.0,795.211,741.975,761.0,777.0,795.0,813.0,830.0,846.0,0.0,1015.4965,958.0,976.0,995.0,1016.0,1036.0,1053.0,1074.0249999999999,0.0
fit,2023-04-03,12,779,8734,816.3955,636.975,702.0,753.0,813.0,879.0,938.0,1008.0,0.0,705.8595,658.975,673.0,688.0,706.0,723.0,739.0,756.0,0.0,817.5315,763.975,782.0,799.0,817.0,836.0,853.0,872.0,0.0
fit,2023-04-03,13,850,8734,934.1495,751.975,809.0,869.0,930.0,1000.0,1063.1000000000001,1127.0499999999997,0.0,796.76,742.975,762.0,779.0,796.0,815.0,832.0,850.0,0.0,931.608,873.0,895.9,913.0,932.0,951.0,967.0,987.0249999999999,0.0
fit,2023-04-03,14,1565,8734,1393.958,1178.0,1248.0,1316.0,1396.0,1469.0,1537.0,1618.0249999999999,0.0,1446.4865,1378.975,1402.0,1423.0,1446.0,1470.0,1491.0,1516.0,0.0,1397.7985,1332.975,1355.0,1375.0,1397.0,1420.0,1441.0,1466.0,0.0
fit,2023-04-03,15,61,8734,45.4945,12.0,19.0,29.0,42.0,58.0,77.0,98.0,0.0,62.161,47.0,52.0,57.0,62.0,67.0,73.0,78.0,0.0,46.6135,34.0,38.0,42.0,46.0,51.0,55.0,60.024999999999864,0.0
fit,2023-04-03,16,25,8734,17.1595,1.0,3.0,6.0,13.0,23.0,36.0,56.024999999999864,0.0,75.9115,59.0,65.0,70.0,76.0,82.0,87.0,93.0,0.0,16.4535,9.0,11.0,14.0,16.0,19.0,22.0,25.0,0.0
fit,2023-04-03,17,886,8734,1140.4695,938.975,1002.9,1062.0,1139.5,1213.25,1278.0,1372.0,0.0,582.06,536.975,552.0,566.0,582.0,598.0,613.0,627.0249999999999,0.0,1141.724,1082.0,1101.0,1121.0,1142.0,1163.0,1181.0,1203.0,0.0
fit,2023-04-03,18,64,8734,74.087,27.0,40.0,53.0,71.0,91.0,114.0,142.0,0.0,88.1565,69.0,76.0,82.0,88.0,95.0,100.0,107.0,0.0,74.6815,59.0,64.0,69.0,75.0,80.0,86.0,91.0,0.0
fit,2023-04-03,19,389,8734,336.7545,229.975,263.9,293.0,332.0,376.0,419.0,461.02499999999986,0.0,517.7395,476.0,489.0,502.0,517.0,533.0,547.0,563.0,0.0,337.245,303.0,314.0,324.75,337.0,349.0,362.0,374.0,0.0
fit,2023-04-03,20,102,8734,40.902,9.0,16.0,24.0,38.0,53.0,69.10000000000014,94.0,0.0,27.5705,18.0,21.0,24.0,27.0,31.0,35.0,38.0,0.0,40.298,29.0,32.0,36.0,40.0,45.0,49.0,53.0,0.0
fit,2023-04-03,21,59,8734,66.955,22.0,33.0,46.0,63.0,83.0,105.0,136.0,0.0,33.633,23.0,26.0,30.0,33.0,37.0,41.0,46.0,0.0,67.188,52.0,57.0,61.0,67.0,73.0,78.0,84.0,0.0
fit,2023-04-03,22,84,8734,72.01,27.0,37.900000000000006,51.0,69.0,90.0,111.0,138.0,0.0,105.358,86.0,92.0,98.0,105.5,112.0,118.0,126.0,0.0,72.737,56.0,62.0,67.0,73.0,78.0,84.0,89.0,0.0
fit,2023-04-03,23,44,8734,41.8005,10.0,16.900000000000006,25.0,38.0,54.0,72.10000000000014,96.0,0.0,52.488,39.0,43.0,48.0,52.0,57.0,62.0,67.0,0.0,41.578,29.0,33.0,37.0,41.0,46.0,50.0,55.0,0.0
fit,2023-04-03,24,30,8734,26.1685,3.0,8.0,13.0,22.0,36.0,50.0,71.0,0.0,79.3105,62.0,68.0,73.0,79.0,85.0,91.0,96.0,0.0,25.45,16.0,19.0,22.0,25.0,29.0,32.0,36.0,0.0
fit,2023-04-03,25,183,8734,155.509,83.0,102.0,125.0,152.0,182.0,211.0,251.02499999999986,0.0,116.217,95.0,102.0,109.0,116.0,124.0,130.0,137.0,0.0,154.8485,130.0,139.0,146.0,155.0,163.0,171.0,179.0,0.0
fit,2023-04-03,26,44,8734,41.491,10.0,17.0,26.0,38.0,54.0,70.0,92.0,0.0,92.451,74.0,80.0,86.0,92.0,99.0,105.0,112.0,0.0,41.9485,30.0,34.0,37.0,42.0,46.0,50.0,55.0,0.0
fit,2023-04-03,27,50,8734,51.913,14.0,24.0,34.0,48.0,65.25,85.0,111.0,0.0,65.487,49.0,54.900000000000006,60.0,65.0,71.0,76.0,82.0,0.0,51.3515,37.0,42.900000000000006,46.0,51.0,56.0,61.0,66.0,0.0
fit,2023-04-03,28,2,8734,48.191,12.975000000000001,22.0,31.75,45.0,61.0,80.0,102.0,0.0,56.7775,42.0,47.0,52.0,56.0,62.0,67.0,72.0,0.0,47.6,35.0,39.0,43.0,47.0,52.0,57.0,61.0,0.0
fit,2023-04-03,29,22,8734,24.274,2.0,6.0,12.0,21.0,33.0,47.0,66.0,0.0,74.667,59.0,64.0,69.0,74.0,80.0,85.0,91.0,0.0,24.351,16.0,18.0,21.0,24.0,28.0,31.0,34.0,0.0
fit,2023-04-03,30,50,8734,58.601,18.0,28.0,40.0,55.0,73.25,92.0,119.02499999999986,0.0,176.135,151.0,160.0,167.0,176.0,185.0,193.0,203.0,0.0,56.819,43.0,47.0,52.0,57.0,62.0,66.0,72.0,0.0
fit,2023-04-03,31,73,8734,21.2985,2.0,5.0,10.0,18.0,29.25,42.0,61.0,0.0,65.874,51.0,56.0,60.0,66.0,71.0,76.0,82.0,0.0,21.3795,13.0,16.0,18.0,21.0,24.0,27.0,31.0,0.0
fit,2023-04-03,32,8,8734,26.119,3.0,8.0,14.0,23.0,35.0,48.0,68.0,0.0,73.87,57.0,63.0,68.0,74.0,80.0,85.0,91.0,0.0,26.3185,17.0,20.0,23.0,26.0,30.0,33.0,37.0,0.0
fit,2023-04-03,33,23,8734,25.127,3.0,7.0,13.0,21.0,34.0,49.0,68.02499999999986,0.0,57.989,43.0,49.0,53.0,58.0,63.0,68.0,73.0,0.0,25.337,16.0,19.0,22.0,25.0,29.0,32.0,36.0,0.0
fit,2023-04-03,34,43,8734,37.7465,9.0,15.0,23.0,34.0,50.0,64.0,84.0,0.0,53.3355,40.0,44.0,48.0,53.0,58.0,62.100000000000136,67.0,0.0,37.807,26.0,30.0,34.0,38.0,42.0,45.100000000000136,50.0,0.0
fit,2023-04-03,35,1,8734,2.248,0.0,0.0,0.0,0.0,2.0,7.100000000000136,17.0,0.0,23.759,14.0,17.0,20.0,24.0,27.0,30.0,34.0,0.0,2.1125,0.0,0.0,1.0,2.0,3.0,4.0,5.0,0.0
fit,2023-04-03,36,361,8734,400.748,282.975,318.0,353.0,397.0,444.0,486.0,535.0249999999999,0.0,438.6495,399.0,412.0,424.0,438.0,453.0,465.0,480.0,0.0,400.3745,363.975,376.0,387.0,400.0,413.0,425.0,439.0,0.0
fit,2023-04-03,37,14,8734,18.502,1.0,4.0,8.0,15.0,25.0,37.0,57.0,0.0,51.227,38.0,42.0,46.0,51.0,56.0,61.0,66.0,0.0,17.8685,10.0,13.0,15.0,18.0,21.0,23.0,27.0,0.0
fit,2023-04-03,38,20,8734,26.4235,3.9750000000000014,8.0,14.0,23.0,35.0,49.0,69.0,0.0,51.7275,38.0,43.0,47.0,51.0,56.0,61.0,66.0,0.0,26.0425,17.0,20.0,23.0,26.0,29.0,32.0,36.0,0.0
fit,2023-04-03,39,14,8734,17.3915,1.0,3.0,7.0,14.0,24.0,35.100000000000136,53.024999999999864,0.0,69.3785,54.0,59.0,64.0,69.0,75.0,80.0,86.0,0.0,16.931,9.0,12.0,14.0,17.0,20.0,22.0,25.0,0.0
fit,2023-04-10,0,33,8788,29.9775,5.0,10.0,16.0,26.0,41.0,56.0,72.0,0.0,16.046,9.0,11.0,13.0,16.0,19.0,21.100000000000136,24.0,0.0,29.672,20.0,23.0,26.0,30.0,33.0,37.0,40.024999999999864,0.0
fit,2023-04-10,1,15,8788,19.8725,1.0,4.0,9.0,16.0,27.25,39.0,59.0,0.0,49.4215,36.0,40.0,45.0,49.0,54.0,59.0,64.0,0.0,20.2015,12.0,14.0,17.0,20.0,23.0,26.0,30.0,0.0
fit,2023-04-10,2,25,8788,20.7285,1.0,4.0,9.75,17.0,28.0,41.0,60.0,0.0,70.1635,54.975,60.0,64.0,70.0,76.0,81.0,87.0,0.0,20.959,12.0,15.0,18.0,21.0,24.0,27.0,31.0,0.0
fit,2023-04-10,3,141,8788,173.7345,100.0,121.0,143.0,170.0,201.0,229.10000000000014,272.0,0.0,291.3795,259.0,269.0,280.0,291.0,303.0,313.0,326.0,0.0,173.069,148.0,156.0,164.0,173.5,182.0,190.0,198.0,0.0
fit,2023-04-10,4,101,8788,142.5495,73.0,93.0,113.0,140.0,168.0,194.0,230.02499999999986,0.0,109.74,90.0,97.0,103.0,110.0,117.0,123.0,130.0,0.0,143.4585,121.0,129.0,135.0,143.0,151.0,159.0,169.0,0.0
fit,2023-04-10,5,16,8788,9.13,0.0,0.0,2.0,6.0,12.0,23.0,38.0,0.0,77.976,60.975,67.0,72.0,78.0,84.0,90.0,96.0,0.0,8.92,3.0,5.0,7.0,9.0,11.0,13.0,15.0,0.0
fit,2023-04-10,6,162,8788,132.434,66.975,85.0,105.0,129.0,156.0,183.0,215.02499999999986,0.0,113.099,93.0,100.0,106.0,113.0,120.0,127.0,134.0,0.0,133.5525,112.0,119.0,126.0,133.0,141.0,148.0,157.0,0.0
fit,2023-04-10,7,145,8788,90.742,38.0,52.0,68.0,87.0,110.0,135.0,167.0,0.0,94.9835,77.0,82.0,88.0,95.0,101.0,108.0,115.0,0.0,92.0765,74.0,80.0,86.0,92.0,98.0,104.0,111.0,0.0
fit,2023-04-10,8,1099,8788,1098.225,894.975,967.9,1028.0,1096.0,1167.25,1234.0,1303.0249999999999,0.0,987.09,930.0,950.0,967.0,987.0,1007.0,1025.0,1044.0,0.0,1096.528,1037.975,1056.0,1075.0,1096.0,1117.0,1138.0,1160.0,0.0
fit,2023-04-10,9,14,8788,37.613,8.0,14.0,22.0,34.0,49.0,65.0,87.0,0.0,21.874,13.0,16.0,19.0,22.0,25.0,28.0,31.0,0.0,37.671,26.0,30.0,34.0,37.0,42.0,45.0,50.0,0.0
fit,2023-04-10,10,42,8788,44.8395,11.0,19.0,28.0,41.0,58.0,75.0,102.0,0.0,75.719,59.0,64.0,70.0,76.0,81.0,87.0,93.0,0.0,44.714,32.0,36.0,40.0,45.0,49.0,53.0,59.0,0.0
fit,2023-04-10,11,945,8788,1071.969,882.975,941.0,998.0,1069.0,1140.0,1208.1000000000001,1286.0249999999999,0.0,801.112,750.975,767.0,783.0,801.0,819.0,835.0,855.0249999999999,0.0,1074.4885,1016.0,1035.0,1054.0,1074.0,1094.0,1115.0,1136.0,0.0
fit,2023-04-10,12,788,8788,791.23,627.975,672.9,727.0,789.0,855.0,908.0,964.0249999999999,0.0,712.129,661.0,681.0,695.0,712.0,730.0,744.0,761.0249999999999,0.0,791.7645,739.0,756.0,773.0,792.0,810.0,827.0,844.0249999999999,0.0
fit,2023-04-10,13,934,8788,917.012,734.975,796.0,848.0,913.0,980.25,1048.0,1116.0,0.0,801.785,747.0,765.0,785.0,802.0,820.0,836.0,855.0,0.0,917.3435,860.975,880.0,898.0,917.5,937.0,955.0,974.0,0.0
fit,2023-04-10,14,1728,8788,1457.2815,1232.0,1304.0,1372.0,1453.0,1537.0,1613.0,1703.0249999999999,0.0,1455.146,1386.0,1410.0,1432.0,1456.0,1478.0,1499.0,1526.0249999999999,0.0,1455.5915,1390.975,1412.0,1431.0,1455.0,1479.0,1500.0,1526.0,0.0
fit,2023-04-10,15,58,8788,46.37,12.0,20.0,29.0,42.0,60.0,77.0,100.0,0.0,62.3865,47.0,52.0,57.0,62.0,68.0,72.0,78.0,0.0,46.3815,34.0,38.0,42.0,46.0,51.0,55.0,60.0,0.0
fit,2023-04-10,16,21,8788,16.492,1.0,3.0,6.0,13.0,24.0,35.0,49.0,0.0,76.544,59.0,66.0,70.0,76.0,82.0,88.0,95.0,0.0,16.47,9.0,11.0,14.0,16.0,19.0,22.0,25.0,0.0
fit,2023-04-10,17,788,8788,1022.5325,829.0,897.9,949.0,1017.0,1088.0,1160.0,1233.0249999999999,0.0,585.0605,538.0,554.0,569.0,585.0,601.25,615.0,633.0,0.0,1018.217,960.0,980.0,998.0,1018.0,1038.0,1056.0,1080.0,0.0
fit,2023-04-10,18,61,8788,72.8895,28.0,38.0,53.0,70.0,90.0,109.0,137.0,0.0,88.851,70.0,77.0,83.0,89.0,95.0,101.0,108.0,0.0,72.4865,56.0,61.900000000000006,67.0,72.0,78.0,83.0,90.0,0.0
fit,2023-04-10,19,405,8788,358.126,244.0,278.0,312.75,355.0,399.0,442.0,490.0499999999997,0.0,520.2035,476.0,492.0,505.0,520.0,536.0,548.1000000000001,562.0,0.0,359.918,325.0,336.0,347.0,360.0,373.0,383.0,396.02499999999986,0.0
fit,2023-04-10,20,116,8788,60.823,19.0,29.0,41.0,57.0,76.0,98.0,124.02499999999986,0.0,27.677,18.0,21.0,24.0,27.0,31.0,35.0,38.0,0.0,61.3105,46.0,51.0,56.0,61.0,66.0,72.0,77.0,0.0
fit,2023-04-10,21,46,8788,67.416,24.0,35.0,47.0,63.0,84.0,103.0,133.02499999999986,0.0,33.868,22.0,27.0,30.0,34.0,38.0,41.0,46.0,0.0,66.6455,51.0,56.900000000000006,61.0,66.0,72.0,77.0,82.0,0.0
fit,2023-04-10,22,78,8788,73.523,28.975,40.0,53.0,70.0,90.0,112.0,140.02499999999986,0.0,106.2295,85.975,92.0,99.0,106.0,113.0,120.0,127.0,0.0,73.6165,58.0,63.0,68.0,73.0,79.0,85.0,90.0,0.0
fit,2023-04-10,23,9,8788,45.6355,11.0,19.0,28.0,42.0,59.0,77.0,101.02499999999986,0.0,52.856,39.0,44.0,48.0,53.0,58.0,62.0,67.0,0.0,46.4485,33.0,38.0,42.0,46.0,51.0,55.0,60.0,0.0
fit,2023-04-10,24,39,8788,27.6475,4.0,9.0,15.0,24.0,36.0,51.0,72.02499999999986,0.0,79.641,63.0,68.0,74.0,80.0,86.0,91.0,98.0,0.0,26.908,17.0,21.0,23.0,26.0,30.0,34.0,38.0,0.0
fit,2023-04-10,25,202,8788,170.2405,90.975,114.9,138.0,167.0,200.0,228.0,266.0,0.0,116.8535,96.0,103.0,109.0,117.0,124.0,131.0,139.0,0.0,169.211,145.0,153.0,161.0,169.0,178.0,186.0,195.0,0.0
fit,2023-04-10,26,39,8788,36.5735,7.0,13.0,21.0,33.0,48.0,64.0,84.02499999999986,0.0,92.5805,74.0,80.0,86.0,93.0,99.0,105.0,112.0,0.0,36.1785,25.0,29.0,32.0,36.0,40.0,44.0,48.0,0.0
fit,2023-04-10,27,48,8788,52.6705,15.0,23.0,34.0,50.0,67.0,86.0,110.02499999999986,0.0,66.0635,50.0,56.0,61.0,66.0,72.0,77.0,82.0,0.0,51.95,38.0,43.0,47.0,52.0,57.0,61.0,67.0,0.0
fit,2023-04-10,28,5,8788,43.1005,11.975000000000001,18.900000000000006,27.0,39.0,55.0,73.0,96.0,0.0,57.179,43.0,47.0,52.0,57.0,62.0,67.0,73.0,0.0,43.5955,31.0,35.0,39.0,43.0,48.0,52.0,57.0,0.0
fit,2023-04-10,29,57,8788,23.503,3.0,6.0,11.0,20.0,32.0,46.0,64.0,0.0,75.1905,59.0,64.0,69.0,75.0,81.0,87.0,92.02499999999986,0.0,23.677,15.0,18.0,20.0,23.0,27.0,30.0,33.0,0.0
fit,2023-04-10,30,40,8788,57.963,20.0,30.0,39.0,54.0,73.0,91.0,114.0,0.0,177.7385,152.0,161.0,169.0,178.0,186.0,194.0,205.0,0.0,57.4305,44.0,48.0,52.0,57.0,62.0,67.0,72.0,0.0
fit,2023-04-10,31,98,8788,38.4535,9.0,15.0,23.0,35.0,50.0,67.0,88.0,0.0,66.0575,51.0,55.0,60.0,66.0,72.0,77.0,82.0,0.0,38.4215,27.0,31.0,34.0,38.0,42.0,46.0,51.0,0.0
fit,2023-04-10,32,6,8788,23.608,2.0,6.0,12.0,20.0,32.0,46.0,67.0,0.0,74.7375,59.0,64.0,69.0,75.0,80.0,86.0,93.0,0.0,24.2065,15.0,18.0,21.0,24.0,27.0,31.0,34.0,0.0
fit,2023-04-10,33,25,8788,25.0975,3.0,7.0,12.0,21.0,34.0,48.0,67.02499999999986,0.0,58.1575,43.0,48.0,53.0,58.0,63.0,68.0,74.0,0.0,25.2695,16.0,19.0,22.0,25.0,29.0,32.0,35.0,0.0
fit,2023-04-10,34,30,8788,32.463,6.0,11.0,19.0,29.0,43.0,57.0,75.02499999999986,0.0,53.806,40.0,45.0,49.0,54.0,59.0,63.0,69.0,0.0,32.6095,22.0,26.0,29.0,32.0,36.0,40.0,44.0,0.0
fit,2023-04-10,35,0,8788,2.4915,0.0,0.0,0.0,0.0,2.0,8.0,18.0,0.0,23.7465,15.0,18.0,20.0,23.0,27.0,30.0,34.0,0.0,2.3915,0.0,1.0,1.0,2.0,3.0,4.0,6.0,0.0
fit,2023-04-10,36,373,8788,397.5365,278.975,315.0,349.75,395.0,440.0,485.0,540.0,0.0,441.4545,402.0,415.0,428.0,441.0,455.0,468.0,482.0,0.0,398.5105,360.0,373.9,386.0,398.0,412.0,424.0,438.0,0.0
fit,2023-04-10,37,19,8788,17.4155,1.0,3.0,7.0,14.0,24.0,36.0,53.0,0.0,51.7635,38.0,42.0,47.0,52.0,57.0,61.0,66.0,0.0,17.513,10.0,12.0,15.0,17.0,20.0,23.0,26.0,0.0
fit,2023-04-10,38,19,8788,20.456,1.0,4.0,10.0,17.0,27.0,41.0,59.0,0.0,52.084,38.0,43.0,47.0,52.0,57.0,62.0,67.0,0.0,20.668,12.0,15.0,17.0,20.0,24.0,27.0,30.0,0.0
fit,2023-04-10,39,18,8788,17.634,1.0,3.0,7.0,14.0,24.0,37.0,53.0,0.0,69.6065,54.0,59.0,64.0,69.0,75.0,80.0,87.0,0.0,17.9555,10.0,13.0,15.0,18.0,21.0,24.0,27.0,0.0
fit,2023-04-17,0,24,9147,31.6885,5.0,10.0,17.0,28.0,42.0,58.0,77.02499999999986,0.0,16.603,9.0,12.0,14.0,16.0,19.0,22.0,25.0,0.0,32.0235,22.0,25.0,28.0,32.0,36.0,39.0,44.0,0.0
fit,2023-04-17,1,16,9147,19.8165,1.0,4.0,8.0,16.0,27.0,40.0,58.0,0.0,51.542,38.0,42.0,47.0,51.0,56.0,61.0,66.0,0.0,19.659,11.0,14.0,16.0,19.0,23.0,26.0,29.0,0.0
fit,2023-04-17,2,42,9147,23.462,3.0,6.0,11.0,20.0,32.0,46.100000000000136,64.02499999999986,0.0,72.9505,56.0,62.0,67.0,73.0,79.0,84.0,90.0,0.0,23.8235,14.0,18.0,20.0,24.0,27.0,30.0,34.0,0.0
fit,2023-04-17,3,181,9147,166.9345,89.975,112.0,134.0,164.0,194.0,229.0,263.0499999999997,0.0,303.916,270.0,281.0,293.0,304.0,315.0,325.10000000000014,338.0,0.0,167.94,142.0,151.9,159.0,168.0,176.0,185.0,193.0,0.0
fit,2023-04-17,4,126,9147,133.9125,68.0,85.0,104.0,130.0,159.0,188.0,224.02499999999986,0.0,113.994,94.0,100.0,107.0,114.0,121.0,127.0,136.0,0.0,134.858,113.0,120.9,127.0,135.0,143.0,149.0,156.02499999999986,0.0
fit,2023-04-17,5,84,9147,12.845,0.0,1.0,4.0,9.0,18.0,29.100000000000136,48.0,0.0,81.4285,65.0,70.0,75.0,81.0,87.0,93.0,100.0,0.0,12.0765,6.0,8.0,10.0,12.0,14.0,17.0,20.0,0.0
fit,2023-04-17,6,274,9147,152.9745,80.0,101.0,121.0,150.0,180.0,210.10000000000014,246.0,0.0,118.1425,98.0,105.0,111.0,118.0,125.0,132.0,139.0,0.0,153.3645,130.0,138.0,145.0,153.0,161.0,169.0,179.0,0.0
fit,2023-04-17,7,215,9147,131.835,63.975,82.9,103.0,128.0,158.0,184.0,217.02499999999986,0.0,98.9125,80.0,86.0,92.0,99.0,106.0,112.0,119.0,0.0,130.844,108.0,116.0,123.0,131.0,138.0,146.0,154.0,0.0
fit,2023-04-17,8,1096,9147,1156.0965,937.0,1017.0,1078.0,1152.0,1232.25,1303.1000000000001,1376.0,0.0,1026.527,966.0,988.0,1007.0,1026.0,1046.0,1065.0,1083.0,0.0,1157.7145,1097.975,1118.0,1136.0,1157.0,1179.0,1198.0,1220.0249999999999,0.0
fit,2023-04-17,9,17,9147,28.235,3.0,8.0,14.0,25.0,37.0,54.0,75.0,0.0,22.8965,14.0,17.0,20.0,23.0,26.0,29.0,33.0,0.0,28.276,19.0,22.0,25.0,28.0,32.0,35.0,39.0,0.0
fit,2023-04-17,10,59,9147,49.1385,14.0,21.0,32.0,46.0,63.0,80.0,104.0,0.0,78.5685,61.975,67.0,72.0,78.0,84.0,91.0,97.0,0.0,49.775,36.975,41.0,45.0,50.0,55.0,59.0,65.0,0.0
fit,2023-04-17,11,1004,9147,1107.0275,906.975,969.0,1030.0,1106.0,1177.25,1247.0,1336.0249999999999,0.0,833.4435,780.0,799.0,814.0,833.0,852.0,869.1000000000001,888.0,0.0,1102.4525,1037.0,1062.9,1083.0,1103.0,1122.0,1141.0,1163.0249999999999,0.0
fit,2023-04-17,12,916,9147,839.2535,662.0,721.9,773.0,831.0,903.0,965.0,1036.0,0.0,740.7485,691.0,707.0,723.0,740.0,759.0,775.1000000000001,790.0,0.0,840.3995,786.0,805.0,822.0,841.0,859.0,876.0,892.0,0.0
fit,2023-04-17,13,877,9147,969.3755,781.0,841.9,901.0,966.0,1037.25,1099.0,1173.0,0.0,835.341,780.975,801.0,816.0,835.0,854.0,870.0,892.0,0.0,970.7415,912.0,934.0,951.0,970.0,991.0,1009.0,1029.0,0.0
fit,2023-04-17,14,1466,9147,1581.4835,1347.0,1416.0,1493.0,1581.0,1663.0,1745.1000000000001,1844.0,0.0,1513.504,1443.0,1469.0,1488.75,1514.0,1537.0,1561.0,1586.0,0.0,1578.6545,1507.975,1533.0,1553.0,1579.0,1603.0,1624.0,1652.0,0.0
fit,2023-04-17,15,132,9147,49.6045,13.0,22.0,32.0,45.0,64.0,82.10000000000014,109.0,0.0,65.048,50.0,55.0,60.0,65.0,70.0,75.0,81.02499999999986,0.0,48.913,36.0,40.0,44.0,49.0,54.0,58.0,62.024999999999864,0.0
fit,2023-04-17,16,14,9147,21.0625,1.0,5.0,9.0,17.0,29.0,43.0,61.0,0.0,79.6475,62.0,69.0,74.0,80.0,86.0,91.0,97.0,0.0,21.466,13.0,16.0,18.0,21.0,24.0,28.0,31.0,0.0
fit,2023-04-17,17,855,9147,904.8225,716.975,780.0,839.0,901.0,969.0,1031.0,1107.0,0.0,609.371,563.0,579.0,594.0,609.5,625.0,640.0,654.0,0.0,905.6505,850.0,867.0,885.0,905.5,926.0,944.0,963.0,0.0
fit,2023-04-17,18,78,9147,69.974,25.0,36.0,49.0,66.5,88.0,108.0,139.0,0.0,92.49,73.975,80.0,86.0,93.0,99.0,105.0,112.0,0.0,70.26,53.975,60.0,64.0,70.0,76.0,81.0,87.0,0.0
fit,2023-04-17,19,457,9147,383.187,260.0,301.0,338.0,379.0,425.0,472.0,523.0249999999999,0.0,542.1935,500.0,513.0,527.0,542.0,557.0,570.0,586.0,0.0,380.756,344.0,356.0,367.0,381.0,394.0,405.0,419.0,0.0
fit,2023-04-17,20,77,9147,87.8355,36.0,49.0,64.0,84.0,108.0,133.0,157.0,0.0,28.7255,19.0,22.0,25.0,29.0,32.0,35.0,40.0,0.0,87.7715,70.0,75.0,81.0,87.5,94.0,100.0,107.0,0.0
fit,2023-04-17,21,41,9147,66.6685,23.0,33.0,46.0,63.0,83.0,106.0,130.02499999999986,0.0,35.305,25.0,28.0,31.0,35.0,39.0,43.0,48.0,0.0,66.389,51.0,56.0,61.0,66.0,72.0,77.0,83.0,0.0
fit,2023-04-17,22,102,9147,75.9335,30.0,41.0,55.0,72.5,94.0,115.0,142.02499999999986,0.0,110.493,91.0,97.0,103.0,110.0,117.0,124.0,132.0,0.0,77.0935,61.0,66.0,71.0,77.0,83.0,88.0,95.0,0.0
fit,2023-04-17,23,5,9147,46.5685,12.0,20.0,29.0,43.0,59.25,79.0,101.0,0.0,55.082,41.0,46.0,50.0,55.0,60.0,64.0,70.0,0.0,46.704,34.0,38.0,42.0,46.0,51.0,55.0,60.0,0.0
fit,2023-04-17,24,37,9147,29.842,5.0,9.0,17.0,26.0,40.0,54.0,75.0,0.0,82.8195,65.0,71.0,76.0,83.0,89.0,95.0,102.0,0.0,30.1955,19.975,23.0,26.0,30.0,34.0,37.0,42.0,0.0
fit,2023-04-17,25,165,9147,192.985,113.0,136.0,158.0,187.0,224.25,256.10000000000014,291.02499999999986,0.0,122.477,101.0,108.9,115.0,123.0,130.0,137.0,144.0,0.0,193.1145,166.0,175.9,184.0,193.0,202.0,211.0,219.02499999999986,0.0
fit,2023-04-17,26,34,9147,36.62,8.0,13.0,22.0,33.0,47.0,64.0,86.0,0.0,96.4265,77.0,84.0,90.0,96.0,103.0,109.0,117.0,0.0,36.6285,25.0,29.0,33.0,36.0,41.0,45.0,49.0,0.0
fit,2023-04-17,27,41,9147,50.694,14.0,23.0,32.0,47.0,64.0,85.0,110.0,0.0,68.585,53.0,58.0,63.0,69.0,74.0,79.0,85.0,0.0,51.847,38.0,42.0,47.0,52.0,57.0,61.0,67.0,0.0
fit,2023-04-17,28,4,9147,41.1835,9.0,17.0,25.0,37.0,54.0,70.0,96.02499999999986,0.0,59.511,45.0,50.0,54.0,59.0,65.0,69.0,75.0,0.0,41.4195,30.0,34.0,37.0,41.0,46.0,50.0,54.0,0.0
fit,2023-04-17,29,26,9147,35.046,7.0,12.0,20.0,31.0,45.0,63.100000000000136,85.0,0.0,77.984,62.0,67.0,72.0,78.0,84.0,89.0,95.0,0.0,34.9,24.0,27.0,31.0,35.0,39.0,43.0,47.0,0.0
fit,2023-04-17,30,41,9147,52.436,14.975000000000001,24.0,34.0,49.5,67.0,87.0,106.02499999999986,0.0,185.018,159.0,168.0,176.0,185.0,194.0,202.0,211.0,0.0,52.375,39.0,44.0,48.0,52.0,57.0,61.100000000000136,67.0,0.0
fit,2023-04-17,31,61,9147,64.981,21.0,33.0,45.0,61.0,81.0,103.0,124.0,0.0,68.826,53.0,58.900000000000006,63.0,69.0,75.0,80.0,85.0,0.0,65.244,50.0,55.0,60.0,65.0,71.0,76.0,81.0,0.0
fit,2023-04-17,32,12,9147,18.619,1.0,3.0,8.0,15.0,26.0,38.100000000000136,56.0,0.0,77.891,61.0,67.0,72.0,78.0,84.0,89.0,96.0,0.0,18.2915,11.0,13.0,15.0,18.0,21.0,24.0,27.0,0.0
fit,2023-04-17,33,43,9147,22.213,2.0,5.0,10.0,18.0,30.0,45.0,64.02499999999986,0.0,60.196,45.0,50.0,55.0,60.0,66.0,70.10000000000014,77.0,0.0,22.554,14.0,17.0,19.0,22.0,26.0,29.0,32.0,0.0
fit,2023-04-17,34,130,9147,26.2975,3.0,8.0,14.0,23.0,35.0,50.0,70.0,0.0,56.188,42.0,47.0,51.0,56.0,61.0,66.0,71.0,0.0,27.427,17.0,21.0,24.0,27.0,31.0,34.0,38.0,0.0
fit,2023-04-17,35,0,9147,1.9845,0.0,0.0,0.0,0.0,2.0,6.0,16.0,0.0,24.9005,16.0,18.0,21.0,25.0,28.0,31.0,36.0,0.0,2.081,0.0,0.0,1.0,2.0,3.0,4.0,5.0,0.0
fit,2023-04-17,36,343,9147,408.471,282.975,322.0,359.75,406.0,454.0,499.0,546.0749999999996,0.0,458.8675,417.0,432.0,445.0,459.0,473.0,486.0,500.0,0.0,407.413,371.0,382.0,394.0,407.5,421.0,432.0,445.0,0.0
fit,2023-04-17,37,20,9147,16.6535,1.0,3.0,6.0,12.0,23.0,36.0,57.0,0.0,53.5575,41.0,45.0,49.0,53.0,58.0,63.0,68.0,0.0,16.3315,8.0,11.0,14.0,16.0,19.0,21.0,25.0,0.0
fit,2023-04-17,38,14,9147,20.7865,2.0,5.0,9.0,17.0,28.0,42.0,58.024999999999864,0.0,54.209,40.0,45.0,49.0,54.0,59.0,63.0,69.0,0.0,21.1405,13.0,15.0,18.0,21.0,24.0,27.0,31.0,0.0
fit,2023-04-17,39,18,9147,18.4525,1.0,3.0,7.0,15.0,25.0,39.0,57.0,0.0,72.67,56.0,61.0,67.0,73.0,78.0,84.0,90.0,0.0,18.4315,10.0,13.0,16.0,18.0,21.0,24.0,27.0,0.0
fit,2023-04-24,0,16,8520,28.76,4.0,9.0,15.0,25.0,38.0,53.0,74.0,0.0,15.581,8.0,11.0,13.0,15.0,18.0,21.0,24.0,0.0,28.628,18.0,22.0,25.0,28.0,32.0,36.0,39.0,0.0
fit,2023-04-24,1,34,8520,13.4315,0.0,2.0,4.0,10.0,19.0,30.0,46.0,0.0,47.8775,34.0,39.0,43.0,48.0,53.0,57.0,62.0,0.0,13.965,8.0,10.0,11.0,14.0,16.0,19.0,21.0,0.0
fit,2023-04-24,2,7,8520,26.3375,3.0,7.0,14.0,23.0,35.0,50.0,71.0,0.0,68.2335,54.0,58.0,63.0,68.0,74.0,79.0,85.0,0.0,26.252,17.0,20.0,23.0,26.0,30.0,33.0,37.0,0.0
fit,2023-04-24,3,246,8520,165.019,90.0,112.0,134.0,163.0,192.0,221.0,258.0,0.0,282.988,249.0,261.0,271.0,283.0,294.0,304.0,316.0,0.0,164.344,140.0,148.0,156.0,164.0,173.0,180.0,189.0,0.0
fit,2023-04-24,4,101,8520,115.216,56.0,73.0,90.0,112.0,136.0,164.0,195.04999999999973,0.0,105.9335,86.0,93.0,99.0,105.5,113.0,120.0,126.02499999999986,0.0,114.7805,94.0,102.0,108.0,115.0,122.0,128.0,135.0,0.0
fit,2023-04-24,5,32,8520,31.6225,6.0,11.0,18.0,29.0,41.0,56.0,76.0,0.0,75.6575,59.0,64.0,70.0,76.0,81.0,87.0,94.0,0.0,30.9105,20.0,24.0,27.0,31.0,35.0,38.0,42.0,0.0
fit,2023-04-24,6,168,8520,172.405,97.975,121.0,141.0,169.0,199.0,229.10000000000014,267.02499999999986,0.0,109.6125,89.0,96.0,102.0,110.0,116.0,124.0,131.0,0.0,172.3585,147.0,156.0,164.0,172.0,181.0,189.0,198.02499999999986,0.0
fit,2023-04-24,7,90,8520,157.0485,86.0,106.0,125.0,154.0,184.0,213.10000000000014,250.02499999999986,0.0,91.884,73.0,80.0,86.0,92.0,98.0,104.0,111.0,0.0,156.658,133.0,141.0,148.0,156.0,165.0,173.0,182.0,0.0
fit,2023-04-24,8,1106,8520,1060.787,867.975,935.0,992.0,1057.0,1127.0,1185.1000000000001,1264.0249999999999,0.0,957.4515,903.0,921.0,938.0,957.0,977.0,994.0,1014.0,0.0,1058.4325,997.975,1018.0,1039.0,1059.0,1078.0,1098.0,1120.0,0.0
fit,2023-04-24,9,5,8520,16.967,1.0,3.0,7.0,14.0,24.0,35.0,52.0,0.0,21.38,13.0,15.0,18.0,21.0,25.0,27.0,31.0,0.0,17.027,10.0,12.0,14.0,17.0,20.0,22.0,25.0,0.0
fit,2023-04-24,10,31,8520,51.7345,14.0,24.0,34.0,48.0,65.0,84.10000000000014,109.0,0.0,73.2035,57.0,62.0,67.0,73.0,79.0,85.0,90.0,0.0,52.0745,39.0,43.0,47.0,52.0,57.0,61.0,67.0,0.0
fit,2023-04-24,11,962,8520,1014.3145,827.975,890.0,945.0,1012.0,1083.0,1141.0,1202.0249999999999,0.0,776.7615,724.0,743.0,759.0,776.0,795.0,811.0,829.0249999999999,0.0,1014.5655,958.0,976.0,994.0,1014.0,1035.0,1053.0,1074.0,0.0
fit,2023-04-24,12,849,8520,793.1665,626.0,678.0,728.0,792.0,853.0,909.0,980.0249999999999,0.0,689.78,639.0,656.0,672.0,690.0,707.0,723.0,738.0,0.0,794.0245,744.0,760.0,776.0,794.0,811.25,829.0,848.0,0.0
fit,2023-04-24,13,875,8520,855.666,678.0,733.0,791.0,853.0,918.0,980.1000000000001,1044.0,0.0,777.054,727.0,744.0,759.0,777.0,794.25,810.0,832.0249999999999,0.0,856.304,802.0,822.9,838.0,856.0,875.0,892.0,910.0249999999999,0.0
fit,2023-04-24,14,1665,8520,1461.394,1247.0,1313.9,1382.75,1460.0,1538.25,1612.1000000000001,1687.0749999999996,0.0,1410.921,1342.0,1365.0,1388.0,1411.0,1435.0,1457.0,1475.0,0.0,1460.757,1392.975,1415.0,1437.0,1460.0,1485.0,1506.0,1529.0,0.0
fit,2023-04-24,15,64,8520,68.6755,26.0,36.0,48.0,66.0,84.0,104.0,135.0,0.0,60.3605,46.0,50.0,55.0,60.0,66.0,70.0,75.0,0.0,68.097,52.975,57.0,62.0,68.0,73.0,79.0,85.0,0.0
fit,2023-04-24,16,4,8520,17.5815,1.0,3.0,7.0,14.0,24.0,37.0,54.024999999999864,0.0,73.815,57.0,63.0,68.0,74.0,80.0,85.0,91.0,0.0,17.7905,10.0,12.0,15.0,17.5,21.0,24.0,27.0,0.0
fit,2023-04-24,17,808,8520,806.7755,639.0,696.0,748.0,805.0,862.0,925.0,988.0249999999999,0.0,567.038,523.0,537.0,552.0,568.0,582.0,596.0,612.0,0.0,807.4745,756.0,773.0,789.0,807.0,825.0,843.0,859.0,0.0
fit,2023-04-24,18,54,8520,65.882,23.0,34.0,46.0,62.0,81.0,103.0,129.02499999999986,0.0,86.328,68.0,74.0,80.0,86.5,92.0,98.0,105.0,0.0,65.8305,50.0,55.0,60.0,66.0,71.0,76.0,83.0,0.0
fit,2023-04-24,19,378,8520,383.0625,264.0,303.0,338.0,380.0,422.0,470.0,525.0,0.0,505.324,463.0,477.0,490.0,505.0,520.0,533.0,548.0249999999999,0.0,383.974,348.0,359.0,370.0,384.0,397.0,409.0,423.0,0.0
fit,2023-04-24,20,18,8520,96.113,43.0,57.0,72.0,92.5,116.0,141.0,167.02499999999986,0.0,27.023,17.0,21.0,24.0,27.0,30.0,34.0,37.024999999999864,0.0,97.494,79.0,85.0,91.0,98.0,104.0,110.0,117.0,0.0
fit,2023-04-24,21,17,8520,58.4775,18.0,28.0,39.0,55.0,74.0,93.0,118.0,0.0,32.662,22.0,25.0,29.0,33.0,36.0,40.0,44.0,0.0,56.775,43.0,47.0,52.0,57.0,62.0,66.0,72.0,0.0
fit,2023-04-24,22,38,8520,78.007,32.0,44.0,56.0,74.0,95.0,117.0,145.0,0.0,102.345,83.0,90.0,95.0,102.0,109.0,116.0,123.0,0.0,79.4005,62.0,68.0,73.0,79.0,85.0,91.0,97.0,0.0
fit,2023-04-24,23,10,8520,28.626,5.0,9.0,16.0,25.0,38.0,53.0,74.0,0.0,51.315,38.0,42.0,47.0,51.0,56.0,61.0,66.0,0.0,27.9785,18.0,21.0,24.0,28.0,32.0,35.0,39.0,0.0
fit,2023-04-24,24,12,8520,31.54,6.0,11.0,18.0,28.0,42.0,57.100000000000136,74.0,0.0,77.403,61.0,67.0,71.75,77.0,83.0,88.0,95.0,0.0,31.7285,21.0,24.0,28.0,32.0,35.0,39.0,43.024999999999864,0.0
fit,2023-04-24,25,185,8520,172.609,98.975,122.0,143.0,168.0,198.0,226.10000000000014,266.02499999999986,0.0,113.567,93.0,100.0,106.0,114.0,121.0,128.0,135.0,0.0,174.323,148.0,158.0,165.0,174.0,183.0,191.0,200.0,0.0
fit,2023-04-24,26,29,8520,33.072,6.0,12.0,19.0,29.0,44.0,57.0,78.02499999999986,0.0,89.8905,72.0,78.0,84.0,90.0,96.0,102.0,108.0,0.0,33.138,22.0,26.0,29.0,33.0,37.0,41.0,45.0,0.0
fit,2023-04-24,27,26,8520,47.293,13.0,21.0,30.0,43.0,60.0,80.0,104.0,0.0,64.072,49.0,54.0,59.0,64.0,69.0,74.0,80.0,0.0,47.275,33.0,38.0,43.0,47.0,52.0,56.0,61.0,0.0
fit,2023-04-24,28,2,8520,12.3795,0.0,1.0,4.0,9.0,17.0,28.0,42.024999999999864,0.0,55.713,42.0,46.0,50.75,56.0,61.0,65.0,71.0,0.0,12.3505,6.0,8.0,10.0,12.0,15.0,17.0,20.0,0.0
fit,2023-04-24,29,42,8520,30.677,5.0,11.0,17.0,27.0,40.0,55.0,74.0,0.0,73.1425,57.0,62.0,67.0,73.0,79.0,85.0,90.0,0.0,30.57,20.0,24.0,27.0,30.0,34.0,38.0,42.0,0.0
fit,2023-04-24,30,70,8520,46.47,13.0,21.0,30.0,43.5,59.0,75.0,103.0,0.0,171.963,148.0,156.0,163.0,171.0,181.0,188.0,197.0,0.0,46.605,33.0,38.0,42.0,46.0,51.0,56.0,61.0,0.0
fit,2023-04-24,31,3,8520,74.6125,28.975,42.0,54.0,71.0,92.0,112.0,141.0,0.0,64.108,49.0,54.0,59.0,64.0,69.0,74.0,80.0,0.0,74.5825,58.0,63.0,68.0,74.0,81.0,86.0,93.0,0.0
fit,2023-04-24,32,8,8520,10.1475,0.0,0.9000000000000057,2.0,7.0,14.0,25.0,40.0,0.0,72.4895,56.0,62.0,67.0,72.0,78.0,83.0,91.0,0.0,10.1915,4.0,6.0,8.0,10.0,12.0,14.0,17.0,0.0
fit,2023-04-24,33,28,8520,27.0295,4.0,8.0,14.0,23.0,36.0,51.0,70.0,0.0,56.469,43.0,47.0,51.0,56.0,61.0,66.0,71.02499999999986,0.0,26.3725,17.0,20.0,23.0,26.0,30.0,33.0,37.0,0.0
fit,2023-04-24,34,32,8520,52.362,16.0,25.0,35.0,49.0,66.0,84.0,109.0,0.0,51.989,38.0,43.0,47.0,52.0,57.0,62.0,66.0,0.0,51.887,38.0,43.0,47.0,51.0,57.0,62.0,67.0,0.0
fit,2023-04-24,35,6,8520,1.0535,0.0,0.0,0.0,0.0,0.0,3.0,10.0,0.0,23.0745,14.0,17.0,20.0,23.0,26.0,29.0,33.0,0.0,1.2315,0.0,0.0,0.0,1.0,2.0,3.0,4.0,0.0
fit,2023-04-24,36,456,8520,360.617,246.975,284.0,314.0,357.0,402.0,443.0,487.0,0.0,427.3935,386.975,402.0,414.0,427.0,441.0,454.0,468.0,0.0,360.2695,324.0,336.0,348.0,360.0,372.0,385.0,399.0,0.0
fit,2023-04-24,37,11,8520,17.855,1.0,4.0,7.0,14.0,24.0,37.0,54.0,0.0,49.9445,37.0,41.0,45.0,50.0,54.0,59.0,64.0,0.0,18.075,10.0,13.0,15.0,18.0,21.0,23.0,27.0,0.0
fit,2023-04-24,38,17,8520,18.7,1.0,4.0,8.0,15.0,25.0,39.0,59.0,0.0,50.398,37.0,41.0,46.0,50.0,55.0,59.0,65.0,0.0,18.937,11.0,13.0,16.0,19.0,22.0,25.0,27.0,0.0
fit,2023-04-24,39,15,8520,16.5125,1.0,3.0,7.0,13.0,23.0,34.0,51.024999999999864,0.0,67.8535,52.0,58.0,62.0,68.0,73.0,78.0,84.0,0.0,16.5675,9.0,12.0,14.0,16.0,19.0,22.0,25.0,0.0
fit,2023-05-01,0,24,8683,27.711,4.0,8.0,15.0,24.0,37.0,51.0,69.02499999999986,0.0,15.9965,9.0,11.0,13.0,16.0,18.0,21.0,24.0,0.0,27.8905,18.0,21.0,24.0,28.0,31.0,35.0,39.0,0.0
fit,2023-05-01,1,56,8683,20.1735,1.0,5.0,9.0,17.0,27.0,41.0,60.0,0.0,48.909,36.0,40.0,44.0,49.0,54.0,58.0,63.0,0.0,20.236,12.0,15.0,17.0,20.0,23.0,26.0,29.0,0.0
fit,2023-05-01,2,20,8683,23.276,2.0,6.0,11.0,20.0,32.0,45.0,63.024999999999864,0.0,69.247,54.0,59.0,63.0,69.0,75.0,80.0,86.02499999999986,0.0,23.551,14.0,17.0,20.0,23.0,27.0,30.0,33.0,0.0
fit,2023-05-01,3,198,8683,185.0085,107.0,128.0,154.0,183.0,212.0,243.0,281.02499999999986,0.0,288.9575,257.0,267.0,278.0,289.0,300.0,311.10000000000014,323.0,0.0,183.4485,158.0,166.0,174.0,183.0,193.0,200.0,209.02499999999986,0.0
fit,2023-05-01,4,167,8683,112.3735,53.975,69.0,86.0,108.5,135.0,161.0,193.02499999999986,0.0,108.2145,89.0,95.0,101.0,108.0,115.0,122.0,129.02499999999986,0.0,113.2135,93.0,99.0,106.0,113.0,121.0,127.0,134.0,0.0
fit,2023-05-01,5,3,8683,37.649,8.0,14.0,22.0,34.0,49.0,66.0,88.02499999999986,0.0,77.0065,61.0,66.0,71.0,77.0,83.0,88.0,94.0,0.0,37.6375,26.0,30.0,34.0,37.0,42.0,45.0,50.0,0.0
fit,2023-05-01,6,148,8683,180.468,102.0,126.0,148.0,177.0,208.0,240.0,277.0,0.0,111.81,92.0,99.0,105.0,112.0,119.0,125.0,133.0,0.0,181.888,157.0,165.0,173.0,182.0,191.0,199.0,208.02499999999986,0.0
fit,2023-05-01,7,88,8683,155.721,84.0,105.0,127.0,152.0,182.0,210.0,243.02499999999986,0.0,93.4555,75.0,81.0,87.0,93.0,100.0,106.0,112.02499999999986,0.0,154.6645,132.0,139.0,146.0,154.0,163.0,171.0,179.0,0.0
fit,2023-05-01,8,1219,8683,1054.016,865.0,926.0,981.75,1049.5,1124.0,1188.1000000000001,1257.0249999999999,0.0,975.383,920.0,937.9,956.0,976.0,995.0,1013.0,1033.0,0.0,1058.541,1000.0,1020.0,1038.0,1058.0,1079.0,1098.0,1120.0,0.0
fit,2023-05-01,9,8,8683,14.882,0.0,2.0,5.0,11.0,21.0,32.0,48.024999999999864,0.0,21.8005,13.0,16.0,18.0,22.0,25.0,28.0,31.0,0.0,14.809,8.0,10.0,12.0,15.0,17.0,20.0,23.0,0.0
fit,2023-05-01,10,22,8683,49.703,13.0,22.0,32.0,46.0,63.0,82.0,105.02499999999986,0.0,74.5065,58.0,64.0,69.0,74.0,80.0,86.0,91.0,0.0,48.884,36.0,40.0,44.0,49.0,54.0,58.0,62.0,0.0
fit,2023-05-01,11,944,8683,983.0945,795.975,854.0,909.0,980.0,1054.0,1118.0,1184.0249999999999,0.0,791.185,738.0,757.9,773.75,790.0,809.0,825.0,845.0,0.0,988.0995,932.0,950.0,968.0,988.0,1008.25,1027.0,1047.0,0.0
fit,2023-05-01,12,886,8683,824.333,654.0,711.0,762.0,819.0,884.0,942.0,1013.0,0.0,702.306,651.975,669.0,685.0,701.0,720.25,736.0,751.0,0.0,821.2805,769.0,785.0,802.0,822.0,840.0,857.0,873.0249999999999,0.0
fit,2023-05-01,13,992,8683,871.949,699.975,750.0,806.75,868.0,935.0,1000.0,1073.0,0.0,793.0265,739.0,758.0,774.0,793.0,811.0,827.0,846.0,0.0,871.482,815.0,836.0,853.0,871.0,891.0,907.0,926.0,0.0
fit,2023-05-01,14,1570,8683,1586.904,1350.0,1426.9,1507.0,1586.0,1667.0,1743.0,1837.0249999999999,0.0,1437.327,1368.0,1391.0,1413.0,1438.0,1462.0,1481.0,1505.0,0.0,1584.7365,1516.0,1540.0,1561.0,1584.0,1607.0,1631.0,1658.0,0.0
fit,2023-05-01,15,3,8683,78.541,30.0,43.0,56.0,76.0,96.0,117.0,148.0,0.0,61.7655,47.0,52.0,56.0,61.0,67.0,72.0,78.02499999999986,0.0,77.8845,60.0,67.0,72.0,78.0,84.0,89.0,95.0,0.0
fit,2023-05-01,16,9,8683,16.0165,1.0,3.0,6.0,13.0,22.0,34.0,52.0,0.0,75.3655,59.0,65.0,69.0,75.0,81.0,87.0,93.0,0.0,16.3325,9.0,11.0,13.0,16.0,19.0,22.0,25.0,0.0
fit,2023-05-01,17,886,8683,821.618,652.95,707.0,757.0,818.0,884.0,942.0,1002.0249999999999,0.0,578.9085,533.0,549.0,563.0,579.0,595.0,609.0,625.0,0.0,821.614,768.975,789.0,804.0,822.0,840.0,855.0,873.0,0.0
fit,2023-05-01,18,77,8683,64.074,21.0,33.0,44.0,60.0,79.0,100.0,128.0,0.0,87.736,70.0,75.0,81.0,88.0,94.0,100.0,106.0,0.0,63.4745,49.0,53.900000000000006,58.0,63.0,69.0,73.10000000000014,79.02499999999986,0.0
fit,2023-05-01,19,450,8683,401.8865,285.0,318.0,354.0,399.0,446.0,492.0,533.0749999999996,0.0,514.521,472.0,486.0,500.0,515.0,529.0,542.0,559.0,0.0,402.292,365.0,377.0,388.0,402.0,415.0,429.0,441.0,0.0
fit,2023-05-01,20,5,8683,77.2355,30.0,42.900000000000006,56.0,74.0,94.0,115.0,148.0,0.0,27.309,17.975,21.0,24.0,27.0,31.0,34.0,38.0,0.0,77.3,61.0,66.0,71.0,77.0,83.0,88.0,96.0,0.0
fit,2023-05-01,21,26,8683,40.835,9.0,17.0,25.0,37.0,52.0,70.0,94.0,0.0,33.3965,22.0,26.0,29.0,33.0,37.0,41.0,46.0,0.0,40.562,29.0,33.0,36.0,40.0,45.0,49.0,53.0,0.0
fit,2023-05-01,22,68,8683,75.0145,28.0,41.0,54.0,72.0,92.0,115.0,142.0,0.0,104.314,84.0,91.0,98.0,104.0,111.0,117.0,123.0,0.0,74.727,58.975,64.0,69.0,75.0,80.0,86.0,94.0,0.0
fit,2023-05-01,23,2,8683,17.6115,1.0,3.0,7.0,14.0,25.0,36.0,52.024999999999864,0.0,51.8925,38.0,43.0,47.0,52.0,57.0,61.0,67.0,0.0,16.96,9.0,12.0,14.0,17.0,20.0,22.0,25.0,0.0
fit,2023-05-01,24,30,8683,29.298,4.0,9.0,15.0,26.0,39.0,52.0,78.0,0.0,78.5275,62.0,67.0,73.0,78.0,85.0,90.0,96.0,0.0,29.4465,20.0,23.0,25.0,29.0,33.0,37.0,41.0,0.0
fit,2023-05-01,25,127,8683,181.443,104.975,125.0,148.0,176.5,212.0,242.0,282.0,0.0,116.2235,96.0,102.9,109.0,116.0,124.0,130.0,137.0,0.0,181.392,155.0,164.0,172.0,182.0,190.0,199.0,208.0,0.0
fit,2023-05-01,26,21,8683,35.3705,7.0,13.0,21.0,32.0,46.0,62.0,81.0,0.0,91.658,74.0,80.0,85.0,91.0,98.0,104.0,110.02499999999986,0.0,36.158,25.0,29.0,32.0,36.0,40.0,44.0,48.0,0.0
fit,2023-05-01,27,20,8683,41.596,9.0,17.0,25.0,38.0,54.0,71.0,93.0,0.0,65.209,49.0,55.0,60.0,65.0,71.0,76.0,81.0,0.0,41.2025,30.0,33.0,37.0,41.0,45.0,50.0,54.0,0.0
fit,2023-05-01,28,4,8683,3.252,0.0,0.0,0.0,1.0,4.0,10.0,21.0,0.0,56.729,42.975,47.0,51.0,57.0,62.0,67.0,72.0,0.0,3.46,0.0,1.0,2.0,3.0,5.0,6.0,8.0,0.0
fit,2023-05-01,29,30,8683,36.266,7.975000000000001,13.0,22.0,33.0,47.0,64.0,83.0,0.0,73.8775,57.0,63.0,68.0,74.0,79.0,85.0,91.0,0.0,36.2365,25.0,29.0,32.0,36.0,40.0,44.0,49.0,0.0
fit,2023-05-01,30,65,8683,48.8575,14.0,22.0,32.0,46.0,62.0,79.0,104.0,0.0,175.965,151.0,160.0,167.0,176.0,184.0,194.0,202.0,0.0,49.589,36.0,41.0,45.0,49.5,54.0,59.0,64.0,0.0
fit,2023-05-01,31,0,8683,58.075,18.0,29.0,39.0,54.0,72.25,94.0,117.02499999999986,0.0,65.231,50.0,55.0,60.0,65.0,71.0,75.0,82.0,0.0,58.0495,44.0,49.0,53.0,58.0,63.0,68.0,73.0,0.0
fit,2023-05-01,32,3,8683,8.3715,0.0,0.0,2.0,5.0,12.0,22.0,35.0,0.0,73.872,57.0,63.0,68.0,74.0,79.0,85.0,91.0,0.0,8.59,3.0,5.0,7.0,8.0,10.0,12.0,15.0,0.0
fit,2023-05-01,33,2,8683,29.515,4.0,9.0,16.0,25.0,38.0,56.0,78.0,0.0,57.553,42.0,48.0,52.0,57.0,62.0,67.0,74.0,0.0,29.524,19.0,23.0,26.0,29.0,33.0,36.0,40.0,0.0
fit,2023-05-01,34,1,8683,58.804,18.0,29.0,40.0,55.0,73.0,94.0,116.0,0.0,53.1705,40.0,44.0,48.0,53.0,58.0,63.0,68.0,0.0,58.246,43.0,49.0,53.0,58.0,63.0,68.0,74.0,0.0
fit,2023-05-01,35,0,8683,2.0395,0.0,0.0,0.0,0.0,2.0,6.0,16.024999999999864,0.0,23.898,15.0,18.0,20.0,24.0,27.0,30.0,34.0,0.0,1.995,0.0,0.0,1.0,2.0,3.0,4.0,5.0,0.0
fit,2023-05-01,36,429,8683,379.381,259.975,292.0,333.0,376.0,423.0,468.0,512.0,0.0,435.366,396.0,409.0,422.0,435.0,449.0,461.0,476.02499999999986,0.0,378.0955,340.0,354.0,365.0,378.0,391.0,402.10000000000014,415.0,0.0
fit,2023-05-01,37,59,8683,16.4005,0.0,3.0,6.0,13.0,22.0,35.0,51.0,0.0,50.95,37.0,42.0,46.0,51.0,56.0,60.0,66.0,0.0,15.905,8.0,11.0,13.0,16.0,19.0,21.0,24.0,0.0
fit,2023-05-01,38,8,8683,17.8915,1.0,3.0,7.0,14.0,24.0,38.0,54.024999999999864,0.0,51.34,38.0,42.0,46.0,51.0,56.0,61.0,66.0,0.0,17.473,10.0,12.0,15.0,17.0,20.0,23.0,26.0,0.0
fit,2023-05-01,39,13,8683,16.3445,0.0,2.0,6.0,13.0,22.0,35.0,55.024999999999864,0.0,69.0905,53.0,58.0,63.0,69.0,75.0,80.0,86.0,0.0,16.129,9.0,11.0,13.0,16.0,19.0,21.0,24.0,0.0
fit,2023-05-08,0,52,9817,26.8245,3.0,8.0,13.0,23.0,36.0,51.0,71.02499999999986,0.0,17.942,10.0,13.0,15.0,18.0,21.0,23.0,27.0,0.0,27.1905,17.0,21.0,24.0,27.0,31.0,34.0,38.0,0.0
fit,2023-05-08,1,173,9817,34.7975,4.0,12.0,20.0,31.0,46.0,65.0,87.0,0.0,55.054,41.0,46.0,50.0,55.0,60.0,65.0,69.0,0.0,33.937,23.0,27.0,30.0,34.0,38.0,41.0,46.0,0.0
fit,2023-05-08,2,11,9817,26.772,3.0,8.0,13.0,23.0,36.25,51.0,73.02499999999986,0.0,78.024,60.0,67.0,72.0,78.0,84.0,89.0,96.0,0.0,26.501,17.0,20.0,23.0,26.0,30.0,33.0,37.0,0.0
fit,2023-05-08,3,259,9817,214.2745,125.0,150.0,177.0,211.0,248.0,281.0,328.02499999999986,0.0,326.6925,293.0,303.0,314.0,327.0,339.0,349.0,362.0,0.0,214.2365,187.0,196.0,204.0,214.0,224.0,233.0,243.0,0.0
fit,2023-05-08,4,148,9817,139.9745,71.0,91.0,110.0,137.0,165.0,193.0,232.0,0.0,122.655,101.0,108.0,115.0,123.0,130.0,137.0,145.0,0.0,138.568,115.0,124.0,130.0,138.0,147.0,154.0,161.0,0.0
fit,2023-05-08,5,104,9817,37.466,7.0,13.0,21.0,34.0,50.0,66.0,91.02499999999986,0.0,87.1255,70.0,75.0,81.0,87.0,93.0,99.0,106.0,0.0,37.9905,27.0,30.0,34.0,38.0,42.0,46.0,50.0,0.0
fit,2023-05-08,6,267,9817,210.9905,119.975,148.0,174.0,206.0,242.0,283.0,325.0499999999997,0.0,126.5725,105.0,112.0,119.0,126.0,134.0,141.0,149.0,0.0,210.2105,184.0,192.0,201.0,210.0,219.0,229.0,237.0,0.0
fit,2023-05-08,7,43,9817,151.91,76.0,97.0,120.0,149.0,181.0,213.0,247.0,0.0,105.949,86.0,93.0,99.0,106.0,113.0,120.0,128.0,0.0,150.6545,128.0,135.0,143.0,150.0,159.0,166.0,174.02499999999986,0.0
fit,2023-05-08,8,1211,9817,1266.0015,1032.975,1116.0,1184.0,1261.5,1345.0,1424.1000000000001,1501.0749999999996,0.0,1101.7435,1041.0,1062.0,1080.0,1101.0,1123.25,1144.0,1163.0,0.0,1261.7095,1194.0,1219.0,1239.0,1261.5,1285.0,1306.1000000000001,1325.0,0.0
fit,2023-05-08,9,32,9817,12.8345,0.0,1.0,4.0,9.0,18.0,31.0,48.0,0.0,24.6225,16.0,18.0,21.0,24.0,28.0,31.0,35.0,0.0,12.506,6.0,8.0,10.0,12.0,15.0,17.0,20.0,0.0
fit,2023-05-08,10,57,9817,42.7355,9.975000000000001,16.0,25.0,39.0,56.0,73.0,101.02499999999986,0.0,84.6085,67.0,73.0,78.0,85.0,91.0,96.0,103.0,0.0,43.314,31.0,35.0,39.0,43.0,48.0,51.0,56.0,0.0
fit,2023-05-08,11,970,9817,1079.995,874.975,940.0,1002.0,1071.0,1159.0,1227.0,1305.0499999999997,0.0,894.7095,836.0,858.0,876.0,894.0,914.0,932.0,950.0,0.0,1077.5955,1017.0,1038.0,1058.0,1077.0,1099.0,1116.0,1136.0,0.0
fit,2023-05-08,12,903,9817,954.169,760.95,820.0,880.75,951.0,1023.0,1090.0,1168.0,0.0,794.3405,738.0,759.9,776.0,794.0,812.0,830.0,850.0,0.0,960.2715,903.0,923.0,941.0,959.5,979.0,998.0,1021.0,0.0
fit,2023-05-08,13,887,9817,1024.6015,827.975,889.0,945.0,1023.0,1096.0,1163.0,1244.0499999999997,0.0,896.467,843.0,860.0,877.0,897.0,916.0,932.0,950.0,0.0,1026.36,966.975,989.0,1006.0,1026.0,1047.0,1064.0,1086.0,0.0
fit,2023-05-08,14,1687,9817,1791.5355,1522.0,1610.0,1690.0,1788.0,1888.0,1970.0,2080.0,0.0,1624.7695,1550.0,1578.0,1601.0,1624.0,1650.0,1672.0,1699.0,0.0,1792.821,1717.975,1747.0,1768.75,1792.0,1818.0,1840.0,1866.0249999999999,0.0
fit,2023-05-08,15,224,9817,72.2265,25.0,37.900000000000006,51.0,67.0,90.0,111.0,145.0,0.0,70.018,53.0,59.0,64.0,70.0,76.0,81.0,87.0,0.0,71.4955,55.0,61.0,66.0,71.0,77.0,82.10000000000014,89.0,0.0
fit,2023-05-08,16,7,9817,13.464,0.0,1.0,4.0,9.0,19.0,32.0,50.0,0.0,85.4075,67.0,74.0,79.0,85.0,92.0,98.0,104.0,0.0,13.5565,7.0,9.0,11.0,13.0,16.0,18.0,21.0,0.0
fit,2023-05-08,17,999,9817,931.021,736.925,803.9,860.75,924.5,998.25,1069.0,1144.0749999999996,0.0,653.3905,606.0,623.0,637.0,652.0,670.0,685.0,701.0249999999999,0.0,931.0175,874.0,895.0,912.0,931.0,950.0,968.0,987.0249999999999,0.0
fit,2023-05-08,18,80,9817,75.9045,25.0,39.0,53.0,71.0,93.0,120.0,152.0,0.0,99.354,81.0,87.0,93.0,99.0,106.0,112.0,119.0,0.0,75.7645,59.0,65.0,70.0,75.0,82.0,87.0,93.02499999999986,0.0
fit,2023-05-08,19,367,9817,473.2935,340.975,378.0,420.0,469.0,522.0,570.0,634.0,0.0,582.5365,535.0,552.0,566.0,582.0,599.0,614.0,630.0249999999999,0.0,472.06,430.0,444.9,457.0,472.0,486.0,500.0,515.0249999999999,0.0
fit,2023-05-08,20,38,9817,60.646,19.0,28.0,40.0,56.5,77.0,98.0,123.0,0.0,30.807,20.0,24.0,27.0,31.0,35.0,38.0,42.0,0.0,60.691,46.0,51.0,55.0,61.0,66.0,71.0,76.0,0.0
fit,2023-05-08,21,64,9817,36.3925,7.0,13.0,20.0,32.5,49.0,66.0,85.02499999999986,0.0,37.871,26.0,30.0,34.0,38.0,42.0,46.0,50.0,0.0,36.418,26.0,29.0,32.0,36.0,40.0,44.0,49.0,0.0
fit,2023-05-08,22,85,9817,80.6065,31.0,41.900000000000006,58.0,77.0,100.0,124.0,151.02499999999986,0.0,118.726,98.0,105.0,111.0,118.0,126.0,133.0,140.0,0.0,79.7565,62.0,68.0,74.0,80.0,86.0,92.0,98.0,0.0
fit,2023-05-08,23,17,9817,7.587,0.0,0.0,1.0,4.0,10.0,20.0,35.024999999999864,0.0,59.142,44.0,50.0,54.0,59.0,64.0,69.0,74.0,0.0,7.553,3.0,4.0,6.0,7.0,9.0,11.0,13.0,0.0
fit,2023-05-08,24,61,9817,33.479,6.0,12.0,18.0,29.0,44.0,62.0,84.0,0.0,89.072,70.975,77.0,82.0,89.0,95.0,101.0,108.0,0.0,33.221,22.0,26.0,29.0,33.0,37.0,41.0,45.0,0.0
fit,2023-05-08,25,213,9817,189.85,102.975,129.0,155.0,186.0,218.0,255.0,299.02499999999986,0.0,130.796,108.0,116.0,123.0,131.0,139.0,146.0,153.02499999999986,0.0,189.745,164.0,172.0,181.0,189.0,199.0,207.0,216.02499999999986,0.0
fit,2023-05-08,26,39,9817,34.2735,5.975000000000001,11.0,19.0,30.0,46.0,61.0,87.0,0.0,103.0375,84.0,90.0,96.0,103.0,110.0,116.0,123.0,0.0,34.5035,23.0,27.0,30.0,34.0,38.0,42.0,47.0,0.0
fit,2023-05-08,27,72,9817,38.019,7.0,13.900000000000006,22.0,35.0,50.0,68.0,91.0,0.0,73.7185,58.0,63.0,68.0,74.0,79.0,85.0,90.0,0.0,37.874,26.0,30.0,34.0,38.0,42.0,46.0,50.0,0.0
fit,2023-05-08,28,13,9817,4.4685,0.0,0.0,0.0,1.0,5.0,13.100000000000136,29.0,0.0,64.1905,49.0,54.0,59.0,64.0,70.0,75.0,80.0,0.0,4.465,1.0,2.0,3.0,4.0,6.0,7.0,9.0,0.0
fit,2023-05-08,29,30,9817,42.896,9.0,17.0,26.0,39.0,56.0,74.0,99.02499999999986,0.0,83.801,66.0,72.0,78.0,84.0,90.0,96.0,102.0,0.0,43.5985,31.0,35.0,39.0,43.0,48.0,52.0,57.0,0.0
fit,2023-05-08,30,78,9817,60.935,19.0,29.0,41.0,58.0,77.0,97.10000000000014,123.0,0.0,198.281,171.0,180.0,188.0,198.0,208.0,217.0,226.0,0.0,60.3475,46.0,51.0,55.0,60.0,65.0,70.0,75.0,0.0
fit,2023-05-08,31,1,9817,45.473,10.0,18.0,27.75,41.0,59.0,78.0,105.02499999999986,0.0,73.8565,57.975,63.0,68.0,74.0,79.0,85.0,91.0,0.0,45.618,33.0,37.0,41.0,45.0,50.0,54.0,60.0,0.0
fit,2023-05-08,32,13,9817,8.439,0.0,0.0,1.0,5.0,12.0,22.0,35.0,0.0,83.36,67.0,72.0,77.0,83.0,89.0,95.0,101.02499999999986,0.0,8.3015,3.0,5.0,6.0,8.0,10.0,12.0,14.0,0.0
fit,2023-05-08,33,45,9817,28.2605,3.0,8.0,14.0,24.0,38.0,54.0,77.02499999999986,0.0,64.786,50.0,54.900000000000006,59.0,65.0,70.0,75.10000000000014,81.0,0.0,27.69,18.0,21.0,24.0,27.0,31.0,35.0,39.0,0.0
fit,2023-05-08,34,157,9817,53.5015,16.0,24.0,35.0,50.0,69.0,88.0,110.02499999999986,0.0,60.219,46.0,51.0,55.0,60.0,65.0,70.0,76.02499999999986,0.0,54.047,40.0,45.0,49.0,54.0,59.0,63.0,69.0,0.0
fit,2023-05-08,35,0,9817,2.0205,0.0,0.0,0.0,0.0,1.0,6.0,17.0,0.0,26.7085,17.0,20.0,23.0,26.0,30.0,33.0,37.024999999999864,0.0,1.952,0.0,0.0,1.0,2.0,3.0,4.0,5.0,0.0
fit,2023-05-08,36,319,9817,443.996,311.0,353.0,391.0,440.5,493.0,541.0,596.0,0.0,492.7675,449.975,465.0,478.0,493.0,508.0,521.0,537.0,0.0,447.772,408.0,421.0,434.0,448.0,461.0,474.0,487.02499999999986,0.0
fit,2023-05-08,37,16,9817,31.071,4.0,10.0,17.0,27.0,41.0,56.100000000000136,79.02499999999986,0.0,57.403,43.0,48.0,52.0,57.0,62.0,67.0,73.0,0.0,30.803,21.0,24.0,27.0,31.0,34.0,38.0,42.0,0.0
fit,2023-05-08,38,27,9817,16.5,0.0,3.0,6.0,13.0,22.0,35.100000000000136,56.0,0.0,58.1495,43.0,48.0,53.0,58.0,63.0,68.0,73.0,0.0,16.5405,9.0,12.0,14.0,16.0,19.0,22.0,25.0,0.0
fit,2023-05-08,39,48,9817,17.794,1.0,3.0,7.0,14.0,24.25,38.0,57.0,0.0,78.3255,61.0,67.0,72.0,78.0,84.0,89.0,97.0,0.0,18.343,11.0,13.0,15.0,18.0,21.0,24.0,27.0,0.0
fit,2023-05-15,0,8,8810,28.6705,3.0,8.0,15.0,25.0,39.0,54.0,74.0,0.0,16.1175,9.0,11.0,13.0,16.0,19.0,21.0,25.0,0.0,28.526,18.0,22.0,25.0,28.0,32.0,35.0,39.0,0.0
fit,2023-05-15,1,268,8810,66.8075,23.0,34.0,48.0,64.0,83.0,103.0,129.0,0.0,49.883,37.0,41.0,45.0,50.0,55.0,59.0,64.0,0.0,67.916,52.0,58.0,62.0,68.0,73.0,79.0,85.0,0.0
fit,2023-05-15,2,12,8810,19.7915,1.0,4.0,9.0,16.0,28.0,41.0,58.0,0.0,70.1715,54.0,59.900000000000006,64.0,70.0,75.0,81.0,88.0,0.0,19.516,11.0,14.0,16.0,19.0,22.0,25.0,29.0,0.0
fit,2023-05-15,3,207,8810,217.068,131.0,157.0,181.0,213.0,247.0,284.0,326.0,0.0,293.0155,260.0,272.0,281.0,293.0,304.0,315.0,327.0,0.0,215.3385,187.0,197.0,206.0,215.0,225.0,234.0,245.0,0.0
fit,2023-05-15,4,137,8810,132.816,66.0,85.0,103.0,129.0,157.25,187.0,223.0,0.0,109.535,89.0,96.0,102.0,109.0,117.0,123.0,130.0,0.0,132.32,110.0,118.0,124.0,132.0,140.0,147.0,155.0,0.0
fit,2023-05-15,5,13,8810,54.9365,17.975,26.0,37.0,51.0,69.0,90.0,116.0,0.0,78.354,61.0,67.0,72.0,78.0,84.0,90.0,96.0,0.0,54.4565,40.0,45.0,49.0,54.0,59.25,64.0,69.0,0.0
fit,2023-05-15,6,234,8810,208.806,121.0,148.0,173.0,206.0,240.0,273.0,313.02499999999986,0.0,113.731,93.0,100.0,106.0,114.0,121.0,128.0,134.02499999999986,0.0,208.845,181.0,191.0,199.0,209.0,218.0,227.0,236.02499999999986,0.0
fit,2023-05-15,7,52,8810,106.4425,48.975,65.0,81.0,103.0,128.0,154.0,184.0,0.0,95.408,77.0,83.0,89.0,95.0,102.0,108.0,114.0,0.0,106.0175,87.0,94.0,99.0,106.0,113.0,119.0,126.0,0.0
fit,2023-05-15,8,1147,8810,1123.8615,918.975,988.9,1050.0,1119.0,1196.0,1269.0,1346.1249999999993,0.0,989.7615,933.0,951.0,969.0,990.0,1009.0,1028.0,1049.0,0.0,1127.9165,1066.975,1088.0,1107.0,1128.0,1149.0,1168.0,1187.0249999999999,0.0
fit,2023-05-15,9,2,8810,15.698,0.0,2.0,6.0,12.0,22.0,35.0,48.0,0.0,22.0435,13.0,16.0,19.0,22.0,25.0,29.0,32.0,0.0,15.2975,8.0,10.0,13.0,15.0,18.0,20.0,23.0,0.0
fit,2023-05-15,10,29,8810,41.8255,10.0,17.0,26.0,38.0,55.0,71.0,94.0,0.0,75.868,60.0,65.0,70.0,75.0,82.0,87.0,94.0,0.0,41.4055,29.0,33.0,37.0,41.0,46.0,50.0,54.024999999999864,0.0
fit,2023-05-15,11,922,8810,944.8895,760.975,824.0,877.0,940.0,1006.0,1076.1000000000001,1159.0,0.0,803.1195,749.0,767.0,785.0,804.0,821.0,839.0,857.0,0.0,943.8115,888.0,908.0,925.0,943.0,963.0,982.0,1002.0,0.0
fit,2023-05-15,12,899,8810,865.6135,693.925,746.0,800.0,864.0,928.0,986.0,1056.0249999999999,0.0,713.6255,664.0,681.0,695.0,714.0,731.0,747.0,766.0,0.0,864.138,809.0,829.0,846.0,863.0,883.0,901.0,922.0,0.0
fit,2023-05-15,13,894,8810,881.5105,693.0,761.0,816.0,876.0,946.0,1008.0,1084.0249999999999,0.0,803.408,754.0,770.0,785.0,802.0,821.0,838.0,861.0,0.0,883.995,829.0,850.0,865.0,883.0,902.0,920.0,941.0,0.0
fit,2023-05-15,14,1500,8810,1551.9055,1321.0,1394.0,1471.0,1549.0,1631.25,1709.1000000000001,1796.0,0.0,1458.5565,1391.975,1413.0,1434.0,1458.0,1482.0,1504.0,1529.0249999999999,0.0,1554.6005,1483.0,1509.0,1531.0,1554.5,1579.0,1601.0,1626.0,0.0
fit,2023-05-15,15,34,8810,102.745,47.0,62.0,78.0,98.0,123.0,149.0,180.0,0.0,62.8705,47.975,53.0,57.0,63.0,68.0,73.0,78.0,0.0,103.325,85.0,90.0,96.0,103.0,110.0,117.0,124.0,0.0
fit,2023-05-15,16,8,8810,8.3165,0.0,0.0,1.0,5.0,12.0,21.0,36.0,0.0,76.5865,60.0,65.9,71.0,77.0,82.0,88.0,94.0,0.0,8.4655,3.0,5.0,6.0,8.0,10.0,12.0,15.0,0.0
fit,2023-05-15,17,890,8810,866.73,689.975,740.9,799.0,864.5,930.0,995.0,1062.0,0.0,587.035,540.975,557.0,571.0,587.0,603.0,616.0,635.0,0.0,863.827,808.0,828.0,845.0,864.0,883.0,900.0,917.0,0.0
fit,2023-05-15,18,85,8810,70.186,27.0,38.0,50.0,66.0,86.0,107.0,135.0,0.0,88.853,71.0,76.9,82.0,89.0,95.0,102.0,109.02499999999986,0.0,70.5255,55.0,60.0,65.0,71.0,76.0,81.0,88.0,0.0
fit,2023-05-15,19,472,8810,402.0405,276.975,317.0,354.0,398.0,448.0,492.10000000000014,544.0,0.0,521.2505,478.0,492.0,506.0,521.0,536.0,550.0,567.0,0.0,402.5825,364.975,376.0,389.0,403.0,415.0,427.0,440.02499999999986,0.0
fit,2023-05-15,20,1,8810,33.976,6.0,12.0,19.0,30.0,45.0,61.0,82.0,0.0,27.7745,18.0,21.0,24.0,28.0,31.0,35.0,38.0,0.0,33.8415,23.0,27.0,30.0,34.0,38.0,41.0,45.0,0.0
fit,2023-05-15,21,25,8810,36.838,7.0,14.0,21.0,33.0,48.0,64.0,86.02499999999986,0.0,34.123,23.0,27.0,30.0,34.0,38.0,42.0,47.0,0.0,36.133,25.0,28.0,32.0,36.0,40.0,44.0,49.0,0.0
fit,2023-05-15,22,94,8810,71.658,25.0,37.0,50.0,68.0,89.0,110.0,138.02499999999986,0.0,105.8285,86.975,93.0,99.0,106.0,113.0,119.0,126.0,0.0,71.571,55.0,61.0,66.0,71.0,77.0,83.0,89.0,0.0
fit,2023-05-15,23,3,8810,8.3495,0.0,0.0,2.0,5.0,12.0,20.0,36.0,0.0,52.914,39.0,44.0,48.0,53.0,58.0,62.0,68.0,0.0,8.362,3.0,5.0,6.0,8.0,10.0,12.0,14.0,0.0
fit,2023-05-15,24,56,8810,33.8735,7.0,12.0,20.0,30.0,44.0,62.0,81.0,0.0,79.947,63.0,69.0,74.0,79.0,86.0,92.0,98.0,0.0,34.6055,23.0,27.0,30.0,35.0,39.0,42.0,47.0,0.0
fit,2023-05-15,25,152,8810,169.45,97.0,117.0,138.0,165.0,196.0,228.0,263.0,0.0,117.5115,97.0,104.0,110.0,117.0,125.0,132.0,139.0,0.0,168.16,144.0,152.0,159.0,168.0,176.0,185.0,194.0,0.0
fit,2023-05-15,26,11,8810,30.02,5.0,10.0,16.0,27.0,39.0,56.0,76.0,0.0,93.0495,75.0,81.0,86.0,93.0,100.0,105.10000000000014,112.0,0.0,30.1795,20.0,23.0,26.0,30.0,34.0,37.0,41.0,0.0
fit,2023-05-15,27,20,8810,39.3715,9.0,16.0,24.0,36.0,51.0,68.0,92.0,0.0,65.993,50.0,56.0,61.0,66.0,71.0,76.0,82.0,0.0,39.0325,27.0,31.0,35.0,39.0,43.0,47.0,52.0,0.0
fit,2023-05-15,28,3,8810,5.651,0.0,0.0,0.0,2.0,8.0,15.0,29.0,0.0,57.395,43.0,48.0,52.0,57.0,63.0,67.0,73.0,0.0,5.86,2.0,3.0,4.0,6.0,7.0,9.0,11.0,0.0
fit,2023-05-15,29,27,8810,31.922,6.0,11.0,17.0,28.0,43.0,58.0,79.0,0.0,75.157,59.0,64.0,69.0,75.0,81.0,86.0,92.0,0.0,31.3395,21.0,25.0,28.0,31.0,35.0,38.0,42.0,0.0
fit,2023-05-15,30,76,8810,61.7335,21.975,31.0,42.0,58.0,78.0,98.0,124.0,0.0,178.09,153.0,162.0,169.0,178.0,187.0,195.0,203.0,0.0,61.765,47.0,51.0,56.0,62.0,67.0,72.0,79.0,0.0
fit,2023-05-15,31,9,8810,16.384,1.0,3.0,6.0,13.0,23.0,35.100000000000136,53.0,0.0,66.389,51.0,56.0,61.0,66.0,72.0,77.0,82.02499999999986,0.0,16.121,9.0,11.0,13.0,16.0,19.0,21.0,24.024999999999864,0.0
fit,2023-05-15,32,18,8810,9.1225,0.0,0.0,2.0,6.0,13.0,22.0,39.0,0.0,74.8895,59.0,64.0,69.0,75.0,81.0,86.0,93.0,0.0,9.035,4.0,5.0,7.0,9.0,11.0,13.0,15.0,0.0
fit,2023-05-15,33,49,8810,29.1315,5.0,9.0,16.0,25.0,39.0,54.0,76.02499999999986,0.0,58.8075,44.0,49.0,54.0,59.0,64.0,69.0,74.0,0.0,29.0315,19.0,23.0,26.0,29.0,32.0,36.0,40.0,0.0
fit,2023-05-15,34,41,8810,77.7885,30.975,43.0,56.75,75.0,95.0,116.0,146.02499999999986,0.0,53.828,40.0,45.0,49.0,54.0,59.0,63.0,69.0,0.0,78.0475,61.0,67.0,72.0,78.0,84.0,89.0,96.0,0.0
fit,2023-05-15,35,1,8810,1.621,0.0,0.0,0.0,0.0,1.0,5.0,14.0,0.0,23.7815,15.0,18.0,20.0,24.0,27.0,30.0,33.0,0.0,1.775,0.0,0.0,1.0,2.0,3.0,4.0,5.0,0.0
fit,2023-05-15,36,343,8810,377.06,268.975,299.0,332.0,372.0,418.0,462.0,509.02499999999986,0.0,442.0355,402.0,415.0,428.0,442.0,457.0,468.0,482.0,0.0,376.7845,339.0,352.0,364.0,376.0,390.0,401.0,415.02499999999986,0.0
fit,2023-05-15,37,40,8810,26.1,3.0,7.0,13.0,22.0,35.0,50.0,70.02499999999986,0.0,51.6155,38.0,43.0,47.0,52.0,56.0,61.0,67.0,0.0,26.0135,16.0,20.0,23.0,26.0,29.0,32.0,36.024999999999864,0.0
fit,2023-05-15,38,7,8810,16.331,0.0,3.0,6.0,13.0,23.0,34.0,52.0,0.0,51.8825,38.0,43.0,47.0,52.0,57.0,61.0,66.0,0.0,16.383,8.975000000000001,11.0,14.0,16.0,19.0,22.0,25.0,0.0
fit,2023-05-15,39,21,8810,22.958,2.0,6.0,11.0,19.0,31.0,45.0,61.0,0.0,69.7945,54.0,59.0,64.0,70.0,75.0,80.0,87.0,0.0,23.134,14.0,17.0,20.0,23.0,27.0,30.0,33.0,0.0
fit,2023-05-22,0,22,9517,27.2445,3.0,7.0,13.0,23.0,37.0,54.0,71.02499999999986,0.0,17.3815,9.0,12.0,14.0,17.0,20.0,23.0,27.0,0.0,26.815,17.0,20.0,23.0,27.0,30.0,34.0,37.0,0.0
fit,2023-05-22,1,127,9517,141.13,74.0,94.0,112.0,138.0,165.0,193.0,232.0,0.0,53.8595,40.0,44.0,49.0,54.0,59.0,63.0,68.0,0.0,141.4175,117.0,126.0,133.0,141.0,149.0,157.0,165.0,0.0
fit,2023-05-22,2,15,9517,13.3065,0.0,1.0,4.0,9.0,19.0,30.0,46.0,0.0,75.879,59.0,65.0,70.0,76.0,82.0,87.0,93.0,0.0,13.5405,7.0,9.0,11.0,13.0,16.0,18.0,21.0,0.0
fit,2023-05-22,3,199,9517,241.5175,149.975,175.0,204.0,238.0,275.0,314.0,354.02499999999986,0.0,316.176,281.0,294.0,304.0,316.0,328.0,339.0,350.0,0.0,241.803,212.0,222.0,231.0,242.0,252.0,262.0,271.0,0.0
fit,2023-05-22,4,156,9517,148.81,77.975,97.9,118.0,145.0,176.0,207.0,241.0,0.0,118.7805,98.0,104.0,111.0,118.0,126.0,134.0,141.0,0.0,146.3165,124.0,131.0,138.0,146.0,154.0,162.0,170.0,0.0
fit,2023-05-22,5,164,9517,40.3275,8.0,16.0,24.0,37.0,53.0,70.0,89.02499999999986,0.0,84.5655,67.0,73.0,79.0,84.0,90.0,97.0,103.0,0.0,40.544,29.0,32.0,36.0,40.0,45.0,49.0,53.0,0.0
fit,2023-05-22,6,279,9517,217.3155,132.0,157.0,181.0,214.0,249.0,285.0,329.02499999999986,0.0,122.771,102.0,108.0,115.0,123.0,130.0,137.0,146.0,0.0,217.259,188.975,198.0,208.0,217.0,227.0,237.0,246.0,0.0
fit,2023-05-22,7,82,9517,73.139,26.0,39.0,51.0,70.0,90.25,113.0,141.0,0.0,103.32,84.0,91.0,96.0,103.0,110.0,117.0,123.0,0.0,72.7825,57.0,62.0,67.0,73.0,79.0,84.0,90.0,0.0
fit,2023-05-22,8,1015,9517,1241.664,1031.0,1095.9,1162.0,1240.0,1318.0,1388.0,1471.0249999999999,0.0,1069.5045,1008.0,1029.0,1049.0,1069.0,1091.0,1109.0,1131.0,0.0,1243.1765,1179.0,1200.0,1221.0,1243.0,1266.0,1285.0,1306.0,0.0
fit,2023-05-22,9,24,9517,12.837,0.0,1.0,4.0,9.0,18.0,29.0,47.0,0.0,23.8165,15.0,18.0,20.0,24.0,27.0,30.0,34.0,0.0,12.828,6.0,8.0,10.0,13.0,15.0,18.0,20.0,0.0
fit,2023-05-22,10,44,9517,35.7605,7.0,13.0,20.0,32.0,48.0,64.0,84.02499999999986,0.0,81.94,65.0,70.0,76.0,82.0,88.0,94.0,100.0,0.0,37.2795,26.0,30.0,33.0,37.0,41.0,45.0,50.0,0.0
fit,2023-05-22,11,952,9517,1006.9475,815.0,874.0,933.0,1004.0,1077.25,1140.0,1225.0749999999996,0.0,866.4355,812.0,831.0,847.0,866.0,885.0,902.0,924.0,0.0,1008.4,950.975,971.0,989.0,1008.0,1028.0,1047.0,1069.0,0.0
fit,2023-05-22,12,810,9517,938.169,746.925,811.9,867.0,933.0,1006.0,1068.0,1141.0,0.0,769.2635,717.0,734.0,751.0,769.0,788.0,804.0,820.0249999999999,0.0,938.313,883.0,902.0,920.0,938.0,957.25,975.0,996.0,0.0
fit,2023-05-22,13,828,9517,964.9775,773.925,833.9,893.0,958.5,1034.0,1102.0,1184.0249999999999,0.0,868.993,815.0,833.0,850.0,869.0,889.0,904.0,924.0249999999999,0.0,968.05,911.0,931.9,948.0,967.0,988.0,1007.0,1026.0249999999999,0.0
fit,2023-05-22,14,1712,9517,1702.8995,1439.9,1532.0,1613.0,1698.0,1791.0,1878.0,1974.0749999999996,0.0,1575.132,1505.0,1527.9,1550.0,1575.0,1599.0,1623.0,1646.0,0.0,1704.5305,1634.0,1657.9,1679.0,1705.0,1730.0,1751.0,1777.0,0.0
fit,2023-05-22,15,198,9517,86.5095,34.0,49.0,63.0,82.5,106.0,130.0,159.0,0.0,67.732,52.0,57.0,62.0,68.0,73.0,78.0,83.0,0.0,86.3005,69.0,75.0,80.0,86.0,92.0,98.0,104.0,0.0
fit,2023-05-22,16,7,9517,7.4985,0.0,0.0,1.0,4.0,10.0,19.0,35.0,0.0,82.8765,66.0,71.0,77.0,83.0,89.0,95.0,100.0,0.0,7.6195,3.0,4.0,6.0,7.0,9.0,11.0,14.0,0.0
fit,2023-05-22,17,974,9517,952.384,758.0,818.0,885.0,951.0,1020.0,1082.0,1163.0,0.0,633.6095,585.0,602.0,616.0,634.0,651.0,665.0,683.0,0.0,951.495,894.0,915.0,933.0,951.0,970.0,988.0,1010.0,0.0
fit,2023-05-22,18,110,9517,78.7535,29.0,42.0,56.0,75.0,98.0,119.10000000000014,150.0,0.0,96.122,78.0,84.0,90.0,96.0,102.0,108.0,115.0,0.0,78.9475,62.0,67.0,72.0,79.0,85.0,91.0,97.0,0.0
fit,2023-05-22,19,474,9517,446.876,316.95,358.0,395.0,443.0,494.0,546.1000000000001,597.0,0.0,563.323,519.0,533.0,548.0,563.0,578.0,593.0,610.0,0.0,442.236,403.0,416.0,428.0,442.0,457.0,468.0,482.02499999999986,0.0
fit,2023-05-22,20,27,9517,16.018,1.0,3.0,6.0,13.0,22.0,34.0,49.0,0.0,30.1645,20.0,23.0,26.0,30.0,34.0,37.0,42.0,0.0,16.624,9.0,12.0,14.0,16.0,19.0,22.0,25.0,0.0
fit,2023-05-22,21,51,9517,36.027,7.0,13.0,20.0,32.0,46.0,65.0,90.0,0.0,36.5465,26.0,29.0,32.0,36.0,41.0,45.0,49.0,0.0,35.348,24.0,28.0,31.0,35.0,39.0,43.0,48.0,0.0
fit,2023-05-22,22,68,9517,76.153,28.975,40.0,54.0,72.0,94.0,117.0,145.02499999999986,0.0,114.8025,94.0,101.0,108.0,115.0,122.0,129.0,137.0,0.0,75.7425,59.0,64.9,70.0,75.0,82.0,87.0,94.0,0.0
fit,2023-05-22,23,7,9517,8.7715,0.0,0.0,2.0,5.0,13.0,22.0,36.0,0.0,57.221,43.0,48.0,52.0,57.0,62.0,67.0,72.0,0.0,8.52,3.0,5.0,6.0,8.0,10.0,12.0,14.0,0.0
fit,2023-05-22,24,53,9517,42.9475,10.0,17.0,26.0,40.0,56.0,72.0,97.02499999999986,0.0,86.5305,69.0,75.0,80.0,86.0,92.0,99.0,105.0,0.0,42.4045,30.0,34.0,38.0,42.0,47.0,51.0,56.0,0.0
fit,2023-05-22,25,193,9517,180.719,97.975,120.0,147.0,178.0,211.0,244.10000000000014,277.0,0.0,127.023,106.0,113.0,120.0,127.0,134.0,142.0,150.0,0.0,179.4065,155.0,163.0,171.0,179.0,188.0,196.0,206.0,0.0
fit,2023-05-22,26,29,9517,26.638,3.0,8.0,14.0,23.0,36.0,51.0,71.0,0.0,100.384,82.0,88.0,94.0,100.0,107.0,113.0,120.0,0.0,26.863,17.0,21.0,23.0,27.0,30.0,33.0,37.0,0.0
fit,2023-05-22,27,63,9517,37.2955,7.0,13.0,22.0,34.0,49.0,66.0,89.0,0.0,71.4075,55.0,61.0,66.0,71.0,77.0,83.0,89.0,0.0,36.839,25.975,29.0,33.0,37.0,41.0,45.0,49.0,0.0
fit,2023-05-22,28,9,9517,5.7145,0.0,0.0,0.0,3.0,8.0,16.0,28.0,0.0,62.0,47.0,52.0,57.0,62.0,67.0,72.0,77.0,0.0,6.0405,2.0,3.0,4.0,6.0,8.0,9.0,11.0,0.0
fit,2023-05-22,29,36,9517,34.9235,6.0,12.0,20.0,31.0,45.0,62.0,89.0,0.0,81.831,65.0,71.0,76.0,82.0,88.0,93.0,100.0,0.0,34.579,24.0,27.0,31.0,34.0,38.0,42.0,46.0,0.0
fit,2023-05-22,30,91,9517,76.533,26.0,40.0,55.0,72.0,95.0,119.0,146.0,0.0,192.583,166.0,175.0,183.0,192.0,202.0,210.0,219.0,0.0,76.938,61.0,66.0,71.0,77.0,83.0,88.0,95.0,0.0
fit,2023-05-22,31,5,9517,3.8465,0.0,0.0,0.0,1.0,5.0,11.0,25.0,0.0,71.559,55.0,61.0,66.0,71.0,77.0,82.0,88.0,0.0,3.6775,0.0,1.0,2.0,3.0,5.0,6.0,8.0,0.0
fit,2023-05-22,32,22,9517,11.25,0.0,1.0,3.0,7.0,15.0,27.0,42.024999999999864,0.0,80.8885,64.0,69.0,75.0,81.0,87.0,93.0,99.0,0.0,11.37,5.0,7.0,9.0,11.0,14.0,16.0,18.0,0.0
fit,2023-05-22,33,59,9517,32.6605,5.0,11.0,18.0,29.0,43.0,60.0,81.0,0.0,62.9375,48.0,53.0,58.0,63.0,68.0,73.0,79.0,0.0,33.2675,23.0,26.0,29.0,33.0,37.0,41.0,44.024999999999864,0.0
fit,2023-05-22,34,149,9517,61.642,19.0,30.0,42.0,57.0,76.25,101.0,128.0,0.0,58.0885,44.0,48.900000000000006,53.0,58.0,63.0,68.0,74.0,0.0,61.5575,47.0,51.0,56.0,61.0,67.0,72.0,78.0,0.0
fit,2023-05-22,35,0,9517,2.377,0.0,0.0,0.0,0.0,2.0,7.0,19.0,0.0,25.6725,16.0,19.0,22.0,26.0,29.0,32.0,36.0,0.0,2.1625,0.0,0.0,1.0,2.0,3.0,4.0,5.0,0.0
fit,2023-05-22,36,384,9517,409.4065,281.975,321.0,362.0,407.0,452.0,500.0,554.0,0.0,477.636,435.0,450.0,463.0,477.0,493.0,506.0,518.0,0.0,410.1695,372.0,386.0,397.0,410.0,423.0,435.0,449.0,0.0
fit,2023-05-22,37,22,9517,33.9985,6.0,12.0,19.0,30.0,45.0,62.0,85.02499999999986,0.0,56.1935,42.0,46.0,51.0,56.0,61.0,66.0,70.0,0.0,33.803,23.0,27.0,30.0,34.0,38.0,41.0,45.0,0.0
fit,2023-05-22,38,12,9517,16.0955,0.0,2.0,6.0,12.0,23.0,35.0,52.0,0.0,56.4435,43.0,47.0,52.0,56.0,61.0,66.0,72.0,0.0,15.9605,9.0,11.0,13.0,16.0,19.0,21.0,24.0,0.0
fit,2023-05-22,39,45,9517,25.916,3.0,7.0,13.0,22.0,35.0,51.0,67.0,0.0,75.6065,59.0,65.0,69.0,75.0,81.0,87.0,93.0,0.0,26.073,16.0,20.0,23.0,26.0,29.0,33.0,37.0,0.0
fit,2023-05-29,0,24,8942,25.938,3.9750000000000014,8.0,13.0,23.0,35.0,48.0,71.0,0.0,16.5295,9.0,11.900000000000006,14.0,16.0,19.0,22.0,25.0,0.0,26.07,17.0,20.0,23.0,26.0,29.0,32.0,36.0,0.0
fit,2023-05-29,1,37,8942,150.546,80.0,101.0,119.0,146.0,175.0,209.0,243.02499999999986,0.0,50.583,37.0,41.0,46.0,50.0,55.0,60.0,64.0,0.0,151.941,129.0,137.0,144.0,152.0,160.0,167.0,174.0,0.0
fit,2023-05-29,2,12,8942,14.7875,0.0,2.0,5.0,11.0,20.0,32.0,52.0,0.0,70.727,55.0,61.0,65.0,71.0,76.0,82.0,87.0,0.0,14.1655,7.0,10.0,12.0,14.0,17.0,19.0,22.0,0.0
fit,2023-05-29,3,335,8942,211.096,127.0,156.0,179.0,207.0,241.0,274.0,313.0,0.0,297.3825,266.0,276.0,286.0,297.0,309.0,320.0,331.0,0.0,209.5305,182.0,191.0,200.0,209.0,219.0,228.0,238.0,0.0
fit,2023-05-29,4,149,8942,149.7645,79.0,100.0,121.0,146.0,177.0,202.0,236.04999999999973,0.0,111.589,92.0,98.0,104.0,111.0,119.0,126.0,133.0,0.0,147.831,124.0,132.0,139.0,148.0,156.0,163.0,173.0,0.0
fit,2023-05-29,5,99,8942,68.9745,26.0,36.0,48.0,65.0,85.0,107.0,133.0,0.0,79.488,62.0,68.0,73.0,80.0,86.0,91.0,97.0,0.0,69.105,53.0,59.0,63.0,69.0,75.0,80.0,87.0,0.0
fit,2023-05-29,6,223,8942,223.1505,134.0,160.9,189.0,221.0,254.0,288.0,335.02499999999986,0.0,115.109,94.0,102.0,108.0,115.0,122.0,129.0,136.02499999999986,0.0,225.5815,196.0,206.0,215.75,225.0,236.0,245.0,254.02499999999986,0.0
fit,2023-05-29,7,105,8942,64.5135,22.0,33.0,45.0,61.0,81.0,100.0,130.0,0.0,96.6865,78.0,85.0,90.0,96.0,103.0,109.10000000000014,117.0,0.0,64.2425,49.0,55.0,59.0,64.0,70.0,74.0,80.02499999999986,0.0
fit,2023-05-29,8,1111,8942,1109.442,906.975,974.0,1037.0,1106.0,1179.25,1248.0,1321.0,0.0,1004.811,945.975,964.0,984.0,1005.0,1026.0,1044.0,1064.0499999999997,0.0,1113.9745,1053.975,1075.0,1094.0,1113.0,1135.0,1153.0,1173.0249999999999,0.0
fit,2023-05-29,9,10,8942,16.0765,0.0,2.0,6.0,12.0,23.0,35.0,49.0,0.0,22.4395,14.0,17.0,19.0,22.0,26.0,29.0,32.0,0.0,16.0095,9.0,11.0,13.0,16.0,19.0,21.0,24.0,0.0
fit,2023-05-29,10,31,8942,36.108,8.0,13.0,21.0,32.0,48.0,64.0,83.0,0.0,76.9585,60.0,66.0,71.0,77.0,83.0,89.0,95.0,0.0,37.217,26.0,30.0,33.0,37.0,41.0,45.0,49.0,0.0
fit,2023-05-29,11,793,8942,916.9165,734.0,794.0,848.0,912.0,983.0,1049.0,1124.0,0.0,815.215,764.975,781.0,797.0,814.0,833.0,850.0,869.0,0.0,917.6225,860.975,882.0,898.75,917.0,937.0,956.0,973.0,0.0
fit,2023-05-29,12,756,8942,852.555,675.0,732.0,786.0,850.0,915.25,977.0,1045.0,0.0,724.157,674.975,691.0,706.0,724.0,742.0,758.0,776.0,0.0,848.8805,794.0,813.0,831.0,849.0,866.0,885.0,903.0249999999999,0.0
fit,2023-05-29,13,796,8942,872.8975,686.975,755.0,810.0,869.0,932.25,998.0,1076.0499999999997,0.0,814.667,759.975,779.0,796.0,815.0,833.0,849.0,868.0249999999999,0.0,872.2715,817.0,837.0,853.0,872.0,891.0,908.0,925.0249999999999,0.0
fit,2023-05-29,14,1531,8942,1568.8955,1333.975,1411.9,1485.0,1567.0,1650.0,1730.0,1819.0249999999999,0.0,1480.7575,1414.0,1435.0,1456.0,1481.0,1505.0,1526.0,1551.0,0.0,1570.1615,1495.975,1524.9,1546.0,1571.0,1594.0,1614.1000000000001,1641.0,0.0
fit,2023-05-29,15,155,8942,111.946,52.0,69.0,85.0,108.0,133.0,159.10000000000014,196.02499999999986,0.0,63.451,48.0,53.0,58.0,63.0,69.0,74.0,80.0,0.0,111.878,91.0,98.0,104.0,112.0,119.0,126.0,132.02499999999986,0.0
fit,2023-05-29,16,10,8942,8.049,0.0,0.0,1.0,4.0,11.0,21.0,37.0,0.0,78.104,62.0,67.0,72.0,78.0,84.0,89.0,96.0,0.0,7.73,3.0,4.0,6.0,7.0,9.0,12.0,14.0,0.0
fit,2023-05-29,17,807,8942,912.164,726.0,787.0,846.0,910.0,978.0,1036.0,1099.0249999999999,0.0,595.9465,550.0,565.0,580.0,596.0,611.0,626.0,641.0,0.0,909.7695,851.975,873.0,891.0,910.0,929.0,947.0,966.0,0.0
fit,2023-05-29,18,105,8942,86.9005,36.975,50.0,64.0,83.0,105.0,129.0,159.0,0.0,90.781,73.0,79.0,84.0,91.0,97.0,103.0,109.0,0.0,85.784,69.0,74.0,79.0,86.0,92.0,98.0,104.0,0.0
fit,2023-05-29,19,519,8942,427.452,309.0,342.9,379.0,424.0,469.0,518.1000000000001,573.0249999999999,0.0,528.9195,485.0,499.0,513.0,529.0,544.0,557.0,573.0,0.0,428.1365,387.0,402.9,415.0,428.0,442.0,455.0,469.0,0.0
fit,2023-05-29,20,12,8942,17.627,1.0,3.0,7.0,14.0,25.0,36.0,53.0,0.0,27.9555,17.975,21.0,24.0,28.0,31.0,35.0,38.0,0.0,17.368,9.975000000000001,12.0,14.0,17.0,20.0,23.0,26.0,0.0
fit,2023-05-29,21,17,8942,40.874,9.0,16.0,25.0,38.0,53.0,69.0,91.02499999999986,0.0,34.3555,23.0,27.0,30.0,34.0,38.0,42.0,46.0,0.0,40.3495,28.0,32.0,36.0,40.0,44.0,49.0,53.0,0.0
fit,2023-05-29,22,67,8942,75.8475,29.0,41.0,54.0,72.0,94.0,115.10000000000014,144.02499999999986,0.0,107.5645,88.0,95.0,100.0,107.0,115.0,121.0,128.0,0.0,76.627,60.0,66.0,71.0,77.0,82.0,87.0,93.0,0.0
fit,2023-05-29,23,86,8942,7.126,0.0,0.0,1.0,4.0,10.0,19.0,32.024999999999864,0.0,53.7395,40.0,45.0,49.0,54.0,58.25,63.0,69.0,0.0,7.3615,2.0,4.0,5.0,7.0,9.0,11.0,13.0,0.0
fit,2023-05-29,24,31,8942,49.5735,13.0,21.0,32.0,45.5,64.0,81.0,107.0,0.0,81.334,64.0,69.0,75.0,81.0,87.0,93.0,99.0,0.0,48.881,36.0,40.0,44.0,49.0,53.0,58.0,63.0,0.0
fit,2023-05-29,25,97,8942,166.6415,91.0,113.0,134.0,161.5,197.0,226.0,263.02499999999986,0.0,119.184,99.0,105.0,112.0,119.0,126.0,134.0,141.0,0.0,166.851,142.0,151.0,158.0,167.0,175.0,184.0,192.02499999999986,0.0
fit,2023-05-29,26,29,8942,24.8695,3.0,7.0,13.0,21.0,33.0,48.100000000000136,68.0,0.0,94.6415,76.0,82.0,88.0,95.0,101.0,107.0,114.02499999999986,0.0,24.5455,15.0,18.0,21.0,24.0,28.0,31.0,35.0,0.0
fit,2023-05-29,27,28,8942,43.637,11.0,18.900000000000006,27.0,40.0,57.0,73.0,96.0,0.0,66.947,52.0,57.0,61.0,67.0,72.0,77.0,84.0,0.0,42.7345,30.0,35.0,38.0,43.0,47.0,51.0,56.0,0.0
fit,2023-05-29,28,10,8942,7.325,0.0,0.0,1.0,4.0,10.0,20.0,32.024999999999864,0.0,58.5715,44.0,49.0,54.0,58.0,64.0,68.0,73.0,0.0,7.362,3.0,4.0,6.0,7.0,9.0,11.0,13.0,0.0
fit,2023-05-29,29,38,8942,30.471,5.0,10.0,16.0,27.0,41.0,57.0,80.0,0.0,76.544,59.0,65.0,70.0,76.0,82.0,88.0,94.0,0.0,30.4155,20.0,24.0,27.0,30.0,34.0,37.0,42.0,0.0
fit,2023-05-29,30,134,8942,74.5765,28.0,40.0,53.0,71.0,92.0,113.0,141.0,0.0,180.6095,155.975,163.0,171.0,180.0,190.0,198.0,206.02499999999986,0.0,75.4955,59.0,65.0,69.0,75.0,81.0,87.0,93.0,0.0
fit,2023-05-29,31,7,8942,3.971,0.0,0.0,0.0,1.0,5.0,12.0,24.0,0.0,67.1425,51.0,56.0,62.0,67.0,73.0,78.0,84.0,0.0,3.9965,1.0,2.0,3.0,4.0,5.0,7.0,8.0,0.0
fit,2023-05-29,32,25,8942,13.882,0.0,2.0,5.0,10.0,19.0,31.0,48.0,0.0,75.897,60.0,65.0,70.0,76.0,82.0,87.0,93.0,0.0,13.8655,7.0,9.0,11.0,14.0,16.0,19.0,21.0,0.0
fit,2023-05-29,33,67,8942,38.3895,9.0,15.0,23.0,35.0,50.0,67.0,90.0,0.0,59.262,45.0,49.900000000000006,54.0,59.0,65.0,69.0,75.0,0.0,37.7865,26.0,30.0,34.0,38.0,42.0,45.0,50.0,0.0
fit,2023-05-29,34,151,8942,85.944,37.0,49.0,64.75,82.0,104.0,128.0,156.0,0.0,54.922,41.0,46.0,50.0,55.0,60.0,64.0,69.0,0.0,84.748,68.0,73.0,79.0,85.0,91.0,96.0,102.0,0.0
fit,2023-05-29,35,3,8942,0.4935,0.0,0.0,0.0,0.0,0.0,1.0,7.0,0.0,24.336,15.0,18.0,21.0,24.0,27.0,31.0,35.0,0.0,0.4925,0.0,0.0,0.0,0.0,1.0,1.0,2.0,0.0
fit,2023-05-29,36,422,8942,354.988,236.0,273.0,307.0,352.0,399.0,440.0,494.0,0.0,448.594,408.0,422.0,434.0,448.0,463.0,476.0,491.0,0.0,357.672,321.0,333.0,345.0,358.0,370.0,382.0,393.0,0.0
fit,2023-05-29,37,46,8942,33.395,6.0,12.0,19.0,30.0,44.0,61.0,79.02499999999986,0.0,52.3345,39.0,43.0,47.0,52.0,57.0,61.0,67.02499999999986,0.0,33.148,22.0,26.0,29.0,33.0,37.0,41.0,45.0,0.0
fit,2023-05-29,38,21,8942,13.933,0.0,2.0,5.0,10.0,19.0,32.0,50.0,0.0,52.8675,40.0,44.0,48.0,53.0,57.0,62.0,68.0,0.0,13.418,7.0,9.0,11.0,13.0,16.0,18.0,21.0,0.0
fit,2023-05-29,39,43,8942,30.2625,5.0,9.0,17.0,26.0,40.0,57.0,76.0,0.0,70.896,56.0,60.0,65.0,71.0,76.0,82.0,88.0,0.0,30.98,21.0,24.0,27.0,31.0,35.0,38.0,43.0,0.0
fit,2023-06-05,0,13,9616,27.0905,3.0,8.0,13.0,23.5,37.0,52.0,71.0,0.0,17.6735,10.0,12.0,15.0,18.0,21.0,23.0,26.0,0.0,27.527,18.0,21.0,24.0,27.0,31.0,34.0,38.0,0.0
fit,2023-06-05,1,9,9616,157.1375,80.0,103.0,124.0,152.0,185.0,218.0,260.0,0.0,54.0815,40.0,45.0,49.0,54.0,59.0,64.0,69.0,0.0,157.0675,132.0,141.0,149.0,157.0,166.0,173.0,181.0,0.0
fit,2023-06-05,2,24,9616,13.3295,0.0,1.0,4.0,10.0,19.0,30.0,48.024999999999864,0.0,76.7385,59.0,66.0,71.0,77.0,82.0,88.0,94.0,0.0,13.2535,7.0,9.0,11.0,13.0,16.0,18.0,21.0,0.0
fit,2023-06-05,3,283,9616,259.2685,158.0,189.0,218.0,256.0,295.0,334.10000000000014,379.02499999999986,0.0,319.876,286.0,298.0,307.0,320.0,331.0,343.0,355.0,0.0,259.434,231.0,240.9,249.0,259.0,269.25,279.0,290.0,0.0
fit,2023-06-05,4,139,9616,152.221,78.975,100.0,122.0,148.0,179.0,211.0,247.02499999999986,0.0,119.7555,98.0,106.0,113.0,120.0,127.0,134.0,140.0,0.0,152.768,128.0,137.0,144.0,153.0,161.0,169.0,177.0,0.0
fit,2023-06-05,5,90,9616,99.4145,40.0,57.0,74.0,96.0,121.0,147.0,180.0,0.0,85.3535,67.0,73.0,79.0,86.0,91.25,97.0,104.0,0.0,98.9365,79.0,86.0,92.0,99.0,106.0,112.0,118.0,0.0
fit,2023-06-05,6,245,9616,260.5825,164.975,191.0,220.0,257.0,297.25,336.0,380.02499999999986,0.0,123.934,103.0,110.0,117.0,124.0,131.0,138.0,145.0,0.0,260.767,230.0,240.0,250.0,260.5,272.0,281.0,291.0,0.0
fit,2023-06-05,7,87,9616,73.7645,25.0,37.0,52.0,71.0,92.0,115.0,144.0,0.0,103.779,84.975,91.0,97.0,104.0,111.0,117.0,124.0,0.0,72.8975,57.0,62.0,67.0,73.0,79.0,84.0,90.0,0.0
fit,2023-06-05,8,1174,9616,1160.8765,949.0,1014.8,1085.0,1160.0,1234.0,1308.0,1393.0249999999999,0.0,1079.349,1017.975,1040.0,1059.0,1079.0,1101.0,1120.0,1140.0,0.0,1161.469,1098.0,1121.0,1140.0,1161.0,1183.0,1202.0,1225.0,0.0
fit,2023-06-05,9,20,9616,18.5425,1.0,4.0,7.0,15.0,25.0,39.0,59.0,0.0,24.14,15.0,18.0,21.0,24.0,27.0,30.0,34.0,0.0,17.891,10.0,13.0,15.0,18.0,21.0,24.0,26.024999999999864,0.0
fit,2023-06-05,10,11,9616,42.7425,9.0,17.0,26.0,39.0,56.0,74.0,96.0,0.0,82.444,65.0,70.9,76.0,82.0,88.0,94.0,101.0,0.0,41.8545,30.0,33.0,37.0,42.0,46.0,50.0,55.0,0.0
fit,2023-06-05,11,959,9616,940.87,746.0,810.0,869.75,937.0,1005.0,1076.0,1159.0249999999999,0.0,876.055,818.0,838.0,856.0,876.0,896.0,914.0,932.0249999999999,0.0,942.5145,888.975,907.0,922.0,942.0,962.0,981.0,998.0,0.0
fit,2023-06-05,12,857,9616,870.6775,680.0,745.9,803.0,870.0,935.25,999.0,1074.0249999999999,0.0,778.3775,727.0,743.9,760.0,778.0,796.0,814.0,831.0,0.0,872.2035,817.0,835.0,853.0,873.0,891.0,907.0,927.0,0.0
fit,2023-06-05,13,874,9616,880.067,688.975,747.9,809.0,880.0,948.0,1012.0,1086.0499999999997,0.0,876.6725,824.0,841.9,859.0,876.5,895.0,913.0,930.0,0.0,882.905,829.0,845.0,863.0,883.0,902.0,919.0,938.0249999999999,0.0
fit,2023-06-05,14,1594,9616,1671.0895,1416.975,1502.0,1579.0,1669.0,1757.0,1844.0,1941.0249999999999,0.0,1591.962,1522.975,1547.0,1568.0,1590.0,1616.0,1639.0,1665.0249999999999,0.0,1665.7115,1588.0,1617.0,1639.0,1666.0,1692.0,1714.0,1737.0,0.0
fit,2023-06-05,15,110,9616,158.2655,85.975,105.0,127.75,154.0,185.0,216.0,256.0,0.0,68.27,53.0,58.0,63.0,68.0,74.0,79.0,85.0,0.0,158.8315,134.0,142.0,150.0,159.0,167.0,175.0,183.02499999999986,0.0
fit,2023-06-05,16,20,9616,8.7775,0.0,0.0,1.0,5.0,12.0,22.100000000000136,38.024999999999864,0.0,83.8535,66.975,72.0,77.0,83.0,90.0,96.0,102.02499999999986,0.0,8.4825,3.0,5.0,6.0,8.0,10.0,12.0,15.0,0.0
fit,2023-06-05,17,759,9616,947.996,746.95,816.0,876.75,944.0,1019.0,1085.1000000000001,1158.0,0.0,640.75,593.0,610.0,624.0,641.0,657.0,672.0,688.0,0.0,949.7255,890.0,913.0,929.0,951.0,970.0,985.0,1007.0,0.0
fit,2023-06-05,18,116,9616,98.715,41.0,56.0,73.0,95.0,121.0,145.0,174.02499999999986,0.0,97.1555,78.0,85.0,91.0,97.0,104.0,110.0,116.0,0.0,98.7055,79.975,86.0,92.0,99.0,105.0,111.0,118.0,0.0
fit,2023-06-05,19,541,9616,471.8115,335.0,380.0,419.0,466.0,519.0,572.1000000000001,636.0499999999997,0.0,569.9365,523.0,541.0,554.0,569.0,586.0,601.0,616.0,0.0,474.82,433.975,448.0,461.0,475.0,489.0,502.0,516.0249999999999,0.0
fit,2023-06-05,20,13,9616,20.5215,1.0,4.0,9.0,17.0,28.0,41.0,62.0,0.0,30.32,20.0,23.0,26.0,30.0,34.0,38.0,42.0,0.0,20.415,12.0,15.0,17.0,20.0,23.0,26.0,30.0,0.0
fit,2023-06-05,21,54,9616,41.7045,9.0,15.0,24.0,37.0,55.0,73.10000000000014,99.0,0.0,37.1785,26.0,30.0,33.0,37.0,41.0,45.0,50.0,0.0,40.9505,29.0,33.0,37.0,41.0,45.0,49.0,53.0,0.0
fit,2023-06-05,22,101,9616,81.2855,30.0,44.0,59.0,76.0,101.0,124.0,157.0,0.0,116.398,95.0,102.0,109.0,116.0,124.0,130.0,138.0,0.0,81.7275,65.0,70.0,76.0,81.0,88.0,93.0,100.0,0.0
fit,2023-06-05,23,161,9616,29.4375,4.0,9.0,15.0,26.0,39.0,55.0,76.0,0.0,57.852,43.0,48.0,53.0,58.0,63.0,68.0,72.0,0.0,29.6135,19.0,23.0,26.0,29.0,33.0,37.0,41.0,0.0
fit,2023-06-05,24,49,9616,53.4345,15.0,23.0,34.0,50.0,68.0,88.0,115.0,0.0,87.3265,69.0,75.0,81.0,87.0,94.0,100.0,106.0,0.0,52.0175,39.0,43.0,47.0,52.0,57.0,61.0,66.0,0.0
fit,2023-06-05,25,125,9616,168.5095,91.0,113.0,137.0,165.0,197.0,226.0,264.0,0.0,128.0505,107.0,114.0,120.0,128.0,136.0,143.0,150.0,0.0,170.014,146.0,154.0,161.0,170.0,179.0,186.0,196.0,0.0
fit,2023-06-05,26,35,9616,27.8715,3.0,8.0,14.0,24.0,37.0,53.0,75.0,0.0,101.6685,83.0,89.0,95.0,101.0,108.0,115.0,122.0,0.0,28.251,18.0,21.0,25.0,28.0,32.0,35.0,39.0,0.0
fit,2023-06-05,27,27,9616,46.7725,12.0,20.0,29.0,43.0,60.0,78.10000000000014,102.0,0.0,72.369,56.0,62.0,67.0,72.0,78.0,84.0,89.0,0.0,47.786,35.0,39.0,43.0,47.0,52.0,57.0,62.0,0.0
fit,2023-06-05,28,12,9616,8.898,0.0,0.0,1.0,5.0,12.0,22.0,37.024999999999864,0.0,62.493,48.0,53.0,57.0,62.0,68.0,72.0,79.0,0.0,9.3215,4.0,5.900000000000006,7.0,9.0,11.0,13.0,16.0,0.0
fit,2023-06-05,29,45,9616,34.272,5.0,11.900000000000006,19.0,31.0,45.0,61.100000000000136,83.0,0.0,81.9025,65.0,70.0,76.0,82.0,88.0,94.0,100.0,0.0,33.9965,23.0,27.0,30.0,34.0,38.0,41.0,46.0,0.0
fit,2023-06-05,30,131,9616,98.8915,42.0,56.0,74.0,95.0,119.0,146.0,180.0,0.0,194.5665,169.0,177.0,185.0,194.0,204.0,212.0,221.0,0.0,98.3825,80.0,86.0,92.0,98.0,105.0,111.0,117.0,0.0
fit,2023-06-05,31,6,9616,6.172,0.0,0.0,0.0,3.0,8.0,17.0,31.024999999999864,0.0,72.4315,56.0,62.0,66.0,72.0,78.0,84.0,90.0,0.0,5.943,2.0,3.0,4.0,6.0,7.0,9.0,11.0,0.0
fit,2023-06-05,32,84,9616,19.954,1.0,4.0,8.0,16.0,28.0,41.0,61.024999999999864,0.0,81.939,64.0,70.0,76.0,82.0,88.0,94.0,100.0,0.0,20.6175,12.0,15.0,18.0,20.0,24.0,27.0,30.0,0.0
fit,2023-06-05,33,122,9616,57.2375,18.0,27.0,38.0,54.0,72.0,92.0,120.0,0.0,63.5865,48.0,53.0,58.0,63.0,69.0,74.0,80.02499999999986,0.0,57.295,43.0,47.0,52.0,57.0,62.25,67.0,73.0,0.0
fit,2023-06-05,34,83,9616,130.2485,63.0,81.0,101.0,126.0,156.0,187.0,222.0,0.0,58.7345,44.0,49.0,53.0,59.0,64.0,69.0,74.0,0.0,128.8845,107.975,114.0,121.0,128.0,137.0,144.0,152.0,0.0
fit,2023-06-05,35,0,9616,1.465,0.0,0.0,0.0,0.0,1.0,4.0,13.024999999999864,0.0,25.9095,17.0,20.0,23.0,26.0,29.0,32.0,36.0,0.0,1.2985,0.0,0.0,0.0,1.0,2.0,3.0,4.0,0.0
fit,2023-06-05,36,549,9616,384.216,258.0,298.0,336.0,380.5,428.0,475.10000000000014,526.0749999999996,0.0,482.9675,442.0,456.0,468.0,483.0,498.0,511.0,526.0,0.0,380.7545,344.0,356.9,368.0,380.0,394.0,406.0,419.0,0.0
fit,2023-06-05,37,59,9616,32.661,5.0,11.0,17.0,29.0,43.0,60.0,85.02499999999986,0.0,56.7285,42.0,47.0,52.0,57.0,62.0,66.0,72.0,0.0,32.358,22.0,25.0,28.0,32.0,36.0,40.0,44.0,0.0
fit,2023-06-05,38,15,9616,17.171,1.0,3.0,7.0,14.0,23.0,37.0,54.024999999999864,0.0,56.854,42.0,47.0,52.0,57.0,62.0,67.0,71.0,0.0,17.653,10.0,12.0,15.0,18.0,21.0,23.0,26.0,0.0
fit,2023-06-05,39,20,9616,42.037,8.0,16.0,25.0,38.0,55.0,74.0,97.02499999999986,0.0,76.567,60.0,65.0,71.0,77.0,82.0,88.0,94.0,0.0,40.9555,29.0,33.0,37.0,41.0,45.0,49.0,54.0,0.0
fit,2023-06-12,0,13,9671,17.389,0.9750000000000014,3.0,7.0,14.0,24.0,37.0,55.0,0.0,17.671,10.0,12.0,15.0,18.0,21.0,23.0,26.0,0.0,17.943,10.0,13.0,15.0,18.0,21.0,24.0,27.0,0.0
fit,2023-06-12,1,8,9671,115.824,51.975,70.0,89.0,111.0,139.0,167.0,199.02499999999986,0.0,54.125,40.0,45.0,49.0,54.0,59.0,63.0,69.0,0.0,115.761,94.0,102.0,108.0,116.0,123.0,130.0,137.0,0.0
fit,2023-06-12,2,20,9671,16.5335,1.0,2.0,6.0,12.0,23.0,36.0,57.0,0.0,77.023,60.0,66.0,71.0,77.0,83.0,88.0,95.0,0.0,16.612,9.0,12.0,14.0,16.0,19.0,22.0,25.0,0.0
fit,2023-06-12,3,309,9671,268.659,170.0,199.0,229.0,265.0,303.0,343.0,393.0,0.0,320.5175,286.0,298.0,308.0,320.0,333.0,343.0,355.0,0.0,268.5195,238.0,248.0,257.0,269.0,279.0,289.0,299.0,0.0
fit,2023-06-12,4,146,9671,152.865,78.0,98.0,122.0,150.0,181.0,209.0,245.0,0.0,120.49,100.0,106.0,113.0,120.0,128.0,135.0,142.0,0.0,152.3125,129.0,137.0,144.0,152.0,160.0,167.0,177.0,0.0
fit,2023-06-12,5,90,9671,95.6975,41.975,55.0,72.0,91.0,114.0,143.0,176.0,0.0,86.0075,69.0,74.0,80.0,86.0,92.0,98.0,104.0,0.0,96.164,77.975,84.0,90.0,96.0,102.0,109.0,116.0,0.0
fit,2023-06-12,6,217,9671,259.2435,160.0,188.0,217.75,257.0,294.0,336.10000000000014,380.0,0.0,124.6545,103.0,111.0,117.0,125.0,132.0,139.0,146.02499999999986,0.0,256.525,226.0,237.0,246.0,256.0,267.0,277.0,287.02499999999986,0.0
fit,2023-06-12,7,80,9671,85.207,34.0,47.0,61.0,82.0,104.0,129.0,159.0,0.0,104.2765,85.0,91.0,97.0,104.0,111.0,117.0,124.0,0.0,85.88,69.0,75.0,79.0,86.0,92.0,98.0,105.0,0.0
fit,2023-06-12,8,1171,9671,1163.468,956.95,1022.0,1086.75,1164.0,1235.0,1309.0,1387.0,0.0,1086.026,1025.975,1046.0,1065.0,1085.0,1108.0,1127.0,1148.0,0.0,1165.84,1105.0,1125.0,1145.0,1165.0,1187.0,1206.0,1227.0,0.0
fit,2023-06-12,9,14,9671,14.6865,0.0,2.0,5.0,11.0,21.0,32.0,49.024999999999864,0.0,24.0575,15.0,18.0,21.0,24.0,27.0,30.0,34.0,0.0,14.987,8.0,10.0,12.0,15.0,17.0,20.0,23.0,0.0
fit,2023-06-12,10,32,9671,29.9245,5.0,10.0,16.0,26.0,40.0,55.0,79.0,0.0,83.518,66.0,72.0,77.75,84.0,90.0,94.0,102.0,0.0,30.3815,20.0,23.0,27.0,30.0,34.0,37.0,41.0,0.0
fit,2023-06-12,11,918,9671,954.294,762.975,825.9,886.0,950.0,1022.0,1089.0,1159.0,0.0,880.358,826.0,844.0,861.0,881.0,899.0,916.0,937.0,0.0,949.1365,893.0,912.0,928.0,949.0,970.0,986.0,1007.0,0.0
fit,2023-06-12,12,874,9671,867.6915,679.95,742.0,800.0,863.0,934.0,995.0,1076.0,0.0,782.379,730.0,748.0,764.0,783.0,800.0,817.0,833.0249999999999,0.0,871.252,817.0,836.0,851.0,871.0,890.0,909.0,929.0,0.0
fit,2023-06-12,13,878,9671,894.1095,711.975,770.0,824.0,892.0,958.0,1024.1000000000001,1106.0,0.0,882.6845,828.0,847.0,864.0,883.0,901.0,919.0,940.0,0.0,889.208,836.0,853.0,871.0,889.0,909.0,924.0,943.0249999999999,0.0
fit,2023-06-12,14,1609,9671,1658.751,1405.9,1491.0,1571.75,1656.0,1750.0,1833.1000000000001,1914.0249999999999,0.0,1602.2225,1528.0,1556.0,1578.0,1602.0,1626.0,1649.1000000000001,1671.0249999999999,0.0,1657.269,1581.0,1610.0,1633.0,1658.0,1682.0,1704.0,1730.0,0.0
fit,2023-06-12,15,139,9671,130.3145,63.0,81.0,101.0,126.0,155.0,186.0,217.0,0.0,68.694,54.0,58.0,63.0,68.0,74.0,79.0,85.0,0.0,130.437,108.0,116.0,123.0,130.0,138.0,145.0,153.0,0.0
fit,2023-06-12,16,27,9671,11.917,0.0,1.0,3.0,8.0,16.0,28.0,46.0,0.0,84.341,67.0,73.0,78.0,84.0,90.25,96.0,104.0,0.0,12.18,6.0,8.0,10.0,12.0,14.0,17.0,20.0,0.0
fit,2023-06-12,17,847,9671,899.885,711.975,771.0,831.0,896.0,963.0,1031.1000000000001,1108.0249999999999,0.0,644.2635,597.0,613.0,629.0,644.0,660.0,675.0,693.0,0.0,899.978,846.0,865.0,881.0,899.0,919.0,936.0,955.0,0.0
fit,2023-06-12,18,66,9671,110.1215,48.0,65.0,83.0,107.0,132.0,162.0,197.0,0.0,98.097,80.0,86.0,91.0,98.0,105.0,111.0,119.0,0.0,109.0995,90.0,95.9,102.0,109.0,116.0,123.0,131.0,0.0
fit,2023-06-12,19,627,9671,522.859,377.0,426.9,469.0,519.0,572.25,622.0,689.0,0.0,572.9335,527.0,543.0,557.0,572.0,589.0,603.0,621.0249999999999,0.0,526.036,482.975,496.0,510.0,527.0,541.0,555.0,571.0,0.0
fit,2023-06-12,20,12,9671,13.8935,0.0,2.0,4.0,10.0,19.0,32.0,50.0,0.0,30.6905,20.0,24.0,27.0,30.0,34.0,38.0,42.0,0.0,14.14,7.0,9.0,12.0,14.0,17.0,19.0,22.0,0.0
fit,2023-06-12,21,42,9671,38.8345,8.0,14.0,23.0,36.0,51.0,67.0,89.0,0.0,37.3405,26.0,30.0,33.0,37.0,41.0,46.0,50.0,0.0,38.7145,27.0,31.0,34.0,38.0,43.0,47.0,52.0,0.0
fit,2023-06-12,22,69,9671,86.55,34.0,48.0,63.0,82.0,106.0,130.0,161.0,0.0,116.922,96.0,103.0,110.0,117.0,124.0,131.0,138.0,0.0,86.508,68.0,74.0,80.0,86.0,93.0,99.0,105.0,0.0
fit,2023-06-12,23,185,9671,67.2425,23.0,33.0,46.0,64.0,83.0,105.10000000000014,134.02499999999986,0.0,58.0285,43.0,48.0,53.0,58.0,63.0,68.0,74.0,0.0,67.514,52.0,58.0,62.0,67.0,73.0,78.0,83.02499999999986,0.0
fit,2023-06-12,24,44,9671,50.025,12.0,21.0,32.0,46.0,64.0,84.0,110.0,0.0,88.0165,70.0,76.9,82.0,88.0,94.0,99.10000000000014,106.0,0.0,49.624,36.0,41.0,45.0,50.0,54.0,59.0,64.0,0.0
fit,2023-06-12,25,115,9671,150.096,77.975,99.0,119.0,145.0,175.0,208.0,244.0,0.0,128.4735,107.0,114.0,121.0,128.0,136.0,143.0,151.0,0.0,148.8595,126.0,133.0,140.0,149.0,157.0,164.0,173.02499999999986,0.0
fit,2023-06-12,26,11,9671,27.512,4.0,8.0,14.0,23.0,36.0,52.0,73.02499999999986,0.0,102.194,83.0,90.0,95.0,102.0,109.0,115.0,124.0,0.0,27.751,18.0,21.0,24.0,28.0,31.0,35.0,38.0,0.0
fit,2023-06-12,27,59,9671,36.202,7.0,13.0,21.0,31.0,48.0,66.0,87.0,0.0,72.775,57.0,62.0,67.0,73.0,78.0,84.0,91.0,0.0,36.496,25.0,29.0,32.0,36.0,41.0,44.0,49.0,0.0
fit,2023-06-12,28,11,9671,8.954,0.0,0.0,2.0,5.0,13.0,23.100000000000136,38.0,0.0,63.1515,48.0,54.0,58.0,63.0,68.0,73.0,80.0,0.0,9.0675,4.0,5.0,7.0,9.0,11.0,13.0,15.0,0.0
fit,2023-06-12,29,61,9671,38.226,8.0,14.0,22.0,34.0,50.0,69.0,89.02499999999986,0.0,82.7695,65.0,71.0,76.75,83.0,89.0,94.10000000000014,101.0,0.0,38.4515,27.0,31.0,34.0,38.0,43.0,46.100000000000136,50.024999999999864,0.0
fit,2023-06-12,30,116,9671,113.4245,51.975,68.0,86.0,109.0,137.0,163.0,195.0,0.0,195.749,169.0,178.0,187.0,196.0,205.0,213.0,223.0,0.0,113.4335,94.0,100.0,106.0,113.0,120.0,127.0,135.0,0.0
fit,2023-06-12,31,0,9671,7.481,0.0,0.0,1.0,4.0,10.0,20.0,37.0,0.0,72.8055,57.0,62.0,67.0,72.0,78.0,83.0,92.0,0.0,7.3305,3.0,4.0,5.0,7.0,9.0,11.0,13.0,0.0
fit,2023-06-12,32,44,9671,39.3305,8.0,14.0,23.0,35.0,51.0,69.0,92.02499999999986,0.0,82.0775,64.0,70.0,76.0,82.0,88.0,94.0,100.0,0.0,39.2615,27.0,32.0,35.0,39.0,43.0,47.100000000000136,52.0,0.0
fit,2023-06-12,33,64,9671,77.272,28.0,40.900000000000006,55.0,73.0,95.0,117.0,149.0,0.0,64.293,50.0,54.0,59.0,64.0,70.0,74.0,80.0,0.0,78.234,61.0,67.0,72.0,78.0,84.0,90.0,96.0,0.0
fit,2023-06-12,34,126,9671,110.673,49.0,66.0,85.0,106.0,133.0,160.0,192.02499999999986,0.0,58.7865,44.0,49.0,54.0,59.0,64.0,69.0,74.0,0.0,111.4055,91.0,98.0,104.0,111.0,118.0,125.0,133.0,0.0
fit,2023-06-12,35,6,9671,1.1835,0.0,0.0,0.0,0.0,0.0,3.0,12.0,0.0,26.2795,17.0,20.0,23.0,26.0,29.0,33.0,37.0,0.0,1.3535,0.0,0.0,0.0,1.0,2.0,3.0,4.0,0.0
fit,2023-06-12,36,481,9671,442.8735,310.0,348.0,389.0,438.0,491.0,542.0,608.0249999999999,0.0,486.114,445.975,460.0,472.0,486.0,500.0,513.0,528.0,0.0,444.843,405.0,419.0,431.0,445.0,458.0,470.0,483.0,0.0
fit,2023-06-12,37,89,9671,42.9635,10.0,18.0,26.0,39.0,55.0,76.0,98.0,0.0,56.603,43.0,47.0,52.0,57.0,61.0,66.0,71.0,0.0,43.7725,32.0,36.0,39.0,44.0,48.0,52.0,57.0,0.0
fit,2023-06-12,38,17,9671,14.6605,0.0,2.0,5.0,11.0,21.0,33.0,50.024999999999864,0.0,57.037,42.0,47.0,52.0,57.0,62.0,67.0,72.02499999999986,0.0,14.638,8.0,10.0,12.0,14.0,17.0,20.0,23.0,0.0
fit,2023-06-12,39,34,9671,34.162,5.0,11.0,19.0,30.0,45.0,62.0,87.0,0.0,76.554,60.0,65.0,70.0,76.0,82.0,88.0,94.0,0.0,34.0805,23.0,27.0,30.0,34.0,38.0,42.0,45.0,0.0
fit,2023-06-19,0,6,9451,17.741,1.0,3.0,7.0,14.0,24.0,37.0,57.024999999999864,0.0,17.209,9.0,12.0,14.0,17.0,20.0,23.0,26.0,0.0,18.4445,10.0,13.0,16.0,18.0,21.0,24.0,28.0,0.0
fit,2023-06-19,1,19,9451,45.275,11.0,20.0,28.0,41.0,57.0,77.0,100.0,0.0,53.076,40.0,44.0,48.0,53.0,58.0,63.0,68.0,0.0,45.5175,33.0,37.0,41.0,46.0,50.0,54.0,59.0,0.0
fit,2023-06-19,2,44,9451,17.8855,1.0,3.0,7.0,14.0,25.0,38.0,55.024999999999864,0.0,75.3615,59.0,64.0,69.0,75.0,81.0,87.0,93.0,0.0,18.1665,10.0,13.0,15.0,18.0,21.0,24.0,27.0,0.0
fit,2023-06-19,3,265,9451,281.0975,180.0,209.0,239.0,277.0,319.0,357.0,404.0,0.0,313.436,280.0,291.0,302.0,313.0,325.0,336.0,350.0,0.0,282.144,249.0,261.0,271.0,283.0,293.0,303.0,314.0,0.0
fit,2023-06-19,4,137,9451,149.1355,76.0,98.0,118.0,146.0,175.0,205.0,245.04999999999973,0.0,117.5115,96.0,104.0,110.0,117.0,125.0,131.0,139.0,0.0,148.2755,125.0,132.0,140.0,148.0,157.0,164.0,174.0,0.0
fit,2023-06-19,5,116,9451,111.735,51.0,68.0,86.0,109.0,134.0,160.0,191.0,0.0,83.914,66.0,72.0,78.0,84.0,90.0,96.0,102.0,0.0,110.431,90.0,97.0,103.0,110.0,118.0,124.0,132.0,0.0
fit,2023-06-19,6,169,9451,242.313,149.0,176.0,204.0,240.0,275.0,311.10000000000014,359.02499999999986,0.0,121.7125,100.0,107.0,114.0,122.0,129.0,136.0,145.0,0.0,241.459,213.0,222.0,231.0,241.0,252.0,261.10000000000014,271.02499999999986,0.0
fit,2023-06-19,7,55,9451,88.6605,38.0,51.0,65.0,84.0,108.0,131.10000000000014,157.02499999999986,0.0,102.3055,83.0,89.0,96.0,102.0,109.0,116.0,122.0,0.0,88.7545,71.0,77.0,82.0,89.0,95.0,101.0,107.0,0.0
fit,2023-06-19,8,1133,9451,1120.323,911.0,976.9,1046.0,1118.0,1193.0,1263.0,1346.0249999999999,0.0,1061.271,1002.975,1022.0,1040.0,1061.0,1082.0,1102.0,1122.0,0.0,1117.467,1056.0,1077.0,1096.75,1117.0,1139.0,1158.0,1180.0249999999999,0.0
fit,2023-06-19,9,15,9451,17.026,1.0,3.0,7.0,13.0,23.0,36.100000000000136,55.0,0.0,23.4725,14.0,17.0,20.0,23.0,27.0,30.0,33.0,0.0,17.3415,10.0,12.0,15.0,17.0,20.0,23.0,26.0,0.0
fit,2023-06-19,10,23,9451,29.352,4.0,9.0,16.0,26.0,39.0,54.0,77.0,0.0,81.4235,65.0,70.0,75.0,81.0,87.0,93.0,99.0,0.0,29.8245,20.0,23.0,26.0,30.0,33.0,37.0,41.0,0.0
fit,2023-06-19,11,964,9451,905.1855,722.975,780.0,834.0,903.0,971.0,1035.0,1106.0249999999999,0.0,862.1755,807.0,827.0,843.0,862.0,881.0,898.0,917.0,0.0,906.626,851.0,870.0,887.0,906.0,926.0,944.0,961.0,0.0
fit,2023-06-19,12,902,9451,822.258,638.975,699.0,755.0,819.0,887.0,947.0,1018.0249999999999,0.0,765.0885,713.0,730.0,748.0,766.0,783.0,799.0,815.0,0.0,824.556,772.975,790.0,806.0,824.0,843.0,858.1000000000001,879.0,0.0
fit,2023-06-19,13,844,9451,845.504,668.0,723.0,775.75,839.0,909.0,976.1000000000001,1051.0249999999999,0.0,861.944,810.0,827.0,843.0,861.0,880.0,898.0,917.0,0.0,844.4295,791.0,808.9,826.0,845.0,863.0,880.0,899.0249999999999,0.0
fit,2023-06-19,14,1556,9451,1613.9345,1378.975,1450.0,1519.0,1612.0,1701.25,1782.0,1887.0249999999999,0.0,1564.04,1491.0,1516.0,1540.0,1564.0,1589.0,1612.0,1637.0,0.0,1612.869,1537.975,1564.0,1587.0,1613.0,1639.25,1663.0,1687.0,0.0
fit,2023-06-19,15,113,9451,150.548,80.0,98.0,120.0,146.0,177.0,208.10000000000014,243.02499999999986,0.0,67.564,52.0,57.0,62.0,67.0,73.0,79.0,84.0,0.0,151.0205,127.0,135.9,143.0,151.0,159.0,167.0,175.0,0.0
fit,2023-06-19,16,23,9451,15.961,0.0,2.0,6.0,12.0,22.0,36.0,52.0,0.0,82.365,66.0,71.0,76.0,82.0,88.0,94.0,100.0,0.0,16.2395,9.0,11.0,14.0,16.0,19.0,21.0,25.0,0.0
fit,2023-06-19,17,842,9451,845.4575,662.975,726.0,779.0,842.0,909.0,972.0,1037.0499999999997,0.0,629.6175,581.975,597.0,613.0,629.0,646.0,663.0,680.0249999999999,0.0,848.303,794.0,813.0,831.0,848.0,866.0,885.0,905.0,0.0
fit,2023-06-19,18,89,9451,99.297,41.0,58.0,74.0,96.0,120.0,147.0,180.0,0.0,95.8295,77.0,83.0,89.0,96.0,102.0,108.0,115.0,0.0,99.645,80.0,87.0,93.0,99.0,106.0,112.0,119.02499999999986,0.0
fit,2023-06-19,19,605,9451,543.7805,401.0,442.0,485.0,538.5,595.0,656.0,719.0249999999999,0.0,559.4045,516.0,530.0,544.0,559.0,575.0,589.0,606.0,0.0,540.231,497.0,511.0,525.0,540.0,555.0,568.1000000000001,584.0,0.0
fit,2023-06-19,20,10,9451,16.2815,0.0,2.0,6.0,12.0,23.0,35.0,54.04999999999973,0.0,29.892,20.0,23.0,26.0,30.0,33.0,37.0,40.0,0.0,16.138,9.0,11.0,13.0,16.0,19.0,22.0,24.0,0.0
fit,2023-06-19,21,44,9451,41.64,9.0,16.0,25.0,38.0,54.0,74.0,100.0,0.0,36.3655,25.0,29.0,32.0,36.0,40.0,44.0,49.0,0.0,41.5155,29.0,34.0,37.0,42.0,46.0,50.0,54.0,0.0
fit,2023-06-19,22,103,9451,77.0095,28.0,40.0,54.0,73.0,95.0,118.0,149.0,0.0,114.291,93.0,100.0,107.0,114.0,122.0,128.0,136.0,0.0,76.7745,59.0,66.0,71.0,77.0,83.0,88.0,94.0,0.0
fit,2023-06-19,23,134,9451,110.2155,47.0,64.0,85.0,107.0,133.0,159.0,189.0,0.0,56.9055,43.0,48.0,52.0,57.0,62.0,66.0,72.0,0.0,109.9085,90.0,96.0,102.0,109.5,117.0,124.0,131.0,0.0
fit,2023-06-19,24,93,9451,45.0065,10.0,18.0,28.0,41.0,58.0,76.0,105.0,0.0,86.229,68.0,74.0,80.0,86.0,93.0,98.0,105.0,0.0,44.341,32.975,36.0,40.0,44.0,48.0,53.0,58.0,0.0
fit,2023-06-19,25,116,9451,133.002,63.0,83.0,104.0,128.0,158.0,187.0,222.0,0.0,126.068,105.0,112.0,118.75,126.0,134.0,140.10000000000014,149.0,0.0,132.92,110.0,118.9,125.0,133.0,140.0,148.0,157.02499999999986,0.0
fit,2023-06-19,26,23,9451,27.0835,3.0,7.0,14.0,23.0,36.0,52.0,72.0,0.0,99.689,80.0,88.0,93.0,99.0,106.0,112.0,120.0,0.0,26.0985,17.0,20.0,23.0,26.0,29.0,33.0,37.0,0.0
fit,2023-06-19,27,29,9451,45.4475,11.0,19.0,28.0,42.0,58.0,77.10000000000014,100.0,0.0,71.0095,55.0,60.0,65.0,71.0,76.0,82.0,89.0,0.0,44.755,32.0,36.0,40.0,45.0,49.0,53.0,58.0,0.0
fit,2023-06-19,28,9,9451,10.474,0.0,1.0,3.0,7.0,15.0,25.0,42.0,0.0,61.7705,47.0,52.0,56.0,61.0,67.0,72.0,78.0,0.0,10.692,5.0,6.0,9.0,11.0,13.0,15.0,18.0,0.0
fit,2023-06-19,29,55,9451,45.115,11.0,18.0,28.0,41.0,58.0,76.0,106.02499999999986,0.0,81.1945,64.0,70.0,75.0,81.0,87.0,93.0,99.0,0.0,45.4615,32.975,37.0,41.0,45.0,50.0,54.0,60.0,0.0
fit,2023-06-19,30,122,9451,118.4125,52.0,72.0,91.0,115.0,142.0,169.0,203.02499999999986,0.0,190.687,164.0,174.0,182.0,190.0,200.0,208.0,218.0,0.0,118.275,97.0,104.0,111.0,118.0,126.0,132.0,141.0,0.0
fit,2023-06-19,31,10,9451,4.8625,0.0,0.0,0.0,2.0,6.0,14.0,27.0,0.0,71.027,55.0,60.0,65.0,71.0,76.0,82.0,89.0,0.0,4.7275,1.0,2.0,3.0,5.0,6.0,8.0,9.0,0.0
fit,2023-06-19,32,53,9451,44.2155,10.975000000000001,17.0,27.0,40.0,58.0,77.0,102.0,0.0,80.102,63.0,69.0,74.0,80.0,86.0,92.0,99.0,0.0,44.091,31.975,36.0,39.0,44.0,49.0,53.0,58.0,0.0
fit,2023-06-19,33,121,9451,78.206,29.0,41.0,56.0,74.0,96.0,121.0,149.0,0.0,62.5695,47.975,52.0,57.0,62.0,68.0,73.0,78.0,0.0,78.3325,62.0,68.0,72.0,78.0,84.0,90.0,96.0,0.0
fit,2023-06-19,34,73,9451,125.955,60.0,78.0,98.0,122.0,151.0,176.0,213.0,0.0,57.955,44.0,48.0,53.0,58.0,63.0,68.0,73.0,0.0,127.6195,106.0,114.0,120.0,127.0,135.0,142.0,151.0,0.0
fit,2023-06-19,35,9,9451,2.45,0.0,0.0,0.0,0.0,2.0,7.0,19.0,0.0,25.622,17.0,19.0,22.0,25.0,29.0,32.0,36.0,0.0,2.4535,0.0,1.0,1.0,2.0,3.0,5.0,6.0,0.0
fit,2023-06-19,36,408,9451,457.436,319.0,367.0,406.0,455.0,506.0,553.0,607.0249999999999,0.0,474.669,432.0,447.0,460.0,475.0,489.0,501.0,517.0,0.0,458.8395,420.0,432.9,444.75,459.0,473.0,486.0,499.0,0.0
fit,2023-06-19,37,71,9451,53.6885,15.0,23.0,35.0,50.0,68.25,89.0,116.02499999999986,0.0,55.7465,41.0,46.0,51.0,56.0,61.0,66.0,71.0,0.0,53.99,41.0,45.0,49.0,54.0,59.0,63.0,69.0,0.0
fit,2023-06-19,38,18,9451,16.3625,1.0,3.0,6.0,13.0,23.0,36.0,54.0,0.0,55.6315,41.0,46.0,51.0,56.0,61.0,66.0,70.0,0.0,16.5865,9.0,11.0,14.0,16.0,19.0,22.0,25.0,0.0
fit,2023-06-19,39,30,9451,35.6665,6.0,13.0,20.0,31.0,47.0,63.100000000000136,89.0,0.0,74.8545,58.0,64.0,69.0,74.0,81.0,86.0,93.0,0.0,35.7355,25.0,28.0,31.0,35.0,40.0,44.0,49.0,0.0
fit,2023-06-26,0,8,9311,14.295,0.0,1.0,5.0,10.0,20.0,32.0,52.0,0.0,17.0825,9.0,12.0,14.0,17.0,20.0,23.0,26.0,0.0,14.1825,7.975000000000001,9.0,12.0,14.0,17.0,19.0,22.0,0.0
fit,2023-06-26,1,23,9311,18.479,1.0,3.0,7.0,15.0,26.0,38.0,56.0,0.0,52.5105,39.0,43.0,47.0,52.0,57.0,62.0,67.02499999999986,0.0,18.2755,10.0,13.0,15.0,18.0,21.0,24.0,27.0,0.0
fit,2023-06-26,2,47,9311,24.797,3.0,6.0,12.0,21.0,34.0,48.0,69.02499999999986,0.0,74.135,58.0,63.0,68.0,74.0,80.0,85.0,91.0,0.0,24.75,16.0,18.0,21.0,25.0,28.0,31.0,35.0,0.0
fit,2023-06-26,3,266,9311,293.201,189.0,220.0,252.0,289.0,331.0,371.0,419.02499999999986,0.0,308.9235,275.0,287.0,297.0,309.0,320.0,331.0,343.0,0.0,294.501,261.0,273.0,283.0,295.0,306.0,316.0,327.0,0.0
fit,2023-06-26,4,157,9311,139.6295,73.0,90.0,109.0,135.5,166.0,192.0,229.0,0.0,116.355,96.0,103.0,109.0,116.0,123.0,130.0,137.02499999999986,0.0,141.131,118.0,126.0,133.0,141.0,149.0,157.0,166.0,0.0
fit,2023-06-26,5,84,9311,97.274,43.0,56.0,73.0,94.0,115.0,143.10000000000014,176.02499999999986,0.0,82.5085,65.0,71.0,76.0,82.0,89.0,94.0,101.0,0.0,97.9085,79.0,85.0,91.0,98.0,105.0,110.0,118.0,0.0
fit,2023-06-26,6,224,9311,211.735,124.975,149.0,173.75,208.0,245.0,282.0,322.0,0.0,119.8615,98.975,106.0,112.75,120.0,127.0,134.0,143.0,0.0,211.0955,184.0,193.0,201.0,211.0,221.0,229.0,239.0,0.0
fit,2023-06-26,7,64,9311,80.7555,31.0,44.0,58.0,77.0,100.0,124.0,150.0,0.0,100.88,82.0,88.0,94.0,101.0,108.0,114.0,121.0,0.0,81.1175,63.0,70.0,75.0,81.0,87.0,93.0,99.0,0.0
fit,2023-06-26,8,1182,9311,1132.93,934.975,995.0,1055.0,1132.0,1203.0,1277.1000000000001,1362.0249999999999,0.0,1044.9075,984.0,1004.0,1025.0,1044.5,1065.0,1085.0,1105.0,0.0,1133.0685,1071.0,1092.0,1112.0,1134.0,1155.0,1173.0,1194.0,0.0
fit,2023-06-26,9,21,9311,14.338,0.0,2.0,5.0,11.0,20.0,32.0,47.024999999999864,0.0,23.3505,14.0,17.0,20.0,23.0,26.0,30.0,32.0,0.0,14.7605,8.0,10.0,12.0,15.0,17.0,20.0,23.0,0.0
fit,2023-06-26,10,50,9311,24.086,2.0,6.900000000000006,12.0,21.0,33.0,45.0,67.0,0.0,79.7805,63.0,68.0,74.0,80.0,86.0,91.0,98.0,0.0,24.3055,15.0,18.0,21.0,24.0,28.0,31.0,35.0,0.0
fit,2023-06-26,11,772,9311,896.388,704.0,772.0,829.75,894.0,961.0,1025.1000000000001,1094.0249999999999,0.0,848.7115,795.0,813.0,830.0,849.0,868.0,885.0,903.0,0.0,897.1405,842.0,861.0,878.0,897.0,916.0,932.0,953.0,0.0
fit,2023-06-26,12,778,9311,837.8555,661.975,714.0,771.0,836.5,900.0,967.1000000000001,1041.0,0.0,752.9025,703.0,719.0,735.0,752.0,770.25,788.1000000000001,807.0249999999999,0.0,836.2575,783.0,800.0,817.0,836.0,855.0,872.0,893.0,0.0
fit,2023-06-26,13,877,9311,839.2615,662.95,715.9,772.0,838.0,902.0,964.0,1041.0499999999997,0.0,849.653,794.0,813.0,831.0,850.0,868.0,885.0,904.0,0.0,837.1715,785.0,803.0,818.0,837.0,855.0,872.0,891.0,0.0
fit,2023-06-26,14,1423,9311,1554.6225,1317.975,1397.0,1466.0,1552.0,1642.0,1712.0,1800.0249999999999,0.0,1541.255,1474.0,1497.0,1518.0,1541.0,1564.0,1588.0,1607.0249999999999,0.0,1552.98,1485.0,1506.0,1529.0,1553.0,1577.0,1599.0,1621.0,0.0
fit,2023-06-26,15,140,9311,126.7955,61.0,80.0,99.0,123.0,150.0,178.0,211.0,0.0,66.261,51.0,56.0,61.0,66.0,72.0,77.0,82.0,0.0,128.1435,106.975,113.0,120.0,128.0,136.0,143.0,150.0,0.0
fit,2023-06-26,16,33,9311,20.4005,1.0,4.0,9.0,17.0,28.0,42.0,63.0,0.0,81.263,63.0,69.0,75.0,81.0,87.0,93.0,99.0,0.0,20.0855,12.0,15.0,17.0,20.0,23.0,26.0,29.0,0.0
fit,2023-06-26,17,1009,9311,805.2115,631.975,686.0,740.0,802.0,866.0,927.1000000000001,1004.0249999999999,0.0,621.79,575.0,591.0,605.0,621.0,638.0,653.0,671.0,0.0,803.6175,750.0,769.0,786.0,803.0,821.0,839.0,857.0249999999999,0.0
fit,2023-06-26,18,113,9311,93.127,38.0,52.0,69.0,90.0,114.0,136.0,170.0,0.0,94.3145,76.0,82.0,87.0,94.0,101.0,107.0,114.0,0.0,93.0535,75.0,81.0,86.0,93.0,99.0,106.0,112.0,0.0
fit,2023-06-26,19,524,9311,564.245,415.95,462.9,508.0,562.0,616.0,668.0,724.0249999999999,0.0,551.3945,508.0,523.0,535.0,551.0,567.0,581.0,597.0,0.0,565.316,521.975,536.0,549.75,564.0,581.0,596.0,611.0,0.0
fit,2023-06-26,20,19,9311,11.908,0.0,1.0,3.0,8.0,16.0,27.0,45.0,0.0,29.248,20.0,22.0,26.0,29.0,33.0,36.0,40.0,0.0,11.767,6.0,8.0,9.0,12.0,14.0,16.0,19.0,0.0
fit,2023-06-26,21,58,9311,37.6845,8.0,13.0,22.0,34.0,50.0,65.10000000000014,92.02499999999986,0.0,36.0105,24.0,28.0,32.0,36.0,40.0,44.0,48.0,0.0,39.1995,27.0,31.0,35.0,39.0,43.0,47.0,52.0,0.0
fit,2023-06-26,22,74,9311,83.984,33.975,46.0,60.0,79.0,104.0,127.0,158.0,0.0,111.862,91.0,98.0,105.0,111.0,119.0,126.0,132.0,0.0,84.376,67.0,72.0,78.0,84.0,91.0,96.0,103.0,0.0
fit,2023-06-26,23,150,9311,139.578,69.0,90.0,110.0,137.0,164.0,194.0,226.02499999999986,0.0,55.7495,42.0,46.0,50.0,56.0,61.0,66.0,71.0,0.0,140.3,119.0,125.0,132.0,140.0,148.0,155.10000000000014,162.02499999999986,0.0
fit,2023-06-26,24,88,9311,54.22,15.0,25.0,35.0,51.0,69.0,88.0,116.02499999999986,0.0,84.6725,68.0,73.0,79.0,84.0,90.0,96.0,103.0,0.0,53.7945,40.0,44.0,49.0,54.0,59.0,63.0,69.0,0.0
fit,2023-06-26,25,137,9311,111.7615,51.0,67.0,85.0,109.0,135.0,159.0,193.0,0.0,124.1435,102.975,110.9,117.0,124.0,131.0,139.0,146.0,0.0,112.4095,92.0,99.0,105.0,112.0,120.0,127.0,133.02499999999986,0.0
fit,2023-06-26,26,40,9311,23.934,2.0,6.900000000000006,12.0,20.0,32.0,47.0,66.0,0.0,98.3735,80.0,86.0,92.0,98.0,105.0,111.0,117.0,0.0,24.465,15.975000000000001,18.0,21.0,24.0,28.0,31.0,34.0,0.0
fit,2023-06-26,27,39,9311,34.9545,7.0,13.0,20.0,31.0,46.0,63.0,85.02499999999986,0.0,69.779,54.0,59.0,64.0,70.0,75.0,81.0,86.0,0.0,35.5505,24.0,28.0,32.0,35.0,40.0,43.0,47.0,0.0
fit,2023-06-26,28,13,9311,10.6335,0.0,0.0,2.0,7.0,15.0,26.0,40.0,0.0,60.5715,46.0,51.0,55.0,61.0,66.0,71.0,76.02499999999986,0.0,10.568,5.0,6.0,8.0,10.0,13.0,15.0,17.0,0.0
fit,2023-06-26,29,36,9311,49.497,12.0,21.0,31.0,46.0,64.0,82.0,108.0,0.0,80.024,63.0,69.0,74.0,80.0,86.0,92.0,98.0,0.0,49.552,37.0,41.0,45.0,49.0,54.0,59.0,64.0,0.0
fit,2023-06-26,30,128,9311,125.006,60.0,79.0,97.0,122.0,149.0,176.0,207.0,0.0,188.136,162.0,171.0,178.0,188.0,198.0,206.0,216.0,0.0,124.4155,103.0,111.0,117.0,124.0,132.0,139.0,147.0,0.0
fit,2023-06-26,31,17,9311,6.0035,0.0,0.0,0.0,3.0,8.0,16.0,31.0,0.0,70.052,54.0,59.0,64.0,70.0,76.0,81.0,87.0,0.0,5.9475,1.0,3.0,4.0,6.0,7.0,9.0,11.0,0.0
fit,2023-06-26,32,46,9311,51.065,13.0,22.0,33.0,47.0,65.0,85.0,108.02499999999986,0.0,79.131,62.975,68.0,73.0,79.0,85.0,91.0,97.0,0.0,51.0955,38.0,42.0,46.0,51.0,56.0,60.0,65.0,0.0
fit,2023-06-26,33,83,9311,92.5615,40.0,53.0,68.0,89.0,113.0,137.0,168.0,0.0,61.824,46.0,51.0,56.0,62.0,67.0,73.0,79.0,0.0,92.6385,74.0,80.0,86.0,93.0,99.0,105.0,112.0,0.0
fit,2023-06-26,34,89,9311,106.066,47.975,63.0,81.0,103.0,129.0,154.0,183.02499999999986,0.0,56.935,43.0,47.0,52.0,57.0,62.0,67.0,72.0,0.0,107.0055,87.0,94.0,100.0,107.0,114.0,121.0,128.0,0.0
fit,2023-06-26,35,10,9311,4.8155,0.0,0.0,0.0,2.0,6.0,14.0,28.0,0.0,25.287,16.0,19.0,22.0,25.0,29.0,32.0,35.0,0.0,4.6225,1.0,2.0,3.0,4.0,6.0,8.0,9.0,0.0
fit,2023-06-26,36,332,9311,462.4815,331.975,372.0,409.0,458.0,511.0,559.0,612.0,0.0,467.6195,426.0,440.0,453.0,468.0,482.0,496.0,510.0,0.0,459.162,421.0,433.0,444.0,459.0,473.0,486.0,503.0,0.0
fit,2023-06-26,37,53,9311,66.1235,22.0,33.0,45.0,63.0,83.0,104.0,129.02499999999986,0.0,54.6825,41.0,45.0,49.0,54.0,60.0,65.0,70.0,0.0,65.869,51.0,56.0,61.0,66.0,71.0,76.0,82.0,0.0
fit,2023-06-26,38,31,9311,17.363,1.0,3.0,7.0,14.0,24.0,37.0,53.024999999999864,0.0,55.1735,42.0,46.0,50.0,55.0,60.0,65.0,69.0,0.0,17.706,10.0,13.0,15.0,18.0,20.0,23.0,26.0,0.0
fit,2023-06-26,39,73,9311,31.9325,4.0,10.0,17.0,28.0,43.0,58.0,83.0,0.0,73.8855,58.0,63.0,68.0,74.0,80.0,85.0,91.0,0.0,31.6945,21.0,25.0,28.0,32.0,35.0,39.0,43.024999999999864,0.0
fit,2023-07-03,0,10,8659,9.4485,0.0,0.0,2.0,6.0,13.0,23.100000000000136,37.0,0.0,15.7745,8.975000000000001,11.0,13.0,16.0,18.0,21.0,24.0,0.0,9.3435,4.0,6.0,7.0,9.0,11.0,13.0,16.0,0.0
fit,2023-07-03,1,26,8659,13.392,0.0,2.0,4.0,10.0,19.0,29.100000000000136,47.0,0.0,48.7935,36.0,40.0,44.0,49.0,53.0,57.0,63.0,0.0,13.807,7.0,9.0,11.0,14.0,16.0,19.0,21.0,0.0
fit,2023-07-03,2,37,8659,31.3045,5.0,10.0,17.0,27.0,42.0,57.0,77.0,0.0,69.0765,54.0,59.0,63.0,69.0,74.0,80.0,86.0,0.0,30.774,20.0,24.0,27.0,31.0,34.0,38.0,42.0,0.0
fit,2023-07-03,3,224,8659,254.131,160.0,189.0,217.0,251.0,287.0,324.0,361.02499999999986,0.0,287.4965,256.0,266.0,276.0,287.0,298.0,309.0,321.0,0.0,255.3195,225.0,235.0,245.0,255.0,266.0,276.0,287.0,0.0
fit,2023-07-03,4,115,8659,131.9485,68.0,87.0,105.0,129.0,156.0,182.0,213.0,0.0,108.296,89.0,95.0,101.0,108.0,116.0,122.0,129.0,0.0,132.183,109.0,117.0,124.75,132.0,140.0,147.0,155.0,0.0
fit,2023-07-03,5,79,8659,86.183,36.0,49.0,63.0,82.0,105.0,128.0,160.0,0.0,76.9335,60.0,66.0,71.0,77.0,83.0,88.0,95.0,0.0,86.5445,68.0,75.0,80.0,87.0,93.0,98.0,105.0,0.0
fit,2023-07-03,6,151,8659,194.221,115.975,138.0,162.0,191.0,223.0,254.0,288.0,0.0,112.2115,93.0,99.0,105.0,112.0,119.0,126.0,133.0,0.0,194.9945,168.975,177.0,186.0,194.0,204.0,213.0,223.0,0.0
fit,2023-07-03,7,78,8659,64.778,22.975,34.0,44.0,61.0,81.0,101.10000000000014,127.0,0.0,93.762,76.0,82.0,87.0,94.0,100.0,106.0,114.0,0.0,65.3965,50.0,55.0,60.0,65.0,71.0,76.0,82.0,0.0
fit,2023-07-03,8,1040,8659,1057.4765,869.0,927.9,987.0,1052.0,1125.0,1195.1000000000001,1264.0249999999999,0.0,972.4795,913.0,935.0,953.0,973.0,992.0,1009.0,1026.0249999999999,0.0,1059.7315,1001.975,1022.0,1039.0,1059.0,1080.0,1099.0,1119.0,0.0
fit,2023-07-03,9,12,8659,15.962,1.0,3.0,7.0,13.0,21.0,34.0,51.0,0.0,21.7105,13.0,16.0,18.0,22.0,25.0,28.0,31.0,0.0,16.248,9.0,11.0,13.0,16.0,19.0,21.100000000000136,24.0,0.0
fit,2023-07-03,10,36,8659,27.1585,4.0,8.0,14.0,23.0,36.0,50.0,70.0,0.0,74.2995,58.0,64.0,68.0,74.0,80.0,85.0,91.0,0.0,26.5905,18.0,20.0,23.0,26.0,30.0,33.0,36.024999999999864,0.0
fit,2023-07-03,11,913,8659,824.2905,654.0,704.0,760.0,822.0,886.0,946.1000000000001,1016.0249999999999,0.0,789.177,738.0,754.9,771.75,790.0,807.0,823.0,842.0,0.0,820.6765,767.0,786.0,803.0,821.0,839.0,856.0,874.0,0.0
fit,2023-07-03,12,716,8659,775.713,608.0,661.0,716.0,772.0,834.0,893.1000000000001,959.0,0.0,700.5895,651.975,668.0,684.0,700.0,718.0,733.0,752.0,0.0,776.336,724.975,743.0,758.0,776.0,794.0,812.0,830.0,0.0
fit,2023-07-03,13,756,8659,788.6225,616.975,674.0,726.75,788.0,849.0,904.1000000000001,971.0249999999999,0.0,788.9435,734.975,754.0,771.0,789.0,807.0,824.0,842.0249999999999,0.0,789.8905,737.975,755.0,772.0,790.0,807.0,823.0,843.0249999999999,0.0
fit,2023-07-03,14,1476,8659,1408.3435,1197.0,1267.9,1330.0,1405.0,1480.25,1553.1000000000001,1646.0,0.0,1433.613,1363.975,1389.0,1411.0,1433.0,1457.0,1478.0,1501.0,0.0,1404.772,1337.0,1359.0,1380.0,1405.0,1429.0,1451.0,1474.0,0.0
fit,2023-07-03,15,72,8659,114.208,53.0,70.0,89.0,110.0,136.25,163.0,195.0,0.0,61.6045,47.0,52.0,56.0,62.0,67.0,71.0,78.0,0.0,114.3375,94.0,101.0,107.0,114.0,121.0,128.0,136.0,0.0
fit,2023-07-03,16,51,8659,23.864,3.0,6.0,12.0,20.0,32.0,46.0,66.0,0.0,75.48,59.0,64.0,70.0,75.0,81.0,86.0,92.0,0.0,23.834,15.0,18.0,20.0,24.0,27.0,30.0,34.0,0.0
fit,2023-07-03,17,698,8659,783.5285,613.975,672.0,720.0,779.0,843.0,904.0,970.0749999999996,0.0,577.5215,532.0,548.0,562.0,577.0,594.0,607.0,624.0249999999999,0.0,786.2545,735.975,752.0,768.0,785.0,805.0,821.0,839.0,0.0
fit,2023-07-03,18,73,8659,87.9075,38.0,51.0,66.0,85.0,107.0,129.0,157.0,0.0,87.411,70.0,75.0,81.0,88.0,93.0,99.0,105.0,0.0,87.5485,70.0,75.9,81.0,87.0,94.0,100.0,106.0,0.0
fit,2023-07-03,19,534,8659,522.4605,386.0,430.0,470.0,520.0,570.0,621.1000000000001,677.0,0.0,512.82,470.0,485.0,498.0,513.0,528.0,540.0,556.0,0.0,522.5215,479.0,495.0,508.0,522.0,537.0,551.0,568.0,0.0
fit,2023-07-03,20,18,8659,12.5235,0.0,1.0,4.0,9.0,18.0,27.0,44.0,0.0,27.006,17.0,20.900000000000006,23.0,27.0,30.0,34.0,38.0,0.0,12.4995,6.0,8.0,10.0,12.0,15.0,17.0,20.0,0.0
fit,2023-07-03,21,48,8659,45.237,13.0,20.0,29.0,42.0,58.0,75.10000000000014,98.02499999999986,0.0,33.402,22.0,26.0,30.0,33.0,37.0,41.0,46.0,0.0,45.2025,33.0,37.0,41.0,45.0,50.0,54.0,59.0,0.0
fit,2023-07-03,22,74,8659,78.7805,32.0,44.0,57.0,76.0,96.0,118.0,145.02499999999986,0.0,104.363,85.0,91.0,97.0,104.0,111.0,118.0,125.0,0.0,79.1105,62.0,68.0,73.0,79.0,85.0,91.0,97.0,0.0
fit,2023-07-03,23,13,8659,143.379,74.975,94.0,115.0,140.0,168.0,196.0,228.0,0.0,52.115,38.0,43.0,47.0,52.0,57.0,62.0,67.0,0.0,143.1205,121.0,128.0,135.0,143.0,151.0,158.0,167.0,0.0
fit,2023-07-03,24,96,8659,62.253,20.975,30.0,43.0,59.0,78.0,98.0,127.02499999999986,0.0,78.739,62.0,68.0,73.0,79.0,84.0,90.0,96.02499999999986,0.0,62.5165,48.0,53.0,57.0,62.0,68.0,72.0,78.0,0.0
fit,2023-07-03,25,116,8659,111.7615,54.0,69.0,86.0,107.5,134.0,158.0,196.02499999999986,0.0,115.529,96.0,102.0,108.0,115.0,123.0,130.0,138.0,0.0,112.3695,92.0,99.0,105.0,112.0,120.0,126.0,134.0,0.0
fit,2023-07-03,26,57,8659,25.462,3.0,7.0,13.0,22.0,34.0,48.0,68.0,0.0,91.4755,74.0,80.0,85.0,91.0,98.0,103.0,111.0,0.0,24.983,16.0,18.0,22.0,25.0,28.0,32.0,35.0,0.0
fit,2023-07-03,27,79,8659,35.051,7.0,12.0,20.0,32.0,46.0,61.0,81.02499999999986,0.0,65.0325,50.0,55.0,59.0,65.0,70.25,75.0,82.0,0.0,35.206,24.0,28.0,31.0,35.0,39.0,43.0,48.0,0.0
fit,2023-07-03,28,11,8659,10.75,0.0,1.0,3.0,7.0,15.0,25.0,40.024999999999864,0.0,56.203,41.0,47.0,51.0,56.0,61.0,66.0,71.0,0.0,10.606,5.0,7.0,8.0,10.0,13.0,15.0,17.0,0.0
fit,2023-07-03,29,35,8659,45.386,11.0,20.0,28.0,41.0,59.0,76.0,99.02499999999986,0.0,74.0105,58.0,63.0,68.0,74.0,80.0,85.0,91.02499999999986,0.0,45.0035,32.0,36.0,40.0,45.0,49.0,54.0,58.0,0.0
fit,2023-07-03,30,81,8659,113.6255,55.0,70.0,87.0,110.0,136.0,161.0,195.02499999999986,0.0,174.89,150.0,159.0,166.0,175.0,183.0,192.0,201.0,0.0,113.2965,93.975,100.0,106.0,113.0,120.0,127.0,135.0,0.0
fit,2023-07-03,31,9,8659,7.845,0.0,0.0,1.0,4.0,11.0,20.0,36.0,0.0,65.232,50.0,55.0,60.0,65.0,71.0,76.0,82.0,0.0,7.8275,3.0,4.0,6.0,8.0,10.0,12.0,14.0,0.0
fit,2023-07-03,32,36,8659,52.3965,15.975000000000001,25.0,35.0,49.0,66.0,84.0,110.0,0.0,73.2415,57.0,62.0,67.0,73.0,79.0,84.10000000000014,91.0,0.0,51.5985,38.0,43.0,47.0,51.0,56.0,61.0,66.0,0.0
fit,2023-07-03,33,92,8659,88.7805,37.0,51.0,66.0,85.0,107.0,132.0,160.02499999999986,0.0,57.4955,43.0,48.0,52.0,57.0,63.0,68.0,74.0,0.0,89.129,71.975,77.0,83.0,89.0,96.0,101.0,108.0,0.0
fit,2023-07-03,34,61,8659,84.453,36.0,48.0,62.0,80.0,101.0,128.0,156.02499999999986,0.0,53.196,40.0,44.0,48.0,53.0,58.0,62.0,68.0,0.0,85.1315,68.0,74.0,79.0,85.0,91.0,97.0,103.0,0.0
fit,2023-07-03,35,3,8659,5.9505,0.0,0.0,0.0,3.0,8.0,16.0,28.0,0.0,23.5415,15.0,18.0,20.0,23.0,27.0,30.0,33.0,0.0,5.859,2.0,3.0,4.0,6.0,7.0,9.0,11.0,0.0
fit,2023-07-03,36,594,8659,402.5615,280.975,320.0,354.0,399.0,447.0,489.0,545.0,0.0,434.543,394.975,409.0,420.0,435.0,449.0,460.10000000000014,476.0,0.0,401.99,365.0,378.0,388.0,402.0,415.0,428.0,443.0,0.0
fit,2023-07-03,37,34,8659,62.6455,22.0,31.0,43.0,59.0,78.0,99.0,120.02499999999986,0.0,50.702,37.0,41.0,46.0,51.0,55.0,61.0,65.0,0.0,62.007,47.0,52.0,56.75,62.0,67.0,72.0,77.02499999999986,0.0
fit,2023-07-03,38,27,8659,18.46,1.0,4.0,8.0,15.0,26.0,38.0,55.0,0.0,51.4425,38.0,42.900000000000006,47.0,51.0,56.0,61.0,66.0,0.0,18.5555,10.975000000000001,13.0,16.0,18.0,21.0,24.0,28.0,0.0
fit,2023-07-03,39,78,8659,36.757,7.0,14.0,22.0,33.0,48.0,64.0,86.0,0.0,68.847,53.0,58.0,63.0,69.0,74.0,80.0,86.0,0.0,35.8845,25.0,29.0,32.0,36.0,40.0,43.0,47.0,0.0
fit,2023-07-10,0,12,9672,9.7235,0.0,0.0,2.0,6.0,14.0,24.0,39.0,0.0,17.787,10.0,13.0,15.0,18.0,21.0,23.0,26.0,0.0,9.8645,4.0,6.0,8.0,10.0,12.0,14.0,16.0,0.0
fit,2023-07-10,1,32,9672,20.6035,1.0,5.0,9.0,17.0,28.0,43.0,62.0,0.0,54.569,39.975,45.0,50.0,55.0,60.0,64.0,69.0,0.0,19.9785,12.0,14.0,17.0,20.0,23.0,26.0,29.0,0.0
fit,2023-07-10,2,64,9672,38.288,7.0,13.0,21.0,34.0,51.0,69.0,90.0,0.0,77.0355,61.0,66.0,71.0,77.0,83.0,88.0,96.0,0.0,38.497,27.0,31.0,34.0,38.0,42.0,47.0,52.0,0.0
fit,2023-07-10,3,266,9672,277.605,172.0,204.0,237.0,273.0,315.0,355.0,399.0,0.0,321.473,288.0,299.0,309.0,321.0,333.0,345.0,357.02499999999986,0.0,277.678,246.0,257.0,266.0,278.0,289.0,299.0,310.0,0.0
fit,2023-07-10,4,115,9672,145.187,72.975,92.0,113.0,140.0,172.0,206.0,242.02499999999986,0.0,120.4995,99.0,106.0,113.0,120.5,128.0,135.0,142.0,0.0,144.858,121.0,129.0,136.0,145.0,153.0,161.0,170.0,0.0
fit,2023-07-10,5,84,9672,95.8745,41.0,55.0,71.0,91.0,117.0,141.10000000000014,172.0,0.0,85.8245,68.975,74.0,80.0,86.0,92.0,98.0,105.0,0.0,96.1675,78.0,84.0,89.0,96.0,102.0,109.0,115.0,0.0
fit,2023-07-10,6,181,9672,199.198,112.0,139.0,164.0,195.0,231.0,269.0,304.02499999999986,0.0,124.4065,103.0,110.0,117.0,124.0,132.0,139.0,147.0,0.0,198.822,173.0,181.0,189.0,198.0,208.0,217.0,228.0,0.0
fit,2023-07-10,7,61,9672,71.81,26.0,37.0,50.0,68.0,90.0,111.0,139.0,0.0,104.787,84.0,92.0,98.0,105.0,112.0,118.0,126.0,0.0,72.139,56.0,61.0,66.0,72.0,78.0,83.0,89.0,0.0
fit,2023-07-10,8,1465,9672,1180.461,964.0,1031.0,1097.0,1177.5,1259.0,1333.0,1421.0999999999995,0.0,1086.468,1024.975,1045.0,1065.0,1086.0,1108.0,1126.0,1152.0,0.0,1179.026,1115.975,1139.9,1157.0,1179.0,1201.0,1218.1000000000001,1242.0,0.0
fit,2023-07-10,9,9,9672,16.3025,0.0,2.0,6.0,12.0,23.0,35.0,53.0,0.0,24.109,15.0,18.0,21.0,24.0,27.0,30.0,34.0,0.0,16.4255,9.0,11.0,14.0,16.0,19.0,22.0,25.0,0.0
fit,2023-07-10,10,50,9672,35.917,7.0,13.900000000000006,21.0,32.0,47.0,63.100000000000136,83.02499999999986,0.0,83.3875,66.0,72.0,77.0,83.0,89.0,95.0,101.0,0.0,36.926,26.0,29.0,33.0,37.0,41.0,45.0,49.0,0.0
fit,2023-07-10,11,877,9672,930.798,739.0,802.0,858.0,924.0,1004.0,1066.1000000000001,1141.0,0.0,881.1695,826.0,846.0,862.0,881.0,899.0,918.0,939.0,0.0,929.46,874.0,892.0,910.75,930.0,949.0,965.1000000000001,987.0,0.0
fit,2023-07-10,12,847,9672,851.716,660.0,722.0,782.0,851.0,917.0,979.0,1056.0,0.0,783.3495,733.0,751.0,766.0,783.0,801.0,817.1000000000001,835.0249999999999,0.0,851.4695,801.0,817.0,832.0,850.0,871.0,887.0,906.0249999999999,0.0
fit,2023-07-10,13,937,9672,873.04,685.0,744.9,803.75,869.0,938.25,1005.1000000000001,1080.0249999999999,0.0,882.256,828.0,846.0,864.0,882.0,901.0,918.0,938.0,0.0,873.397,819.0,838.0,854.0,872.0,893.0,911.0,929.0,0.0
fit,2023-07-10,14,1550,9672,1581.397,1338.95,1422.9,1491.0,1578.0,1666.25,1751.1000000000001,1851.0499999999997,0.0,1601.347,1526.0,1555.0,1577.0,1601.0,1626.0,1650.0,1678.0249999999999,0.0,1579.6665,1503.975,1532.0,1555.0,1580.0,1604.0,1628.0,1654.0,0.0
fit,2023-07-10,15,101,9672,122.5275,58.975,75.0,95.0,118.0,147.0,175.0,208.02499999999986,0.0,68.7235,53.0,58.0,63.0,69.0,74.0,80.0,85.0,0.0,121.206,101.0,107.0,114.0,121.0,129.0,135.0,142.0,0.0
fit,2023-07-10,16,40,9672,35.877,5.0,11.0,20.0,32.0,48.0,65.0,89.0,0.0,84.3025,67.0,73.0,78.0,84.0,90.0,96.0,103.0,0.0,35.163,24.0,28.0,31.0,35.0,39.0,43.0,47.0,0.0
fit,2023-07-10,17,592,9672,883.7995,696.975,758.0,812.0,881.0,949.0,1018.2000000000003,1090.0249999999999,0.0,644.244,597.0,611.0,627.0,644.0,661.0,676.1000000000001,692.0,0.0,886.009,830.0,851.9,868.0,886.0,904.0,922.0,940.0,0.0
fit,2023-07-10,18,106,9672,88.212,34.0,49.0,64.0,83.0,107.25,132.0,164.02499999999986,0.0,97.8895,79.0,86.0,91.0,98.0,105.0,111.0,117.0,0.0,89.106,71.0,77.0,83.0,89.0,96.0,102.0,108.0,0.0
fit,2023-07-10,19,555,9672,596.574,443.0,489.0,537.0,593.0,654.0,709.1000000000001,777.0,0.0,572.8225,531.0,544.0,558.0,573.0,588.0,601.0,618.0249999999999,0.0,596.9275,553.0,567.0,581.0,596.0,612.0,627.0,645.0,0.0
fit,2023-07-10,20,10,9672,15.1955,0.0,2.0,5.0,11.0,21.0,35.0,51.0,0.0,30.4395,20.0,23.0,27.0,30.0,34.0,38.0,42.0,0.0,15.6175,9.0,11.0,13.0,15.0,18.0,21.0,24.0,0.0
fit,2023-07-10,21,57,9672,50.8225,12.0,22.0,33.0,47.0,65.0,84.0,115.02499999999986,0.0,37.1575,25.0,29.0,33.0,37.0,41.0,45.0,49.024999999999864,0.0,50.572,37.0,42.0,46.0,51.0,55.0,60.0,64.02499999999986,0.0
fit,2023-07-10,22,63,9672,83.22,32.0,47.0,59.0,80.0,101.0,127.0,158.0,0.0,116.7205,97.0,104.0,110.0,117.0,123.0,130.0,137.0,0.0,83.6325,65.0,72.0,77.0,84.0,90.0,96.0,102.0,0.0
fit,2023-07-10,23,36,9672,126.8545,60.0,78.0,99.0,123.0,152.0,179.0,215.02499999999986,0.0,57.955,44.0,48.0,53.0,58.0,63.0,68.0,73.0,0.0,125.8355,105.0,112.0,118.0,126.0,133.0,140.0,148.02499999999986,0.0
fit,2023-07-10,24,99,9672,84.409,33.0,47.0,62.0,80.0,104.0,127.0,158.02499999999986,0.0,87.578,70.0,76.0,81.0,87.0,94.0,99.0,106.02499999999986,0.0,83.6445,67.0,72.0,77.0,83.0,90.0,96.0,102.0,0.0
fit,2023-07-10,25,144,9672,125.308,58.0,78.0,97.0,122.0,149.0,177.0,214.0,0.0,128.5455,106.0,115.0,121.0,128.0,136.0,143.0,151.0,0.0,126.2485,104.975,112.0,119.0,126.0,134.0,141.0,148.0,0.0
fit,2023-07-10,26,45,9672,34.537,5.0,11.0,19.0,31.0,45.25,64.0,86.0,0.0,102.138,83.0,89.0,95.0,102.0,109.0,115.0,122.0,0.0,34.616,24.0,27.0,30.0,34.0,39.0,42.0,47.0,0.0
fit,2023-07-10,27,103,9672,54.181,15.0,25.0,36.0,50.0,69.0,91.0,116.02499999999986,0.0,72.97,57.0,62.0,67.0,73.0,79.0,85.0,91.0,0.0,53.7,40.0,45.0,49.0,53.5,59.0,63.0,68.0,0.0
fit,2023-07-10,28,27,9672,12.045,0.0,1.0,3.0,8.0,17.0,28.0,46.0,0.0,62.6975,48.0,53.0,57.0,63.0,68.0,73.0,78.0,0.0,11.6715,6.0,8.0,9.0,11.0,14.0,16.0,19.0,0.0
fit,2023-07-10,29,38,9672,49.199,13.0,22.0,31.0,45.0,63.0,82.0,107.0,0.0,82.5955,65.0,71.0,77.0,82.0,89.0,94.0,101.0,0.0,48.9415,36.0,40.0,44.0,49.0,53.0,58.0,63.0,0.0
fit,2023-07-10,30,109,9672,116.2735,53.0,69.0,89.0,111.0,139.0,168.0,205.0,0.0,195.6705,169.0,178.0,186.0,196.0,205.0,213.0,223.0,0.0,116.8795,96.0,103.0,109.0,117.0,124.0,131.0,139.02499999999986,0.0
fit,2023-07-10,31,55,9672,9.474,0.0,0.0,2.0,6.0,13.0,23.0,41.0,0.0,72.9215,56.0,62.0,67.0,73.0,79.0,84.0,90.0,0.0,9.605,4.0,6.0,7.0,9.0,12.0,14.0,16.0,0.0
fit,2023-07-10,32,44,9672,47.558,12.0,21.0,30.0,44.0,62.0,78.0,102.02499999999986,0.0,81.9605,65.0,71.0,76.0,82.0,88.0,94.0,100.0,0.0,46.9495,34.0,38.0,42.0,47.0,52.0,56.0,61.0,0.0
fit,2023-07-10,33,205,9672,93.9575,39.0,54.0,70.0,89.0,114.25,139.0,171.02499999999986,0.0,64.088,49.0,54.0,58.0,64.0,69.0,75.0,81.0,0.0,93.5135,75.0,81.0,87.0,93.0,100.0,106.0,114.0,0.0
fit,2023-07-10,34,82,9672,91.6665,38.0,52.0,67.0,87.0,113.0,138.0,170.02499999999986,0.0,59.3465,45.0,50.0,54.0,59.0,64.0,69.0,75.0,0.0,91.2305,73.0,79.0,85.0,91.0,98.0,103.0,110.02499999999986,0.0
fit,2023-07-10,35,14,9672,7.4875,0.0,0.0,1.0,4.0,10.0,19.0,33.0,0.0,26.257,16.0,19.0,23.0,26.0,30.0,33.0,37.0,0.0,7.5475,3.0,4.0,6.0,7.0,9.0,11.0,13.0,0.0
fit,2023-07-10,36,404,9672,471.402,334.0,376.0,419.0,468.0,519.25,573.1000000000001,629.0249999999999,0.0,485.5955,444.0,458.0,471.0,485.0,501.0,513.0,528.0,0.0,473.3805,432.0,447.0,459.0,473.0,487.0,500.0,518.0,0.0
fit,2023-07-10,37,23,9672,64.127,21.0,32.0,44.0,61.0,81.0,100.10000000000014,124.0,0.0,56.604,42.0,47.0,51.0,57.0,62.0,67.0,72.0,0.0,64.597,49.0,54.0,59.0,64.0,70.0,75.0,81.0,0.0
fit,2023-07-10,38,32,9672,24.2165,2.0,6.0,12.0,20.0,34.0,47.0,64.0,0.0,57.4145,43.0,48.0,52.0,57.0,62.0,67.0,73.0,0.0,24.7535,16.0,19.0,21.0,24.0,28.0,31.0,35.0,0.0
fit,2023-07-10,39,138,9672,55.155,15.0,25.0,36.0,52.0,70.0,89.0,115.0,0.0,76.8945,60.0,66.0,71.0,77.0,82.0,88.0,95.0,0.0,56.2775,42.0,47.0,51.0,56.0,61.0,66.0,71.0,0.0
fit,2023-07-17,0,12,9885,9.885,0.0,0.0,2.0,6.0,14.0,25.0,41.0,0.0,18.247,10.0,13.0,15.0,18.0,21.0,24.0,27.0,0.0,9.813,4.0,6.0,8.0,10.0,12.0,14.0,17.0,0.0
fit,2023-07-17,1,50,9885,26.679,2.9750000000000014,7.0,13.0,23.0,37.0,52.0,72.0,0.0,55.843,42.0,46.0,51.0,56.0,61.0,66.0,71.0,0.0,27.066,17.0,21.0,24.0,27.0,30.0,34.0,38.0,0.0
fit,2023-07-17,2,94,9885,50.717,12.0,21.0,33.0,48.0,64.0,83.0,109.0,0.0,78.7165,63.0,67.9,73.0,79.0,85.0,90.0,96.0,0.0,51.592,38.0,43.0,47.0,51.0,56.0,61.0,66.0,0.0
fit,2023-07-17,3,416,9885,270.279,170.0,201.0,229.0,265.0,306.0,345.10000000000014,396.02499999999986,0.0,327.6775,294.0,304.0,315.0,328.0,340.0,350.0,362.0,0.0,272.268,240.0,252.0,261.0,272.0,283.0,293.0,304.0,0.0
fit,2023-07-17,4,152,9885,138.4945,68.0,87.9,109.0,134.0,165.0,193.0,232.02499999999986,0.0,123.2265,102.0,109.0,116.0,123.0,131.0,137.10000000000014,146.0,0.0,139.9015,118.0,125.0,132.0,140.0,148.0,155.0,164.0,0.0
fit,2023-07-17,5,107,9885,96.9855,40.0,54.0,71.0,93.5,119.0,143.0,175.0,0.0,87.5545,69.0,76.0,81.0,87.0,94.0,100.0,106.0,0.0,96.7445,78.0,84.0,90.0,96.5,103.0,109.10000000000014,117.0,0.0
fit,2023-07-17,6,225,9885,191.693,107.975,132.0,155.0,188.0,223.0,258.10000000000014,297.0,0.0,127.1415,105.975,113.0,120.0,127.0,134.0,142.0,150.0,0.0,192.964,166.0,175.0,183.0,193.0,203.0,211.0,220.0,0.0
fit,2023-07-17,7,86,9885,68.7845,24.0,36.0,48.0,64.5,86.0,105.0,136.02499999999986,0.0,106.6305,86.0,93.0,100.0,107.0,114.0,120.0,128.0,0.0,69.057,53.0,59.0,64.0,69.0,74.0,79.0,86.0,0.0
fit,2023-07-17,8,1318,9885,1286.3625,1063.0,1137.9,1206.0,1282.5,1363.0,1440.1000000000001,1531.0,0.0,1111.2995,1048.0,1070.0,1091.0,1111.0,1131.0,1152.0,1173.0,0.0,1283.8995,1218.0,1241.0,1262.0,1284.0,1306.0,1326.0,1349.0,0.0
fit,2023-07-17,9,16,9885,15.6475,0.0,2.0,5.0,12.0,22.0,35.0,56.0,0.0,24.688,16.0,19.0,21.0,24.0,28.0,31.0,35.0,0.0,15.3705,8.0,10.0,12.0,15.0,18.0,21.0,24.0,0.0
fit,2023-07-17,10,58,9885,43.1415,10.0,17.0,26.0,39.0,56.0,74.0,100.0,0.0,84.9615,68.0,73.0,79.0,85.0,91.0,97.0,102.0,0.0,42.4885,30.0,34.0,38.0,42.0,47.0,51.0,56.0,0.0
fit,2023-07-17,11,822,9885,939.2665,748.0,812.0,865.0,933.5,1008.0,1079.1000000000001,1161.0499999999997,0.0,900.683,848.0,865.0,881.0,899.0,919.0,940.0,958.0,0.0,938.806,883.0,903.0,918.0,938.0,959.0,977.0,996.0,0.0
fit,2023-07-17,12,835,9885,865.4665,679.0,741.9,798.0,861.0,933.0,990.0,1075.0249999999999,0.0,799.7555,749.0,766.0,781.75,799.0,817.0,834.0,855.0,0.0,862.784,808.0,826.0,844.0,863.0,881.0,899.0,919.0,0.0
fit,2023-07-17,13,932,9885,907.6745,717.0,776.0,835.0,906.0,977.0,1042.0,1117.0249999999999,0.0,901.935,848.0,866.0,883.0,902.0,921.0,939.0,957.0249999999999,0.0,909.2975,853.0,872.0,890.0,909.0,930.0,946.0,963.0,0.0
fit,2023-07-17,14,1578,9885,1599.7515,1352.0,1429.0,1509.0,1598.0,1684.0,1769.0,1876.0499999999997,0.0,1636.6905,1565.0,1588.0,1611.0,1636.0,1663.0,1683.1000000000001,1713.0249999999999,0.0,1599.802,1528.0,1554.0,1576.0,1600.0,1624.0,1645.1000000000001,1670.0,0.0
fit,2023-07-17,15,131,9885,113.4475,50.0,69.0,87.0,110.0,138.0,162.0,194.0,0.0,70.1335,55.0,59.0,64.0,70.0,76.0,81.0,87.0,0.0,113.7685,93.0,100.0,106.0,114.0,121.0,128.0,135.0,0.0
fit,2023-07-17,16,95,9885,39.2725,8.0,14.900000000000006,22.0,36.0,52.0,68.0,93.02499999999986,0.0,86.128,68.0,74.0,80.0,86.0,92.0,98.0,105.0,0.0,39.3395,27.0,32.0,35.0,39.0,44.0,48.0,52.0,0.0
fit,2023-07-17,17,559,9885,835.849,654.975,711.0,766.0,830.0,899.0,964.0,1048.0999999999995,0.0,659.0785,613.0,627.9,643.0,658.0,675.0,692.0,710.0,0.0,836.5725,783.95,802.0,819.0,836.0,854.0,871.0,892.0,0.0
fit,2023-07-17,18,65,9885,100.6915,39.0,58.0,75.0,97.0,122.0,148.0,183.0,0.0,100.184,80.0,87.0,93.0,100.0,107.0,113.0,120.0,0.0,101.7175,83.0,89.0,95.0,102.0,108.0,115.0,122.0,0.0
fit,2023-07-17,19,572,9885,590.985,436.975,482.0,533.0,586.0,645.0,704.1000000000001,770.0249999999999,0.0,585.3895,541.0,555.0,569.0,586.0,601.0,616.0,632.0,0.0,590.5025,545.0,560.0,574.0,590.0,606.25,621.0,637.0249999999999,0.0
fit,2023-07-17,20,28,9885,15.4485,0.0,2.0,5.0,11.0,21.0,35.0,53.0,0.0,31.0935,21.0,24.0,27.0,31.0,34.0,38.0,43.0,0.0,15.439,8.0,11.0,13.0,15.0,18.0,21.0,24.0,0.0
fit,2023-07-17,21,70,9885,55.2955,15.0,25.0,36.0,50.5,71.0,92.0,117.04999999999973,0.0,38.0535,26.0,30.0,34.0,38.0,42.0,46.0,50.0,0.0,55.1495,41.0,46.0,50.0,55.0,60.0,65.0,70.0,0.0
fit,2023-07-17,22,81,9885,84.4515,30.0,44.900000000000006,60.0,81.0,105.0,128.0,159.0,0.0,119.3465,98.0,106.0,112.0,119.0,126.0,134.0,142.0,0.0,83.8755,67.0,72.0,77.0,84.0,90.0,96.0,103.0,0.0
fit,2023-07-17,23,12,9885,87.9815,37.0,49.0,64.0,84.0,108.0,132.0,159.0,0.0,59.098,44.0,49.900000000000006,54.0,59.0,64.0,69.0,75.0,0.0,88.9515,71.0,76.0,83.0,89.0,95.0,101.0,107.0,0.0
fit,2023-07-17,24,76,9885,100.2135,41.0,57.0,73.75,95.0,122.0,150.0,186.0,0.0,89.9455,72.0,78.0,83.0,90.0,96.0,102.0,110.0,0.0,100.1425,82.0,88.0,93.75,100.0,106.0,113.0,121.0,0.0
fit,2023-07-17,25,124,9885,137.5655,67.0,86.0,107.0,134.0,164.0,194.0,226.02499999999986,0.0,131.7135,109.0,117.0,124.0,132.0,140.0,147.0,154.02499999999986,0.0,136.8835,115.975,123.0,129.0,137.0,144.0,151.0,160.0,0.0
fit,2023-07-17,26,60,9885,43.7655,8.0,17.0,27.0,39.0,57.0,77.0,101.0,0.0,104.536,85.0,92.0,98.0,104.0,111.0,118.0,124.0,0.0,44.091,32.0,36.0,40.0,44.0,49.0,53.0,58.0,0.0
fit,2023-07-17,27,66,9885,66.998,22.0,33.0,46.0,62.0,84.0,107.0,132.0,0.0,74.2635,58.0,64.0,68.0,74.0,80.0,85.0,92.0,0.0,66.4035,51.0,56.0,61.0,66.0,72.0,76.0,82.02499999999986,0.0
fit,2023-07-17,28,31,9885,16.1715,0.0,2.0,5.75,12.0,23.0,35.0,54.024999999999864,0.0,64.0615,48.975,54.0,59.0,64.0,69.0,74.0,80.0,0.0,16.118,9.0,11.0,13.0,16.0,19.0,21.0,25.0,0.0
fit,2023-07-17,29,72,9885,43.5865,10.0,17.0,27.0,39.0,56.25,75.0,100.02499999999986,0.0,84.543,67.0,73.0,79.0,84.0,91.0,96.0,102.0,0.0,43.7295,31.0,36.0,39.0,44.0,48.0,52.0,57.0,0.0
fit,2023-07-17,30,110,9885,117.828,53.0,72.0,90.0,114.0,141.25,170.0,205.02499999999986,0.0,199.574,173.0,182.0,190.0,199.0,209.0,217.0,229.0,0.0,117.7335,97.0,104.0,110.0,117.5,125.0,132.0,139.0,0.0
fit,2023-07-17,31,57,9885,24.6465,3.0,6.0,11.0,21.0,34.0,48.100000000000136,69.0,0.0,74.379,57.0,63.0,68.0,74.0,81.0,86.0,91.02499999999986,0.0,24.571,16.0,18.0,21.0,24.0,28.0,31.0,35.0,0.0
fit,2023-07-17,32,68,9885,48.956,13.0,21.900000000000006,30.0,45.0,63.0,82.0,112.0,0.0,84.228,67.0,73.0,78.0,84.0,90.0,96.0,103.0,0.0,47.862,34.975,39.0,43.0,48.0,53.0,57.0,61.024999999999864,0.0
fit,2023-07-17,33,148,9885,133.3775,66.0,83.0,103.0,129.0,160.0,187.0,228.0,0.0,65.601,50.0,55.900000000000006,60.0,65.0,71.0,76.0,82.0,0.0,133.4655,112.0,119.0,126.0,133.0,141.0,148.10000000000014,156.0,0.0
fit,2023-07-17,34,113,9885,81.554,32.0,45.0,59.0,78.0,100.0,122.0,155.02499999999986,0.0,60.5295,45.0,51.0,55.0,60.5,66.0,70.0,76.0,0.0,81.2685,64.0,70.0,75.0,81.0,87.0,93.0,99.0,0.0
fit,2023-07-17,35,16,9885,10.022,0.0,0.0,2.0,6.0,14.0,25.100000000000136,41.024999999999864,0.0,26.7885,17.0,20.0,23.0,27.0,30.0,34.0,37.0,0.0,9.943,4.0,6.0,8.0,10.0,12.0,14.0,17.0,0.0
fit,2023-07-17,36,408,9885,464.0455,325.0,365.0,409.0,463.0,512.0,565.0,630.0249999999999,0.0,496.3775,452.975,468.0,481.0,496.0,512.0,525.0,540.0249999999999,0.0,462.685,422.0,436.0,448.0,463.0,476.0,489.0,504.0,0.0
fit,2023-07-17,37,53,9885,48.5375,12.0,20.0,29.0,45.0,63.0,83.10000000000014,109.0,0.0,57.9885,43.0,48.0,53.0,58.0,63.0,68.0,74.0,0.0,48.3915,35.0,40.0,44.0,48.0,53.0,57.0,63.0,0.0
fit,2023-07-17,38,58,9885,29.213,4.0,8.0,15.0,25.0,39.0,56.100000000000136,79.0,0.0,58.3985,44.0,48.900000000000006,53.0,58.0,64.0,69.0,74.0,0.0,29.1955,19.0,22.900000000000006,26.0,29.0,33.0,36.0,40.0,0.0
fit,2023-07-17,39,111,9885,84.269,32.0,45.0,60.0,81.0,103.0,128.0,154.0,0.0,78.5175,61.0,67.0,72.0,78.0,84.0,90.0,97.0,0.0,85.3465,68.0,74.0,79.0,85.0,91.0,97.0,103.02499999999986,0.0
fit,2023-07-24,0,16,9548,11.226,0.0,1.0,3.0,7.0,16.0,27.0,44.0,0.0,17.5745,10.0,12.0,15.0,17.0,20.0,23.0,26.0,0.0,11.0635,5.0,7.0,9.0,11.0,13.0,15.0,18.0,0.0
fit,2023-07-24,1,61,9548,33.1525,5.975000000000001,11.0,18.0,29.0,44.0,60.0,80.02499999999986,0.0,53.605,40.0,44.0,49.0,53.0,58.0,63.0,68.0,0.0,33.5695,23.0,26.0,29.0,33.0,38.0,41.0,45.0,0.0
fit,2023-07-24,2,90,9548,61.272,20.0,32.0,42.0,58.0,77.0,97.0,121.0,0.0,75.913,59.0,65.0,70.0,76.0,82.0,87.0,94.0,0.0,61.5245,47.0,52.0,56.0,61.0,67.0,71.0,79.0,0.0
fit,2023-07-24,3,342,9548,298.202,194.975,224.9,256.0,293.5,335.0,377.0,428.0,0.0,317.378,284.0,295.0,306.0,318.0,328.0,340.0,352.0,0.0,298.066,265.0,276.0,287.0,298.0,310.0,320.0,330.0,0.0
fit,2023-07-24,4,152,9548,135.4225,66.0,86.0,107.0,132.0,161.0,189.0,219.0,0.0,119.0725,98.0,105.0,111.0,119.0,127.0,133.0,140.0,0.0,137.456,116.0,123.0,130.0,137.0,145.0,152.0,160.0,0.0
fit,2023-07-24,5,49,9548,90.4355,36.0,50.0,66.0,88.0,109.0,135.0,168.0,0.0,84.611,67.0,73.0,78.0,84.0,91.0,97.0,103.0,0.0,90.4705,72.0,78.0,84.0,90.0,97.0,103.0,109.0,0.0
fit,2023-07-24,6,172,9548,199.4995,114.0,139.0,165.0,196.0,231.0,265.0,302.0,0.0,123.231,101.0,109.0,116.0,123.0,131.0,138.0,146.0,0.0,198.2455,171.0,181.0,189.0,198.0,208.0,216.0,225.02499999999986,0.0
fit,2023-07-24,7,84,9548,73.1375,27.0,39.0,52.0,68.0,91.0,113.0,143.02499999999986,0.0,103.5315,84.0,90.0,97.0,103.0,111.0,117.0,124.0,0.0,73.504,57.0,63.0,68.0,73.0,79.0,85.0,91.0,0.0
fit,2023-07-24,8,1207,9548,1274.4795,1046.0,1122.0,1191.0,1270.0,1354.25,1429.0,1517.0,0.0,1071.999,1010.0,1031.0,1051.0,1072.0,1093.0,1113.0,1132.0,0.0,1271.8525,1204.975,1230.0,1250.0,1271.0,1295.0,1315.0,1335.0,0.0
fit,2023-07-24,9,19,9548,15.652,0.0,2.0,5.0,12.0,22.0,35.0,53.024999999999864,0.0,23.876,14.0,18.0,20.75,24.0,27.0,30.0,34.0,0.0,15.0175,8.0,10.0,12.0,15.0,18.0,20.0,22.024999999999864,0.0
fit,2023-07-24,10,78,9548,49.7475,13.0,22.0,32.0,47.0,64.0,81.0,107.0,0.0,82.0795,65.0,70.0,76.0,82.0,88.0,94.0,100.0,0.0,49.63,36.0,40.900000000000006,45.0,49.0,54.0,59.0,63.0,0.0
fit,2023-07-24,11,816,9548,861.852,677.0,736.9,795.0,858.0,925.0,990.0,1075.0,0.0,870.2325,815.0,835.0,851.0,870.0,889.0,907.0,924.0,0.0,861.198,808.975,826.0,843.0,860.0,880.0,897.0,917.0249999999999,0.0
fit,2023-07-24,12,806,9548,806.494,623.975,686.0,741.0,806.0,870.0,929.0,1001.0249999999999,0.0,772.6125,720.0,740.0,755.0,773.0,791.0,805.0,822.0249999999999,0.0,807.894,756.975,773.0,790.0,807.0,826.0,843.0,860.0,0.0
fit,2023-07-24,13,889,9548,890.895,693.0,761.0,822.0,891.0,957.0,1021.0,1094.0,0.0,872.0805,817.975,836.0,852.0,872.0,891.0,910.1000000000001,930.0,0.0,890.4525,837.0,854.0,870.0,890.0,909.0,927.0,948.0,0.0
fit,2023-07-24,14,1471,9548,1531.045,1287.0,1362.0,1444.0,1530.5,1613.25,1699.1000000000001,1800.0499999999997,0.0,1580.623,1511.0,1534.0,1556.0,1580.0,1605.0,1627.0,1652.0,0.0,1531.512,1463.0,1488.0,1507.0,1530.0,1556.0,1578.0,1601.0,0.0
fit,2023-07-24,15,172,9548,113.817,52.0,70.0,87.0,110.0,136.0,164.0,195.0,0.0,67.9575,52.0,57.0,62.0,68.0,73.0,79.0,85.0,0.0,113.3815,94.0,100.0,106.0,113.0,120.0,127.0,134.0,0.0
fit,2023-07-24,16,75,9548,55.329,16.975,26.0,36.0,51.0,70.0,91.0,117.02499999999986,0.0,83.148,66.0,72.0,77.0,83.0,89.0,95.0,101.0,0.0,55.7285,42.0,46.0,50.0,56.0,61.0,65.0,71.0,0.0
fit,2023-07-24,17,553,9548,726.461,549.95,610.9,663.0,726.0,786.0,845.0,908.0249999999999,0.0,635.352,589.975,606.0,618.0,635.5,651.0,667.0,684.0,0.0,727.1745,677.0,694.0,709.0,727.0,745.0,760.0,778.0249999999999,0.0
fit,2023-07-24,18,86,9548,91.861,35.0,51.0,66.0,88.0,114.0,138.0,168.0,0.0,96.9395,78.0,84.0,90.0,97.0,103.0,110.0,117.0,0.0,90.7015,72.0,79.0,84.0,91.0,97.0,103.0,111.0,0.0
fit,2023-07-24,19,537,9548,556.563,410.975,459.0,503.0,556.0,605.0,657.1000000000001,716.0,0.0,565.3375,522.0,537.0,549.0,565.0,580.0,595.0,612.0249999999999,0.0,555.4815,510.0,527.0,541.0,555.0,572.0,584.0,602.0,0.0
fit,2023-07-24,20,15,9548,19.5525,1.0,4.0,8.0,15.0,27.0,40.0,64.0,0.0,30.044,20.0,23.0,26.0,30.0,34.0,37.0,41.0,0.0,19.203,11.0,14.0,16.0,19.0,22.0,25.0,28.0,0.0
fit,2023-07-24,21,107,9548,60.493,18.0,29.0,41.0,56.0,77.0,98.0,126.0,0.0,36.7895,25.0,29.0,33.0,37.0,41.0,45.0,49.0,0.0,59.323,45.0,50.0,54.0,59.0,64.0,69.0,74.0,0.0
fit,2023-07-24,22,102,9548,75.1095,26.0,38.0,53.0,71.0,93.0,116.0,145.0,0.0,115.332,96.0,103.0,108.0,115.0,122.0,129.0,137.0,0.0,74.2575,57.975,63.0,68.0,74.0,80.0,85.0,91.0,0.0
fit,2023-07-24,23,70,9548,52.673,15.0,23.0,34.0,49.0,67.0,87.0,115.0,0.0,57.398,43.0,48.0,52.0,57.0,63.0,67.0,73.0,0.0,54.0005,40.0,45.0,49.0,54.0,59.0,64.0,69.0,0.0
fit,2023-07-24,24,113,9548,91.511,35.0,51.0,66.0,87.0,112.0,137.0,171.02499999999986,0.0,86.7475,69.0,75.0,80.0,86.0,93.0,100.0,106.0,0.0,91.693,73.0,80.0,86.0,92.0,98.0,103.10000000000014,110.0,0.0
fit,2023-07-24,25,170,9548,131.3915,65.0,83.0,103.75,128.0,157.0,183.0,216.02499999999986,0.0,127.245,105.975,112.0,119.0,127.0,135.0,142.0,150.0,0.0,132.57,111.0,118.0,125.0,133.0,140.0,147.0,156.0,0.0
fit,2023-07-24,26,55,9548,52.086,14.0,22.900000000000006,34.0,49.0,67.0,88.0,108.0,0.0,100.64,82.0,88.0,94.0,101.0,107.0,114.0,121.0,0.0,51.8765,39.0,43.0,47.0,52.0,56.0,61.0,67.0,0.0
fit,2023-07-24,27,65,9548,73.497,25.0,39.0,52.0,69.0,92.0,115.0,142.0,0.0,72.064,56.0,61.0,66.0,72.0,78.0,83.0,89.0,0.0,73.1035,56.0,62.0,67.0,73.0,79.0,84.0,89.0,0.0
fit,2023-07-24,28,45,9548,21.3295,1.0,4.0,9.0,18.0,29.0,42.0,63.024999999999864,0.0,62.12,47.0,52.0,57.0,62.0,67.0,72.10000000000014,78.0,0.0,21.1165,13.0,15.0,18.0,21.0,24.0,27.0,30.0,0.0
fit,2023-07-24,29,85,9548,46.5955,11.0,19.0,30.0,42.0,59.0,79.0,107.0,0.0,81.722,65.0,71.0,75.0,81.0,88.0,94.0,100.0,0.0,46.0535,33.975,38.0,41.0,46.0,51.0,55.0,60.0,0.0
fit,2023-07-24,30,145,9548,108.2905,50.0,65.0,82.0,104.0,130.0,155.10000000000014,188.0,0.0,193.0665,166.0,175.0,184.0,193.0,202.0,211.0,220.0,0.0,109.459,89.0,97.0,102.0,109.0,116.0,123.0,130.02499999999986,0.0
fit,2023-07-24,31,31,9548,35.1715,6.975000000000001,12.0,19.0,31.0,46.0,64.0,87.02499999999986,0.0,71.5905,55.0,61.0,66.0,71.0,77.0,83.0,88.0,0.0,35.504,24.0,28.0,32.0,35.0,39.0,43.0,48.0,0.0
fit,2023-07-24,32,63,9548,49.126,13.0,22.0,31.0,44.0,63.0,82.0,111.0,0.0,81.2135,64.0,69.0,75.0,81.0,87.0,93.0,100.0,0.0,49.583,36.0,41.0,45.0,50.0,54.0,59.0,64.0,0.0
fit,2023-07-24,33,110,9548,135.5135,71.0,87.0,106.0,131.0,160.25,190.10000000000014,231.04999999999973,0.0,62.8425,48.0,53.0,57.0,62.0,68.0,74.0,80.0,0.0,134.247,112.0,119.0,126.0,134.0,142.0,150.0,157.0,0.0
fit,2023-07-24,34,103,9548,86.581,35.0,49.0,63.0,84.0,105.0,128.0,159.0,0.0,58.7045,44.0,49.0,53.0,59.0,64.0,69.0,74.02499999999986,0.0,87.37,69.975,76.0,81.0,87.0,93.0,99.0,106.0,0.0
fit,2023-07-24,35,19,9548,11.712,0.0,1.0,3.0,8.0,16.0,28.0,44.0,0.0,25.95,16.0,19.0,22.0,26.0,30.0,33.0,37.0,0.0,11.1655,5.975000000000001,7.0,9.0,11.0,13.0,15.0,18.0,0.0
fit,2023-07-24,36,400,9548,440.7735,305.0,347.9,389.0,436.0,489.0,537.1000000000001,599.0,0.0,478.866,436.0,452.0,464.0,479.0,494.0,507.0,521.0249999999999,0.0,442.0885,403.0,416.0,428.0,442.0,456.0,469.0,482.02499999999986,0.0
fit,2023-07-24,37,36,9548,41.2365,9.0,16.0,24.0,38.0,54.0,72.0,97.0,0.0,56.0235,42.0,47.0,51.0,56.0,61.0,66.0,71.0,0.0,41.788,30.0,34.0,37.0,41.0,46.0,51.0,55.0,0.0
fit,2023-07-24,38,76,9548,37.696,8.0,14.0,22.0,34.0,50.0,66.0,88.0,0.0,56.6555,42.0,47.0,51.0,57.0,62.0,67.0,72.0,0.0,37.8735,26.0,30.0,34.0,38.0,42.0,46.0,50.0,0.0
fit,2023-07-24,39,63,9548,101.1175,41.0,57.0,77.0,97.0,123.0,149.0,179.0,0.0,75.8315,59.0,65.0,70.0,75.0,82.0,87.0,93.0,0.0,101.801,82.975,89.0,95.0,102.0,109.0,115.0,122.0,0.0
fit,2023-07-31,0,10,9502,12.4645,0.0,1.0,4.0,9.0,17.0,29.0,45.024999999999864,0.0,17.325,9.0,12.0,14.0,17.0,20.0,23.0,26.0,0.0,12.8725,6.0,8.0,10.0,13.0,15.0,18.0,20.0,0.0
fit,2023-07-31,1,59,9502,41.7155,10.0,16.0,25.0,38.0,54.0,71.0,97.0,0.0,53.336,40.0,44.0,48.0,53.0,58.0,62.0,68.0,0.0,42.751,30.0,34.0,38.0,43.0,47.0,51.0,56.0,0.0
fit,2023-07-31,2,88,9502,71.456,25.0,36.0,49.0,68.0,88.0,112.0,140.0,0.0,75.679,59.0,64.0,70.0,76.0,81.0,87.0,94.0,0.0,71.827,56.0,61.0,66.0,72.0,78.0,83.0,89.0,0.0
fit,2023-07-31,3,284,9502,312.548,208.975,239.0,270.0,309.0,351.0,389.0,444.02499999999986,0.0,314.6575,281.0,292.0,302.0,315.0,327.0,337.0,349.0,0.0,313.8485,280.0,292.0,302.0,314.0,326.0,336.0,348.0,0.0
fit,2023-07-31,4,177,9502,133.206,65.975,84.9,103.0,128.0,158.0,190.0,225.0,0.0,118.7325,98.0,105.0,111.0,118.0,126.0,133.0,141.0,0.0,134.481,112.0,119.0,126.0,134.0,143.0,150.0,158.0,0.0
fit,2023-07-31,5,52,9502,78.937,29.0,42.0,56.0,76.0,99.0,119.0,150.0,0.0,84.1395,67.0,72.9,78.0,84.0,90.0,96.0,103.0,0.0,80.334,64.0,69.0,74.0,80.0,86.0,91.0,98.0,0.0
fit,2023-07-31,6,189,9502,184.0355,102.0,125.0,149.0,180.0,214.0,251.0,287.0,0.0,122.408,101.0,108.0,114.0,123.0,130.0,136.0,145.0,0.0,183.5905,158.0,166.0,174.0,184.0,193.0,201.0,210.02499999999986,0.0
fit,2023-07-31,7,67,9502,77.8415,28.0,41.0,55.0,74.0,97.0,119.0,149.0,0.0,103.1785,83.975,90.9,96.0,103.0,110.0,117.0,123.0,0.0,77.837,61.0,67.0,72.0,78.0,83.0,89.0,95.0,0.0
fit,2023-07-31,8,1275,9502,1266.755,1053.0,1122.0,1189.0,1265.0,1344.0,1415.1000000000001,1500.0,0.0,1066.5615,1005.0,1026.0,1046.0,1066.0,1087.0,1106.0,1126.0,0.0,1263.5935,1197.0,1221.0,1241.0,1263.5,1285.0,1307.0,1333.0,0.0
fit,2023-07-31,9,21,9502,14.2025,0.0,2.0,5.0,10.0,20.0,32.0,50.0,0.0,23.737,15.0,18.0,20.0,23.0,27.0,30.0,34.0,0.0,14.3845,8.0,10.0,12.0,14.0,17.0,19.0,22.0,0.0
fit,2023-07-31,10,31,9502,55.19,17.0,25.0,36.0,51.0,69.0,90.0,117.0,0.0,81.893,65.0,70.0,76.0,82.0,88.0,94.0,100.0,0.0,55.7065,41.0,46.0,51.0,56.0,61.0,65.0,71.0,0.0
fit,2023-07-31,11,825,9502,857.8125,671.975,736.0,792.0,853.0,922.0,984.0,1056.0,0.0,866.0595,811.0,831.0,848.0,866.0,884.0,900.0,919.0,0.0,863.006,806.975,827.0,843.0,863.0,883.0,900.0,917.0,0.0
fit,2023-07-31,12,790,9502,803.421,627.95,687.8,737.0,798.0,867.0,931.0,996.0,0.0,769.0595,716.0,735.0,751.0,770.0,787.0,802.0,820.0249999999999,0.0,806.475,753.0,771.0,788.0,806.0,825.0,842.0,861.0,0.0
fit,2023-07-31,13,932,9502,884.42,708.0,761.0,816.0,880.0,951.0,1011.1000000000001,1082.0249999999999,0.0,868.266,814.975,832.0,848.0,868.0,888.0,906.0,925.0,0.0,884.2265,827.0,849.0,865.0,883.0,904.0,921.0,942.0,0.0
fit,2023-07-31,14,1571,9502,1531.4425,1286.975,1369.0,1444.0,1530.0,1617.0,1699.1000000000001,1793.0749999999996,0.0,1572.5425,1503.0,1525.0,1547.0,1571.0,1597.0,1621.0,1645.0,0.0,1526.427,1459.975,1481.0,1503.0,1526.0,1550.0,1574.0,1595.0249999999999,0.0
fit,2023-07-31,15,61,9502,119.1995,56.0,73.0,92.0,115.0,144.0,168.0,200.0,0.0,67.6585,52.0,57.0,62.0,68.0,73.0,79.0,84.0,0.0,119.662,99.0,106.0,112.0,120.0,127.0,134.0,141.0,0.0
fit,2023-07-31,16,59,9502,65.302,21.0,33.0,44.0,62.0,82.0,102.0,131.0,0.0,82.5825,65.975,71.0,76.0,82.0,88.0,94.0,101.0,0.0,65.7675,51.0,55.0,60.0,65.0,71.0,76.0,82.0,0.0
fit,2023-07-31,17,647,9502,606.5795,445.0,500.9,549.0,604.0,665.0,716.0,770.0749999999996,0.0,634.0315,587.0,603.0,618.0,634.0,650.0,665.0,683.0,0.0,604.009,556.0,573.0,588.0,605.0,620.0,635.0,651.0,0.0
fit,2023-07-31,18,100,9502,83.8495,29.975,45.0,59.0,80.0,104.0,127.0,157.0,0.0,96.09,77.0,84.0,89.0,96.0,102.0,108.0,115.0,0.0,83.043,66.0,72.0,77.0,83.0,89.0,95.0,102.0,0.0
fit,2023-07-31,19,469,9502,553.451,404.975,453.0,495.75,549.0,606.0,664.0,724.0,0.0,562.3035,517.0,532.0,546.0,562.0,578.0,592.0,609.0,0.0,552.427,510.0,524.0,537.0,552.0,567.0,582.0,598.0,0.0
fit,2023-07-31,20,12,9502,18.064,1.0,3.0,7.0,14.0,25.0,38.100000000000136,57.0,0.0,30.1175,20.0,23.0,26.0,30.0,34.0,37.0,41.0,0.0,17.914,10.0,13.0,15.0,18.0,21.0,24.0,27.0,0.0
fit,2023-07-31,21,92,9502,71.035,23.0,36.0,49.0,67.0,89.0,111.0,139.0,0.0,36.4575,25.0,29.0,32.0,37.0,40.0,44.0,48.0,0.0,71.246,56.0,61.0,65.0,71.0,77.0,82.0,88.0,0.0
fit,2023-07-31,22,90,9502,81.998,30.0,44.0,58.0,78.0,101.0,127.0,155.02499999999986,0.0,114.098,94.0,100.0,107.0,114.0,121.0,128.0,135.0,0.0,80.56,63.0,69.0,74.0,80.0,87.0,92.0,99.0,0.0
fit,2023-07-31,23,103,9502,33.5345,5.0,12.0,19.0,31.0,44.0,60.0,79.0,0.0,57.224,43.0,47.0,52.0,57.0,62.0,67.0,72.0,0.0,33.44,22.0,26.0,30.0,33.0,37.0,41.0,45.0,0.0
fit,2023-07-31,24,66,9502,96.6015,40.975,54.0,71.0,93.5,117.0,141.0,175.0,0.0,86.0765,68.0,74.0,80.0,86.0,92.0,98.0,104.0,0.0,97.032,78.0,85.0,91.0,97.0,104.0,109.0,117.0,0.0
fit,2023-07-31,25,155,9502,139.5045,71.0,89.0,109.0,136.0,165.0,196.10000000000014,229.02499999999986,0.0,126.81,106.0,112.0,119.0,126.0,134.0,142.0,149.0,0.0,139.605,117.0,125.0,131.0,140.0,147.0,154.0,163.0,0.0
fit,2023-07-31,26,42,9502,54.3265,15.0,25.0,36.0,51.0,69.0,88.0,114.0,0.0,100.202,80.975,88.0,93.0,100.0,107.0,113.0,120.0,0.0,54.979,40.0,45.0,50.0,55.0,60.0,65.0,70.0,0.0
fit,2023-07-31,27,44,9502,78.9915,28.975,43.0,57.0,75.0,96.25,121.0,152.02499999999986,0.0,71.5565,55.0,61.0,66.0,72.0,77.0,82.0,88.0,0.0,78.8435,61.0,67.0,73.0,79.0,85.0,90.0,97.0,0.0
fit,2023-07-31,28,34,9502,29.4845,4.0,9.0,15.0,26.0,39.0,54.0,80.02499999999986,0.0,62.096,48.0,52.0,57.0,62.0,67.0,72.0,78.0,0.0,28.9885,19.0,22.0,25.0,29.0,32.0,36.0,40.0,0.0
fit,2023-07-31,29,124,9502,57.9015,19.0,28.0,39.0,55.0,72.0,92.0,120.02499999999986,0.0,81.1685,64.0,69.0,75.0,81.0,87.0,93.0,99.0,0.0,58.0355,44.0,49.0,53.0,58.0,63.0,68.0,72.0,0.0
fit,2023-07-31,30,187,9502,113.049,52.0,69.0,87.0,109.0,135.0,162.0,194.0,0.0,192.5815,165.0,174.9,183.0,192.0,202.0,211.0,221.0,0.0,112.215,93.0,99.0,105.0,112.0,119.0,126.0,133.0,0.0
fit,2023-07-31,31,2,9502,37.609,8.0,15.0,22.0,34.0,49.25,66.0,89.0,0.0,71.5555,55.0,61.0,66.0,71.0,77.0,82.0,88.0,0.0,38.511,27.0,31.0,34.0,38.0,43.0,46.0,51.0,0.0
fit,2023-07-31,32,11,9502,53.5315,16.0,25.0,35.0,49.0,68.0,89.0,115.0,0.0,80.541,63.0,69.0,74.0,81.0,86.0,92.0,98.0,0.0,53.3125,39.0,44.0,48.0,53.0,58.0,63.0,68.0,0.0
fit,2023-07-31,33,91,9502,139.624,71.0,90.0,110.0,135.0,167.0,194.0,226.0,0.0,62.5345,47.0,53.0,57.0,62.0,68.0,73.0,78.0,0.0,139.6485,117.0,125.0,132.0,139.0,147.0,155.0,163.0,0.0
fit,2023-07-31,34,50,9502,91.551,38.0,52.0,66.75,86.0,113.0,138.0,173.0,0.0,58.0175,44.0,48.0,53.0,58.0,63.0,68.0,74.0,0.0,90.561,72.0,78.0,84.0,91.0,97.0,103.0,109.0,0.0
fit,2023-07-31,35,52,9502,12.8995,0.0,1.0,4.0,10.0,18.25,29.0,45.0,0.0,25.698,16.0,19.0,22.0,25.0,29.0,32.0,36.0,0.0,13.2445,7.0,9.0,11.0,13.0,16.0,18.0,20.0,0.0
fit,2023-07-31,36,400,9502,454.48,322.925,362.0,402.0,448.0,501.0,553.1000000000001,616.0,0.0,477.498,438.0,449.0,463.0,477.0,491.25,505.0,519.0,0.0,453.841,413.0,427.0,440.0,454.0,468.0,480.0,494.02499999999986,0.0
fit,2023-07-31,37,4,9502,37.1995,7.0,13.0,22.0,33.0,48.0,66.10000000000014,88.0,0.0,55.78,41.0,46.0,51.0,56.0,61.0,66.0,72.0,0.0,36.835,25.0,29.0,33.0,37.0,41.0,45.0,49.024999999999864,0.0
fit,2023-07-31,38,31,9502,49.1495,13.0,20.0,31.0,45.0,63.0,82.10000000000014,106.02499999999986,0.0,56.208,42.975,47.0,51.0,56.0,61.0,66.0,72.0,0.0,48.6205,36.0,40.0,44.0,49.0,53.0,57.0,62.024999999999864,0.0
fit,2023-07-31,39,205,9502,97.6365,42.0,57.0,72.0,93.0,118.0,143.0,180.0,0.0,75.5385,60.0,65.0,70.0,75.0,81.0,86.0,93.0,0.0,98.2985,79.0,86.0,92.0,98.0,105.0,111.0,118.0,0.0
fit,2023-08-07,0,6,10672,13.666,0.0,1.0,4.0,10.0,20.0,31.0,48.0,0.0,19.664,11.0,14.0,17.0,19.0,22.0,26.0,29.0,0.0,14.153,7.0,9.0,11.0,14.0,17.0,19.0,22.0,0.0
fit,2023-08-07,1,49,10672,56.143,14.0,25.0,36.0,52.0,72.0,92.0,118.02499999999986,0.0,60.213,45.975,50.0,55.0,60.0,66.0,70.0,75.0,0.0,55.7455,41.0,46.0,51.0,56.0,61.0,65.0,71.0,0.0
fit,2023-08-07,2,89,10672,93.7875,35.0,52.0,68.0,90.0,114.25,141.10000000000014,174.0,0.0,85.08,67.975,73.0,78.75,85.0,91.0,97.0,103.02499999999986,0.0,93.0945,75.0,80.0,86.0,93.0,100.0,106.0,113.0,0.0
fit,2023-08-07,3,408,10672,361.2505,236.95,274.9,311.0,358.0,404.25,452.0,509.02499999999986,0.0,354.1085,318.0,330.0,341.0,354.0,367.0,379.0,393.0,0.0,361.943,326.0,338.0,349.0,362.0,375.0,386.0,399.0,0.0
fit,2023-08-07,4,210,10672,165.6935,84.0,108.0,131.75,161.0,196.0,229.0,267.0,0.0,132.947,111.0,118.0,125.0,133.0,141.0,148.0,156.0,0.0,164.9315,141.0,149.0,156.0,165.0,173.0,182.0,190.02499999999986,0.0
fit,2023-08-07,5,101,10672,79.8405,27.0,40.0,56.0,76.0,97.0,125.0,157.0,0.0,94.632,76.0,82.0,88.0,95.0,102.0,107.0,115.0,0.0,80.534,64.0,69.0,74.0,80.0,86.0,92.0,98.02499999999986,0.0
fit,2023-08-07,6,217,10672,211.3915,115.0,142.0,171.0,207.0,248.0,284.0,340.02499999999986,0.0,137.98,114.0,122.0,130.0,138.0,146.0,153.0,162.0,0.0,212.3615,185.0,194.0,202.0,212.0,223.0,231.0,241.0,0.0
fit,2023-08-07,7,76,10672,82.868,30.0,44.0,60.0,78.0,103.0,130.0,163.0,0.0,115.3365,95.0,102.0,108.0,115.0,122.0,129.0,136.02499999999986,0.0,82.3195,66.0,70.0,76.0,82.0,88.0,94.0,101.0,0.0
fit,2023-08-07,8,1305,10672,1451.673,1195.0,1285.9,1361.0,1449.5,1539.0,1621.0,1719.0,0.0,1199.5745,1135.0,1157.0,1177.0,1200.0,1222.0,1242.0,1267.0,0.0,1454.815,1384.0,1409.0,1431.0,1454.5,1479.0,1501.0,1528.0,0.0
fit,2023-08-07,9,12,10672,18.3865,1.0,3.0,7.0,14.0,26.0,40.0,61.0,0.0,26.6135,17.0,20.0,23.0,26.0,30.0,34.0,37.0,0.0,18.1985,10.0,13.0,15.0,18.0,21.0,24.0,27.0,0.0
fit,2023-08-07,10,84,10672,59.856,17.0,28.0,39.0,55.0,76.0,99.0,127.0,0.0,91.6085,73.0,80.0,85.0,91.0,98.0,104.0,110.0,0.0,60.484,46.0,51.0,55.0,60.0,66.0,70.0,76.0,0.0
fit,2023-08-07,11,998,10672,924.517,733.95,796.0,851.0,919.0,993.0,1064.0,1146.0,0.0,972.718,912.0,933.0,953.0,973.0,993.0,1011.0,1031.0,0.0,922.28,864.0,885.0,903.0,922.0,941.0,959.0,981.0,0.0
fit,2023-08-07,12,834,10672,904.269,712.0,770.0,830.75,900.0,978.0,1043.0,1118.0249999999999,0.0,864.5155,812.0,829.0,845.0,864.0,884.0,902.0,919.0,0.0,906.111,849.0,869.0,887.0,906.0,925.0,943.0,964.0,0.0
fit,2023-08-07,13,1012,10672,1020.061,817.975,879.9,940.0,1015.5,1091.0,1169.1000000000001,1253.0499999999997,0.0,973.1545,914.0,935.9,953.0,973.0,993.0,1011.0,1032.0249999999999,0.0,1018.687,958.0,979.0,998.0,1019.0,1040.0,1057.0,1077.0,0.0
fit,2023-08-07,14,1799,10672,1704.7175,1438.95,1534.9,1608.0,1702.0,1798.25,1881.1000000000001,1989.0249999999999,0.0,1766.1525,1688.0,1716.9,1741.0,1767.0,1792.0,1814.0,1839.0249999999999,0.0,1704.5185,1629.0,1654.0,1678.75,1704.0,1731.0,1755.0,1780.0,0.0
fit,2023-08-07,15,97,10672,126.9975,58.0,77.0,97.0,121.0,154.0,183.10000000000014,220.0,0.0,75.7375,59.0,65.0,70.0,76.0,81.0,87.0,94.0,0.0,127.777,107.0,114.0,120.0,128.0,135.0,142.0,150.0,0.0
fit,2023-08-07,16,75,10672,75.6205,25.0,37.0,52.0,72.0,95.0,119.0,151.0,0.0,92.81,75.0,81.0,86.0,92.0,99.0,105.0,112.0,0.0,74.635,58.0,64.0,69.0,74.0,80.0,86.0,92.0,0.0
fit,2023-08-07,17,770,10672,652.775,477.975,535.0,591.0,649.0,714.0,776.0,839.0249999999999,0.0,711.486,660.0,679.0,694.0,712.0,728.0,744.0,763.0,0.0,649.3685,599.0,618.0,633.0,650.0,665.0,681.0,697.0,0.0
fit,2023-08-07,18,79,10672,98.158,39.0,54.0,71.0,95.0,119.0,147.10000000000014,184.0,0.0,107.8235,87.0,95.0,101.0,108.0,115.0,121.0,128.0,0.0,98.8645,80.0,86.0,92.0,99.0,106.0,112.0,117.02499999999986,0.0
fit,2023-08-07,19,508,10672,589.052,428.0,478.9,524.0,585.0,646.0,702.0,781.0249999999999,0.0,633.1375,585.975,602.0,617.0,633.0,649.0,664.0,682.0,0.0,588.881,543.0,558.0,572.0,588.0,606.0,620.0,637.0,0.0
fit,2023-08-07,20,12,10672,18.517,0.0,3.0,7.0,15.0,26.0,39.0,58.024999999999864,0.0,33.597,23.0,26.0,30.0,33.0,37.0,41.0,45.0,0.0,18.1275,10.0,13.0,15.0,18.0,21.0,24.0,27.0,0.0
fit,2023-08-07,21,114,10672,88.6375,36.0,49.0,64.0,84.0,108.0,135.10000000000014,167.0,0.0,41.154,29.0,33.0,37.0,41.0,45.0,50.0,55.0,0.0,90.185,72.0,78.0,84.0,90.0,96.0,102.0,109.0,0.0
fit,2023-08-07,22,115,10672,95.0455,35.975,53.0,69.0,91.0,117.0,142.0,177.0,0.0,129.0455,108.0,115.0,121.0,129.0,136.0,144.0,152.0,0.0,93.238,75.0,81.0,87.0,93.0,100.0,106.0,113.0,0.0
fit,2023-08-07,23,70,10672,62.243,17.0,28.0,41.0,58.0,79.0,102.0,137.0,0.0,64.166,50.0,54.0,58.0,64.0,70.0,75.0,81.0,0.0,61.2,46.975,51.0,56.0,61.0,67.0,71.0,76.0,0.0
fit,2023-08-07,24,113,10672,97.7625,41.0,55.0,72.0,94.0,119.0,146.10000000000014,180.0,0.0,96.6405,78.0,85.0,90.0,97.0,103.0,109.0,116.0,0.0,97.529,79.0,85.0,91.0,97.0,104.0,110.0,117.0,0.0
fit,2023-08-07,25,142,10672,164.1425,84.0,106.0,131.0,160.0,194.0,226.0,266.0,0.0,141.7725,118.0,126.9,134.0,141.0,150.0,157.0,166.0,0.0,163.8665,139.975,148.0,156.0,164.0,172.0,180.0,188.0,0.0
fit,2023-08-07,26,49,10672,56.364,15.0,25.0,37.0,53.0,71.0,93.0,121.04999999999973,0.0,112.3655,92.0,99.0,105.0,113.0,119.0,126.0,133.0,0.0,56.056,42.0,47.0,51.0,56.0,61.0,66.0,71.0,0.0
fit,2023-08-07,27,45,10672,77.0315,27.0,39.0,54.0,72.0,96.0,120.0,154.02499999999986,0.0,79.838,62.0,68.0,74.0,80.0,86.0,92.0,99.0,0.0,77.133,61.0,66.0,71.0,77.0,83.0,88.0,94.0,0.0
fit,2023-08-07,28,22,10672,38.252,7.0,13.0,21.0,34.0,50.0,69.0,94.02499999999986,0.0,69.616,53.0,59.0,64.0,70.0,75.0,80.0,86.0,0.0,38.3005,27.0,31.0,34.0,38.0,43.0,46.0,51.024999999999864,0.0
fit,2023-08-07,29,82,10672,89.1175,34.0,47.0,63.0,84.0,110.0,137.0,166.02499999999986,0.0,91.6405,73.0,79.0,85.0,91.0,98.0,104.0,111.0,0.0,88.4745,71.0,76.9,82.0,88.0,95.0,100.0,107.0,0.0
fit,2023-08-07,30,203,10672,152.1195,75.0,99.0,118.0,149.0,180.0,214.0,250.0,0.0,215.8005,187.0,197.0,206.0,215.0,225.0,234.0,245.0,0.0,152.243,129.0,137.0,144.0,152.0,160.0,167.0,176.0,0.0
fit,2023-08-07,31,16,10672,39.249,7.0,14.0,22.0,35.0,51.0,70.0,97.0,0.0,80.413,63.0,69.0,74.0,80.0,87.0,92.0,99.0,0.0,40.312,28.0,33.0,36.0,40.0,45.0,48.0,53.0,0.0
fit,2023-08-07,32,39,10672,51.595,14.0,22.0,32.0,47.0,66.0,88.0,115.02499999999986,0.0,90.846,73.0,79.0,84.0,91.0,97.0,103.0,110.02499999999986,0.0,51.5835,38.0,42.900000000000006,47.0,51.0,56.0,61.0,66.0,0.0
fit,2023-08-07,33,54,10672,153.67,75.0,96.0,121.0,149.0,182.0,215.10000000000014,256.0,0.0,70.381,54.0,60.0,64.0,70.0,76.0,81.0,87.0,0.0,153.739,130.0,138.0,145.0,153.0,162.0,170.0,178.02499999999986,0.0
fit,2023-08-07,34,82,10672,96.208,37.0,52.0,69.0,93.0,119.0,144.0,175.02499999999986,0.0,65.26,50.0,55.0,60.0,65.0,71.0,76.0,81.0,0.0,96.622,77.0,84.0,90.0,96.0,103.0,109.0,116.0,0.0
fit,2023-08-07,35,39,10672,27.767,3.0,7.0,13.0,24.0,38.0,54.0,75.0,0.0,29.028,19.0,22.0,25.0,29.0,33.0,36.0,41.0,0.0,28.374,19.0,22.0,25.0,28.0,32.0,35.0,39.0,0.0
fit,2023-08-07,36,520,10672,443.979,301.0,346.9,389.0,439.0,495.0,547.0,607.0249999999999,0.0,534.6665,492.0,506.0,520.0,535.0,549.0,564.0,579.0249999999999,0.0,445.755,406.0,420.0,433.0,446.0,459.0,472.0,484.0,0.0
fit,2023-08-07,37,8,10672,32.7665,4.0,10.0,17.0,29.0,43.0,63.0,87.0,0.0,62.635,48.0,53.0,57.0,62.0,67.0,73.0,79.0,0.0,32.1055,22.0,25.0,28.0,32.0,36.0,39.0,43.0,0.0
fit,2023-08-07,38,55,10672,53.2025,13.975000000000001,23.0,34.0,49.0,69.0,90.0,113.02499999999986,0.0,63.194,48.0,53.0,58.0,63.0,68.0,73.0,79.0,0.0,54.277,40.0,45.0,49.0,54.0,59.0,64.0,70.0,0.0
fit,2023-08-07,39,163,10672,143.607,70.0,90.0,110.75,139.0,172.25,204.0,243.0,0.0,84.648,67.0,73.0,78.0,85.0,91.0,96.0,103.0,0.0,143.1765,120.0,128.0,135.0,143.0,151.0,159.0,166.0,0.0
fit,2023-08-14,0,11,10589,12.7845,0.0,1.0,3.0,8.0,18.0,30.100000000000136,48.0,0.0,19.4695,11.0,14.0,16.0,19.0,22.0,25.0,29.0,0.0,11.8735,5.0,7.900000000000006,10.0,12.0,14.0,16.0,19.0,0.0
fit,2023-08-14,1,30,10589,58.967,16.0,26.0,38.0,54.0,76.0,97.0,126.0,0.0,59.5315,45.0,50.0,54.0,59.0,65.0,70.0,76.0,0.0,58.3245,44.0,49.0,53.0,58.0,63.0,68.0,73.0,0.0
fit,2023-08-14,2,122,10589,96.4085,36.0,53.0,70.0,91.0,118.0,145.0,180.02499999999986,0.0,84.136,66.975,73.0,78.0,84.0,90.0,96.0,103.0,0.0,97.003,78.975,85.0,90.0,97.0,103.0,110.0,117.0,0.0
fit,2023-08-14,3,385,10589,385.4895,255.975,295.0,336.0,380.0,433.0,481.0,546.0,0.0,351.767,317.0,329.0,339.0,351.0,364.0,376.0,389.0,0.0,387.1785,348.0,362.0,374.0,387.0,400.0,412.0,426.0,0.0
fit,2023-08-14,4,193,10589,186.1745,101.0,126.0,150.0,181.0,219.0,253.10000000000014,298.02499999999986,0.0,132.2005,109.0,118.0,124.0,132.0,140.0,147.0,155.0,0.0,184.5035,159.0,167.0,175.0,185.0,193.25,202.0,212.0,0.0
fit,2023-08-14,5,113,10589,82.6785,29.0,44.0,59.0,79.0,102.0,126.0,163.0,0.0,93.904,76.0,82.0,87.0,93.0,101.0,106.0,113.0,0.0,82.8885,66.0,72.0,77.0,83.0,89.0,94.0,101.0,0.0
fit,2023-08-14,6,184,10589,214.601,121.975,148.0,175.0,211.0,248.25,288.0,332.0,0.0,136.711,114.0,122.0,129.0,136.0,144.0,152.0,160.0,0.0,214.5095,186.975,196.0,205.0,214.0,224.0,233.0,244.0,0.0
fit,2023-08-14,7,55,10589,84.4735,31.0,45.0,59.75,80.0,105.0,131.0,159.02499999999986,0.0,114.331,93.0,101.0,107.0,114.0,121.0,128.0,136.0,0.0,83.8915,66.0,72.0,78.0,84.0,90.0,96.0,102.0,0.0
fit,2023-08-14,8,1266,10589,1359.32,1108.95,1192.0,1267.0,1356.0,1452.0,1532.0,1625.0,0.0,1189.629,1124.0,1149.0,1167.75,1190.0,1212.0,1230.0,1252.0,0.0,1364.1495,1298.0,1321.0,1341.0,1365.0,1387.0,1407.0,1430.0,0.0
fit,2023-08-14,9,28,10589,18.2115,1.0,3.0,7.0,14.0,25.0,38.0,62.0,0.0,26.5935,17.0,20.0,23.0,26.0,30.0,33.0,37.0,0.0,18.412,11.0,13.0,15.0,18.0,21.0,24.0,28.0,0.0
fit,2023-08-14,10,109,10589,68.2205,21.0,33.0,45.0,64.0,85.0,110.0,144.02499999999986,0.0,90.969,73.0,79.0,85.0,91.0,97.0,103.0,109.0,0.0,67.4695,51.0,57.0,62.0,67.0,73.0,79.0,84.02499999999986,0.0
fit,2023-08-14,11,886,10589,925.297,727.975,796.9,855.0,922.5,989.25,1064.0,1150.0249999999999,0.0,964.588,907.975,927.0,945.0,963.0,985.0,1003.0,1024.0,0.0,924.924,869.0,887.9,905.0,924.0,945.0,963.0,982.0,0.0
fit,2023-08-14,12,815,10589,873.7945,681.0,744.9,800.0,868.5,942.25,1012.0,1090.0,0.0,856.878,800.975,821.9,838.0,856.0,876.0,893.0,915.0,0.0,871.9835,816.0,835.0,853.0,872.0,891.0,908.0,926.0,0.0
fit,2023-08-14,13,982,10589,1006.295,799.0,864.0,931.0,1000.5,1077.0,1150.1000000000001,1251.0,0.0,967.339,910.0,929.0,948.0,968.0,987.0,1005.0,1024.0,0.0,1006.686,950.0,969.0,986.75,1007.0,1026.0,1045.1000000000001,1066.0,0.0
fit,2023-08-14,14,2068,10589,1716.9595,1450.975,1539.0,1619.0,1715.0,1807.0,1897.1000000000001,1998.0749999999996,0.0,1752.841,1677.0,1704.0,1726.0,1753.0,1779.0,1803.0,1832.0249999999999,0.0,1714.6745,1642.0,1666.9,1690.0,1714.5,1740.0,1763.0,1789.0,0.0
fit,2023-08-14,15,179,10589,122.8055,56.0,74.0,94.0,118.0,147.0,177.0,210.02499999999986,0.0,75.2965,59.0,64.0,69.0,75.0,81.0,86.0,93.02499999999986,0.0,123.301,102.0,109.0,116.0,123.0,130.0,137.0,146.0,0.0
fit,2023-08-14,16,50,10589,81.701,28.0,42.0,59.0,78.0,100.0,126.0,160.02499999999986,0.0,92.332,74.0,80.0,86.0,92.0,99.0,105.0,112.0,0.0,81.3635,65.0,70.0,75.0,81.0,87.0,93.0,99.0,0.0
fit,2023-08-14,17,714,10589,677.33,508.975,561.0,608.75,671.0,738.0,802.1000000000001,879.0249999999999,0.0,705.3415,655.0,672.0,688.0,706.0,723.0,738.0,754.0,0.0,676.1225,627.0,644.0,659.0,676.0,694.0,709.0,725.0,0.0
fit,2023-08-14,18,94,10589,88.8925,34.0,48.0,63.0,85.0,110.0,135.0,167.02499999999986,0.0,107.2865,88.0,94.0,100.0,107.0,114.0,120.0,129.0,0.0,88.227,71.0,76.9,82.0,88.0,95.0,101.0,107.0,0.0
fit,2023-08-14,19,464,10589,557.752,407.975,451.0,499.0,553.5,611.0,665.0,729.0,0.0,627.5295,580.0,597.0,611.0,627.0,643.0,659.1000000000001,677.0,0.0,557.7805,512.0,528.0,542.0,558.0,574.0,588.0,603.0,0.0
fit,2023-08-14,20,15,10589,18.2985,0.0,3.0,6.0,14.0,26.0,40.0,59.0,0.0,33.328,23.0,26.0,29.0,33.0,37.0,41.0,45.0,0.0,18.1205,10.0,13.0,15.0,18.0,21.0,24.0,27.0,0.0
fit,2023-08-14,21,92,10589,101.9005,42.0,60.0,75.0,97.0,123.0,151.0,189.0,0.0,40.818,29.0,33.0,36.0,41.0,45.0,49.0,54.0,0.0,102.927,84.0,90.0,96.0,103.0,110.0,117.0,124.0,0.0
fit,2023-08-14,22,82,10589,102.876,43.975,59.0,77.0,99.0,125.0,151.10000000000014,185.0,0.0,127.64,106.0,113.0,120.0,128.0,135.0,142.0,150.0,0.0,103.766,84.0,91.0,97.0,104.0,110.0,116.0,124.0,0.0
fit,2023-08-14,23,68,10589,68.8095,21.0,33.0,46.0,66.0,87.0,110.10000000000014,136.02499999999986,0.0,63.5875,49.0,53.0,58.0,64.0,69.0,74.0,80.0,0.0,68.1675,52.975,58.0,62.0,68.0,73.0,79.0,85.0,0.0
fit,2023-08-14,24,100,10589,96.8095,40.0,53.900000000000006,69.0,93.0,117.25,146.0,184.04999999999973,0.0,96.3495,78.0,84.0,90.0,96.0,103.0,108.0,115.0,0.0,98.9115,80.0,86.0,92.0,99.0,106.0,112.0,119.0,0.0
fit,2023-08-14,25,139,10589,157.4035,78.975,103.0,124.0,153.0,187.0,219.0,260.02499999999986,0.0,141.032,118.0,126.0,133.0,141.0,149.0,157.0,164.0,0.0,157.907,133.0,142.0,149.0,158.0,166.0,174.0,182.0,0.0
fit,2023-08-14,26,55,10589,55.2965,14.0,23.0,35.0,51.0,71.0,92.0,120.0,0.0,111.808,92.0,99.0,104.0,112.0,119.0,125.0,133.0,0.0,55.0175,41.0,45.0,50.0,55.0,60.0,65.0,70.0,0.0
fit,2023-08-14,27,51,10589,59.555,16.0,27.0,39.0,55.0,76.0,99.0,126.02499999999986,0.0,79.5415,62.0,68.0,73.75,79.0,86.0,91.0,97.0,0.0,59.1095,44.0,50.0,54.0,59.0,64.0,69.0,75.0,0.0
fit,2023-08-14,28,35,10589,35.327,6.0,11.0,19.0,31.0,47.0,65.10000000000014,89.04999999999973,0.0,68.891,54.0,59.0,63.0,69.0,74.0,80.0,85.0,0.0,35.5165,24.0,28.0,31.0,35.0,39.0,43.0,47.0,0.0
fit,2023-08-14,29,96,10589,98.2935,39.0,56.0,72.0,95.0,120.0,145.0,176.02499999999986,0.0,90.086,73.0,78.0,84.0,90.0,96.0,102.0,109.0,0.0,96.9885,78.0,84.0,90.75,97.0,104.0,110.0,116.0,0.0
fit,2023-08-14,30,156,10589,171.5515,91.0,113.0,138.0,166.5,202.0,233.0,278.02499999999986,0.0,214.435,187.0,196.0,205.0,214.0,224.0,233.0,243.0,0.0,172.6965,147.975,155.0,164.0,172.0,182.0,190.0,199.0,0.0
fit,2023-08-14,31,12,10589,28.938,4.0,8.0,14.0,24.0,39.0,56.0,78.0,0.0,79.843,63.0,69.0,74.0,80.0,86.0,91.0,98.0,0.0,28.696,18.0,22.0,25.0,28.0,32.0,36.0,39.0,0.0
fit,2023-08-14,32,42,10589,48.617,12.0,21.0,30.0,44.0,63.0,82.0,111.0,0.0,89.7165,71.0,77.0,83.0,90.0,96.25,102.0,108.0,0.0,48.669,35.975,40.0,44.0,48.0,53.0,58.0,63.0,0.0
fit,2023-08-14,33,164,10589,107.394,45.975,63.0,81.0,104.5,129.0,157.0,192.0,0.0,69.9615,54.0,59.0,64.0,70.0,76.0,81.0,87.0,0.0,107.8055,87.0,95.0,101.0,108.0,114.0,122.0,129.0,0.0
fit,2023-08-14,34,104,10589,93.363,37.0,51.0,68.0,89.0,116.0,139.0,173.0,0.0,65.0125,49.975,55.0,59.0,65.0,70.0,75.0,81.0,0.0,93.5565,75.0,82.0,87.0,93.0,100.0,106.0,113.0,0.0
fit,2023-08-14,35,32,10589,33.402,5.0,10.0,17.75,29.0,45.0,61.0,85.02499999999986,0.0,28.726,19.0,22.0,25.0,29.0,32.0,35.0,40.0,0.0,33.867,23.0,26.0,30.0,34.0,38.0,41.0,46.0,0.0
fit,2023-08-14,36,429,10589,462.7115,318.975,365.0,407.0,459.0,512.0,566.0,628.0,0.0,531.1585,489.0,502.0,515.0,531.0,546.0,560.0,575.0249999999999,0.0,460.931,421.975,433.0,447.0,461.0,475.0,488.10000000000014,503.0,0.0
fit,2023-08-14,37,16,10589,26.9075,3.0,6.0,12.0,22.5,37.0,53.0,78.0,0.0,61.8495,47.0,52.0,57.0,62.0,67.0,72.0,77.0,0.0,27.238,18.0,21.0,24.0,27.0,31.0,34.0,38.0,0.0
fit,2023-08-14,38,65,10589,58.392,17.0,26.0,38.0,54.0,74.0,96.0,127.02499999999986,0.0,62.6995,48.0,52.0,57.0,62.0,68.0,73.0,79.0,0.0,59.069,45.0,50.0,54.0,59.0,64.0,69.0,74.0,0.0
fit,2023-08-14,39,88,10589,144.998,70.0,91.0,112.0,140.0,173.0,204.10000000000014,250.0,0.0,83.8425,66.0,72.0,78.0,84.0,90.0,96.0,102.02499999999986,0.0,144.774,122.0,130.0,137.0,145.0,153.0,160.0,169.0,0.0
fit,2023-08-21,0,20,10218,10.95,0.0,0.0,3.0,7.0,15.0,27.0,42.0,0.0,18.698,11.0,13.0,16.0,19.0,22.0,24.0,28.0,0.0,11.0365,5.0,7.0,9.0,11.0,13.0,15.0,18.0,0.0
fit,2023-08-21,1,46,10218,50.78,13.0,21.0,31.0,46.0,66.0,88.0,112.02499999999986,0.0,57.806,44.0,48.0,53.0,57.0,63.0,68.0,73.0,0.0,50.591,37.0,42.0,46.0,51.0,55.0,59.0,65.0,0.0
fit,2023-08-21,2,113,10218,98.947,42.0,57.0,73.0,95.0,119.0,147.0,180.02499999999986,0.0,81.2665,65.0,70.0,75.0,81.0,87.0,93.0,99.0,0.0,98.7095,80.0,86.0,92.0,99.0,105.0,111.0,117.0,0.0
fit,2023-08-21,3,383,10218,360.69,235.975,277.9,314.75,358.0,404.25,450.0,499.0,0.0,338.8765,300.975,314.0,326.0,339.0,351.0,363.0,376.0,0.0,359.408,322.0,335.0,347.0,359.0,373.0,383.0,396.0,0.0
fit,2023-08-21,4,178,10218,185.8095,104.0,125.0,150.0,181.0,216.0,253.0,292.02499999999986,0.0,127.1135,106.0,113.0,119.0,127.0,135.0,142.0,150.0,0.0,186.153,159.0,169.0,177.0,186.0,195.0,204.0,212.0,0.0
fit,2023-08-21,5,111,10218,79.1005,29.0,42.0,56.0,76.0,98.0,120.0,150.0,0.0,90.878,72.0,79.0,84.0,91.0,98.0,103.0,110.02499999999986,0.0,79.797,63.0,69.0,74.0,80.0,86.0,91.0,98.0,0.0
fit,2023-08-21,6,226,10218,192.4995,107.975,131.9,158.0,188.0,224.0,258.0,300.02499999999986,0.0,132.224,110.975,118.0,124.0,132.0,140.0,147.0,155.02499999999986,0.0,192.6445,166.0,175.0,184.0,193.0,202.0,211.0,220.0,0.0
fit,2023-08-21,7,68,10218,71.4005,24.0,35.0,49.0,69.0,90.0,112.0,143.02499999999986,0.0,110.3155,90.0,97.0,103.0,110.0,117.0,124.0,131.0,0.0,71.4205,55.0,61.0,66.0,71.0,77.0,82.0,88.0,0.0
fit,2023-08-21,8,1161,10218,1281.977,1048.0,1124.9,1198.75,1280.0,1363.0,1441.0,1533.0,0.0,1148.054,1086.975,1107.0,1126.0,1148.0,1170.0,1189.0,1211.0,0.0,1279.8145,1216.975,1237.0,1257.75,1279.0,1303.0,1323.0,1344.0,0.0
fit,2023-08-21,9,29,10218,21.1725,1.0,4.0,8.0,17.0,29.25,45.0,63.0,0.0,25.7545,16.975,19.0,22.0,26.0,29.0,32.0,36.0,0.0,20.4,12.0,15.0,17.0,20.0,23.0,26.0,30.0,0.0
fit,2023-08-21,10,72,10218,76.284,27.0,40.0,53.0,72.0,95.0,120.0,146.0,0.0,87.4215,70.975,76.0,81.0,87.0,94.0,99.0,106.0,0.0,76.409,60.0,65.0,70.75,76.0,82.0,88.0,94.0,0.0
fit,2023-08-21,11,1071,10218,891.1485,703.0,760.0,817.0,888.0,958.0,1030.0,1105.0,0.0,930.804,873.0,893.0,911.0,931.0,950.0,968.0,987.0,0.0,892.157,836.0,856.0,872.0,892.0,911.0,930.0,948.0,0.0
fit,2023-08-21,12,803,10218,821.532,643.95,698.0,752.75,818.0,885.0,948.1000000000001,1026.0,0.0,827.116,770.975,791.0,808.0,827.0,845.0,863.0,883.0,0.0,821.113,765.0,787.0,803.0,821.0,839.25,856.0,877.0,0.0
fit,2023-08-21,13,897,10218,969.485,759.925,835.0,895.0,965.0,1039.0,1113.0,1185.0499999999997,0.0,932.6455,877.0,896.0,912.0,932.0,952.25,971.0,992.0249999999999,0.0,966.836,908.0,929.0,946.0,967.0,986.0,1005.0,1028.0,0.0
fit,2023-08-21,14,1884,10218,1744.88,1483.925,1567.0,1648.0,1740.0,1835.0,1932.0,2029.0,0.0,1692.08,1618.975,1643.9,1667.0,1692.0,1718.0,1739.1000000000001,1764.0249999999999,0.0,1749.72,1676.0,1698.0,1724.0,1750.0,1775.25,1799.0,1825.0249999999999,0.0
fit,2023-08-21,15,146,10218,130.789,61.975,82.0,101.0,126.0,156.0,188.0,224.0,0.0,72.915,57.0,62.0,67.0,73.0,79.0,84.0,91.0,0.0,129.2995,108.0,115.0,122.0,129.0,137.0,144.0,152.0,0.0
fit,2023-08-21,16,59,10218,66.2655,22.0,32.0,45.0,63.0,82.0,104.10000000000014,137.0,0.0,88.9375,70.0,77.0,82.0,89.0,95.0,101.0,108.0,0.0,65.681,50.975,55.0,60.0,66.0,71.0,76.0,81.02499999999986,0.0
fit,2023-08-21,17,527,10218,681.762,517.0,567.9,619.0,678.0,738.0,801.0,875.0,0.0,680.169,629.0,647.0,663.0,680.0,698.0,713.0,734.0,0.0,680.705,633.975,648.0,664.0,681.0,697.0,713.0,730.0249999999999,0.0
fit,2023-08-21,18,104,10218,92.772,38.975,52.0,68.0,88.0,114.0,140.0,169.0,0.0,103.2865,83.0,91.0,97.0,103.0,110.0,116.0,124.0,0.0,91.336,73.975,79.0,85.0,91.0,98.0,104.0,111.0,0.0
fit,2023-08-21,19,561,10218,503.557,357.0,404.9,448.0,500.0,554.0,606.0,670.0,0.0,606.1785,561.0,576.0,590.0,606.0,622.0,637.0,653.0,0.0,501.817,460.0,474.0,487.0,501.5,517.0,530.0,543.0,0.0
fit,2023-08-21,20,15,10218,13.767,0.0,1.0,4.0,10.0,20.0,31.0,47.0,0.0,32.191,22.0,25.0,28.0,32.0,36.0,39.100000000000136,44.0,0.0,13.855,7.0,9.0,11.0,14.0,16.0,19.0,21.0,0.0
fit,2023-08-21,21,123,10218,103.0185,42.0,57.900000000000006,76.0,98.0,126.0,154.0,186.0,0.0,39.3555,28.0,32.0,35.0,39.0,43.0,47.0,52.024999999999864,0.0,102.9965,84.0,90.0,96.0,103.0,109.0,116.0,124.0,0.0
fit,2023-08-21,22,148,10218,98.1215,43.0,57.0,73.0,94.0,118.0,146.0,182.02499999999986,0.0,123.075,102.0,109.0,116.0,123.0,130.0,137.0,144.02499999999986,0.0,98.906,80.975,86.0,92.0,98.0,106.0,112.0,119.0,0.0
fit,2023-08-21,23,12,10218,79.3295,27.0,41.0,56.0,76.0,99.0,123.0,152.02499999999986,0.0,61.1925,46.0,51.0,56.0,61.0,67.0,71.0,76.0,0.0,79.2595,63.0,68.0,73.0,79.0,86.0,91.0,98.0,0.0
fit,2023-08-21,24,149,10218,99.1775,41.975,57.0,73.0,96.0,120.25,146.0,176.02499999999986,0.0,93.111,75.0,81.0,87.0,93.0,99.0,106.0,113.0,0.0,99.688,80.0,87.0,93.0,100.0,107.0,113.0,119.0,0.0
fit,2023-08-21,25,176,10218,153.9005,75.975,99.9,122.0,150.5,180.25,215.10000000000014,251.0,0.0,136.3915,113.0,121.0,129.0,136.0,145.0,152.0,160.0,0.0,153.328,131.0,137.0,145.0,153.0,162.0,169.0,178.0,0.0
fit,2023-08-21,26,59,10218,50.331,14.0,21.0,32.0,46.0,65.0,84.0,111.0,0.0,108.0785,88.0,95.0,101.0,108.0,115.0,121.0,128.0,0.0,50.964,38.0,42.0,46.0,51.0,56.0,60.0,65.0,0.0
fit,2023-08-21,27,76,10218,52.9345,14.0,23.0,34.0,48.0,68.0,90.0,115.0,0.0,76.4195,59.0,65.0,70.0,76.0,82.0,88.0,94.02499999999986,0.0,52.0105,38.975,43.0,47.0,52.0,57.0,61.0,66.0,0.0
fit,2023-08-21,28,26,10218,34.416,5.0,11.0,19.0,30.0,45.0,63.100000000000136,90.0,0.0,66.569,51.0,56.0,61.0,67.0,72.0,77.0,83.0,0.0,34.672,23.0,27.0,31.0,35.0,39.0,42.0,46.0,0.0
fit,2023-08-21,29,102,10218,97.707,41.0,54.0,71.0,93.0,119.0,148.10000000000014,187.0,0.0,87.289,69.0,75.0,81.0,87.0,94.0,99.0,105.0,0.0,98.5825,80.0,86.0,92.0,98.0,105.0,112.0,118.02499999999986,0.0
fit,2023-08-21,30,140,10218,172.6475,93.0,114.0,140.0,169.0,202.0,236.0,276.0,0.0,206.108,177.0,188.0,196.0,206.0,216.0,224.0,235.0,0.0,174.9525,148.0,157.9,166.0,175.0,184.0,192.0,203.0,0.0
fit,2023-08-21,31,17,10218,15.4985,0.0,2.0,5.0,11.0,21.0,35.0,52.0,0.0,77.117,60.0,66.0,71.0,77.0,83.0,88.0,95.0,0.0,15.745,8.0,11.0,13.0,15.0,18.0,21.0,24.0,0.0
fit,2023-08-21,32,42,10218,38.5245,8.0,14.0,22.0,34.0,50.0,69.0,96.0,0.0,86.691,69.0,75.0,80.0,86.0,93.0,99.0,106.0,0.0,39.5045,28.0,32.0,35.0,39.0,44.0,47.100000000000136,52.0,0.0
fit,2023-08-21,33,64,10218,107.0475,46.0,63.0,80.0,102.0,130.0,157.0,191.0,0.0,67.496,53.0,57.0,62.0,67.0,73.0,79.0,85.0,0.0,106.403,86.0,93.0,99.0,107.0,113.0,120.0,126.0,0.0
fit,2023-08-21,34,72,10218,84.117,33.0,45.900000000000006,60.0,79.0,104.0,130.0,160.0,0.0,62.6615,47.0,52.0,57.0,62.0,68.0,73.0,79.0,0.0,86.1945,69.0,75.0,80.0,86.0,93.0,98.0,104.0,0.0
fit,2023-08-21,35,21,10218,35.1945,6.0,12.0,20.0,31.0,46.0,65.0,86.0,0.0,28.009,18.0,21.0,24.0,28.0,32.0,35.0,39.0,0.0,36.1975,25.0,29.0,32.0,36.0,40.0,44.0,48.0,0.0
fit,2023-08-21,36,354,10218,444.2475,314.0,352.0,395.0,440.0,493.0,537.1000000000001,596.0,0.0,512.1305,468.0,485.0,498.0,512.0,526.0,540.0,555.0,0.0,443.509,407.0,419.0,430.0,444.0,456.0,469.0,484.0,0.0
fit,2023-08-21,37,26,10218,16.3055,0.0,2.0,5.0,12.0,23.0,37.0,56.0,0.0,60.085,45.0,50.0,55.0,60.0,65.0,70.0,76.0,0.0,16.455,9.0,11.0,14.0,16.0,19.0,22.0,25.0,0.0
fit,2023-08-21,38,36,10218,58.9865,16.0,26.0,37.0,54.0,75.0,101.0,128.0,0.0,60.4075,46.0,51.0,55.0,60.0,65.0,70.0,77.0,0.0,57.64,43.0,48.0,53.0,58.0,63.0,67.0,72.0,0.0
fit,2023-08-21,39,101,10218,130.9265,62.0,81.0,103.0,126.0,157.0,186.0,225.0,0.0,81.082,64.0,70.0,75.0,81.0,87.0,93.0,99.0,0.0,132.089,110.0,118.0,124.0,132.0,140.0,147.0,155.0,0.0
fit,2023-08-28,0,23,10154,12.4025,0.0,1.0,3.0,8.0,17.0,30.0,46.0,0.0,18.577,11.0,13.0,16.0,18.0,21.0,24.0,28.0,0.0,11.8895,6.0,8.0,10.0,12.0,14.0,16.0,19.0,0.0
fit,2023-08-28,1,30,10154,45.784,10.0,18.0,27.0,42.0,59.0,79.0,103.02499999999986,0.0,57.279,42.0,48.0,52.0,57.0,62.0,67.0,73.0,0.0,45.6845,32.0,37.0,41.0,46.0,50.0,54.0,59.0,0.0
fit,2023-08-28,2,78,10154,101.3625,43.0,57.0,74.0,98.0,122.0,150.0,187.0,0.0,80.9175,63.975,69.0,75.0,81.0,87.0,93.0,99.0,0.0,102.097,83.0,89.0,95.0,102.0,109.0,115.0,121.0,0.0
fit,2023-08-28,3,301,10154,362.6315,242.975,279.0,315.0,359.0,406.0,452.0,512.0,0.0,337.155,299.975,314.0,325.0,337.0,349.0,360.0,373.0,0.0,362.064,325.975,338.0,350.0,362.0,374.0,386.0,401.0,0.0
fit,2023-08-28,4,130,10154,187.434,104.0,126.0,151.0,183.0,218.0,251.0,292.02499999999986,0.0,126.718,106.0,112.9,119.0,127.0,134.0,140.0,149.0,0.0,187.8675,162.0,170.9,178.0,188.0,197.0,205.0,215.02499999999986,0.0
fit,2023-08-28,5,64,10154,94.7525,38.0,52.0,69.0,90.0,116.0,144.0,176.02499999999986,0.0,89.92,73.0,78.0,83.0,90.0,96.0,102.0,109.0,0.0,93.215,75.0,80.9,87.0,93.0,100.0,106.0,112.0,0.0
fit,2023-08-28,6,199,10154,202.533,115.0,138.0,166.0,198.0,234.0,271.0,316.0,0.0,131.2655,109.0,117.0,124.0,131.0,139.0,146.0,154.0,0.0,201.844,175.0,183.0,192.0,201.0,211.0,220.0,231.0,0.0
fit,2023-08-28,7,120,10154,66.1875,20.975,31.0,44.0,61.0,84.0,107.10000000000014,131.0,0.0,109.6255,89.0,96.0,103.0,110.0,117.0,123.0,130.0,0.0,66.188,51.0,56.0,61.0,66.0,71.0,76.0,82.0,0.0
fit,2023-08-28,8,1222,10154,1239.287,1006.0,1084.0,1156.0,1236.0,1321.0,1397.0,1495.0249999999999,0.0,1139.7705,1076.0,1098.0,1119.0,1140.0,1161.0,1182.0,1203.0249999999999,0.0,1238.5375,1174.0,1195.0,1214.0,1239.0,1261.0,1281.0,1303.0,0.0
fit,2023-08-28,9,19,10154,22.762,2.0,5.0,10.0,18.5,31.0,45.0,68.02499999999986,0.0,25.493,16.0,19.0,22.0,25.0,29.0,32.0,36.0,0.0,22.5805,14.0,17.0,20.0,22.0,25.0,29.0,32.0,0.0
fit,2023-08-28,10,72,10154,73.1715,25.0,37.0,51.0,69.0,92.0,114.0,143.0,0.0,87.2775,70.0,76.0,81.0,87.0,93.0,99.0,106.0,0.0,73.392,56.0,62.0,67.0,73.0,79.0,85.0,91.0,0.0
fit,2023-08-28,11,1094,10154,931.1215,736.95,800.0,856.0,926.0,1000.0,1070.0,1147.0499999999997,0.0,926.6365,872.0,888.0,907.0,927.0,946.0,963.0,983.0249999999999,0.0,936.988,881.975,901.0,917.0,937.0,956.25,974.0,991.0249999999999,0.0
fit,2023-08-28,12,773,10154,803.7935,620.0,683.0,738.0,798.5,866.25,936.0,999.0749999999996,0.0,821.254,767.975,787.0,802.0,821.0,840.0,858.0,876.0,0.0,802.951,746.0,767.0,784.0,803.0,822.0,840.0,858.0,0.0
fit,2023-08-28,13,1058,10154,944.916,753.975,817.0,871.0,942.0,1014.0,1080.1000000000001,1154.0249999999999,0.0,927.4665,868.975,890.0,907.0,927.0,947.0,965.0,986.0,0.0,946.825,889.0,911.0,927.0,947.0,966.0,984.0,1008.0,0.0
fit,2023-08-28,14,1643,10154,1816.3625,1554.0,1643.0,1725.75,1815.5,1904.25,1994.0,2097.0,0.0,1680.6845,1610.0,1632.0,1655.0,1681.0,1705.0,1729.0,1757.0,0.0,1813.1855,1736.0,1764.0,1788.0,1813.0,1838.0,1862.0,1891.0249999999999,0.0
fit,2023-08-28,15,128,10154,119.5465,55.0,72.0,92.0,115.0,144.0,173.0,208.0,0.0,72.302,57.0,62.0,66.0,72.0,78.0,83.0,90.0,0.0,120.031,99.0,106.0,113.0,120.0,127.0,134.0,142.02499999999986,0.0
fit,2023-08-28,16,46,10154,59.988,17.0,28.0,39.0,56.0,76.0,98.0,129.02499999999986,0.0,87.9145,70.0,76.0,81.0,88.0,94.0,100.0,107.0,0.0,60.3195,45.975,50.0,55.0,60.0,65.0,70.10000000000014,76.0,0.0
fit,2023-08-28,17,616,10154,658.3775,484.0,542.0,594.0,654.0,720.0,778.1000000000001,844.0,0.0,676.409,628.0,645.0,659.0,677.0,693.0,708.0,725.0,0.0,658.2715,610.0,626.0,641.0,658.0,675.0,690.0,708.0249999999999,0.0
fit,2023-08-28,18,95,10154,92.749,37.0,51.0,68.0,90.0,113.0,137.0,168.0,0.0,102.496,83.0,90.0,96.0,102.0,109.0,115.0,122.0,0.0,93.68,76.0,82.0,87.0,94.0,100.0,106.0,113.0,0.0
fit,2023-08-28,19,532,10154,493.424,351.975,398.0,438.0,489.0,544.0,592.1000000000001,660.0249999999999,0.0,601.6825,555.0,571.0,586.0,602.0,617.0,632.0,646.0,0.0,496.069,457.0,469.0,481.0,496.0,510.0,523.0,539.0,0.0
fit,2023-08-28,20,11,10154,14.0745,0.0,1.0,4.0,10.0,20.0,32.0,50.0,0.0,32.237,22.0,25.0,28.0,32.0,36.0,40.0,44.0,0.0,13.5835,7.0,9.0,11.0,13.0,16.0,18.0,21.0,0.0
fit,2023-08-28,21,108,10154,103.5775,46.0,60.0,77.0,99.0,125.0,154.0,191.02499999999986,0.0,38.9805,27.0,31.0,35.0,39.0,43.0,47.0,51.024999999999864,0.0,104.3225,85.0,91.0,97.0,104.0,112.0,118.0,125.0,0.0
fit,2023-08-28,22,92,10154,108.0325,48.975,64.0,80.0,104.0,130.0,158.0,197.0,0.0,122.431,101.0,108.0,115.0,122.0,130.0,137.0,145.0,0.0,107.553,88.0,95.0,100.0,107.0,114.0,121.0,129.0,0.0
fit,2023-08-28,23,9,10154,63.1815,19.0,30.0,42.0,59.0,80.0,101.0,131.0,0.0,60.935,46.0,51.0,56.0,61.0,66.0,71.0,77.0,0.0,62.685,48.0,52.0,57.0,63.0,68.0,73.0,78.0,0.0
fit,2023-08-28,24,158,10154,105.943,46.0,62.0,79.0,102.0,129.0,156.0,192.0,0.0,92.0535,73.0,80.0,85.0,92.0,99.0,105.0,111.0,0.0,106.36,87.0,93.0,99.0,106.0,113.0,120.0,127.0,0.0
fit,2023-08-28,25,179,10154,151.894,78.0,97.0,119.75,148.0,178.0,209.0,251.0,0.0,135.206,114.0,121.0,127.75,135.0,143.0,151.0,158.0,0.0,151.748,129.0,136.0,144.0,152.0,160.0,167.0,176.0,0.0
fit,2023-08-28,26,71,10154,51.3565,12.975000000000001,22.0,33.0,48.0,66.0,86.10000000000014,112.0,0.0,107.2685,88.0,94.0,100.0,107.0,114.0,120.0,127.0,0.0,51.191,38.0,42.0,46.0,51.0,56.0,60.0,65.0,0.0
fit,2023-08-28,27,84,10154,54.204,15.0,24.0,35.0,51.0,68.0,90.0,117.0,0.0,76.291,60.0,65.0,70.0,76.0,82.0,88.0,93.0,0.0,53.6245,41.0,44.900000000000006,48.0,53.0,58.0,63.0,69.0,0.0
fit,2023-08-28,28,43,10154,28.7035,4.0,8.0,14.0,24.0,39.0,56.0,77.0,0.0,66.3765,50.0,56.0,61.0,66.0,72.0,77.0,83.0,0.0,29.048,19.0,22.0,26.0,29.0,32.0,36.0,40.0,0.0
fit,2023-08-28,29,111,10154,100.015,41.0,58.0,75.0,97.0,122.0,146.0,180.0,0.0,86.699,68.0,75.0,80.75,87.0,93.0,98.0,106.0,0.0,99.996,80.975,87.0,93.0,100.0,107.0,113.0,120.0,0.0
fit,2023-08-28,30,168,10154,172.794,94.0,117.0,140.0,169.0,200.0,234.0,271.0,0.0,205.578,177.975,188.0,195.0,206.0,215.0,225.0,234.02499999999986,0.0,170.024,145.0,153.0,162.0,170.0,178.0,186.0,196.0,0.0
fit,2023-08-28,31,6,10154,11.909,0.0,1.0,3.0,8.0,17.0,29.0,44.0,0.0,76.641,60.0,66.0,71.0,77.0,82.0,87.10000000000014,93.0,0.0,11.9495,6.0,8.0,9.0,12.0,14.0,16.0,19.0,0.0
fit,2023-08-28,32,84,10154,33.995,6.0,11.0,19.0,30.0,45.0,62.0,82.02499999999986,0.0,86.157,68.0,74.0,80.0,86.0,92.0,98.0,104.0,0.0,33.51,22.0,26.0,29.0,33.0,37.0,41.0,45.0,0.0
fit,2023-08-28,33,35,10154,94.013,38.0,53.0,69.0,89.0,114.0,140.0,172.02499999999986,0.0,67.1445,52.0,57.0,61.0,67.0,73.0,78.0,83.02499999999986,0.0,92.3645,75.0,80.0,86.0,92.0,99.0,105.0,111.02499999999986,0.0
fit,2023-08-28,34,114,10154,75.8135,28.0,39.0,53.0,72.0,93.0,117.0,154.0,0.0,62.386,47.0,52.0,57.0,62.0,68.0,73.0,78.0,0.0,76.5275,60.975,65.0,70.0,76.0,82.0,88.0,94.0,0.0
fit,2023-08-28,35,57,10154,36.0665,6.975000000000001,12.0,19.0,32.0,48.0,66.0,88.02499999999986,0.0,27.3525,18.0,21.0,23.0,27.0,31.0,34.0,38.024999999999864,0.0,35.7825,24.0,28.0,32.0,36.0,40.0,43.0,48.0,0.0
fit,2023-08-28,36,370,10154,421.4655,289.975,331.0,370.0,418.0,470.0,517.0,567.0249999999999,0.0,509.6145,466.0,481.0,494.0,509.0,525.0,539.0,555.0,0.0,422.201,384.0,398.0,409.0,422.0,435.0,447.0,461.02499999999986,0.0
fit,2023-08-28,37,4,10154,13.3875,0.0,1.0,4.0,10.0,18.0,30.0,49.0,0.0,59.5955,45.0,50.0,54.0,60.0,65.0,69.0,75.0,0.0,13.438,7.0,9.0,11.0,13.0,16.0,18.0,21.0,0.0
fit,2023-08-28,38,83,10154,46.05,11.0,18.0,28.0,42.0,59.0,79.0,108.02499999999986,0.0,59.846,45.0,50.0,55.0,60.0,65.0,70.0,75.0,0.0,46.498,33.0,38.0,42.0,46.0,51.0,55.0,60.0,0.0
fit,2023-08-28,39,124,10154,138.9375,67.0,89.0,108.0,135.0,165.0,194.0,232.0,0.0,80.363,64.0,69.0,74.0,80.0,86.0,92.0,98.02499999999986,0.0,137.9135,115.0,123.0,130.0,138.0,146.0,153.0,162.0,0.0
fit,2023-09-04,0,8,9705,14.4515,0.0,2.0,5.0,11.0,20.0,32.0,50.0,0.0,17.837,10.0,13.0,15.0,18.0,21.0,23.0,27.0,0.0,14.2305,7.975000000000001,9.0,11.0,14.0,17.0,19.0,22.0,0.0
fit,2023-09-04,1,38,9705,37.047,7.0,13.0,22.0,34.0,48.0,65.10000000000014,92.0,0.0,54.613,41.0,45.0,50.0,54.0,60.0,64.0,69.0,0.0,36.3005,25.0,29.0,32.0,36.0,40.0,44.0,49.0,0.0
fit,2023-09-04,2,88,9705,92.9935,37.0,53.0,67.0,89.0,113.0,139.10000000000014,175.0,0.0,77.393,61.0,66.0,71.0,77.0,83.0,89.0,96.0,0.0,93.977,76.0,82.0,87.0,94.0,100.25,107.0,114.0,0.0
fit,2023-09-04,3,387,9705,342.773,229.975,262.0,297.0,338.0,383.0,426.10000000000014,487.02499999999986,0.0,322.5515,287.0,300.0,310.0,322.0,335.0,346.0,359.0,0.0,344.1265,310.0,321.0,332.0,344.0,356.0,367.0,379.02499999999986,0.0
fit,2023-09-04,4,145,9705,166.5125,89.0,112.0,134.0,161.0,195.0,229.0,272.02499999999986,0.0,121.405,100.975,107.0,114.0,121.0,129.0,136.0,144.0,0.0,165.4435,139.0,149.0,156.0,165.0,174.0,183.0,191.0,0.0
fit,2023-09-04,5,93,9705,91.2405,38.0,50.0,65.0,87.0,114.0,138.0,171.02499999999986,0.0,85.97,69.0,75.0,80.0,86.0,92.0,98.0,105.0,0.0,91.074,73.0,79.0,85.0,91.0,97.0,103.0,110.0,0.0
fit,2023-09-04,6,197,9705,192.5875,105.975,133.9,158.0,189.0,222.0,257.0,306.02499999999986,0.0,124.9235,104.0,111.0,118.0,125.0,132.0,139.0,147.0,0.0,193.0555,166.0,176.0,184.0,193.0,202.0,211.0,220.0,0.0
fit,2023-09-04,7,86,9705,73.956,26.0,38.900000000000006,53.0,70.0,91.0,113.0,148.0,0.0,104.82,85.0,92.0,98.0,104.0,112.0,118.0,125.0,0.0,74.501,59.0,64.0,69.0,74.0,80.0,86.0,93.0,0.0
fit,2023-09-04,8,1207,9705,1149.6255,932.975,1006.0,1068.0,1145.5,1226.0,1302.0,1394.0249999999999,0.0,1090.336,1028.0,1051.0,1069.0,1090.0,1112.0,1130.0,1151.0,0.0,1154.5315,1092.0,1114.0,1133.0,1154.0,1176.25,1195.0,1217.0249999999999,0.0
fit,2023-09-04,9,16,9705,20.922,1.0,4.0,9.0,17.0,29.0,42.0,62.0,0.0,24.225,15.0,18.0,21.0,24.0,28.0,31.0,34.0,0.0,20.719,12.0,15.0,18.0,20.0,24.0,27.0,30.0,0.0
fit,2023-09-04,10,53,9705,79.047,28.0,41.0,55.0,75.0,98.0,123.0,152.0,0.0,83.316,66.0,72.0,77.0,83.0,90.0,95.0,102.0,0.0,79.197,62.0,68.0,73.0,79.0,85.0,91.0,97.0,0.0
fit,2023-09-04,11,794,9705,944.312,749.9,816.9,875.75,941.0,1011.0,1076.1000000000001,1143.0249999999999,0.0,884.3205,830.0,848.0,865.0,884.0,903.0,922.0,942.0,0.0,942.5025,885.0,904.0,922.0,943.0,962.0,981.0,1002.0,0.0
fit,2023-09-04,12,796,9705,751.482,575.95,634.0,686.75,748.0,815.0,874.0,942.0499999999997,0.0,784.522,734.0,750.0,767.0,785.0,802.0,818.0,837.0,0.0,751.969,701.975,718.9,734.0,752.0,770.0,786.1000000000001,804.0,0.0
fit,2023-09-04,13,1058,9705,921.0775,729.0,794.0,848.0,919.0,992.0,1051.0,1122.0,0.0,885.4095,830.0,848.0,866.0,885.0,905.0,923.0,940.0,0.0,920.402,863.0,884.0,901.0,920.5,939.0,959.0,977.0249999999999,0.0
fit,2023-09-04,14,1680,9705,1724.656,1457.975,1552.9,1638.0,1721.0,1817.0,1897.0,1981.0249999999999,0.0,1606.545,1533.0,1557.9,1581.0,1605.0,1632.25,1656.0,1678.0,0.0,1721.833,1651.0,1672.0,1697.75,1722.0,1747.0,1768.0,1794.0,0.0
fit,2023-09-04,15,57,9705,127.919,63.0,78.0,99.0,123.0,153.0,183.0,221.02499999999986,0.0,69.3455,54.0,59.0,63.0,69.0,75.0,80.0,87.0,0.0,127.8615,107.0,114.0,120.0,128.0,135.0,141.0,151.0,0.0
fit,2023-09-04,16,73,9705,53.933,14.0,24.0,35.0,50.0,68.0,89.0,118.02499999999986,0.0,84.7485,67.0,73.0,79.0,85.0,91.0,97.0,103.0,0.0,53.7735,40.0,45.0,49.0,54.0,58.0,63.0,67.0,0.0
fit,2023-09-04,17,778,9705,611.9305,457.0,504.9,556.0,607.0,668.0,720.1000000000001,787.0499999999997,0.0,647.019,600.975,617.0,630.0,647.0,662.0,678.0,694.0,0.0,612.2175,565.0,581.0,597.0,612.0,628.0,642.0,657.0,0.0
fit,2023-09-04,18,110,9705,86.629,33.975,48.0,63.0,82.0,106.0,132.0,160.0,0.0,98.1925,79.0,86.0,92.0,98.0,105.0,111.0,118.0,0.0,86.8065,68.0,75.0,80.0,87.0,93.0,99.0,106.0,0.0
fit,2023-09-04,19,455,9705,478.183,343.975,387.0,423.75,474.0,528.0,577.1000000000001,631.0,0.0,575.4065,531.0,546.0,560.0,575.0,591.0,605.0,622.0,0.0,481.3175,440.0,454.0,466.0,481.0,496.0,509.0,524.0,0.0
fit,2023-09-04,20,11,9705,12.96,0.0,1.0,4.0,9.0,18.0,29.0,48.0,0.0,30.795,20.0,24.0,27.0,31.0,35.0,38.0,42.0,0.0,12.618,6.0,8.0,10.0,12.0,15.0,17.0,20.0,0.0
fit,2023-09-04,21,89,9705,101.6945,42.0,58.0,75.0,99.0,125.0,150.0,179.0,0.0,37.3405,25.0,30.0,33.0,37.0,41.0,45.0,50.0,0.0,102.105,82.0,89.0,95.0,102.0,109.0,115.0,123.0,0.0
fit,2023-09-04,22,112,9705,102.455,44.0,59.0,77.0,97.0,125.0,152.0,185.0,0.0,116.8915,96.0,103.0,110.0,117.0,124.0,131.0,138.0,0.0,101.8215,83.0,89.0,95.0,102.0,108.0,115.0,122.0,0.0
fit,2023-09-04,23,18,9705,38.023,7.0,13.0,22.0,34.0,50.0,67.0,91.0,0.0,58.3905,44.0,49.0,53.0,58.0,63.0,68.0,74.0,0.0,37.061,25.975,29.0,33.0,37.0,41.0,45.0,50.0,0.0
fit,2023-09-04,24,102,9705,122.561,59.0,76.0,94.0,117.0,145.0,175.0,212.0,0.0,88.0,70.975,76.0,82.0,88.0,94.0,100.0,107.0,0.0,121.46,101.0,108.0,115.0,121.0,129.0,135.0,141.0,0.0
fit,2023-09-04,25,141,9705,147.824,75.0,95.0,118.0,143.0,174.0,204.0,250.02499999999986,0.0,129.4235,108.975,115.0,121.0,129.0,137.0,144.0,152.0,0.0,148.123,125.0,133.0,140.0,148.0,156.0,164.0,171.0,0.0
fit,2023-09-04,26,28,9705,54.8915,17.0,26.0,36.0,52.0,70.0,89.0,114.0,0.0,102.2875,83.0,90.0,96.0,102.0,109.0,115.0,122.0,0.0,54.456,40.0,45.0,49.0,54.0,59.0,64.0,70.0,0.0
fit,2023-09-04,27,58,9705,60.4855,18.0,29.0,40.0,57.0,77.0,99.0,123.0,0.0,72.9205,56.0,62.0,67.0,73.0,79.0,84.0,89.0,0.0,59.753,45.0,50.0,54.0,59.0,65.0,70.0,75.0,0.0
fit,2023-09-04,28,5,9705,29.4905,4.0,9.0,15.0,25.0,40.0,56.0,78.0,0.0,63.2355,47.0,53.0,57.75,63.0,69.0,74.0,80.0,0.0,29.782,20.0,23.0,26.0,29.0,33.0,37.0,41.0,0.0
fit,2023-09-04,29,90,9705,90.4575,38.0,52.0,66.0,86.0,111.0,134.0,164.0,0.0,82.8735,65.0,71.0,77.0,83.0,89.0,95.0,101.0,0.0,90.9065,73.0,79.0,85.0,91.0,97.0,103.0,110.0,0.0
fit,2023-09-04,30,123,9705,155.5745,81.0,102.0,124.0,152.0,182.0,214.10000000000014,256.0,0.0,196.32,168.975,179.0,187.0,196.0,206.0,214.0,224.0,0.0,155.6285,131.0,140.0,147.0,156.0,164.0,171.0,180.0,0.0
fit,2023-09-04,31,1,9705,11.6265,0.0,1.0,3.0,8.0,16.0,27.0,42.0,0.0,72.591,56.0,62.0,67.0,72.0,78.0,84.0,89.0,0.0,12.0095,6.0,8.0,10.0,12.0,14.0,16.0,19.0,0.0
fit,2023-09-04,32,59,9705,48.855,12.0,21.0,30.0,44.0,62.0,83.0,115.02499999999986,0.0,82.457,65.0,71.0,76.0,82.0,88.0,94.0,101.0,0.0,48.4745,35.0,40.0,44.0,48.0,53.0,57.0,63.024999999999864,0.0
fit,2023-09-04,33,37,9705,74.1265,26.0,37.0,53.0,70.0,91.0,115.0,145.0,0.0,64.6275,49.0,54.0,59.0,65.0,70.0,75.0,81.0,0.0,74.0855,57.0,63.0,68.0,74.0,80.0,85.0,91.0,0.0
fit,2023-09-04,34,25,9705,87.7055,33.0,47.900000000000006,64.0,84.0,108.0,133.0,165.02499999999986,0.0,59.4855,45.0,50.0,54.0,59.0,65.0,70.0,75.0,0.0,86.801,69.0,75.0,80.0,87.0,93.0,98.0,107.0,0.0
fit,2023-09-04,35,40,9705,34.9845,6.0,12.0,19.0,31.0,46.0,63.0,90.02499999999986,0.0,26.1275,16.975,20.0,23.0,26.0,30.0,33.0,36.0,0.0,34.9275,24.0,27.900000000000006,31.0,35.0,39.0,43.0,47.0,0.0
fit,2023-09-04,36,531,9705,391.242,270.0,304.0,342.0,389.0,435.0,479.0,539.0,0.0,486.9485,445.0,459.0,473.0,487.0,502.0,515.0,530.0,0.0,389.329,353.975,365.0,376.0,389.0,402.0,413.0,426.0,0.0
fit,2023-09-04,37,18,9705,12.766,0.0,1.0,4.0,9.0,18.0,30.0,46.0,0.0,57.106,43.0,47.0,52.0,57.0,62.0,67.0,72.0,0.0,12.9145,6.0,9.0,11.0,13.0,15.0,18.0,20.0,0.0
fit,2023-09-04,38,20,9705,55.8645,15.0,25.900000000000006,36.0,52.0,72.0,90.0,116.02499999999986,0.0,57.291,42.0,47.0,52.0,57.0,62.0,67.0,72.02499999999986,0.0,55.692,42.0,46.0,50.0,55.0,61.0,66.0,71.0,0.0
fit,2023-09-04,39,78,9705,110.1345,49.0,67.0,83.0,106.0,132.0,160.10000000000014,197.02499999999986,0.0,76.989,61.0,66.0,71.0,77.0,83.0,88.0,95.0,0.0,111.213,91.0,98.0,104.0,111.0,118.0,125.0,132.0,0.0
fit,2023-09-11,0,14,10125,15.4075,0.0,2.0,5.0,11.0,21.0,34.0,52.024999999999864,0.0,18.5175,11.0,13.0,16.0,18.0,21.0,24.0,28.0,0.0,15.56,8.0,11.0,13.0,16.0,18.0,21.0,24.0,0.0
fit,2023-09-11,1,36,10125,36.0555,7.0,12.0,20.0,32.0,47.0,65.0,90.02499999999986,0.0,56.9675,43.0,48.0,52.0,57.0,62.0,66.0,71.02499999999986,0.0,35.9785,25.0,29.0,32.0,36.0,40.0,44.0,48.0,0.0
fit,2023-09-11,2,73,10125,99.883,41.0,56.900000000000006,74.75,96.0,121.0,148.0,180.0,0.0,80.5315,63.0,69.0,74.0,80.0,87.0,92.0,99.0,0.0,99.5765,80.0,87.0,92.0,99.0,106.0,113.0,120.0,0.0
fit,2023-09-11,3,304,10125,363.5115,238.0,276.0,312.0,362.0,408.0,454.0,508.02499999999986,0.0,336.8965,301.0,314.0,324.0,336.0,349.25,360.0,373.0,0.0,362.9525,327.0,339.0,350.0,363.0,375.0,388.0,398.0,0.0
fit,2023-09-11,4,149,10125,161.4235,84.0,105.0,128.0,158.0,187.0,222.10000000000014,263.0499999999997,0.0,126.3525,103.0,112.0,119.0,126.0,134.0,141.0,149.02499999999986,0.0,161.0105,136.0,145.0,153.0,161.0,169.0,177.0,187.0,0.0
fit,2023-09-11,5,117,10125,94.249,35.0,52.0,69.0,90.0,116.0,142.0,175.0,0.0,89.755,71.0,77.0,83.0,90.0,96.0,102.0,109.0,0.0,95.002,76.0,82.0,89.0,95.0,101.0,107.0,115.0,0.0
fit,2023-09-11,6,223,10125,200.489,113.0,137.0,163.0,195.0,232.0,268.0,315.0,0.0,130.089,109.0,116.0,123.0,130.0,137.0,144.10000000000014,151.02499999999986,0.0,201.0405,174.0,183.0,191.0,201.0,210.0,219.0,229.0,0.0
fit,2023-09-11,7,138,10125,81.1905,30.0,44.0,59.0,77.0,99.0,123.0,153.0,0.0,109.7285,88.0,96.0,103.0,110.0,117.0,124.0,132.0,0.0,81.5615,65.0,70.0,75.0,82.0,87.0,93.0,99.0,0.0
fit,2023-09-11,8,1267,10125,1206.6065,989.0,1059.0,1125.0,1202.0,1285.0,1360.0,1445.0749999999996,0.0,1136.147,1071.0,1096.0,1113.0,1136.0,1158.0,1178.0,1201.0,0.0,1208.145,1145.975,1165.0,1186.0,1209.0,1230.0,1250.0,1270.0,0.0
fit,2023-09-11,9,9,10125,22.129,2.0,5.0,10.0,18.0,30.0,45.0,64.0,0.0,25.4845,16.0,19.0,22.0,25.0,29.0,32.0,36.0,0.0,23.2795,14.0,17.0,20.0,23.0,26.0,30.0,34.0,0.0
fit,2023-09-11,10,65,10125,76.1065,26.975,39.0,53.0,72.0,95.0,118.0,148.02499999999986,0.0,87.1755,70.0,75.0,81.0,87.0,93.0,99.0,106.0,0.0,76.394,60.0,65.0,70.0,76.0,82.0,88.0,93.02499999999986,0.0
fit,2023-09-11,11,1037,10125,952.058,750.975,818.0,882.0,948.0,1027.0,1086.1000000000001,1158.0,0.0,922.2585,864.975,884.0,902.0,922.0,942.0,960.0,982.0249999999999,0.0,955.839,898.0,916.0,936.0,956.5,976.25,993.0,1011.0249999999999,0.0
fit,2023-09-11,12,812,10125,792.5865,607.975,672.9,726.75,785.5,857.25,922.0,986.0249999999999,0.0,818.2365,764.0,784.0,799.0,818.0,836.0,853.0,875.0,0.0,792.8775,738.975,758.0,775.0,793.0,810.0,827.0,845.0,0.0
fit,2023-09-11,13,1025,10125,992.199,788.975,855.0,917.0,987.0,1065.0,1136.2000000000003,1213.0749999999996,0.0,925.0345,869.0,887.0,905.0,926.0,944.0,962.0,981.0,0.0,994.13,937.975,955.9,975.0,993.0,1014.0,1033.0,1056.0,0.0
fit,2023-09-11,14,1598,10125,1817.3015,1543.95,1641.0,1721.0,1812.0,1910.0,2003.1000000000001,2111.0499999999997,0.0,1677.535,1606.0,1631.0,1651.75,1677.0,1703.0,1727.0,1750.0,0.0,1809.2995,1734.0,1760.0,1783.75,1809.0,1835.0,1860.0,1887.0,0.0
fit,2023-09-11,15,96,10125,127.573,59.975,78.0,98.0,123.5,154.0,181.0,215.0,0.0,71.7605,55.0,61.0,66.0,71.0,77.0,84.0,90.0,0.0,126.918,106.0,113.0,120.0,127.0,134.0,141.0,150.0,0.0
fit,2023-09-11,16,59,10125,56.551,16.0,26.0,37.0,53.0,71.0,92.0,116.0,0.0,88.055,70.0,76.0,82.0,88.0,95.0,100.0,106.0,0.0,57.027,43.0,48.0,52.0,57.0,62.0,67.0,72.0,0.0
fit,2023-09-11,17,706,10125,655.6755,491.95,542.0,592.0,649.0,714.0,779.0,853.0499999999997,0.0,675.363,625.0,642.0,658.0,676.0,692.0,708.0,727.0249999999999,0.0,656.0475,608.0,625.0,640.0,656.0,672.0,687.0,704.0499999999997,0.0
fit,2023-09-11,18,116,10125,100.45,41.0,57.0,76.0,97.0,122.0,148.0,179.0,0.0,102.439,83.0,90.0,95.0,102.0,109.0,116.0,123.0,0.0,100.671,81.975,88.0,94.0,101.0,108.0,113.0,120.0,0.0
fit,2023-09-11,19,508,10125,504.356,355.0,401.0,446.0,502.0,557.0,611.0,675.0749999999996,0.0,600.003,552.0,569.0,583.0,600.0,616.0,631.0,649.0,0.0,500.0115,458.0,473.0,485.0,500.0,515.0,528.0,541.0,0.0
fit,2023-09-11,20,16,10125,12.76,0.0,1.0,3.0,9.0,18.0,30.0,46.0,0.0,31.8985,21.0,25.0,28.0,32.0,36.0,40.0,44.0,0.0,13.1345,6.0,9.0,11.0,13.0,15.0,18.0,21.0,0.0
fit,2023-09-11,21,72,10125,104.5585,44.0,61.0,79.0,100.0,126.0,153.0,188.02499999999986,0.0,39.0075,27.0,31.0,35.0,39.0,43.0,47.0,52.0,0.0,102.962,84.0,90.0,96.0,103.0,109.0,116.0,123.0,0.0
fit,2023-09-11,22,113,10125,107.8805,46.0,64.0,81.0,104.0,130.0,158.0,190.0,0.0,122.2285,102.0,109.0,115.0,122.0,129.0,137.0,144.0,0.0,108.3785,89.0,95.0,101.0,108.0,115.0,121.0,128.0,0.0
fit,2023-09-11,23,20,10125,26.34,2.0,7.0,12.0,23.0,36.0,50.0,74.02499999999986,0.0,60.515,46.0,51.0,55.0,60.0,66.0,71.0,76.0,0.0,26.849,17.0,20.0,23.0,27.0,30.0,34.0,37.0,0.0
fit,2023-09-11,24,164,10125,126.736,55.0,77.0,97.0,123.0,152.25,180.10000000000014,221.02499999999986,0.0,92.0095,74.0,80.0,85.0,92.0,99.0,104.0,111.02499999999986,0.0,127.194,107.0,114.0,120.0,127.0,134.0,142.0,149.0,0.0
fit,2023-09-11,25,204,10125,158.8805,87.0,105.9,127.0,155.0,186.0,219.0,255.0,0.0,134.8855,113.0,120.0,127.0,135.0,143.0,150.0,158.0,0.0,158.0135,133.0,142.0,150.0,158.0,166.0,174.0,183.0,0.0
fit,2023-09-11,26,69,10125,53.4655,13.0,23.0,34.0,50.0,69.0,90.0,113.0,0.0,106.721,87.0,94.0,100.0,106.0,113.0,120.0,127.02499999999986,0.0,52.823,40.0,44.0,48.0,53.0,58.0,62.0,67.0,0.0
fit,2023-09-11,27,39,10125,67.4175,21.0,32.0,45.0,64.0,85.0,106.0,137.0,0.0,76.2935,60.0,66.0,70.0,76.0,82.0,88.0,93.02499999999986,0.0,67.313,52.0,57.0,62.0,67.0,72.25,77.0,84.0,0.0
fit,2023-09-11,28,12,10125,27.397,4.0,8.0,13.0,23.0,37.0,53.0,77.0,0.0,66.109,51.975,56.0,61.0,66.0,71.0,77.0,82.0,0.0,27.071,18.0,20.0,23.0,27.0,30.0,34.0,37.0,0.0
fit,2023-09-11,29,103,10125,99.7675,42.975,58.0,75.0,95.0,120.0,148.0,179.02499999999986,0.0,86.3465,69.0,75.0,80.0,86.0,92.0,98.0,105.0,0.0,99.4745,80.0,86.0,93.0,99.0,106.0,113.0,120.0,0.0
fit,2023-09-11,30,170,10125,145.521,72.975,94.0,114.0,142.0,173.0,202.10000000000014,238.0,0.0,204.511,177.0,186.0,195.0,204.0,214.0,223.0,232.0,0.0,146.2295,123.0,131.0,138.0,146.0,154.0,162.0,170.0,0.0
fit,2023-09-11,31,5,10125,9.2245,0.0,0.0,1.0,5.0,13.0,25.0,40.0,0.0,76.318,60.0,65.0,70.0,76.0,82.0,88.0,94.0,0.0,9.274,4.0,5.0,7.0,9.0,11.0,13.0,16.0,0.0
fit,2023-09-11,32,97,10125,57.0585,16.975,26.0,37.0,53.0,74.0,93.0,119.0,0.0,86.24,68.0,74.0,80.0,86.0,92.0,98.0,106.0,0.0,56.826,43.0,47.900000000000006,52.0,57.0,62.0,66.0,72.0,0.0
fit,2023-09-11,33,28,10125,73.5425,24.0,37.0,51.0,69.0,92.0,115.0,148.0,0.0,66.739,52.0,56.0,61.0,67.0,72.0,77.0,84.0,0.0,74.805,58.975,64.0,69.0,75.0,81.0,86.0,92.0,0.0
fit,2023-09-11,34,89,10125,79.1635,30.0,42.0,56.0,75.0,97.0,123.0,153.02499999999986,0.0,61.9615,47.0,52.0,57.0,62.0,67.0,72.10000000000014,78.0,0.0,78.7575,62.0,68.0,73.0,79.0,84.0,90.0,97.0,0.0
fit,2023-09-11,35,28,10125,37.608,7.0,13.0,21.0,33.0,50.0,68.0,91.0,0.0,27.1835,18.0,21.0,24.0,27.0,31.0,34.0,38.0,0.0,37.7125,26.0,30.0,34.0,38.0,42.0,45.0,50.0,0.0
fit,2023-09-11,36,406,10125,417.4915,286.0,332.0,369.0,414.0,462.0,509.0,570.0249999999999,0.0,508.1975,464.0,481.0,494.0,508.0,523.0,535.0,551.0249999999999,0.0,419.9975,379.0,395.0,407.0,419.0,434.0,446.0,460.0,0.0
fit,2023-09-11,37,13,10125,15.7805,0.0,2.0,6.0,12.0,22.0,34.0,53.0,0.0,59.503,45.0,49.0,54.0,59.0,65.0,69.0,75.0,0.0,16.127,9.0,11.0,13.0,16.0,19.0,21.0,25.0,0.0
fit,2023-09-11,38,65,10125,50.981,14.0,22.0,33.0,47.0,64.0,85.0,111.0,0.0,59.648,45.0,49.0,54.0,59.0,65.0,70.0,75.02499999999986,0.0,51.3585,37.0,42.0,46.0,51.0,56.0,61.0,67.0,0.0
fit,2023-09-11,39,60,10125,97.624,41.0,55.0,72.0,94.0,118.0,146.0,181.0,0.0,80.354,63.0,69.0,74.0,80.0,86.0,92.0,98.0,0.0,97.378,79.0,85.0,91.0,97.0,104.0,110.0,116.0,0.0
fit,2023-09-18,0,30,10221,16.463,0.0,2.0,6.0,12.0,23.0,36.0,55.0,0.0,18.5225,10.0,13.0,15.75,18.0,21.0,24.0,28.0,0.0,16.8375,9.0,12.0,14.0,17.0,20.0,22.0,25.0,0.0
fit,2023-09-18,1,48,10221,37.8175,7.0,14.0,21.0,34.0,50.0,67.0,88.0,0.0,57.741,43.975,48.0,53.0,58.0,63.0,67.0,73.0,0.0,38.332,27.0,31.0,34.0,38.0,42.0,46.0,51.0,0.0
fit,2023-09-18,2,119,10221,89.867,33.0,49.900000000000006,65.0,86.0,111.0,133.0,166.0,0.0,81.535,65.0,70.0,75.0,81.0,87.0,93.0,99.0,0.0,89.7155,72.0,78.0,83.0,90.0,96.0,102.0,108.0,0.0
fit,2023-09-18,3,397,10221,348.46,231.0,267.0,302.0,344.0,389.25,435.10000000000014,490.02499999999986,0.0,339.6125,306.0,316.0,327.0,339.0,352.0,363.0,376.02499999999986,0.0,349.3145,313.0,326.0,337.0,350.0,361.0,372.0,385.0,0.0
fit,2023-09-18,4,209,10221,153.5025,79.0,99.0,122.0,150.0,181.0,212.0,247.02499999999986,0.0,127.235,105.0,113.0,119.0,127.0,135.0,142.0,150.0,0.0,153.0125,129.0,137.9,144.0,153.0,161.0,170.0,178.0,0.0
fit,2023-09-18,5,103,10221,99.0605,39.0,57.0,74.0,96.0,120.0,147.0,180.0,0.0,90.872,72.975,78.0,84.0,91.0,97.0,103.0,110.0,0.0,97.723,79.0,85.0,91.0,97.0,104.0,111.0,117.0,0.0
fit,2023-09-18,6,185,10221,214.7035,121.975,149.0,178.0,211.0,248.0,286.0,329.0499999999997,0.0,131.749,110.0,117.0,124.0,131.0,140.0,146.0,155.0,0.0,215.1905,187.0,197.0,205.0,214.5,225.0,234.0,245.0,0.0
fit,2023-09-18,7,121,10221,104.876,43.0,60.900000000000006,78.0,101.0,128.0,154.0,185.02499999999986,0.0,110.369,90.0,97.0,103.0,110.0,118.0,124.0,131.0,0.0,104.615,85.0,91.9,98.0,104.0,112.0,118.0,124.0,0.0
fit,2023-09-18,8,1264,10221,1231.4335,1012.975,1084.0,1150.0,1229.0,1310.0,1383.0,1471.0499999999997,0.0,1147.676,1087.0,1107.0,1126.0,1148.0,1168.0,1187.0,1209.0249999999999,0.0,1235.0085,1169.0,1193.0,1213.0,1235.0,1257.0,1277.0,1301.0,0.0
fit,2023-09-18,9,19,10221,19.3005,1.0,4.0,8.0,15.0,27.0,40.0,61.024999999999864,0.0,25.4545,16.0,19.0,22.0,25.0,29.0,32.0,36.0,0.0,18.7575,11.0,13.0,16.0,19.0,22.0,24.100000000000136,28.0,0.0
fit,2023-09-18,10,112,10221,67.1755,22.0,33.0,46.0,62.0,83.0,107.0,139.0,0.0,87.5995,69.975,76.0,81.0,87.0,94.0,99.0,107.0,0.0,66.912,52.0,57.0,61.0,67.0,72.0,77.0,83.0,0.0
fit,2023-09-18,11,982,10221,1015.785,806.95,874.0,941.0,1015.0,1088.0,1156.0,1240.0249999999999,0.0,930.8045,876.0,894.0,911.0,930.0,950.25,969.0,988.0249999999999,0.0,1015.156,958.0,977.0,995.0,1015.0,1036.0,1055.0,1075.0,0.0
fit,2023-09-18,12,773,10221,806.607,621.0,676.0,736.0,802.0,876.0,940.0,1010.0499999999997,0.0,828.3825,774.0,794.0,810.0,828.0,846.0,863.1000000000001,882.0,0.0,808.4825,754.0,773.0,789.0,809.0,827.0,845.0,867.0,0.0
fit,2023-09-18,13,1064,10221,1024.5335,823.925,884.9,945.0,1020.0,1097.25,1168.0,1252.0249999999999,0.0,931.829,874.975,895.0,911.0,932.0,951.0,969.0,990.0,0.0,1025.424,967.0,986.0,1005.0,1025.0,1045.0,1063.0,1088.0,0.0
fit,2023-09-18,14,1603,10221,1731.6105,1475.975,1560.9,1638.0,1725.0,1823.0,1908.0,2006.0249999999999,0.0,1692.631,1621.0,1647.0,1667.0,1693.0,1717.0,1740.0,1768.0,0.0,1729.3425,1656.0,1678.0,1704.0,1729.5,1756.0,1779.0,1803.0,0.0
fit,2023-09-18,15,125,10221,107.846,47.0,63.0,81.0,104.0,129.0,158.0,190.02499999999986,0.0,72.6535,56.0,62.0,67.0,72.0,79.0,83.0,90.0,0.0,108.4435,89.0,96.0,101.0,108.0,116.0,121.0,128.0,0.0
fit,2023-09-18,16,38,10221,60.1245,17.975,28.0,40.0,57.0,75.0,98.0,125.0,0.0,89.1995,71.0,77.0,82.0,89.0,95.0,101.0,109.0,0.0,60.2195,46.0,51.0,55.0,60.0,65.0,70.0,76.02499999999986,0.0
fit,2023-09-18,17,647,10221,668.8485,499.975,554.0,606.0,668.0,726.0,789.1000000000001,849.0,0.0,681.096,631.975,650.0,664.0,680.0,698.0,714.0,732.0,0.0,667.566,618.975,636.0,650.0,667.0,685.0,701.0,717.0249999999999,0.0
fit,2023-09-18,18,121,10221,109.188,46.0,64.0,82.0,105.0,131.0,161.0,199.0,0.0,103.0215,84.0,90.0,96.0,103.0,110.0,117.0,124.0,0.0,108.138,88.0,95.0,101.0,108.0,115.0,122.0,128.02499999999986,0.0
fit,2023-09-18,19,519,10221,523.8745,379.0,426.0,468.0,518.0,577.0,633.0,694.0499999999997,0.0,605.1595,559.975,574.0,589.0,605.0,621.0,636.0,653.0,0.0,522.381,478.0,494.0,508.0,522.0,537.25,551.0,567.0,0.0
fit,2023-09-18,20,17,10221,14.1035,0.0,1.0,4.0,10.0,20.0,33.0,53.0,0.0,32.349,22.0,25.0,28.0,32.0,36.0,40.0,44.0,0.0,13.703,7.0,9.0,11.0,14.0,16.0,18.0,21.0,0.0
fit,2023-09-18,21,116,10221,100.043,42.0,57.0,74.0,96.0,121.0,148.0,180.0,0.0,39.4725,28.0,32.0,35.0,39.0,44.0,48.0,52.0,0.0,99.8735,82.0,87.0,93.0,100.0,106.0,113.0,120.0,0.0
fit,2023-09-18,22,142,10221,117.0085,52.0,70.0,89.0,113.0,140.0,169.0,204.0,0.0,123.2465,102.0,109.0,116.0,123.0,131.0,137.0,145.0,0.0,118.1855,97.0,105.0,111.0,118.0,125.0,132.0,140.0,0.0
fit,2023-09-18,23,27,10221,14.9215,0.0,2.0,5.0,11.0,21.0,33.0,52.0,0.0,60.94,46.0,51.0,56.0,61.0,66.0,71.0,76.0,0.0,15.2805,8.0,10.0,13.0,15.0,18.0,20.0,23.0,0.0
fit,2023-09-18,24,128,10221,146.495,70.0,94.0,116.0,143.0,174.0,203.0,243.0,0.0,93.1255,74.0,81.0,86.75,93.0,100.0,106.0,112.0,0.0,145.624,122.0,130.0,137.0,145.0,154.0,161.0,170.0,0.0
fit,2023-09-18,25,174,10221,178.7595,97.0,119.0,143.0,174.0,208.0,245.0,295.0,0.0,136.0985,115.0,122.0,128.0,136.0,144.0,151.0,161.0,0.0,178.395,153.0,162.0,169.0,178.0,187.0,195.0,205.0,0.0
fit,2023-09-18,26,89,10221,57.368,16.0,26.0,37.0,53.0,73.0,95.0,120.0,0.0,107.9655,87.0,94.0,101.0,108.0,115.0,121.0,128.02499999999986,0.0,58.183,44.0,48.0,53.0,58.0,63.0,68.0,74.0,0.0
fit,2023-09-18,27,83,10221,65.898,20.0,32.0,45.0,61.5,83.0,106.0,135.0,0.0,77.088,61.0,66.0,71.0,77.0,83.0,89.0,95.0,0.0,65.4805,50.0,55.0,60.0,65.0,71.0,76.0,82.0,0.0
fit,2023-09-18,28,21,10221,21.751,2.0,4.0,9.0,18.0,30.0,45.0,64.0,0.0,66.611,51.0,56.0,61.0,66.0,72.0,77.0,83.0,0.0,22.016,13.0,16.0,19.0,22.0,25.0,28.0,32.0,0.0
fit,2023-09-18,29,47,10221,103.6975,44.0,60.0,76.0,100.0,126.0,153.0,183.0,0.0,87.71,71.0,76.0,81.0,87.0,94.0,99.10000000000014,106.0,0.0,103.409,84.0,91.0,97.0,103.0,110.0,116.0,124.0,0.0
fit,2023-09-18,30,118,10221,153.0645,78.975,98.9,120.0,148.0,181.25,213.0,249.0,0.0,206.723,179.0,189.0,197.0,206.0,216.0,224.0,235.0,0.0,153.067,129.0,137.0,144.0,153.0,162.0,169.0,178.0,0.0
fit,2023-09-18,31,39,10221,7.9665,0.0,0.0,1.0,4.0,11.0,21.0,37.024999999999864,0.0,76.8535,61.0,66.0,71.0,76.0,83.0,89.0,95.0,0.0,7.7005,3.0,4.0,6.0,7.0,10.0,11.0,13.0,0.0
fit,2023-09-18,32,36,10221,71.816,24.0,36.0,49.0,68.0,91.0,112.0,142.0,0.0,86.65,70.0,75.0,80.0,86.0,93.0,98.0,105.0,0.0,71.91,56.0,61.0,66.0,72.0,78.0,83.0,89.0,0.0
fit,2023-09-18,33,67,10221,42.114,8.0,15.0,24.0,38.0,55.0,74.0,101.0,0.0,67.693,52.0,57.900000000000006,62.0,67.0,73.0,78.0,84.0,0.0,41.9785,30.0,34.0,38.0,42.0,46.0,50.0,55.0,0.0
fit,2023-09-18,34,61,10221,77.2985,28.0,41.0,56.0,74.0,96.0,118.0,147.02499999999986,0.0,62.433,47.0,52.0,57.0,62.0,68.0,73.0,79.0,0.0,76.1785,60.0,65.0,70.0,76.0,82.0,87.0,93.02499999999986,0.0
fit,2023-09-18,35,56,10221,37.574,7.0,13.0,21.0,34.0,50.0,67.0,91.02499999999986,0.0,27.734,18.0,21.0,24.0,28.0,31.0,35.0,38.024999999999864,0.0,37.3305,26.0,29.900000000000006,33.0,37.0,41.0,46.0,50.0,0.0
fit,2023-09-18,36,386,10221,421.573,288.975,333.0,370.0,418.0,469.0,515.1000000000001,572.0499999999997,0.0,513.653,471.975,486.0,499.0,513.0,528.0,542.0,560.0,0.0,421.7815,385.0,397.0,408.75,421.0,435.0,447.10000000000014,462.0,0.0
fit,2023-09-18,37,8,10221,15.69,0.0,2.0,5.0,12.0,23.0,35.0,51.024999999999864,0.0,60.0105,46.0,50.0,55.0,60.0,65.0,70.0,75.0,0.0,15.8765,9.0,11.0,13.0,16.0,18.0,21.0,24.0,0.0
fit,2023-09-18,38,50,10221,51.5235,12.0,22.0,32.0,47.0,66.0,86.0,116.0,0.0,60.303,45.0,50.0,55.0,60.0,65.0,70.0,76.0,0.0,52.0305,38.0,43.0,47.0,52.0,57.0,61.0,66.02499999999986,0.0
fit,2023-09-18,39,77,10221,91.2575,37.975,52.0,66.0,88.0,112.0,136.10000000000014,167.0,0.0,81.1975,64.0,69.0,75.0,81.0,87.0,93.0,100.0,0.0,92.425,74.0,80.0,86.0,92.0,99.0,105.0,112.0,0.0
fit,2023-09-25,0,17,9966,18.964,1.0,3.0,7.0,15.0,26.0,41.0,61.0,0.0,18.262,10.0,13.0,15.0,18.0,21.0,24.0,27.0,0.0,18.66,10.0,13.0,16.0,19.0,21.0,24.0,28.0,0.0
fit,2023-09-25,1,43,9966,37.7485,7.0,13.0,21.0,33.0,50.0,67.0,91.0,0.0,55.8205,42.0,46.0,51.0,56.0,61.0,66.0,71.0,0.0,37.9975,27.0,30.0,34.0,38.0,42.0,46.0,50.0,0.0
fit,2023-09-25,2,97,9966,88.0945,33.0,48.0,63.0,84.5,109.0,132.0,160.0,0.0,79.38,63.0,68.0,73.0,79.0,85.0,91.0,97.0,0.0,88.6485,71.0,77.0,82.0,88.0,95.0,101.0,107.0,0.0
fit,2023-09-25,3,283,9966,344.3325,228.0,263.0,298.0,340.0,387.0,428.10000000000014,490.02499999999986,0.0,331.2055,298.0,309.0,319.0,332.0,342.0,354.0,366.0,0.0,344.464,310.0,321.0,332.0,344.0,356.0,368.0,382.0,0.0
fit,2023-09-25,4,167,9966,156.5015,80.0,101.0,125.0,152.0,183.0,221.0,261.02499999999986,0.0,124.115,103.0,110.0,116.0,124.0,131.0,138.0,147.02499999999986,0.0,156.8225,133.0,141.0,148.0,157.0,165.0,173.0,182.0,0.0
fit,2023-09-25,5,101,9966,93.8195,38.0,52.0,68.0,91.0,114.0,140.0,171.0,0.0,88.3845,70.0,76.0,82.0,88.0,95.0,101.0,108.0,0.0,93.9665,75.975,82.0,87.0,94.0,100.0,106.0,113.0,0.0
fit,2023-09-25,6,186,9966,199.4625,110.0,138.0,164.75,197.0,231.0,266.0,305.02499999999986,0.0,128.1215,106.0,114.0,121.0,128.0,135.25,143.0,150.0,0.0,199.98,174.0,183.0,191.0,199.0,209.0,218.0,228.02499999999986,0.0
fit,2023-09-25,7,119,9966,116.2405,54.0,70.0,88.0,111.0,139.0,170.0,207.0,0.0,106.977,88.0,94.0,100.0,107.0,114.0,120.0,129.0,0.0,115.66,95.0,102.0,108.0,115.0,123.0,130.0,139.0,0.0
fit,2023-09-25,8,1145,9966,1230.066,1003.0,1080.9,1149.0,1231.0,1306.0,1383.0,1464.0249999999999,0.0,1118.796,1057.975,1078.0,1097.0,1119.0,1141.0,1160.0,1183.0,0.0,1227.462,1167.0,1185.0,1204.0,1228.0,1250.0,1270.0,1293.0249999999999,0.0
fit,2023-09-25,9,13,9966,15.718,0.0,2.0,6.0,12.0,22.0,33.100000000000136,52.0,0.0,25.2325,16.0,19.0,22.0,25.0,28.0,32.0,35.0,0.0,15.889,8.975000000000001,11.0,13.0,16.0,18.0,21.0,24.0,0.0
fit,2023-09-25,10,94,9966,74.541,26.0,38.0,52.0,71.0,92.25,115.10000000000014,145.0,0.0,85.679,68.975,74.0,79.0,86.0,92.0,98.0,104.0,0.0,74.974,58.0,64.0,69.0,75.0,81.0,86.0,93.0,0.0
fit,2023-09-25,11,1034,9966,966.0235,767.975,829.0,889.0,964.0,1037.0,1103.1000000000001,1192.0,0.0,907.7055,853.0,871.9,888.0,908.0,926.0,944.1000000000001,966.0,0.0,968.258,911.0,930.0,947.0,968.0,989.0,1007.0,1028.0249999999999,0.0
fit,2023-09-25,12,789,9966,779.7805,601.975,662.0,712.0,777.5,842.0,902.0,969.0499999999997,0.0,807.9565,757.0,773.0,789.0,808.0,826.0,843.0,862.0,0.0,781.5725,727.975,748.0,763.0,781.0,800.0,817.0,834.0249999999999,0.0
fit,2023-09-25,13,978,9966,1038.0595,824.0,901.9,960.75,1032.0,1114.0,1187.0,1264.0249999999999,0.0,909.819,855.975,874.0,890.0,910.0,928.0,946.0,966.0,0.0,1041.6395,982.0,1001.0,1021.0,1042.0,1062.0,1080.0,1101.0,0.0
fit,2023-09-25,14,1554,9966,1616.9445,1369.975,1445.9,1526.75,1609.0,1708.0,1789.0,1888.0249999999999,0.0,1649.369,1573.975,1602.0,1624.0,1650.0,1675.0,1697.0,1723.0,0.0,1614.628,1545.975,1567.0,1591.0,1614.0,1639.0,1663.0,1688.0,0.0
fit,2023-09-25,15,94,9966,102.0095,41.0,58.0,75.0,98.0,124.0,153.0,182.0,0.0,71.032,54.0,61.0,65.0,71.0,77.0,82.0,88.0,0.0,100.775,81.0,88.0,94.0,101.0,108.0,114.0,121.02499999999986,0.0
fit,2023-09-25,16,57,9966,52.3235,13.0,23.0,33.0,48.0,68.0,87.10000000000014,114.0,0.0,86.816,69.0,75.0,80.0,87.0,93.0,99.10000000000014,105.0,0.0,54.083,40.975,45.0,49.0,54.0,59.0,63.0,69.0,0.0
fit,2023-09-25,17,668,9966,679.372,514.0,567.9,616.0,677.0,736.0,800.1000000000001,859.0499999999997,0.0,664.2375,616.0,633.0,647.0,664.0,681.0,696.0,713.0,0.0,680.9475,632.0,649.0,664.0,681.0,698.0,712.0,733.0,0.0
fit,2023-09-25,18,125,9966,110.0225,50.0,65.0,83.0,106.0,132.25,158.0,195.0,0.0,101.0105,82.0,88.0,94.0,101.0,108.0,114.0,122.0,0.0,109.95,90.0,97.0,103.0,110.0,117.0,123.0,131.0,0.0
fit,2023-09-25,19,463,9966,501.8225,356.0,400.9,446.0,501.0,553.0,605.1000000000001,674.0,0.0,590.054,546.0,561.0,574.0,589.0,605.0,621.0,636.0,0.0,498.403,455.0,470.0,483.75,497.0,513.0,527.0,543.0,0.0
fit,2023-09-25,20,13,9966,13.9375,0.0,1.0,4.0,10.0,19.0,32.0,50.024999999999864,0.0,31.641,21.0,24.0,28.0,32.0,36.0,39.0,44.0,0.0,13.926,7.0,9.0,11.0,14.0,16.0,19.0,22.0,0.0
fit,2023-09-25,21,90,9966,96.1405,41.0,55.0,72.0,91.0,117.0,144.0,175.0,0.0,38.135,27.0,30.0,34.0,38.0,42.0,46.0,50.0,0.0,95.4915,77.0,83.0,89.0,95.0,102.0,108.0,115.0,0.0
fit,2023-09-25,22,211,9966,114.015,54.0,70.0,86.0,109.0,137.0,166.0,199.0,0.0,120.424,100.0,107.0,113.0,120.0,128.0,135.0,142.0,0.0,113.431,94.0,100.0,106.0,113.0,120.0,127.0,136.0,0.0
fit,2023-09-25,23,25,9966,18.743,1.0,3.0,7.0,15.0,26.0,39.0,59.024999999999864,0.0,59.912,45.0,50.0,55.0,60.0,65.0,69.0,75.0,0.0,18.6385,11.0,13.0,16.0,18.0,21.0,24.0,27.0,0.0
fit,2023-09-25,24,122,9966,137.5385,69.0,87.9,108.0,133.0,162.0,193.0,229.04999999999973,0.0,90.7465,73.0,79.0,84.0,90.5,97.0,103.0,110.0,0.0,137.5305,116.0,123.0,130.0,137.0,145.0,153.0,161.0,0.0
fit,2023-09-25,25,158,9966,173.4835,92.0,115.9,139.0,170.0,203.0,236.10000000000014,277.0,0.0,132.968,111.0,118.0,125.0,133.0,141.0,149.0,157.0,0.0,173.362,149.0,157.0,165.0,173.0,182.0,190.0,199.0,0.0
fit,2023-09-25,26,83,9966,64.361,20.0,31.0,43.0,61.0,82.0,102.0,131.0,0.0,105.158,86.0,92.0,98.0,105.0,112.0,118.0,125.0,0.0,63.7075,49.0,53.0,58.0,63.0,69.0,74.0,80.0,0.0
fit,2023-09-25,27,69,9966,66.2935,21.0,32.0,46.0,62.0,84.0,105.0,131.0,0.0,74.706,59.0,64.0,69.0,74.5,80.0,86.0,92.0,0.0,65.5225,50.0,55.0,60.0,65.0,71.0,76.0,83.0,0.0
fit,2023-09-25,28,16,9966,20.0755,1.0,4.0,8.0,16.0,28.0,42.0,63.0,0.0,64.883,49.0,54.0,59.0,65.0,70.0,75.0,81.0,0.0,20.1845,12.0,14.0,17.0,20.0,23.0,26.0,30.0,0.0
fit,2023-09-25,29,72,9966,86.357,34.0,48.0,62.0,81.0,106.0,131.0,163.02499999999986,0.0,85.2885,69.0,74.0,79.0,85.0,91.0,97.10000000000014,104.0,0.0,87.229,69.0,75.0,81.0,87.0,93.0,99.0,106.0,0.0
fit,2023-09-25,30,139,9966,142.8625,73.0,93.0,114.0,139.5,168.0,197.10000000000014,234.02499999999986,0.0,201.1265,176.0,184.0,192.0,201.0,210.0,218.10000000000014,228.0,0.0,143.4025,121.0,128.0,135.75,143.0,152.0,159.0,165.0,0.0
fit,2023-09-25,31,34,9966,13.2645,0.0,1.0,4.0,9.0,18.0,31.0,48.024999999999864,0.0,74.831,58.0,64.0,69.0,75.0,81.0,86.0,92.0,0.0,12.838,6.0,8.0,10.0,13.0,15.0,18.0,20.0,0.0
fit,2023-09-25,32,39,9966,69.31,21.975,34.0,47.0,66.0,87.0,109.0,143.0,0.0,84.581,68.0,73.0,78.0,84.0,91.0,97.0,103.0,0.0,68.9785,54.0,58.0,63.0,69.0,75.0,80.0,86.0,0.0
fit,2023-09-25,33,64,9966,42.355,8.0,15.0,24.0,38.0,56.0,75.10000000000014,98.02499999999986,0.0,66.0725,50.0,56.0,61.0,66.0,71.0,77.0,83.0,0.0,41.5245,29.0,34.0,37.0,41.0,46.0,50.0,54.0,0.0
fit,2023-09-25,34,75,9966,72.5345,24.0,36.0,50.0,68.0,91.0,113.10000000000014,143.02499999999986,0.0,61.0225,46.975,51.0,56.0,61.0,66.0,71.0,76.0,0.0,72.037,56.0,62.0,66.0,72.0,77.0,83.0,89.0,0.0
fit,2023-09-25,35,75,9966,45.194,10.975000000000001,18.0,28.0,41.0,58.0,79.0,102.04999999999973,0.0,26.996,17.0,21.0,24.0,27.0,30.0,33.100000000000136,37.0,0.0,45.1545,32.0,37.0,41.0,45.0,50.0,54.0,59.0,0.0
fit,2023-09-25,36,495,9966,419.135,281.0,327.0,366.0,414.0,467.0,515.0,581.0249999999999,0.0,500.6435,457.975,472.0,485.0,500.0,516.0,530.0,546.0,0.0,419.178,380.0,394.0,405.0,419.0,433.0,445.0,459.0,0.0
fit,2023-09-25,37,6,9966,11.025,0.0,1.0,2.0,7.0,16.0,27.0,44.024999999999864,0.0,58.575,45.0,49.0,53.0,58.0,64.0,68.0,74.0,0.0,10.7265,5.0,7.0,8.0,11.0,13.0,15.0,18.0,0.0
fit,2023-09-25,38,67,9966,53.696,15.0,24.0,35.0,50.0,68.0,89.0,112.0,0.0,59.123,44.0,49.0,54.0,59.0,64.0,69.0,75.0,0.0,53.932,40.0,45.0,49.0,54.0,59.0,63.0,68.0,0.0
fit,2023-09-25,39,86,9966,83.832,30.0,45.0,60.0,80.0,104.0,129.0,155.02499999999986,0.0,79.1935,61.975,68.0,73.0,79.0,85.0,91.0,98.0,0.0,84.425,68.0,73.0,78.0,84.0,90.0,96.0,102.0,0.0
fit,2023-10-02,0,7,10490,18.4425,1.0,3.0,7.0,14.0,26.0,41.0,57.0,0.0,19.1395,11.0,13.900000000000006,16.0,19.0,22.0,25.0,28.0,0.0,18.3985,11.0,13.0,15.0,18.0,21.0,24.0,27.0,0.0
fit,2023-10-02,1,21,10490,43.2245,9.0,16.0,25.0,39.0,57.0,75.0,99.0,0.0,59.1195,44.0,49.0,54.0,59.0,64.0,69.10000000000014,75.0,0.0,43.534,31.0,35.0,39.0,43.0,48.0,52.0,57.0,0.0
fit,2023-10-02,2,71,10490,97.325,41.0,56.0,72.0,93.5,119.0,144.0,177.02499999999986,0.0,83.3645,65.0,72.0,77.0,83.5,89.0,95.0,100.02499999999986,0.0,98.943,79.0,86.0,92.0,99.0,106.0,112.0,119.0,0.0
fit,2023-10-02,3,272,10490,360.705,236.0,275.0,311.0,354.0,406.0,454.0,507.0749999999996,0.0,348.7925,312.0,324.0,336.0,349.0,361.0,374.0,387.0,0.0,359.0235,325.0,335.0,346.0,358.0,371.0,383.0,398.0,0.0
fit,2023-10-02,4,150,10490,175.874,95.975,115.0,140.0,172.0,205.0,242.0,282.0499999999997,0.0,130.8715,108.0,116.0,123.0,131.0,139.0,146.0,154.0,0.0,175.4885,151.0,159.0,166.0,175.0,184.0,193.0,201.0,0.0
fit,2023-10-02,5,110,10490,109.0965,46.0,63.0,81.0,104.0,130.0,161.10000000000014,198.0,0.0,92.9895,74.0,81.0,87.0,93.0,99.0,105.10000000000014,112.0,0.0,108.654,88.0,95.0,102.0,108.0,116.0,122.0,129.0,0.0
fit,2023-10-02,6,179,10490,205.709,118.0,141.0,168.0,201.0,240.0,277.0,317.02499999999986,0.0,134.983,114.0,121.0,127.0,134.0,143.0,150.0,158.0,0.0,207.639,181.0,189.9,198.0,207.0,217.0,226.0,236.02499999999986,0.0
fit,2023-10-02,7,159,10490,120.6885,54.0,73.0,92.0,116.0,146.0,175.10000000000014,210.02499999999986,0.0,113.239,93.0,100.0,106.0,113.0,120.25,127.10000000000014,135.0,0.0,121.95,101.0,108.0,114.75,122.0,130.0,136.0,143.0,0.0
fit,2023-10-02,8,1275,10490,1281.882,1046.0,1123.0,1195.75,1279.0,1361.0,1444.0,1542.0249999999999,0.0,1177.588,1116.0,1134.0,1155.0,1178.0,1199.0,1220.0,1243.0,0.0,1277.4345,1211.0,1235.0,1254.0,1278.0,1300.0,1319.1000000000001,1345.0,0.0
fit,2023-10-02,9,14,10490,15.3805,0.0,2.0,5.0,11.0,22.0,34.0,54.0,0.0,26.2555,17.0,20.0,23.0,26.0,30.0,33.0,37.0,0.0,15.154,8.0,10.0,13.0,15.0,18.0,20.0,23.0,0.0
fit,2023-10-02,10,146,10490,85.3025,33.0,45.0,60.75,81.0,105.0,130.0,161.0,0.0,90.205,72.0,78.0,84.0,90.0,96.25,103.0,109.0,0.0,85.086,67.0,73.0,79.0,85.0,91.0,97.0,103.0,0.0
fit,2023-10-02,11,1094,10490,1006.07,793.95,868.0,930.0,1002.0,1080.0,1151.1000000000001,1234.0,0.0,955.193,899.0,918.0,935.0,955.0,975.0,992.0,1013.0249999999999,0.0,1009.067,952.0,971.0,989.0,1009.0,1028.25,1046.1000000000001,1068.0,0.0
fit,2023-10-02,12,812,10490,827.965,642.95,703.0,760.75,823.0,891.0,958.0,1043.0,0.0,849.3835,795.0,812.0,830.0,849.0,869.0,887.0,907.0,0.0,830.0935,777.0,795.0,811.75,830.0,849.0,865.1000000000001,885.0,0.0
fit,2023-10-02,13,1175,10490,1083.9095,876.95,939.0,1004.75,1082.5,1160.0,1230.0,1319.0249999999999,0.0,957.5905,903.0,920.0,937.0,957.0,977.0,994.0,1016.0,0.0,1080.912,1021.0,1042.0,1059.0,1081.0,1102.0,1122.0,1142.0,0.0
fit,2023-10-02,14,1638,10490,1687.7965,1421.975,1514.0,1592.0,1683.5,1777.25,1865.1000000000001,1963.0249999999999,0.0,1736.691,1665.0,1688.9,1710.75,1735.0,1763.0,1788.0,1812.0,0.0,1683.863,1610.0,1636.0,1659.0,1683.0,1710.0,1731.1000000000001,1758.0249999999999,0.0
fit,2023-10-02,15,138,10490,99.9535,41.0,56.0,73.0,97.0,122.0,149.0,178.02499999999986,0.0,74.687,58.0,64.0,69.0,74.0,81.0,86.0,93.0,0.0,97.601,79.0,85.0,91.0,97.0,104.0,110.0,117.02499999999986,0.0
fit,2023-10-02,16,74,10490,60.6295,18.0,28.0,40.0,57.0,76.0,98.0,128.02499999999986,0.0,91.012,73.0,79.0,85.0,91.0,97.0,103.0,110.0,0.0,59.8075,45.0,50.0,54.0,59.0,65.0,70.0,77.0,0.0
fit,2023-10-02,17,768,10490,731.343,550.0,609.0,664.0,727.0,795.25,860.0,933.0,0.0,700.034,650.0,666.0,683.0,700.0,717.0,733.1000000000001,752.0,0.0,734.839,685.0,702.0,716.0,734.0,752.0,769.0,790.0,0.0
fit,2023-10-02,18,123,10490,124.5765,56.0,73.0,95.0,121.0,150.0,181.0,219.0,0.0,106.471,87.0,93.0,99.0,106.0,113.0,120.0,128.0,0.0,124.1715,103.975,110.0,117.0,124.0,131.0,138.0,147.0,0.0
fit,2023-10-02,19,588,10490,509.6475,362.925,410.0,452.0,505.0,562.0,613.0,683.0,0.0,622.004,575.0,590.0,606.0,621.5,638.0,653.0,672.0,0.0,509.2795,468.0,481.0,494.0,509.0,523.0,537.0,553.0249999999999,0.0
fit,2023-10-02,20,20,10490,15.236,0.0,2.0,5.0,11.0,21.0,35.0,52.0,0.0,32.984,23.0,26.0,29.0,33.0,37.0,40.0,44.0,0.0,15.192,8.0,10.0,13.0,15.0,18.0,20.0,23.0,0.0
fit,2023-10-02,21,66,10490,93.9005,39.0,52.0,69.0,90.0,114.0,140.0,177.0,0.0,40.533,29.0,32.0,36.0,40.0,45.0,49.0,53.0,0.0,96.572,78.0,84.0,90.0,96.0,103.0,109.0,116.0,0.0
fit,2023-10-02,22,207,10490,149.68,75.0,96.0,117.0,145.0,178.0,210.10000000000014,249.0,0.0,126.356,105.0,112.0,119.0,126.0,134.0,140.0,148.02499999999986,0.0,151.4835,128.0,135.9,143.0,151.0,160.0,168.0,176.0,0.0
fit,2023-10-02,23,24,10490,23.3345,2.0,5.0,10.0,19.0,32.0,46.0,71.02499999999986,0.0,63.07,47.0,52.900000000000006,58.0,63.0,68.0,74.0,79.02499999999986,0.0,24.101,15.0,18.0,21.0,24.0,27.0,31.0,34.0,0.0
fit,2023-10-02,24,54,10490,135.023,63.975,84.0,105.0,131.0,161.0,193.0,231.04999999999973,0.0,95.2425,77.0,82.0,88.75,95.0,102.0,108.0,115.0,0.0,135.8785,115.0,122.0,128.0,135.0,143.0,151.0,159.02499999999986,0.0
fit,2023-10-02,25,140,10490,176.4755,92.0,117.0,142.0,173.5,206.0,243.0,279.0499999999997,0.0,139.742,117.0,124.0,132.0,139.0,148.0,156.0,163.0,0.0,177.781,152.0,161.0,169.0,178.0,187.0,195.0,204.0,0.0
fit,2023-10-02,26,129,10490,70.5925,24.0,35.0,48.0,67.0,88.0,111.0,144.02499999999986,0.0,110.415,89.975,96.0,103.0,110.0,117.0,124.0,133.0,0.0,70.735,54.0,60.0,65.0,71.0,76.0,82.0,88.0,0.0
fit,2023-10-02,27,51,10490,65.547,20.0,31.0,44.0,62.0,83.0,104.0,135.02499999999986,0.0,79.031,62.0,68.0,73.0,79.0,85.0,90.0,96.0,0.0,65.3595,50.0,55.0,60.0,65.0,71.0,76.0,82.0,0.0
fit,2023-10-02,28,14,10490,14.1455,0.0,1.0,4.0,10.0,20.0,32.0,50.024999999999864,0.0,68.4,53.0,58.0,62.75,68.0,74.0,79.0,84.02499999999986,0.0,14.501,7.0,10.0,12.0,14.0,17.0,20.0,23.0,0.0
fit,2023-10-02,29,65,10490,82.455,29.0,43.0,58.0,78.0,103.0,127.0,160.02499999999986,0.0,89.7355,72.0,77.0,83.0,90.0,96.0,102.0,108.0,0.0,81.8,65.0,71.0,76.0,82.0,87.0,93.0,100.0,0.0
fit,2023-10-02,30,124,10490,143.5155,70.0,89.0,112.0,140.0,171.0,201.0,239.02499999999986,0.0,211.6035,184.0,193.0,202.0,212.0,221.0,230.0,242.0,0.0,144.262,122.0,129.0,136.0,144.0,152.0,160.0,169.0,0.0
fit,2023-10-02,31,49,10490,20.804,1.0,4.0,9.0,17.0,28.25,44.0,63.0,0.0,78.7815,61.0,67.0,72.0,79.0,85.0,90.0,97.0,0.0,20.904,12.0,15.0,18.0,21.0,24.0,27.0,30.0,0.0
fit,2023-10-02,32,20,10490,61.0555,18.0,28.0,41.0,57.0,77.0,99.0,127.0,0.0,89.2605,70.0,76.0,83.0,89.0,96.0,102.0,108.0,0.0,60.5125,45.0,51.0,55.0,60.0,66.0,71.0,76.0,0.0
fit,2023-10-02,33,72,10490,52.7085,12.975000000000001,22.0,33.0,49.0,68.0,88.0,114.0,0.0,69.486,53.0,59.0,64.0,69.0,75.0,80.0,86.0,0.0,51.6925,38.0,43.0,47.0,52.0,56.0,61.0,66.0,0.0
fit,2023-10-02,34,92,10490,65.2365,20.0,30.900000000000006,43.0,60.0,83.25,105.0,135.04999999999973,0.0,64.01,49.0,54.0,59.0,64.0,69.0,74.0,81.0,0.0,65.82,51.0,56.0,60.0,66.0,71.0,76.0,82.0,0.0
fit,2023-10-02,35,79,10490,53.1605,13.0,21.0,33.0,48.0,69.0,90.0,121.0,0.0,28.483,19.0,22.0,25.0,28.0,32.0,35.0,39.0,0.0,52.074,39.0,43.0,47.0,52.0,57.0,61.0,66.0,0.0
fit,2023-10-02,36,313,10490,477.853,337.0,379.0,422.0,474.0,529.0,581.0,643.0,0.0,526.801,483.0,498.0,510.0,526.0,543.0,557.0,572.0249999999999,0.0,476.267,434.0,449.0,462.0,476.0,490.0,504.0,518.0,0.0
fit,2023-10-02,37,7,10490,11.7865,0.0,1.0,3.0,8.0,16.0,28.100000000000136,44.0,0.0,61.445,46.0,51.0,56.0,61.0,67.0,71.0,77.0,0.0,12.099,6.0,8.0,10.0,12.0,14.0,17.0,20.0,0.0
fit,2023-10-02,38,69,10490,53.424,14.0,23.0,33.0,49.0,68.25,90.0,120.02499999999986,0.0,62.0665,47.0,52.0,57.0,62.0,67.0,72.0,78.0,0.0,52.9595,39.0,44.0,48.0,53.0,58.0,62.100000000000136,67.0,0.0
fit,2023-10-02,39,81,10490,78.5455,27.975,40.900000000000006,55.0,74.0,98.0,121.0,152.0,0.0,82.9405,66.0,72.0,77.0,83.0,89.0,95.0,102.0,0.0,79.067,63.0,68.0,73.0,79.0,85.0,91.0,96.02499999999986,0.0
fit,2023-10-09,0,15,9921,16.5195,0.0,3.0,6.0,13.0,23.0,35.0,54.0,0.0,18.0795,11.0,13.0,15.0,18.0,21.0,24.0,26.0,0.0,16.62,9.0,11.0,14.0,16.0,19.0,22.0,25.0,0.0
fit,2023-10-09,1,48,9921,35.959,6.0,12.0,21.0,32.0,48.0,65.0,87.0,0.0,56.227,42.0,47.0,51.0,56.0,61.0,66.0,72.0,0.0,36.251,24.0,29.0,32.0,36.0,40.0,44.0,49.0,0.0
fit,2023-10-09,2,114,9921,89.5565,34.0,49.0,65.0,86.0,111.0,133.10000000000014,168.02499999999986,0.0,79.1355,62.0,68.0,73.0,79.0,85.0,90.0,97.0,0.0,87.4095,70.0,76.0,81.0,87.0,94.0,100.0,105.0,0.0
fit,2023-10-09,3,270,9921,305.235,196.0,228.0,264.0,301.0,345.0,388.0,433.02499999999986,0.0,329.464,295.0,306.0,317.0,329.0,341.0,352.0,367.0,0.0,304.973,273.975,282.0,293.0,304.0,316.0,328.0,339.02499999999986,0.0
fit,2023-10-09,4,173,9921,163.754,85.975,107.0,132.0,159.0,193.0,221.10000000000014,264.0,0.0,123.469,101.975,109.0,116.0,123.0,131.0,138.0,145.0,0.0,164.43,138.0,148.0,156.0,164.0,173.0,181.0,189.0,0.0
fit,2023-10-09,5,123,9921,103.605,46.0,62.0,79.0,99.0,126.0,151.0,183.0,0.0,88.18,70.0,76.0,82.0,88.0,95.0,100.0,106.0,0.0,105.092,85.0,92.0,98.0,105.0,112.0,118.0,126.0,0.0
fit,2023-10-09,6,203,9921,189.16,104.975,131.0,155.0,185.0,220.0,253.0,298.02499999999986,0.0,128.0065,107.0,114.0,120.0,128.0,135.0,142.0,151.0,0.0,188.2025,162.975,171.0,179.0,188.0,196.0,205.0,216.0,0.0
fit,2023-10-09,7,164,9921,128.348,59.975,79.0,99.0,123.0,155.0,184.0,221.0,0.0,107.008,87.0,93.0,100.0,107.0,114.0,121.0,128.0,0.0,130.92,109.0,116.0,123.0,131.0,139.0,146.0,154.0,0.0
fit,2023-10-09,8,1296,9921,1204.6655,983.0,1055.0,1122.0,1203.0,1282.0,1361.0,1449.0499999999997,0.0,1113.9355,1052.0,1073.0,1092.0,1114.0,1136.0,1155.0,1174.0,0.0,1202.7175,1140.0,1161.0,1182.0,1203.0,1224.0,1242.1000000000001,1266.0,0.0
fit,2023-10-09,9,18,9921,13.6645,0.0,1.0,4.0,10.0,19.0,31.0,50.0,0.0,24.77,15.0,18.0,21.0,25.0,28.0,31.0,35.0,0.0,13.7685,7.0,9.0,11.0,14.0,16.0,19.0,21.0,0.0
fit,2023-10-09,10,116,9921,100.238,42.0,58.0,74.0,97.0,122.25,146.0,186.02499999999986,0.0,85.096,67.0,74.0,79.0,85.0,91.0,97.0,103.0,0.0,101.399,82.0,88.0,94.0,101.0,109.0,115.0,121.0,0.0
fit,2023-10-09,11,876,9921,1012.9015,807.975,876.0,937.75,1009.0,1085.0,1153.0,1235.0249999999999,0.0,905.4695,847.0,869.0,886.0,906.0,924.0,942.0,961.0,0.0,1008.587,948.0,970.0,989.0,1009.0,1028.0,1047.0,1068.0,0.0
fit,2023-10-09,12,798,9921,772.5085,591.0,650.0,708.0,769.0,834.0,899.0,972.0,0.0,803.348,748.975,767.0,785.0,804.0,822.0,839.0,857.0,0.0,773.481,719.0,738.0,755.0,774.0,792.0,808.0,826.0,0.0
fit,2023-10-09,13,1115,9921,1028.161,823.95,889.9,954.0,1025.0,1099.0,1172.0,1246.0,0.0,905.356,848.975,869.0,886.0,906.0,925.25,941.0,957.0,0.0,1030.059,970.0,992.0,1009.0,1030.0,1052.0,1069.0,1090.0,0.0
fit,2023-10-09,14,1518,9921,1554.8195,1311.975,1398.0,1463.0,1554.0,1639.0,1723.1000000000001,1814.0,0.0,1642.118,1568.0,1596.0,1618.0,1641.0,1666.0,1691.0,1716.0249999999999,0.0,1552.742,1479.0,1507.0,1529.0,1552.0,1577.25,1599.0,1623.0,0.0
fit,2023-10-09,15,71,9921,108.828,47.0,64.0,82.0,104.0,131.0,160.0,194.0,0.0,70.66,54.0,60.0,65.0,70.0,76.0,82.0,88.0,0.0,110.283,90.0,97.0,103.0,110.0,117.0,124.0,131.0,0.0
fit,2023-10-09,16,98,9921,55.321,15.0,25.0,36.0,51.0,70.0,89.0,117.0,0.0,86.631,69.0,75.0,80.0,87.0,93.0,99.0,105.0,0.0,55.8595,42.0,47.0,51.0,56.0,61.0,65.0,70.0,0.0
fit,2023-10-09,17,595,9921,678.119,508.0,564.0,613.0,676.0,740.0,797.1000000000001,857.0249999999999,0.0,659.9885,611.0,628.0,642.0,660.0,677.0,693.0,711.0,0.0,678.654,628.0,646.0,662.0,678.0,696.0,711.0,728.0,0.0
fit,2023-10-09,18,125,9921,118.224,54.975,72.0,90.0,114.0,140.0,170.0,209.0,0.0,100.244,81.0,87.0,93.0,100.0,107.0,114.0,120.0,0.0,118.429,98.0,105.0,111.0,118.0,126.0,133.0,140.0,0.0
fit,2023-10-09,19,609,9921,506.4625,362.975,411.0,451.0,502.0,556.0,610.1000000000001,674.0249999999999,0.0,587.4725,541.0,557.0,571.0,587.0,603.0,620.0,635.0,0.0,504.458,461.975,476.0,490.0,504.0,520.0,533.0,549.0249999999999,0.0
fit,2023-10-09,20,20,9921,15.8335,0.0,2.0,5.0,12.0,22.0,34.0,52.0,0.0,31.1675,20.0,24.0,27.0,31.0,35.0,39.0,43.0,0.0,16.2725,9.0,11.0,13.0,16.0,19.0,22.0,25.0,0.0
fit,2023-10-09,21,82,9921,84.4285,33.0,45.0,60.0,80.0,105.0,131.0,161.0,0.0,38.391,27.0,30.0,34.0,38.0,42.0,47.0,50.024999999999864,0.0,83.9025,66.0,72.0,78.0,83.5,90.0,96.0,102.02499999999986,0.0
fit,2023-10-09,22,224,9921,163.402,87.0,108.0,131.0,161.0,191.0,224.0,260.02499999999986,0.0,119.8475,100.0,106.0,112.0,120.0,127.0,134.0,142.0,0.0,163.84,140.0,147.0,155.0,164.0,172.0,182.0,189.0,0.0
fit,2023-10-09,23,22,9921,23.506,2.0,5.0,10.0,19.0,32.0,47.0,67.02499999999986,0.0,59.3185,44.0,49.0,54.0,59.0,65.0,70.0,75.0,0.0,23.5955,14.0,17.0,20.0,24.0,27.0,30.0,33.0,0.0
fit,2023-10-09,24,50,9921,111.1065,49.0,66.0,83.0,107.0,135.0,161.10000000000014,194.04999999999973,0.0,89.987,72.0,77.0,84.0,90.0,96.0,102.0,109.0,0.0,113.777,95.0,100.0,106.0,113.0,121.0,128.0,135.02499999999986,0.0
fit,2023-10-09,25,151,9921,164.549,89.0,109.0,132.0,161.0,192.0,225.10000000000014,262.0,0.0,132.4085,110.0,118.0,125.0,132.0,140.0,148.0,155.0,0.0,164.59,140.0,148.0,155.0,164.0,173.0,182.0,191.0,0.0
fit,2023-10-09,26,81,9921,91.5435,37.0,51.900000000000006,67.0,87.0,113.0,138.0,167.0,0.0,104.8075,85.0,92.0,98.0,105.0,111.0,118.0,125.0,0.0,89.969,73.0,78.0,84.0,90.0,96.0,102.0,109.0,0.0
fit,2023-10-09,27,86,9921,58.697,19.0,27.0,38.0,55.0,75.0,97.0,123.0,0.0,74.641,58.0,64.0,69.0,75.0,80.0,86.0,92.0,0.0,59.036,45.0,50.0,54.0,59.0,64.0,69.0,75.0,0.0
fit,2023-10-09,28,22,9921,15.5705,0.0,2.0,6.0,12.0,22.0,34.0,51.0,0.0,64.296,49.0,54.0,59.0,64.0,69.0,74.0,81.0,0.0,15.405,8.0,10.0,13.0,15.0,18.0,21.0,24.0,0.0
fit,2023-10-09,29,54,9921,69.1295,22.0,33.0,47.0,65.0,88.0,109.0,140.02499999999986,0.0,85.2,67.0,73.0,79.0,85.0,91.0,97.0,104.0,0.0,69.769,54.0,59.0,64.0,69.0,75.0,81.0,87.0,0.0
fit,2023-10-09,30,139,9921,134.464,63.0,84.0,104.0,130.0,161.0,192.0,229.02499999999986,0.0,201.2,174.0,183.0,191.0,201.0,211.0,219.0,230.0,0.0,134.152,112.0,119.0,126.0,134.0,142.0,150.0,156.0,0.0
fit,2023-10-09,31,1,9921,31.286,5.0,10.0,17.0,27.0,42.0,58.0,80.02499999999986,0.0,74.7125,59.0,64.0,69.0,74.0,80.0,86.0,92.0,0.0,31.1495,21.0,24.0,27.0,31.0,35.0,38.0,42.024999999999864,0.0
fit,2023-10-09,32,39,9921,47.1765,10.0,19.900000000000006,29.0,43.0,62.0,80.0,104.0,0.0,84.3055,67.0,73.0,78.0,84.0,90.0,96.0,103.0,0.0,46.807,34.0,38.0,42.0,47.0,51.0,56.0,61.0,0.0
fit,2023-10-09,33,44,9921,56.896,16.0,26.0,37.0,52.0,72.0,93.10000000000014,123.0,0.0,65.7735,51.0,55.0,60.0,66.0,71.0,77.0,82.0,0.0,56.302,42.0,47.0,51.0,56.0,62.0,66.0,71.0,0.0
fit,2023-10-09,34,46,9921,76.6095,28.0,39.0,53.0,72.0,96.0,119.0,150.0,0.0,60.4985,46.0,51.0,55.0,60.0,66.0,71.0,76.0,0.0,77.1725,60.0,66.0,71.0,77.0,83.0,89.0,95.0,0.0
fit,2023-10-09,35,43,9921,57.9115,16.975,27.0,38.0,54.0,73.0,94.0,120.02499999999986,0.0,26.9705,17.0,20.0,23.0,27.0,30.0,34.0,38.0,0.0,58.084,44.0,48.0,53.0,58.0,63.0,68.0,73.0,0.0
fit,2023-10-09,36,326,9921,390.513,264.975,302.9,341.0,388.0,436.0,478.0,535.0499999999997,0.0,497.636,456.0,469.0,483.0,498.0,513.0,526.0,541.0,0.0,388.6855,352.0,363.9,375.0,388.0,402.0,414.0,428.02499999999986,0.0
fit,2023-10-09,37,15,9921,8.3335,0.0,0.0,1.0,5.0,11.0,22.0,39.0,0.0,57.96,43.0,48.0,53.0,58.0,63.0,68.0,73.0,0.0,8.604,3.0,5.0,7.0,8.0,10.0,12.0,15.0,0.0
fit,2023-10-09,38,43,9921,60.502,18.975,28.0,40.0,56.0,77.0,98.0,125.0,0.0,58.555,44.0,49.0,53.0,59.0,63.0,68.0,74.0,0.0,61.2815,47.0,52.0,56.0,61.0,67.0,71.0,77.0,0.0
fit,2023-10-09,39,88,9921,73.492,25.975,38.0,51.0,69.0,92.0,115.0,144.0,0.0,78.6655,61.0,67.0,72.0,79.0,85.0,90.0,97.0,0.0,74.27,58.0,63.0,68.0,74.0,80.0,85.0,92.0,0.0
fit,2023-10-16,0,7,10341,17.276,0.0,2.0,6.0,13.0,24.0,38.0,58.0,0.0,18.8955,11.0,13.0,16.0,19.0,22.0,25.0,28.0,0.0,17.605,10.0,12.0,15.0,17.0,20.0,23.0,26.0,0.0
fit,2023-10-16,1,37,10341,42.1165,8.0,15.0,24.0,38.0,56.0,76.0,100.02499999999986,0.0,58.06,43.0,48.0,53.0,58.0,63.0,68.0,74.0,0.0,41.201,29.0,33.0,37.0,41.0,45.0,49.0,54.024999999999864,0.0
fit,2023-10-16,2,90,10341,102.402,42.0,58.0,76.0,99.0,124.0,150.10000000000014,188.0,0.0,82.237,65.0,71.0,76.0,82.0,88.0,94.0,100.0,0.0,102.3095,83.0,90.0,96.0,102.0,109.0,115.0,122.0,0.0
fit,2023-10-16,3,288,10341,310.9945,195.0,231.0,267.0,308.0,351.0,396.0,442.0,0.0,342.964,307.0,319.0,330.0,343.0,356.0,366.0,381.0,0.0,311.138,278.0,289.0,299.75,311.0,323.0,333.0,345.0,0.0
fit,2023-10-16,4,109,10341,178.8165,93.92500000000001,119.0,145.0,174.0,209.0,244.0,288.0,0.0,128.9065,107.0,114.0,121.0,129.0,136.0,144.0,152.0,0.0,178.2225,154.0,162.0,169.0,178.0,186.0,195.0,204.0,0.0
fit,2023-10-16,5,126,10341,111.9595,48.975,65.0,83.0,108.0,135.0,163.0,201.0,0.0,91.542,74.0,80.0,85.0,91.0,98.0,104.0,111.0,0.0,111.3295,92.0,98.0,104.0,111.0,118.0,125.0,134.0,0.0
fit,2023-10-16,6,227,10341,193.294,106.0,134.0,158.0,189.5,224.0,259.0,303.0,0.0,133.507,112.0,118.9,126.0,133.0,141.0,149.0,157.0,0.0,192.216,166.0,175.0,183.0,192.0,202.0,209.0,219.0,0.0
fit,2023-10-16,7,150,10341,144.3235,70.975,90.0,112.0,140.0,172.0,203.0,240.0,0.0,111.521,92.0,98.0,104.0,111.0,119.0,125.0,133.0,0.0,143.4075,120.0,128.0,135.0,144.0,152.0,159.0,167.0,0.0
fit,2023-10-16,8,1300,10341,1269.095,1040.975,1114.0,1182.0,1265.0,1351.25,1427.2000000000003,1516.0499999999997,0.0,1160.8765,1097.0,1118.9,1138.0,1161.0,1184.0,1202.0,1222.0,0.0,1267.143,1198.975,1224.0,1244.0,1267.0,1289.0,1310.1000000000001,1335.0,0.0
fit,2023-10-16,9,12,10341,16.109,0.0,2.0,6.0,12.0,23.0,35.0,55.0,0.0,26.173,16.0,20.0,23.0,26.0,30.0,33.0,36.0,0.0,16.4915,9.0,12.0,14.0,16.0,19.0,22.0,25.0,0.0
fit,2023-10-16,10,110,10341,118.4065,54.0,71.0,91.0,114.0,142.0,171.0,208.02499999999986,0.0,88.8335,72.0,77.0,82.0,88.5,95.0,101.0,108.0,0.0,119.2145,99.0,106.0,112.0,119.0,126.0,133.0,141.0,0.0
fit,2023-10-16,11,992,10341,1009.1465,800.975,864.0,932.0,1006.0,1081.0,1158.1000000000001,1249.0499999999997,0.0,941.858,883.975,904.0,923.0,942.0,961.0,981.0,999.0,0.0,1014.932,956.0,975.0,995.0,1015.0,1035.0,1053.0,1075.0,0.0
fit,2023-10-16,12,746,10341,805.67,621.0,677.0,734.0,803.0,871.25,932.1000000000001,1015.0749999999996,0.0,836.4995,781.0,800.0,817.0,837.0,856.0,873.0,893.0,0.0,807.7465,751.0,772.0,789.0,808.0,827.0,843.1000000000001,862.0,0.0
fit,2023-10-16,13,1196,10341,1099.713,891.975,949.9,1019.0,1097.0,1176.25,1250.1000000000001,1334.0,0.0,943.8675,889.0,907.0,925.0,943.0,964.0,982.0,1001.0,0.0,1102.402,1043.0,1063.0,1081.0,1102.0,1123.0,1143.0,1163.0249999999999,0.0
fit,2023-10-16,14,1566,10341,1606.512,1336.975,1425.9,1517.0,1602.0,1702.0,1785.1000000000001,1877.0249999999999,0.0,1712.0875,1637.975,1664.0,1687.0,1712.5,1737.0,1760.0,1786.0249999999999,0.0,1605.669,1536.975,1558.0,1581.0,1607.0,1630.0,1652.0,1679.0,0.0
fit,2023-10-16,15,106,10341,108.6485,46.0,63.0,82.0,105.0,130.25,158.0,194.04999999999973,0.0,73.7605,58.0,63.0,68.0,73.0,79.0,85.0,91.0,0.0,109.0335,90.0,96.0,102.0,109.0,116.0,123.0,130.0,0.0
fit,2023-10-16,16,72,10341,67.9255,21.0,32.900000000000006,46.0,64.0,86.0,111.0,136.02499999999986,0.0,89.8655,72.0,78.0,83.0,90.0,96.0,102.0,109.0,0.0,68.3245,52.0,57.0,63.0,68.0,74.0,80.0,85.0,0.0
fit,2023-10-16,17,791,10341,684.221,517.0,571.0,621.75,678.0,746.0,799.1000000000001,879.0,0.0,689.4905,640.0,658.0,673.0,690.0,707.0,720.0,740.0,0.0,681.9465,632.0,650.0,665.0,682.0,699.0,714.0,730.0,0.0
fit,2023-10-16,18,88,10341,125.681,56.0,76.0,96.0,122.0,150.0,180.10000000000014,219.0,0.0,104.9085,85.0,92.0,98.0,105.0,112.0,118.0,125.0,0.0,126.44,105.0,112.0,119.0,126.0,134.0,141.0,148.0,0.0
fit,2023-10-16,19,614,10341,554.149,402.95,446.0,495.0,550.0,610.0,665.1000000000001,737.0,0.0,612.502,565.0,582.0,596.75,613.0,628.25,643.1000000000001,659.0,0.0,554.68,512.0,525.0,540.0,554.0,570.0,583.0,599.0,0.0
fit,2023-10-16,20,7,10341,17.9755,0.0,2.0,6.0,14.0,25.0,39.0,61.0,0.0,32.697,22.0,26.0,29.0,33.0,36.0,40.0,44.0,0.0,18.117,11.0,13.0,15.0,18.0,21.0,24.0,27.0,0.0
fit,2023-10-16,21,76,10341,92.1765,38.0,51.0,66.0,87.0,113.0,140.0,174.0,0.0,39.814,28.0,32.0,36.0,40.0,44.0,48.0,52.024999999999864,0.0,90.274,72.0,78.0,84.0,90.0,97.0,102.0,109.0,0.0
fit,2023-10-16,22,198,10341,202.9245,112.0,138.0,164.0,199.0,237.0,275.0,321.02499999999986,0.0,125.0915,104.0,111.0,118.0,125.0,132.0,139.0,147.0,0.0,199.974,173.0,183.0,191.0,200.0,209.0,218.0,227.0,0.0
fit,2023-10-16,23,21,10341,24.902,2.0,6.0,12.0,21.0,34.0,49.0,67.0,0.0,61.826,46.0,52.0,57.0,62.0,67.0,72.0,77.0,0.0,25.3015,16.0,19.0,22.0,25.0,29.0,32.0,35.0,0.0
fit,2023-10-16,24,58,10341,90.49,35.0,50.0,66.0,86.0,110.0,137.0,166.02499999999986,0.0,94.1935,75.0,82.0,88.0,94.0,101.0,107.0,114.0,0.0,90.309,72.0,78.0,84.0,90.0,97.0,102.0,110.0,0.0
fit,2023-10-16,25,178,10341,157.88,80.0,101.0,125.0,154.0,187.0,219.10000000000014,257.02499999999986,0.0,137.4355,116.0,123.0,130.0,138.0,145.0,152.0,159.0,0.0,158.8845,135.0,143.0,151.0,159.0,167.0,175.0,184.0,0.0
fit,2023-10-16,26,67,10341,96.9705,42.975,56.0,71.0,92.0,117.0,143.0,181.02499999999986,0.0,109.639,91.0,97.0,102.0,109.0,117.0,123.0,130.0,0.0,97.743,80.0,85.0,91.0,98.0,104.0,111.0,117.0,0.0
fit,2023-10-16,27,75,10341,74.1475,26.0,38.0,51.0,70.0,92.0,115.10000000000014,145.02499999999986,0.0,77.9485,61.0,66.0,72.0,78.0,84.0,89.0,95.0,0.0,73.508,57.0,63.0,68.0,73.5,79.0,84.0,90.0,0.0
fit,2023-10-16,28,12,10341,18.9125,1.0,3.0,7.0,15.0,26.0,40.0,62.0,0.0,67.4325,51.0,57.0,62.0,68.0,73.0,78.0,84.0,0.0,18.7335,11.0,13.0,16.0,18.0,22.0,24.0,28.0,0.0
fit,2023-10-16,29,102,10341,61.699,18.975,28.0,40.0,56.0,78.0,103.0,133.0,0.0,88.811,71.0,78.0,82.0,88.0,95.0,101.0,108.0,0.0,60.9065,46.975,51.0,56.0,61.0,66.0,71.0,76.0,0.0
fit,2023-10-16,30,128,10341,131.952,62.975,82.0,102.0,128.0,158.0,188.0,220.0,0.0,209.3925,180.0,191.0,200.0,210.0,219.0,228.0,238.0,0.0,132.869,111.0,118.0,125.0,133.0,140.0,147.0,156.0,0.0
fit,2023-10-16,31,10,10341,31.283,4.0,9.900000000000006,16.0,28.0,42.0,59.0,77.02499999999986,0.0,77.8035,60.0,66.0,72.0,78.0,84.0,89.0,95.0,0.0,31.6305,21.0,25.0,28.0,31.0,35.0,39.0,43.0,0.0
fit,2023-10-16,32,45,10341,34.1725,6.0,11.0,18.0,30.0,46.0,63.0,88.0,0.0,87.554,70.0,76.0,81.0,88.0,93.0,99.0,106.0,0.0,34.4655,24.0,27.0,30.0,34.0,38.0,42.0,46.0,0.0
fit,2023-10-16,33,14,10341,62.69,19.0,30.0,42.0,58.0,79.0,101.0,131.0,0.0,68.6705,52.0,58.0,63.0,69.0,74.0,80.0,85.02499999999986,0.0,62.9635,48.0,53.0,57.0,63.0,68.0,74.0,79.0,0.0
fit,2023-10-16,34,87,10341,71.239,22.0,35.0,48.0,68.0,90.0,112.0,140.02499999999986,0.0,63.4805,49.0,54.0,58.0,63.0,68.0,74.0,80.0,0.0,69.941,54.975,60.0,64.0,70.0,75.0,81.0,87.0,0.0
fit,2023-10-16,35,61,10341,64.249,19.0,31.0,43.0,60.0,81.0,104.0,133.0,0.0,28.063,18.0,21.0,24.0,28.0,32.0,35.0,39.0,0.0,64.5535,49.0,55.0,59.0,64.0,70.0,75.0,81.0,0.0
fit,2023-10-16,36,417,10341,388.7565,260.975,302.0,337.75,385.0,432.25,483.0,543.0249999999999,0.0,518.5975,475.0,489.9,504.0,518.0,533.0,547.0,563.0,0.0,386.9555,349.0,363.0,374.0,387.0,400.0,411.0,424.02499999999986,0.0
fit,2023-10-16,37,11,10341,9.3985,0.0,0.0,2.0,6.0,13.0,23.0,40.0,0.0,60.739,46.0,51.0,56.0,61.0,66.0,70.0,77.0,0.0,9.407,4.0,6.0,7.0,9.0,11.0,13.0,16.0,0.0
fit,2023-10-16,38,54,10341,57.6005,16.0,26.0,37.0,53.0,72.25,94.0,126.0,0.0,61.053,46.0,51.0,56.0,61.0,66.0,71.0,76.0,0.0,58.618,44.0,49.0,53.0,58.0,64.0,69.0,74.0,0.0
fit,2023-10-16,39,93,10341,85.1215,29.975,45.0,60.0,81.0,105.0,132.0,161.02499999999986,0.0,82.4025,66.0,71.0,76.0,82.0,88.0,94.0,101.0,0.0,84.3935,67.0,72.0,78.0,84.0,91.0,97.0,103.0,0.0
fit,2023-10-23,0,10,9071,10.0755,0.0,0.0,2.0,6.0,14.0,24.100000000000136,39.0,0.0,16.644,9.0,11.0,14.0,17.0,19.0,22.0,25.0,0.0,10.3335,4.975000000000001,6.0,8.0,10.0,12.0,15.0,17.0,0.0
fit,2023-10-23,1,29,9071,33.229,5.0,12.0,19.0,29.0,44.0,60.100000000000136,81.0,0.0,51.2845,38.0,42.0,46.0,51.0,56.0,61.0,66.0,0.0,33.137,23.0,26.0,29.0,33.0,37.0,41.0,45.0,0.0
fit,2023-10-23,2,38,9071,81.872,33.0,45.0,60.0,78.0,101.0,122.0,151.02499999999986,0.0,72.518,56.0,61.0,67.0,73.0,78.0,84.0,90.0,0.0,82.878,66.0,71.0,77.0,83.0,89.0,94.0,101.0,0.0
fit,2023-10-23,3,275,9071,250.0005,150.0,184.0,213.0,247.0,287.0,318.0,364.02499999999986,0.0,301.3895,269.0,280.0,290.0,301.0,313.0,323.0,334.0,0.0,247.846,218.0,228.0,238.0,248.0,258.0,268.0,276.0,0.0
fit,2023-10-23,4,112,9071,134.167,67.0,85.0,106.0,130.0,159.0,187.0,224.02499999999986,0.0,113.317,94.0,100.0,106.0,113.0,120.0,127.0,135.0,0.0,133.6355,112.0,120.0,126.0,133.0,141.0,148.0,157.0,0.0
fit,2023-10-23,5,36,9071,100.4055,44.0,59.0,75.0,96.0,122.0,146.0,182.0,0.0,80.76,64.0,69.0,75.0,81.0,87.0,93.0,99.0,0.0,102.278,84.0,90.0,95.0,102.0,109.0,115.0,122.0,0.0
fit,2023-10-23,6,83,9071,178.118,98.0,121.0,146.0,174.0,207.25,239.10000000000014,274.0,0.0,117.503,97.0,104.0,110.0,117.0,125.0,132.0,140.0,0.0,177.1585,152.0,160.0,168.0,177.0,186.0,194.0,205.0,0.0
fit,2023-10-23,7,157,9071,131.6855,66.975,85.0,103.0,127.5,156.0,184.0,220.02499999999986,0.0,98.397,79.0,86.0,91.0,98.0,105.0,111.0,119.0,0.0,131.802,110.0,117.0,124.0,132.0,140.0,146.0,155.0,0.0
fit,2023-10-23,8,1242,9071,1117.4065,913.0,983.0,1039.0,1113.0,1188.25,1261.0,1328.0249999999999,0.0,1019.085,961.0,980.0,999.0,1019.0,1039.0,1058.0,1079.0,0.0,1117.5055,1056.0,1077.0,1097.0,1117.0,1139.0,1158.1000000000001,1179.0,0.0
fit,2023-10-23,9,7,9071,13.219,0.0,1.0,4.0,10.0,19.0,30.0,47.024999999999864,0.0,22.6595,14.0,17.0,19.0,23.0,26.0,29.0,32.0,0.0,12.849,7.0,8.0,10.0,13.0,15.0,17.0,20.0,0.0
fit,2023-10-23,10,92,9071,104.3925,47.0,61.0,78.75,102.0,125.0,149.10000000000014,184.0,0.0,77.8675,60.0,67.0,72.0,78.0,84.0,89.0,95.0,0.0,103.498,84.975,91.0,97.0,103.0,110.0,116.0,124.0,0.0
fit,2023-10-23,11,840,9071,888.7455,708.0,763.0,821.0,885.0,952.0,1018.1000000000001,1087.0249999999999,0.0,825.7815,773.0,790.0,806.0,825.0,845.0,861.0,882.0,0.0,890.804,833.0,854.0,872.0,891.0,910.0,927.0,947.0249999999999,0.0
fit,2023-10-23,12,775,9071,697.9865,533.0,584.0,637.0,696.0,757.0,814.1000000000001,880.0,0.0,734.3205,685.0,702.0,717.0,734.0,751.0,768.0,787.0,0.0,699.6615,650.975,666.9,682.0,699.0,717.0,732.1000000000001,752.0,0.0
fit,2023-10-23,13,1138,9071,994.296,802.975,862.0,924.0,993.0,1061.0,1126.0,1194.0249999999999,0.0,827.683,777.0,792.0,809.0,827.0,846.25,863.0,880.0249999999999,0.0,993.475,935.0,955.0,973.0,992.0,1015.0,1032.0,1053.0,0.0
fit,2023-10-23,14,1658,9071,1397.127,1177.0,1247.0,1315.75,1395.0,1477.25,1551.0,1638.0,0.0,1502.0455,1430.0,1456.0,1478.0,1503.0,1526.25,1547.0,1569.0,0.0,1396.5035,1327.0,1352.0,1371.0,1396.0,1421.0,1444.0,1465.0,0.0
fit,2023-10-23,15,58,9071,90.5845,37.0,52.0,68.0,86.0,110.0,133.0,166.04999999999973,0.0,64.6775,50.0,55.0,59.0,64.0,70.0,75.0,82.0,0.0,91.1825,73.0,79.0,85.0,91.0,98.0,104.0,110.0,0.0
fit,2023-10-23,16,28,9071,67.325,23.0,35.0,47.0,64.0,84.0,104.0,133.0,0.0,78.7505,62.0,68.0,73.0,79.0,85.0,90.0,97.0,0.0,66.892,51.0,57.0,62.0,67.0,72.0,78.0,83.0,0.0
fit,2023-10-23,17,686,9071,628.735,467.0,523.0,569.0,626.0,682.0,743.0,802.0249999999999,0.0,604.8055,561.0,575.0,589.0,605.0,620.0,634.0,652.0,0.0,628.6845,583.0,598.0,612.0,629.0,645.0,659.0,675.0249999999999,0.0
fit,2023-10-23,18,71,9071,103.171,45.0,61.0,77.75,100.0,124.0,151.0,182.02499999999986,0.0,91.6925,74.0,80.0,85.0,91.5,98.0,104.0,110.0,0.0,102.913,84.0,91.0,96.0,103.0,109.0,115.0,122.0,0.0
fit,2023-10-23,19,433,9071,507.241,370.975,413.0,455.0,505.0,556.0,608.1000000000001,662.0499999999997,0.0,537.1215,494.0,509.0,521.0,537.0,553.0,567.0,581.0,0.0,506.8845,464.0,479.0,491.0,507.0,521.0,535.0,550.0,0.0
fit,2023-10-23,20,7,9071,13.951,0.0,2.0,4.0,10.0,20.0,32.0,49.0,0.0,28.511,19.0,22.0,25.0,28.0,32.0,35.0,40.0,0.0,13.5105,7.0,9.0,11.0,13.0,16.0,18.0,21.0,0.0
fit,2023-10-23,21,70,9071,70.6605,25.0,37.0,50.0,67.0,88.0,109.0,134.04999999999973,0.0,34.9955,24.0,28.0,31.0,35.0,39.0,43.0,47.0,0.0,70.161,54.975,60.0,65.0,70.0,76.0,81.0,86.0,0.0
fit,2023-10-23,22,139,9071,185.4405,106.0,130.0,153.75,182.0,213.0,246.0,286.0,0.0,109.2255,90.0,96.0,102.0,109.0,116.0,123.0,130.0,0.0,187.2035,163.0,170.0,178.0,187.0,196.0,204.0,214.0,0.0
fit,2023-10-23,23,28,9071,20.237,1.0,4.0,8.75,17.0,28.0,41.0,60.024999999999864,0.0,54.508,41.0,45.0,49.0,54.0,60.0,64.0,70.0,0.0,20.739,12.0,15.0,18.0,20.0,24.0,27.0,30.0,0.0
fit,2023-10-23,24,25,9071,64.2215,21.0,32.0,44.0,60.0,81.0,102.0,130.0,0.0,82.0435,65.0,71.0,76.0,82.0,88.0,93.10000000000014,100.0,0.0,63.496,48.0,53.0,58.0,63.0,69.0,74.0,80.0,0.0
fit,2023-10-23,25,83,9071,139.1755,68.0,90.0,110.0,136.0,164.0,191.10000000000014,233.0,0.0,120.4705,100.0,107.0,113.0,120.0,127.0,134.0,142.02499999999986,0.0,139.2525,117.0,124.0,132.0,139.0,146.0,155.0,164.0,0.0
fit,2023-10-23,26,43,9071,81.536,31.0,44.0,59.0,77.0,100.0,124.0,155.02499999999986,0.0,95.5735,78.0,83.0,89.0,95.0,102.0,108.0,115.0,0.0,80.127,64.0,69.0,74.0,80.0,86.0,91.10000000000014,98.0,0.0
fit,2023-10-23,27,47,9071,63.9785,21.0,32.0,45.0,60.0,80.0,101.0,125.02499999999986,0.0,68.0035,53.0,58.0,62.0,68.0,73.0,78.0,85.0,0.0,63.2045,48.0,53.0,58.0,63.0,69.0,73.0,79.0,0.0
fit,2023-10-23,28,10,9071,14.4415,0.0,2.0,5.0,11.0,20.0,31.0,52.024999999999864,0.0,59.166,44.0,50.0,54.0,59.0,64.0,69.0,74.0,0.0,14.482,7.0,10.0,12.0,14.0,17.0,19.0,22.0,0.0
fit,2023-10-23,29,81,9071,66.1685,22.0,33.0,45.0,63.0,83.0,104.0,132.0,0.0,77.6425,61.0,67.0,72.0,78.0,83.0,89.0,95.0,0.0,65.462,50.0,55.0,60.0,65.0,71.0,76.0,81.0,0.0
fit,2023-10-23,30,132,9071,117.346,55.0,74.0,91.0,113.5,140.0,166.0,200.0,0.0,183.0765,158.0,166.0,173.0,183.0,192.0,201.0,210.0,0.0,118.013,98.0,104.0,111.0,118.0,125.0,132.0,140.0,0.0
fit,2023-10-23,31,25,9071,21.578,2.0,6.0,10.0,18.0,29.0,42.0,60.0,0.0,68.1815,53.0,58.0,63.0,68.0,73.0,78.0,84.0,0.0,21.082,13.0,15.0,18.0,21.0,24.0,27.0,30.0,0.0
fit,2023-10-23,32,88,9071,31.7915,6.0,11.0,18.0,27.0,42.0,59.0,81.0,0.0,76.683,60.0,65.0,71.0,77.0,83.0,88.0,94.0,0.0,32.0305,21.0,25.0,28.0,32.0,36.0,39.0,43.0,0.0
fit,2023-10-23,33,30,9071,43.463,11.0,17.0,27.0,40.0,56.0,73.0,100.02499999999986,0.0,60.169,46.0,50.0,55.0,60.0,65.0,71.0,77.0,0.0,43.4045,30.0,35.0,39.0,43.0,48.0,52.0,57.0,0.0
fit,2023-10-23,34,50,9071,66.812,24.0,35.0,47.0,63.0,82.0,104.0,131.0,0.0,55.6405,41.0,46.0,51.0,56.0,60.0,65.0,71.0,0.0,66.944,52.0,56.0,62.0,67.0,72.0,77.0,83.0,0.0
fit,2023-10-23,35,40,9071,58.503,19.0,28.0,39.0,55.0,75.0,94.0,118.02499999999986,0.0,24.496,15.0,18.0,21.0,24.0,28.0,31.0,35.0,0.0,57.838,44.0,49.0,53.0,57.0,63.0,67.0,73.0,0.0
fit,2023-10-23,36,330,9071,344.392,229.0,264.9,300.0,339.0,384.25,432.0,479.0,0.0,455.7175,416.0,429.0,440.0,455.0,469.0,484.0,499.0,0.0,345.029,308.0,322.0,333.0,345.0,358.0,368.0,381.0,0.0
fit,2023-10-23,37,5,9071,8.883,0.0,0.0,2.0,5.0,13.0,22.0,37.0,0.0,53.3985,40.0,44.0,48.0,53.0,58.0,63.0,68.0,0.0,8.9195,3.9750000000000014,5.0,7.0,9.0,11.0,13.0,15.0,0.0
fit,2023-10-23,38,21,9071,51.3155,14.0,23.0,33.0,47.0,66.0,84.0,109.02499999999986,0.0,53.5035,40.0,44.0,48.0,53.0,58.0,63.0,68.0,0.0,52.251,39.0,43.0,47.0,52.0,57.0,62.0,67.0,0.0
fit,2023-10-23,39,49,9071,77.323,30.0,42.0,56.0,74.0,95.0,116.0,143.0,0.0,71.6915,55.0,61.0,66.0,71.0,78.0,83.0,89.0,0.0,77.929,61.0,67.0,72.0,78.0,84.0,89.0,95.0,0.0
fit,2023-10-30,0,6,8506,8.465,0.0,0.0,2.0,5.0,12.0,21.0,35.0,0.0,15.516,8.0,11.0,13.0,15.0,18.0,21.0,23.0,0.0,8.5605,3.0,5.0,7.0,8.0,10.0,12.0,15.0,0.0
fit,2023-10-30,1,30,8506,29.152,5.0,10.0,16.0,26.0,39.0,53.0,74.02499999999986,0.0,47.6855,35.0,39.0,43.0,48.0,52.0,56.0,61.024999999999864,0.0,28.9485,19.0,22.0,25.0,29.0,32.0,36.0,40.0,0.0
fit,2023-10-30,2,38,8506,66.745,22.0,34.0,47.0,63.0,83.0,102.0,129.02499999999986,0.0,67.5005,52.0,57.0,62.0,67.0,73.0,78.0,83.0,0.0,66.9635,51.0,57.0,61.0,67.0,73.0,78.0,83.0,0.0
fit,2023-10-30,3,239,8506,236.303,142.975,174.0,199.0,232.0,268.0,306.0,353.0,0.0,282.712,251.0,261.0,271.0,283.0,294.0,304.0,316.0,0.0,236.191,207.0,217.0,226.0,236.0,246.0,255.0,266.0,0.0
fit,2023-10-30,4,67,8506,115.726,58.0,74.0,90.0,112.0,137.25,162.0,192.0,0.0,105.811,86.0,93.0,99.75,106.0,112.0,119.0,127.0,0.0,116.3945,96.0,102.0,109.0,116.0,124.0,130.0,138.0,0.0
fit,2023-10-30,5,42,8506,84.2915,35.0,48.0,63.0,81.0,102.0,125.0,152.0,0.0,75.8655,60.0,65.0,70.0,76.0,81.0,87.0,94.0,0.0,84.1575,66.0,72.9,78.0,84.0,91.0,96.0,102.0,0.0
fit,2023-10-30,6,78,8506,145.08,77.975,97.0,117.0,142.0,170.0,195.0,231.0,0.0,109.8285,90.0,96.0,103.0,110.0,117.0,123.0,131.0,0.0,147.53,125.975,133.0,139.0,147.0,156.0,163.0,171.0,0.0
fit,2023-10-30,7,132,8506,134.391,71.0,87.0,107.0,131.0,158.25,185.0,217.02499999999986,0.0,91.7175,74.0,80.0,86.0,92.0,98.0,103.0,109.02499999999986,0.0,134.666,113.0,120.0,127.0,134.0,142.0,149.0,158.0,0.0
fit,2023-10-30,8,1235,8506,1094.165,890.0,962.0,1022.75,1091.5,1165.0,1232.0,1302.0249999999999,0.0,956.5,900.975,920.0,936.0,957.0,977.0,993.0,1013.0,0.0,1092.678,1032.0,1052.0,1070.0,1092.0,1114.0,1134.0,1157.0,0.0
fit,2023-10-30,9,4,8506,11.106,0.0,1.0,3.0,8.0,16.0,26.0,39.0,0.0,21.249,13.0,16.0,18.0,21.0,24.0,27.0,31.0,0.0,10.952,5.0,7.0,9.0,11.0,13.0,15.0,18.0,0.0
fit,2023-10-30,10,91,8506,99.2705,43.0,59.0,75.75,96.0,119.25,144.0,172.02499999999986,0.0,73.06,57.0,62.0,67.0,73.0,78.0,84.0,91.0,0.0,99.3995,80.0,86.0,92.0,99.0,106.0,113.0,120.0,0.0
fit,2023-10-30,11,839,8506,812.141,647.0,699.0,752.0,808.0,873.0,930.0,982.0499999999997,0.0,774.963,726.0,742.0,757.0,774.0,793.0,809.1000000000001,828.0249999999999,0.0,811.768,759.975,778.0,793.0,811.0,830.0,846.0,866.0,0.0
fit,2023-10-30,12,680,8506,669.293,516.95,565.0,610.0,666.0,724.0,774.0,837.0249999999999,0.0,688.013,637.0,655.0,671.0,689.0,706.0,721.0,736.0,0.0,667.8135,620.0,636.9,651.0,668.0,685.0,699.0,714.0,0.0
fit,2023-10-30,13,1123,8506,988.2475,799.0,854.9,916.0,988.0,1056.0,1119.0,1199.0,0.0,776.524,728.0,743.0,758.0,777.0,794.0,811.0,829.0249999999999,0.0,986.678,927.975,948.0,967.0,987.0,1006.25,1024.0,1045.0,0.0
fit,2023-10-30,14,1512,8506,1363.009,1147.975,1223.0,1281.0,1361.0,1439.0,1512.0,1596.0,0.0,1408.1095,1339.975,1366.0,1385.0,1408.0,1431.0,1451.0,1474.0,0.0,1362.542,1298.0,1319.0,1340.0,1362.0,1385.0,1405.1000000000001,1428.0249999999999,0.0
fit,2023-10-30,15,67,8506,79.6585,33.0,45.0,59.0,76.0,96.0,118.0,146.0,0.0,60.53,45.0,50.0,55.0,60.0,66.0,71.0,77.0,0.0,79.8285,63.0,68.0,73.0,80.0,86.0,91.0,99.0,0.0
fit,2023-10-30,16,53,8506,58.835,19.0,29.0,41.0,55.0,73.0,92.10000000000014,119.0,0.0,73.8615,57.0,63.0,68.0,74.0,80.0,85.0,92.0,0.0,57.843,44.0,49.0,52.0,58.0,63.0,68.0,74.0,0.0
fit,2023-10-30,17,666,8506,604.5245,451.975,503.9,548.0,601.0,657.0,712.0,768.0249999999999,0.0,567.0115,523.0,538.0,552.0,567.0,582.0,596.0,611.0,0.0,605.459,560.0,576.0,589.0,605.5,621.0,637.0,651.0249999999999,0.0
fit,2023-10-30,18,99,8506,86.5645,36.0,51.0,65.0,83.0,105.0,126.0,156.02499999999986,0.0,85.633,68.0,74.0,79.0,86.0,91.25,98.0,104.0,0.0,87.2335,70.0,76.0,81.0,87.0,93.0,99.0,106.0,0.0
fit,2023-10-30,19,377,8506,479.9165,346.0,391.0,429.75,477.0,526.0,573.1000000000001,632.0,0.0,503.6025,461.975,475.0,489.0,504.0,519.0,532.0,546.0249999999999,0.0,478.5665,438.975,452.0,464.0,478.0,493.0,507.0,519.0249999999999,0.0
fit,2023-10-30,20,8,8506,11.915,0.0,1.0,3.0,8.0,17.0,27.0,45.0,0.0,26.9265,17.0,20.0,23.0,27.0,30.0,34.0,38.0,0.0,11.664,5.0,7.0,9.0,11.5,14.0,16.0,19.0,0.0
fit,2023-10-30,21,53,8506,63.7285,22.0,32.0,44.0,60.0,79.0,99.10000000000014,124.02499999999986,0.0,32.7935,22.0,26.0,29.0,33.0,37.0,40.0,44.0,0.0,62.7075,47.0,52.0,57.0,63.0,68.0,73.0,79.0,0.0
fit,2023-10-30,22,101,8506,162.63,89.0,110.0,132.0,160.0,190.0,218.0,253.02499999999986,0.0,103.0705,84.0,90.0,96.0,103.0,110.0,116.0,123.0,0.0,164.074,139.0,148.0,155.0,164.0,173.0,181.0,190.0,0.0
fit,2023-10-30,23,17,8506,20.3415,2.0,4.0,9.0,17.0,28.0,40.0,61.0,0.0,50.964,37.0,42.0,46.0,51.0,55.0,60.0,66.0,0.0,20.425,11.975000000000001,15.0,17.0,20.0,24.0,27.0,30.0,0.0
fit,2023-10-30,24,35,8506,40.512,9.0,16.0,25.0,37.0,52.25,70.0,94.0,0.0,77.187,61.0,66.0,71.0,77.0,83.0,88.0,95.0,0.0,39.9945,28.0,32.0,36.0,40.0,44.0,48.0,53.0,0.0
fit,2023-10-30,25,78,8506,117.923,57.975,76.0,93.0,115.0,139.0,164.10000000000014,197.0,0.0,113.711,93.0,100.0,106.75,113.0,121.0,127.0,134.0,0.0,118.1375,97.0,104.0,111.0,118.0,125.0,132.0,140.0,0.0
fit,2023-10-30,26,53,8506,67.8195,24.0,36.0,49.0,64.0,84.0,105.0,128.02499999999986,0.0,89.546,71.0,77.0,83.0,89.0,96.0,102.0,108.0,0.0,68.431,53.0,58.0,63.0,68.0,74.0,79.0,85.0,0.0
fit,2023-10-30,27,41,8506,55.158,18.0,26.900000000000006,37.0,52.0,69.0,88.0,114.0,0.0,63.7345,49.0,53.0,59.0,64.0,69.0,74.0,80.0,0.0,55.5685,42.0,46.0,50.0,55.5,60.0,65.0,70.0,0.0
fit,2023-10-30,28,9,8506,12.6305,0.0,1.0,4.0,9.0,18.0,28.0,45.0,0.0,55.074,41.0,46.0,50.0,55.0,60.0,65.0,70.0,0.0,12.4755,6.0,8.0,10.0,12.0,15.0,17.0,20.0,0.0
fit,2023-10-30,29,63,8506,63.4855,22.0,33.0,44.0,60.0,80.0,98.0,126.0,0.0,72.8715,57.0,62.0,67.0,73.0,79.0,84.0,90.0,0.0,64.5925,49.0,54.0,59.0,65.0,70.0,75.0,80.02499999999986,0.0
fit,2023-10-30,30,79,8506,111.282,52.975,69.0,85.0,108.0,132.0,159.0,192.0,0.0,172.0265,147.0,156.0,163.0,172.0,181.0,189.0,198.0,0.0,112.3005,91.975,98.0,105.0,112.0,120.0,126.0,133.02499999999986,0.0
fit,2023-10-30,31,32,8506,18.794,1.0,4.0,8.0,15.0,25.0,38.0,56.024999999999864,0.0,64.1735,48.0,54.0,58.0,64.0,70.0,75.0,81.0,0.0,18.3915,11.0,13.0,15.0,18.0,21.0,24.0,28.0,0.0
fit,2023-10-30,32,60,8506,41.806,10.0,17.0,26.0,39.0,54.0,71.0,95.0,0.0,71.8395,56.0,62.0,66.0,72.0,78.0,83.0,89.0,0.0,41.243,29.0,33.0,37.0,41.0,45.0,49.0,54.0,0.0
fit,2023-10-30,33,22,8506,34.6625,7.0,13.0,20.0,31.0,45.0,61.0,85.0,0.0,56.2245,42.0,47.0,51.0,56.0,61.0,66.0,72.0,0.0,34.424,23.0,27.0,30.0,34.0,38.0,42.0,47.0,0.0
fit,2023-10-30,34,71,8506,60.229,20.0,30.0,41.0,57.0,75.25,94.0,122.02499999999986,0.0,51.969,39.0,43.0,47.0,52.0,57.0,61.0,66.0,0.0,58.9655,44.0,49.0,54.0,59.0,64.0,69.0,74.02499999999986,0.0
fit,2023-10-30,35,49,8506,47.128,13.0,21.0,30.0,43.0,60.0,78.0,100.02499999999986,0.0,23.245,14.0,17.0,20.0,23.0,26.0,30.0,33.0,0.0,47.613,35.0,39.0,43.0,48.0,52.0,57.0,61.0,0.0
fit,2023-10-30,36,249,8506,295.496,196.0,226.9,256.0,293.0,329.0,371.0,418.0,0.0,427.1625,388.0,401.0,414.0,427.0,440.0,453.0,468.02499999999986,0.0,295.7125,262.975,274.0,284.0,295.0,306.0,318.0,330.02499999999986,0.0
fit,2023-10-30,37,9,8506,8.303,0.0,0.0,2.0,5.0,12.0,21.0,34.0,0.0,49.7795,37.0,41.0,45.0,50.0,55.0,59.0,64.0,0.0,8.3185,3.0,5.0,6.0,8.0,10.0,12.0,15.0,0.0
fit,2023-10-30,38,26,8506,39.9785,9.0,16.0,24.0,36.5,51.0,68.0,90.0,0.0,50.257,37.0,41.900000000000006,45.0,50.0,55.0,59.0,65.0,0.0,40.2375,28.0,32.0,36.0,40.0,44.0,48.0,53.0,0.0
fit,2023-10-30,39,73,8506,65.293,23.0,34.0,45.0,62.0,83.0,101.0,124.02499999999986,0.0,67.751,53.0,58.0,62.0,67.0,73.0,78.0,84.0,0.0,66.551,51.0,57.0,61.0,66.0,72.0,77.0,84.0,0.0
fit,2023-11-06,0,6,9758,10.004,0.0,0.0,2.0,6.0,14.0,25.0,41.0,0.0,17.781,10.0,12.0,15.0,18.0,20.0,23.0,27.0,0.0,9.8755,4.0,6.0,8.0,10.0,12.0,14.0,16.0,0.0
fit,2023-11-06,1,21,9758,35.9365,7.0,13.0,20.0,32.0,47.0,64.0,92.0,0.0,54.9675,42.0,46.0,50.0,55.0,60.0,65.0,70.0,0.0,37.2565,26.0,30.0,33.0,37.0,41.0,45.0,50.0,0.0
fit,2023-11-06,2,62,9758,72.5185,25.0,37.0,50.0,69.0,89.0,113.10000000000014,142.02499999999986,0.0,77.47,60.0,66.0,72.0,77.0,83.0,89.0,95.0,0.0,72.4775,57.0,62.0,67.0,72.0,78.0,83.0,90.0,0.0
fit,2023-11-06,3,211,9758,274.993,170.0,203.0,235.75,270.0,312.0,350.0,405.0,0.0,323.701,289.0,300.0,312.0,324.0,335.25,346.0,359.0,0.0,276.6815,243.975,256.0,266.0,276.0,288.0,298.0,310.0,0.0
fit,2023-11-06,4,100,9758,118.637,51.975,72.0,91.0,115.0,142.0,173.0,208.0,0.0,121.339,101.0,108.0,114.0,121.0,129.0,135.0,143.0,0.0,119.3765,99.0,106.0,112.0,119.0,126.0,134.0,141.0,0.0
fit,2023-11-06,5,64,9758,84.7445,33.975,48.0,62.0,79.0,103.0,131.0,163.0,0.0,86.684,68.0,75.0,81.0,87.0,93.0,98.0,105.0,0.0,84.535,67.0,73.0,78.0,85.0,90.0,96.0,103.0,0.0
fit,2023-11-06,6,115,9758,152.8275,79.0,101.0,123.0,149.0,179.0,210.0,250.02499999999986,0.0,125.5,105.0,112.0,118.0,126.0,133.0,140.0,148.0,0.0,152.773,129.0,136.0,145.0,153.0,161.0,168.0,178.0,0.0
fit,2023-11-06,7,195,9758,155.282,80.0,101.0,122.0,151.5,184.0,215.0,252.02499999999986,0.0,105.308,85.0,93.0,98.0,105.0,112.0,118.0,125.0,0.0,155.6755,132.0,140.0,147.0,156.0,164.0,172.0,180.0,0.0
fit,2023-11-06,8,1270,9758,1307.0835,1071.975,1159.0,1224.0,1304.0,1384.0,1465.0,1563.0,0.0,1095.1085,1037.0,1055.0,1074.0,1094.0,1116.0,1134.0,1157.0,0.0,1306.541,1240.0,1263.0,1284.0,1307.0,1331.0,1349.0,1371.0249999999999,0.0
fit,2023-11-06,9,4,9758,11.2055,0.0,1.0,3.0,7.0,16.0,27.0,43.0,0.0,24.294,15.0,18.0,21.0,24.0,28.0,31.0,34.0,0.0,10.9275,5.0,7.0,9.0,11.0,13.0,15.0,18.0,0.0
fit,2023-11-06,10,162,9758,104.927,46.0,61.0,78.0,100.0,128.0,153.0,188.0,0.0,83.723,66.0,72.0,77.0,83.0,90.0,96.0,103.0,0.0,106.1565,86.0,93.0,99.0,106.0,113.0,119.0,127.0,0.0
fit,2023-11-06,11,1011,9758,913.963,727.95,786.0,847.75,909.0,978.0,1045.0,1132.0,0.0,888.7465,831.975,852.0,870.0,889.0,908.0,925.0,945.0,0.0,913.9375,857.0,876.0,893.0,914.0,934.25,950.0,969.0,0.0
fit,2023-11-06,12,813,9758,772.686,599.975,653.0,703.0,772.0,835.0,893.1000000000001,957.0499999999997,0.0,791.119,738.0,757.0,773.0,791.0,808.0,825.0,844.0,0.0,772.1025,720.0,738.0,754.0,772.0,790.0,806.0,825.0249999999999,0.0
fit,2023-11-06,13,1193,9758,1179.5645,976.975,1034.0,1101.0,1175.0,1255.0,1325.0,1405.0,0.0,892.256,838.0,856.0,874.0,892.0,911.0,929.0,946.0,0.0,1177.768,1112.0,1136.0,1155.0,1178.0,1200.0,1221.0,1242.0,0.0
fit,2023-11-06,14,1402,9758,1608.312,1359.975,1435.9,1518.75,1607.0,1693.25,1780.0,1876.0749999999996,0.0,1615.017,1542.975,1567.9,1589.0,1615.0,1640.0,1662.0,1687.0,0.0,1612.454,1542.0,1565.0,1587.0,1612.0,1638.0,1660.0,1684.0,0.0
fit,2023-11-06,15,78,9758,78.167,28.0,41.0,55.0,74.0,97.0,121.0,153.04999999999973,0.0,69.289,54.0,59.0,64.0,69.0,75.0,80.0,86.0,0.0,78.217,61.0,67.0,72.0,78.0,84.0,90.0,95.0,0.0
fit,2023-11-06,16,49,9758,65.223,21.0,31.0,43.0,61.0,83.0,106.10000000000014,134.02499999999986,0.0,84.6835,66.0,73.0,79.0,85.0,91.0,97.0,104.0,0.0,64.881,51.0,55.0,60.0,65.0,70.0,75.0,81.0,0.0
fit,2023-11-06,17,801,9758,709.082,540.0,592.0,646.0,706.5,768.0,827.1000000000001,896.0,0.0,650.802,600.0,618.0,634.0,651.0,667.0,683.0,697.0249999999999,0.0,705.791,656.975,674.0,689.0,705.0,723.0,740.0,758.0,0.0
fit,2023-11-06,18,91,9758,99.0765,42.0,58.0,74.0,94.0,120.0,146.0,179.0,0.0,98.3805,79.0,85.0,91.0,98.0,105.0,111.0,118.0,0.0,98.5335,79.0,86.0,92.0,98.5,105.0,111.0,119.0,0.0
fit,2023-11-06,19,520,9758,524.3795,380.0,430.9,469.0,520.0,575.0,628.1000000000001,688.0,0.0,578.575,533.0,549.0,562.0,579.0,594.0,608.0,626.0,0.0,523.745,478.975,496.0,509.0,524.0,539.0,552.0,567.0,0.0
fit,2023-11-06,20,10,9758,11.528,0.0,1.0,3.0,8.0,16.0,27.0,45.0,0.0,30.8945,20.0,24.0,27.0,31.0,35.0,38.100000000000136,43.0,0.0,11.0095,5.0,7.0,9.0,11.0,13.0,15.0,18.0,0.0
fit,2023-11-06,21,77,9758,72.9855,26.0,37.0,51.0,70.0,91.0,113.0,141.02499999999986,0.0,37.555,26.0,30.0,33.0,38.0,42.0,46.0,50.0,0.0,72.884,57.0,62.0,67.0,73.0,79.0,84.0,90.0,0.0
fit,2023-11-06,22,128,9758,171.102,90.0,114.0,139.0,167.0,199.0,232.10000000000014,275.0,0.0,117.743,97.0,104.0,110.0,117.0,125.0,132.0,140.0,0.0,170.7675,145.0,153.0,162.0,171.0,180.0,188.0,197.0,0.0
fit,2023-11-06,23,36,9758,23.109,2.0,6.0,11.0,19.0,32.0,45.0,65.0,0.0,58.674,44.0,49.0,54.0,59.0,64.0,68.10000000000014,74.0,0.0,23.004,14.0,17.0,20.0,23.0,26.0,29.0,33.0,0.0
fit,2023-11-06,24,38,9758,44.2095,9.0,17.900000000000006,26.0,40.0,58.0,77.0,101.0,0.0,88.6865,70.975,77.0,82.0,88.0,95.0,101.0,107.0,0.0,43.4365,31.0,35.0,39.0,43.0,48.0,52.0,57.0,0.0
fit,2023-11-06,25,116,9758,126.2775,61.0,79.0,98.0,122.0,150.0,178.0,217.02499999999986,0.0,130.397,108.0,116.0,122.0,130.0,138.0,145.0,153.02499999999986,0.0,126.351,104.0,112.0,119.0,126.0,134.0,141.0,148.0,0.0
fit,2023-11-06,26,82,9758,64.3705,20.0,31.0,43.0,60.0,81.0,105.0,131.0,0.0,102.8735,83.0,90.0,96.0,103.0,109.0,116.0,123.0,0.0,63.2385,49.0,53.0,57.0,63.0,68.25,74.0,80.02499999999986,0.0
fit,2023-11-06,27,44,9758,64.174,20.0,32.0,44.0,61.0,81.0,101.10000000000014,127.0,0.0,73.2485,57.0,62.0,68.0,73.0,79.0,84.0,90.0,0.0,64.4735,49.0,54.0,59.0,64.0,70.0,75.0,82.0,0.0
fit,2023-11-06,28,51,9758,13.5665,0.0,1.0,4.0,10.0,19.0,30.0,49.0,0.0,63.4805,48.975,54.0,58.0,63.0,69.0,73.0,79.0,0.0,13.9635,7.0,9.0,11.0,14.0,16.0,19.0,22.0,0.0
fit,2023-11-06,29,71,9758,76.7015,28.0,41.0,54.75,73.0,96.0,117.0,143.0,0.0,83.4675,66.0,72.0,77.0,83.0,90.0,96.0,102.0,0.0,77.5955,60.0,66.0,71.0,77.0,84.0,89.10000000000014,95.0,0.0
fit,2023-11-06,30,169,9758,122.763,56.0,76.9,95.0,118.0,147.0,177.0,211.0,0.0,197.091,171.0,180.0,188.0,197.0,206.0,215.0,223.0,0.0,123.2515,102.0,109.0,116.0,123.0,131.0,137.0,146.0,0.0
fit,2023-11-06,31,24,9758,17.6565,1.0,3.0,7.0,14.0,24.0,38.0,57.0,0.0,73.5135,57.0,63.0,68.0,73.0,79.0,85.0,91.0,0.0,17.6855,10.0,12.0,15.0,17.0,20.0,23.0,26.024999999999864,0.0
fit,2023-11-06,32,49,9758,60.4845,19.0,28.0,41.0,57.0,76.25,96.0,123.0,0.0,82.508,65.0,71.0,76.0,82.0,89.0,94.0,101.0,0.0,59.636,45.0,50.0,54.0,60.0,65.0,70.0,76.0,0.0
fit,2023-11-06,33,15,9758,28.588,4.0,8.0,14.0,24.0,39.0,54.0,76.02499999999986,0.0,64.3275,49.0,54.0,59.0,64.0,70.0,75.0,81.0,0.0,28.772,19.0,22.0,25.0,29.0,32.0,36.0,40.0,0.0
fit,2023-11-06,34,69,9758,65.536,21.0,33.0,45.0,62.0,81.0,104.0,132.0,0.0,59.835,45.0,50.0,54.0,60.0,65.0,70.0,76.0,0.0,65.677,50.975,55.0,60.0,65.0,71.0,76.0,82.0,0.0
fit,2023-11-06,35,47,9758,49.7255,12.0,20.0,31.0,46.0,64.0,85.0,112.0,0.0,26.3165,17.0,20.0,23.0,26.0,30.0,33.0,37.0,0.0,49.548,36.0,41.0,45.0,50.0,54.0,59.0,63.0,0.0
fit,2023-11-06,36,410,9758,341.5285,228.0,260.0,294.0,338.0,384.0,427.10000000000014,478.0,0.0,490.0655,448.0,461.9,475.0,490.0,504.0,518.0,532.0249999999999,0.0,340.8715,305.0,318.0,328.0,341.0,354.0,364.0,376.0,0.0
fit,2023-11-06,37,3,9758,10.697,0.0,0.0,2.0,7.0,15.0,26.0,41.024999999999864,0.0,57.2435,43.0,48.0,52.0,57.0,62.0,67.0,72.0,0.0,10.6225,5.0,6.0,8.0,10.0,13.0,15.0,18.0,0.0
fit,2023-11-06,38,50,9758,36.637,7.0,13.0,21.0,33.0,47.0,65.0,91.0,0.0,57.6795,43.0,48.0,52.0,58.0,63.0,68.0,73.0,0.0,37.1705,26.0,30.0,33.0,37.0,41.0,45.0,49.0,0.0
fit,2023-11-06,39,101,9758,77.7475,30.0,43.0,55.0,73.0,95.0,120.0,150.0,0.0,77.6555,61.0,66.0,71.0,78.0,84.0,89.0,96.0,0.0,78.3365,61.0,67.0,73.0,78.0,84.0,89.10000000000014,96.0,0.0
fit,2023-11-13,0,2,9227,7.4475,0.0,0.0,1.0,4.0,11.0,19.0,34.0,0.0,16.7175,9.0,12.0,14.0,16.0,19.0,22.0,26.0,0.0,7.377,3.0,4.0,6.0,7.0,9.0,11.0,13.0,0.0
fit,2023-11-13,1,24,9227,28.482,4.0,9.0,15.0,24.5,38.0,54.0,76.0,0.0,51.956,38.0,43.0,47.0,52.0,57.0,61.0,67.0,0.0,28.6195,19.0,22.0,25.0,28.0,32.0,36.0,40.0,0.0
fit,2023-11-13,2,44,9227,57.4505,17.0,27.0,38.0,54.0,73.0,94.0,116.02499999999986,0.0,73.5725,56.0,63.0,68.0,73.0,79.0,85.0,91.0,0.0,56.2855,42.0,47.0,51.0,56.0,61.0,66.0,71.0,0.0
fit,2023-11-13,3,245,9227,249.726,150.0,182.0,212.0,246.0,283.0,324.0,373.02499999999986,0.0,307.125,272.0,285.0,296.0,307.0,319.0,329.0,341.02499999999986,0.0,248.896,218.975,229.0,239.0,248.0,259.0,268.0,280.0,0.0
fit,2023-11-13,4,59,9227,94.137,39.975,54.0,71.0,91.0,114.0,137.0,169.02499999999986,0.0,114.8435,94.0,101.0,108.0,115.0,122.0,129.0,136.0,0.0,95.321,76.0,83.0,89.0,95.0,102.0,108.0,114.0,0.0
fit,2023-11-13,5,123,9227,65.4685,22.0,33.0,45.0,61.0,83.0,104.0,133.0,0.0,81.511,65.0,70.0,75.0,81.0,87.0,93.0,100.0,0.0,65.4245,50.0,55.0,60.0,65.0,71.0,76.0,82.0,0.0
fit,2023-11-13,6,132,9227,123.205,60.0,77.0,95.0,119.0,147.0,174.0,208.0,0.0,119.125,99.0,106.0,112.0,119.0,126.0,133.0,140.0,0.0,123.244,102.0,109.0,116.0,123.0,130.0,137.0,144.0,0.0
fit,2023-11-13,7,108,9227,155.2865,83.0,103.0,126.0,152.0,181.0,211.0,244.02499999999986,0.0,99.789,81.0,87.0,93.0,100.0,107.0,112.0,119.02499999999986,0.0,155.3825,131.0,139.0,146.75,155.0,164.0,172.0,180.02499999999986,0.0
fit,2023-11-13,8,1282,9227,1234.926,1024.825,1089.0,1161.75,1233.0,1308.0,1379.0,1461.0,0.0,1035.5355,977.975,996.0,1014.0,1036.0,1056.0,1075.1000000000001,1096.0,0.0,1235.593,1171.975,1193.9,1213.0,1235.0,1258.0,1278.1000000000001,1303.0,0.0
fit,2023-11-13,9,3,9227,7.044,0.0,0.0,1.0,4.0,10.0,19.0,31.0,0.0,23.243,14.975000000000001,17.0,20.0,23.0,26.0,29.0,33.0,0.0,6.8165,2.0,4.0,5.0,7.0,8.0,10.0,12.0,0.0
fit,2023-11-13,10,140,9227,111.154,51.0,66.9,84.0,107.0,135.0,160.0,194.02499999999986,0.0,79.272,63.0,68.0,73.0,79.0,85.0,91.0,96.02499999999986,0.0,111.4065,91.0,98.0,104.0,111.0,118.0,125.0,133.0,0.0
fit,2023-11-13,11,1019,9227,900.841,711.975,776.0,828.0,897.0,969.0,1038.0,1109.0,0.0,840.139,785.0,806.0,822.0,840.0,859.0,875.0,893.0,0.0,901.2565,846.0,866.0,883.0,901.0,920.0,937.0,954.0249999999999,0.0
fit,2023-11-13,12,741,9227,735.2505,572.0,625.0,673.75,732.0,791.0,852.0,915.0249999999999,0.0,747.412,695.0,714.0,729.0,747.0,765.0,781.0,801.0,0.0,737.1965,686.975,703.0,719.0,737.0,755.0,772.0,789.0,0.0
fit,2023-11-13,13,1080,9227,1134.788,935.0,994.9,1057.0,1132.0,1212.0,1280.2000000000003,1362.0,0.0,841.944,787.0,806.9,822.0,842.0,861.0,879.0,897.0,0.0,1137.196,1074.0,1098.0,1115.75,1137.0,1158.0,1179.0,1198.0,0.0
fit,2023-11-13,14,1547,9227,1506.971,1275.975,1347.9,1421.0,1510.0,1591.25,1663.1000000000001,1742.0249999999999,0.0,1528.049,1458.975,1482.0,1503.0,1528.0,1552.0,1573.0,1598.0249999999999,0.0,1501.4505,1434.0,1457.0,1477.0,1501.0,1525.0,1547.0,1569.0,0.0
fit,2023-11-13,15,91,9227,76.143,29.0,41.0,53.0,73.0,93.0,117.0,146.0,0.0,65.432,50.0,55.0,60.0,65.0,71.0,76.0,83.0,0.0,75.743,59.0,64.0,70.0,76.0,82.0,87.0,94.0,0.0
fit,2023-11-13,16,59,9227,49.5085,13.0,22.0,31.0,45.0,63.25,83.0,108.0,0.0,80.0745,62.0,69.0,74.0,80.0,86.0,91.0,97.0,0.0,49.4195,36.0,40.0,45.0,49.0,54.0,58.0,64.0,0.0
fit,2023-11-13,17,661,9227,718.765,555.0,608.9,658.0,712.0,778.25,835.1000000000001,906.0,0.0,614.8385,569.975,584.0,598.75,615.0,630.0,646.1000000000001,664.0,0.0,720.358,670.0,687.9,703.0,720.0,737.0,753.0,769.0249999999999,0.0
fit,2023-11-13,18,73,9227,85.5985,34.975,48.0,62.0,82.0,105.0,127.0,156.0,0.0,93.04,75.0,81.0,86.0,93.0,99.0,105.10000000000014,112.0,0.0,85.5595,68.0,74.0,79.0,85.0,92.0,97.0,104.0,0.0
fit,2023-11-13,19,410,9227,475.4115,339.975,381.0,422.0,471.0,525.0,573.0,633.0249999999999,0.0,546.9785,505.0,518.0,532.0,547.0,563.0,577.0,592.0,0.0,476.277,436.0,449.0,461.0,476.0,491.0,505.0,519.0,0.0
fit,2023-11-13,20,4,9227,8.015,0.0,0.0,1.0,5.0,11.0,21.0,33.0,0.0,29.013,19.0,22.0,25.0,29.0,33.0,36.0,40.0,0.0,8.0605,3.0,5.0,6.0,8.0,10.0,12.0,14.0,0.0
fit,2023-11-13,21,42,9227,67.7575,23.975,36.0,47.0,65.0,84.0,106.0,131.0,0.0,35.845,25.0,28.0,32.0,36.0,40.0,44.0,48.0,0.0,67.852,52.0,57.0,62.0,68.0,74.0,79.0,84.0,0.0
fit,2023-11-13,22,130,9227,138.7025,67.975,88.0,109.0,134.0,164.25,193.0,230.0,0.0,111.2925,91.0,98.0,104.0,111.0,118.0,125.0,132.0,0.0,138.921,117.0,123.0,131.0,139.0,146.0,154.0,162.0,0.0
fit,2023-11-13,23,42,9227,24.9875,3.0,7.0,12.0,21.0,34.0,48.0,67.0,0.0,55.412,41.0,46.0,50.0,55.0,61.0,65.0,70.0,0.0,25.1725,16.0,19.0,22.0,25.0,28.0,31.100000000000136,35.0,0.0
fit,2023-11-13,24,12,9227,39.163,8.0,15.0,23.0,35.0,51.0,70.0,92.0,0.0,83.796,66.0,72.0,78.0,84.0,90.0,95.0,102.0,0.0,38.274,27.0,31.0,34.0,38.0,42.0,46.0,51.0,0.0
fit,2023-11-13,25,97,9227,112.6435,51.0,69.0,85.0,109.0,135.0,163.0,194.0,0.0,123.097,101.0,109.0,115.0,123.0,131.0,138.0,145.0,0.0,111.9885,91.0,98.0,104.0,112.0,119.0,126.0,133.0,0.0
fit,2023-11-13,26,68,9227,60.8045,21.0,29.900000000000006,42.0,58.0,76.25,95.0,123.02499999999986,0.0,97.431,78.0,85.0,91.0,97.0,104.0,110.0,117.0,0.0,60.1,47.0,50.0,55.0,60.0,65.0,70.0,76.0,0.0
fit,2023-11-13,27,79,9227,51.441,14.0,22.0,34.0,48.0,65.0,85.0,111.0,0.0,69.239,54.0,59.0,64.0,69.0,75.0,80.0,86.0,0.0,50.68,37.0,42.0,46.0,50.0,55.0,60.0,65.0,0.0
fit,2023-11-13,28,39,9227,21.216,1.0,4.0,9.0,17.0,29.0,43.0,64.02499999999986,0.0,60.4355,45.0,50.0,55.0,61.0,66.0,70.0,75.0,0.0,20.3565,12.0,15.0,17.0,20.0,23.0,26.0,30.0,0.0
fit,2023-11-13,29,70,9227,77.1695,29.0,41.0,55.0,73.0,96.25,119.0,144.04999999999973,0.0,78.2265,61.0,67.0,72.0,78.0,84.0,90.0,96.0,0.0,77.825,61.0,67.0,72.0,78.0,83.0,89.0,95.0,0.0
fit,2023-11-13,30,74,9227,124.1705,60.975,76.0,95.0,121.0,149.0,176.0,210.0,0.0,187.372,161.0,170.0,178.0,187.0,197.0,205.0,215.0,0.0,124.6605,102.975,111.0,117.0,124.0,132.0,139.0,147.0,0.0
fit,2023-11-13,31,1,9227,22.4615,2.0,5.0,10.0,18.0,30.0,44.0,65.0,0.0,69.145,54.975,59.0,64.0,69.0,75.0,80.0,85.02499999999986,0.0,22.6245,13.0,17.0,19.0,23.0,26.0,29.0,33.0,0.0
fit,2023-11-13,32,73,9227,60.054,17.0,28.0,40.0,57.0,77.0,96.0,120.02499999999986,0.0,78.25,61.0,67.0,72.0,78.0,84.0,90.0,97.0,0.0,59.2905,43.0,50.0,54.0,60.0,64.0,69.0,74.0,0.0
fit,2023-11-13,33,14,9227,20.005,1.0,4.0,9.0,16.0,28.0,40.0,61.0,0.0,60.771,46.0,51.0,55.0,61.0,66.0,71.0,77.0,0.0,20.1695,12.0,15.0,17.0,20.0,23.0,26.0,29.0,0.0
fit,2023-11-13,34,62,9227,68.28,25.0,35.0,47.0,65.0,84.0,106.0,131.0,0.0,56.571,42.0,47.0,51.75,56.0,61.0,66.0,72.0,0.0,67.907,53.0,57.0,62.0,68.0,73.0,79.0,85.0,0.0
fit,2023-11-13,35,44,9227,47.737,12.0,21.0,30.0,44.0,61.0,80.0,105.0,0.0,25.209,16.0,19.0,22.0,25.0,28.0,32.0,36.0,0.0,48.4855,35.0,39.900000000000006,43.0,48.0,53.0,58.0,63.0,0.0
fit,2023-11-13,36,383,9227,342.732,231.0,266.0,300.0,339.0,383.0,422.10000000000014,470.02499999999986,0.0,463.375,423.0,436.0,449.0,463.0,477.0,491.0,504.0,0.0,343.8115,308.0,320.0,331.0,344.0,356.0,368.0,381.0,0.0
fit,2023-11-13,37,8,9227,7.5795,0.0,0.0,1.0,4.0,10.0,20.0,37.0,0.0,54.1445,40.975,45.0,49.0,54.0,59.0,64.0,68.0,0.0,7.0555,2.0,4.0,5.0,7.0,9.0,10.0,13.0,0.0
fit,2023-11-13,38,41,9227,37.3335,8.0,14.0,21.0,34.0,49.0,66.0,86.02499999999986,0.0,54.8335,41.0,46.0,50.0,55.0,60.0,64.0,70.0,0.0,37.1345,26.0,29.0,33.0,37.0,41.0,45.0,49.0,0.0
fit,2023-11-13,39,101,9227,77.143,28.0,39.0,55.0,72.5,95.0,119.0,149.02499999999986,0.0,72.944,57.0,62.900000000000006,67.0,73.0,78.0,84.0,90.0,0.0,77.8085,61.0,66.0,72.0,78.0,84.0,89.0,95.0,0.0
fit,2023-11-20,0,3,7933,5.449,0.0,0.0,0.0,3.0,8.0,14.0,27.0,0.0,14.421,7.0,10.0,12.0,14.0,17.0,19.0,22.024999999999864,0.0,5.382,1.0,3.0,4.0,5.0,7.0,8.0,10.0,0.0
fit,2023-11-20,1,15,7933,22.7065,2.0,6.0,11.0,19.0,31.0,44.0,59.0,0.0,44.6005,32.0,36.0,40.0,44.5,49.0,53.0,58.0,0.0,22.9205,14.0,17.0,20.0,23.0,26.0,29.0,32.0,0.0
fit,2023-11-20,2,60,7933,39.2055,10.0,17.0,25.0,36.0,51.0,66.0,86.0,0.0,63.095,48.0,53.0,58.0,63.0,68.0,74.0,79.0,0.0,39.536,28.0,31.0,35.0,39.0,44.0,48.0,52.0,0.0
fit,2023-11-20,3,241,7933,210.6825,129.975,156.0,178.0,208.0,240.0,269.10000000000014,307.0,0.0,263.828,232.0,243.0,253.0,264.0,275.0,284.0,297.0,0.0,210.7495,183.0,192.0,201.0,211.0,221.0,229.0,239.0,0.0
fit,2023-11-20,4,47,7933,72.959,29.0,39.0,52.0,70.0,90.0,110.10000000000014,137.0,0.0,98.6865,80.0,86.0,92.0,98.0,105.0,112.0,119.0,0.0,73.241,57.0,63.0,67.0,73.0,79.0,84.0,90.0,0.0
fit,2023-11-20,5,77,7933,57.658,18.0,29.0,39.75,54.0,72.0,90.0,115.0,0.0,70.287,54.0,60.0,65.0,70.0,76.0,81.0,87.0,0.0,57.7455,43.0,48.0,53.0,58.0,63.0,67.0,73.0,0.0
fit,2023-11-20,6,100,7933,88.2525,40.975,53.0,67.0,86.0,106.0,128.0,155.0,0.0,102.531,83.0,89.9,96.0,102.0,109.0,115.0,122.0,0.0,88.6445,71.0,77.0,82.0,89.0,95.0,101.0,108.0,0.0
fit,2023-11-20,7,123,7933,127.2575,65.0,83.9,102.0,125.0,149.0,175.0,208.0,0.0,85.616,68.0,74.0,79.0,85.0,92.0,97.0,104.0,0.0,128.708,106.0,114.0,121.0,129.0,137.0,144.0,151.0,0.0
fit,2023-11-20,8,1014,7933,1089.5805,894.0,960.9,1020.0,1087.0,1159.0,1220.0,1295.0,0.0,890.389,836.975,855.0,871.0,890.0,910.0,925.0,945.0,0.0,1090.698,1030.0,1052.0,1071.0,1090.0,1111.0,1130.0,1152.0,0.0
fit,2023-11-20,9,5,7933,4.027,0.0,0.0,0.0,1.0,5.0,12.0,22.024999999999864,0.0,19.882,12.0,14.0,17.0,20.0,23.0,26.0,29.0,0.0,4.0995,1.0,2.0,3.0,4.0,5.0,7.0,8.0,0.0
fit,2023-11-20,10,122,7933,105.331,50.975,65.0,81.0,102.0,127.0,150.10000000000014,177.02499999999986,0.0,68.4535,53.0,58.0,63.0,68.0,74.0,79.0,84.0,0.0,104.8555,86.0,92.0,98.0,105.0,111.0,117.0,124.02499999999986,0.0
fit,2023-11-20,11,1029,7933,804.9375,646.0,696.0,743.0,802.0,863.0,917.0,979.0249999999999,0.0,722.7445,673.0,691.0,705.0,722.5,740.0,756.0,773.0,0.0,804.53,754.0,770.9,785.0,805.0,822.0,839.0,859.0249999999999,0.0
fit,2023-11-20,12,566,7933,650.9735,498.0,549.0,597.0,647.0,702.0,758.0,820.0249999999999,0.0,641.058,595.0,610.0,624.0,640.0,657.0,673.0,689.0,0.0,652.031,605.0,622.0,637.0,652.0,667.0,682.0,700.0249999999999,0.0
fit,2023-11-20,13,883,7933,985.413,806.0,865.0,920.0,984.0,1046.0,1109.0,1170.0249999999999,0.0,724.072,673.0,691.0,707.0,724.0,741.0,758.0,776.0,0.0,983.463,925.0,948.0,965.0,983.0,1002.0,1018.0,1040.0,0.0
fit,2023-11-20,14,1383,7933,1327.041,1127.975,1193.0,1253.0,1328.0,1397.0,1463.0,1541.0249999999999,0.0,1313.6155,1248.975,1270.0,1291.0,1315.0,1336.0,1355.0,1377.0249999999999,0.0,1325.036,1259.975,1282.0,1303.0,1326.0,1346.0,1369.0,1389.0249999999999,0.0
fit,2023-11-20,15,54,7933,64.0735,22.975,33.0,45.0,61.0,79.0,99.0,126.0,0.0,56.4525,42.0,47.0,51.0,56.0,61.0,66.0,71.02499999999986,0.0,63.787,48.0,54.0,59.0,64.0,69.0,74.0,79.0,0.0
fit,2023-11-20,16,53,7933,40.4345,10.0,17.0,25.0,37.0,52.0,68.0,90.02499999999986,0.0,68.9725,53.0,59.0,63.0,69.0,75.0,80.0,86.0,0.0,41.152,29.0,33.0,37.0,41.0,45.0,49.0,54.0,0.0
fit,2023-11-20,17,491,7933,611.897,466.0,512.0,557.0,608.0,663.0,712.0,767.0,0.0,528.82,485.975,501.0,514.0,528.0,543.0,558.0,573.0,0.0,610.2495,560.0,579.0,594.0,611.0,626.0,641.0,657.0,0.0
fit,2023-11-20,18,74,7933,73.4105,30.0,41.0,52.0,70.0,89.0,111.0,139.0,0.0,80.264,64.0,69.0,74.0,80.0,86.0,92.0,98.0,0.0,72.4745,56.0,62.0,66.75,72.0,78.0,84.0,91.0,0.0
fit,2023-11-20,19,345,7933,378.468,265.0,302.0,335.0,378.0,419.0,457.0,507.02499999999986,0.0,469.73,429.975,443.0,455.0,470.0,484.25,497.0,510.0,0.0,377.6025,341.0,354.0,365.0,377.0,391.0,402.0,415.0,0.0
fit,2023-11-20,20,6,7933,6.335,0.0,0.0,1.0,3.0,8.0,17.0,30.0,0.0,24.9605,16.0,19.0,22.0,25.0,28.0,31.0,35.024999999999864,0.0,6.3945,2.0,3.0,5.0,6.0,8.0,10.0,12.0,0.0
fit,2023-11-20,21,19,7933,52.0845,16.0,25.0,36.0,49.0,66.0,82.0,103.02499999999986,0.0,30.57,20.0,24.0,27.0,30.0,34.0,38.0,42.0,0.0,52.664,39.0,43.0,48.0,52.0,58.0,62.0,67.0,0.0
fit,2023-11-20,22,143,7933,108.164,52.0,67.0,84.0,105.0,129.0,153.0,182.02499999999986,0.0,95.484,77.0,83.0,89.0,95.0,102.0,108.0,115.0,0.0,108.4715,89.0,96.0,101.0,108.0,115.25,122.0,129.0,0.0
fit,2023-11-20,23,40,7933,26.932,4.0,8.0,15.0,24.0,36.0,50.0,68.0,0.0,47.82,36.0,39.0,43.0,48.0,53.0,57.0,61.0,0.0,26.8575,18.0,21.0,23.0,27.0,30.0,33.0,37.0,0.0
fit,2023-11-20,24,18,7933,24.1965,3.0,7.0,12.0,20.0,32.0,47.0,66.0,0.0,71.8965,56.975,61.900000000000006,66.0,72.0,77.0,83.0,89.0,0.0,24.027,15.0,18.0,21.0,24.0,27.0,31.0,35.0,0.0
fit,2023-11-20,25,99,7933,80.8425,34.0,46.0,60.0,78.0,98.0,120.0,146.0,0.0,105.641,87.0,92.0,99.0,106.0,112.0,118.0,125.0,0.0,81.1255,64.0,70.0,75.0,81.0,87.0,93.0,101.0,0.0
fit,2023-11-20,26,56,7933,54.367,17.0,27.0,37.0,52.0,68.0,84.0,106.0,0.0,83.807,66.0,72.0,77.0,84.0,90.0,96.0,103.0,0.0,53.664,41.0,45.0,49.0,53.0,58.25,63.0,69.0,0.0
fit,2023-11-20,27,78,7933,45.635,12.975000000000001,20.0,30.0,43.0,58.0,75.0,95.0,0.0,59.8705,45.0,50.0,55.0,60.0,65.0,70.0,76.0,0.0,46.027,34.0,37.900000000000006,42.0,46.0,50.0,54.100000000000136,60.0,0.0
fit,2023-11-20,28,51,7933,24.167,3.0,6.900000000000006,12.0,20.0,33.0,47.0,65.0,0.0,51.7565,39.0,43.0,47.0,52.0,56.0,61.0,66.0,0.0,24.0625,15.0,18.0,21.0,24.0,27.0,31.0,34.0,0.0
fit,2023-11-20,29,59,7933,61.9935,23.0,33.0,43.0,58.0,77.0,96.0,120.02499999999986,0.0,67.805,52.0,57.0,62.0,67.0,73.0,79.0,85.0,0.0,62.1355,47.0,52.0,57.0,62.0,67.0,72.0,78.0,0.0
fit,2023-11-20,30,103,7933,97.823,45.0,58.0,74.0,94.0,118.0,141.0,171.0,0.0,160.378,137.0,144.0,152.0,160.0,168.0,177.0,185.0,0.0,98.4465,78.0,86.0,92.0,98.0,105.0,111.0,117.0,0.0
fit,2023-11-20,31,0,7933,18.138,1.0,4.0,8.0,15.0,24.0,36.0,56.0,0.0,59.976,45.0,50.0,55.0,60.0,65.0,70.0,76.0,0.0,18.072,10.0,13.0,15.0,18.0,21.0,24.0,27.0,0.0
fit,2023-11-20,32,87,7933,58.824,20.0,30.0,41.0,56.0,74.0,91.0,113.02499999999986,0.0,67.613,52.0,57.0,62.0,67.0,73.0,79.0,84.0,0.0,58.4215,44.0,49.0,53.0,58.5,63.0,68.0,73.0,0.0
fit,2023-11-20,33,45,7933,17.7885,1.0,4.0,7.75,15.0,24.0,36.0,52.0,0.0,52.6645,39.0,43.0,47.0,53.0,58.0,62.0,68.0,0.0,17.69,10.0,12.0,15.0,18.0,20.0,23.0,26.0,0.0
fit,2023-11-20,34,26,7933,54.209,19.0,27.0,37.0,51.0,68.0,85.0,108.0,0.0,48.916,36.0,40.0,44.0,49.0,53.0,58.0,64.0,0.0,54.8615,41.0,45.0,50.0,55.0,60.0,64.10000000000014,70.02499999999986,0.0
fit,2023-11-20,35,32,7933,39.382,10.0,17.0,25.0,36.0,50.0,65.0,86.0,0.0,21.439,13.0,16.0,18.0,21.0,24.0,27.0,31.0,0.0,39.3635,28.0,31.900000000000006,35.0,39.0,44.0,47.0,52.0,0.0
fit,2023-11-20,36,295,7933,296.343,195.0,227.0,259.0,293.0,331.0,372.0,414.02499999999986,0.0,398.1745,360.0,373.0,385.0,398.0,411.0,424.0,436.0,0.0,297.318,266.0,276.0,286.0,297.0,308.0,319.0,331.0,0.0
fit,2023-11-20,37,6,7933,5.663,0.0,0.0,1.0,3.0,8.0,16.0,26.0,0.0,46.666,33.0,38.0,42.0,46.0,51.0,56.0,61.0,0.0,5.6545,2.0,3.0,4.0,6.0,7.0,9.0,11.0,0.0
fit,2023-11-20,38,30,7933,30.865,6.0,11.0,17.0,27.0,41.0,55.0,77.0,0.0,46.8955,34.0,38.0,42.0,47.0,51.0,56.0,61.0,0.0,30.0225,20.0,23.0,26.0,30.0,34.0,37.0,42.0,0.0
fit,2023-11-20,39,55,7933,69.49,26.0,37.0,51.0,66.0,85.0,105.10000000000014,130.0,0.0,63.148,48.0,53.0,58.0,63.0,69.0,73.0,78.0,0.0,70.8155,54.0,60.0,65.0,71.0,76.0,81.0,87.02499999999986,0.0
fit,2023-11-27,0,4,9125,4.615,0.0,0.0,0.0,2.0,6.0,14.0,25.0,0.0,16.538,9.0,11.0,14.0,16.0,19.0,22.0,25.0,0.0,4.71,1.0,2.0,3.0,4.0,6.0,8.0,10.0,0.0
fit,2023-11-27,1,29,9125,23.3735,2.0,6.0,11.0,19.0,31.0,48.0,67.02499999999986,0.0,51.748,38.0,43.0,47.0,52.0,57.0,61.0,66.0,0.0,23.464,14.0,17.0,20.0,23.0,27.0,30.0,34.0,0.0
fit,2023-11-27,2,23,9125,52.8425,15.975000000000001,24.0,34.0,49.5,67.0,87.0,112.02499999999986,0.0,72.986,57.0,62.0,67.0,73.0,78.0,84.0,90.0,0.0,52.7045,40.0,43.0,47.0,53.0,58.0,62.0,67.0,0.0
fit,2023-11-27,3,376,9125,238.9075,148.0,176.0,202.0,236.0,272.0,304.0,345.02499999999986,0.0,303.022,270.0,281.9,291.0,303.0,314.25,324.0,337.0,0.0,240.7735,211.0,221.0,230.0,241.0,251.0,260.0,273.0,0.0
fit,2023-11-27,4,52,9125,70.245,26.0,36.0,49.0,67.0,87.0,109.0,136.0,0.0,114.0565,94.0,101.0,107.0,114.0,121.0,127.10000000000014,136.0,0.0,70.312,54.0,60.0,65.0,70.0,76.0,81.0,86.0,0.0
fit,2023-11-27,5,74,9125,79.0995,31.0,43.0,58.0,75.0,97.0,119.0,152.02499999999986,0.0,80.9305,64.0,69.0,75.0,81.0,87.0,93.0,99.0,0.0,78.8475,62.0,68.0,73.0,78.0,85.0,91.0,98.0,0.0
fit,2023-11-27,6,105,9125,109.7035,47.0,63.900000000000006,83.0,107.0,133.0,156.0,197.0,0.0,117.8115,96.0,103.9,110.0,118.0,125.0,132.0,140.0,0.0,109.372,90.0,96.0,102.0,109.0,116.0,123.0,130.0,0.0
fit,2023-11-27,7,134,9125,144.4205,74.0,94.0,115.0,140.0,170.0,199.0,236.0,0.0,98.7855,79.0,86.0,92.0,99.0,105.0,112.0,119.0,0.0,143.265,120.0,128.0,135.0,143.0,151.0,159.0,167.0,0.0
fit,2023-11-27,8,1399,9125,1234.6815,1030.95,1095.0,1158.0,1233.0,1310.25,1375.1000000000001,1457.0499999999997,0.0,1024.804,967.0,987.0,1005.0,1025.0,1044.0,1063.0,1081.0,0.0,1236.683,1173.975,1193.0,1215.0,1236.0,1259.0,1279.0,1302.0249999999999,0.0
fit,2023-11-27,9,7,9125,4.2795,0.0,0.0,0.0,1.0,5.0,12.0,25.0,0.0,22.733,14.0,17.0,19.0,23.0,26.0,29.0,32.0,0.0,4.358,1.0,2.0,3.0,4.0,6.0,7.0,9.0,0.0
fit,2023-11-27,10,84,9125,133.616,68.0,85.0,105.0,129.0,159.0,187.0,219.0,0.0,78.689,62.0,68.0,73.0,78.0,84.0,90.0,96.02499999999986,0.0,132.8375,110.0,119.0,125.0,133.0,141.0,147.0,155.0,0.0
fit,2023-11-27,11,1070,9125,1004.266,805.975,872.0,930.75,1000.0,1073.0,1142.0,1225.0,0.0,831.458,780.0,796.0,813.0,831.0,851.0,866.0,885.0,0.0,1002.9065,947.0,964.0,982.0,1003.0,1023.0,1042.0,1062.0,0.0
fit,2023-11-27,12,711,9125,720.5755,557.95,605.9,655.0,717.0,783.0,845.0,907.0749999999996,0.0,738.2755,689.0,705.0,721.0,738.0,755.0,771.0,790.0,0.0,720.393,672.975,687.9,703.0,721.0,737.0,752.0,769.0,0.0
fit,2023-11-27,13,1188,9125,1101.3525,902.95,962.9,1025.0,1101.0,1173.0,1240.0,1316.0,0.0,832.045,776.0,797.0,814.0,832.0,851.0,866.0,887.0,0.0,1101.2835,1042.0,1062.0,1079.0,1101.0,1122.0,1141.0,1165.0,0.0
fit,2023-11-27,14,1742,9125,1505.649,1278.95,1355.0,1423.0,1501.5,1586.0,1659.1000000000001,1749.0249999999999,0.0,1510.9195,1443.95,1466.0,1487.0,1511.0,1534.0,1558.0,1581.0,0.0,1504.622,1433.0,1459.0,1481.0,1505.0,1529.0,1548.0,1575.0,0.0
fit,2023-11-27,15,23,9125,76.2855,29.0,41.0,54.0,72.0,94.25,118.0,144.0,0.0,64.9685,49.0,55.0,59.0,65.0,70.0,75.0,82.0,0.0,75.0695,59.0,64.0,69.0,75.0,81.0,87.0,93.02499999999986,0.0
fit,2023-11-27,16,14,9125,56.0295,18.0,27.0,37.0,53.0,71.0,89.0,116.0,0.0,78.9155,62.0,67.0,73.0,79.0,85.0,91.0,97.0,0.0,55.773,42.0,46.0,51.0,56.0,61.0,65.10000000000014,71.0,0.0
fit,2023-11-27,17,496,9125,673.709,513.95,562.0,611.0,671.0,731.25,786.1000000000001,843.0249999999999,0.0,608.1065,562.975,577.0,591.0,608.0,624.25,639.0,657.0,0.0,673.477,625.0,641.0,656.0,674.0,691.0,706.0,724.0,0.0
fit,2023-11-27,18,38,9125,86.879,35.0,49.0,63.0,83.0,107.0,129.0,160.0,0.0,92.612,75.0,80.0,86.0,93.0,99.0,105.0,111.02499999999986,0.0,87.2805,69.0,75.0,81.0,87.0,93.0,99.0,107.0,0.0
fit,2023-11-27,19,393,9125,423.527,296.975,335.0,373.75,420.0,472.0,518.0,574.0249999999999,0.0,541.006,499.0,512.0,526.0,541.0,556.0,570.0,584.0,0.0,425.4225,384.975,399.0,412.0,426.0,439.0,452.0,463.02499999999986,0.0
fit,2023-11-27,20,6,9125,7.3055,0.0,0.0,1.0,4.0,10.0,18.0,34.0,0.0,28.791,19.0,22.0,25.0,29.0,32.0,36.0,40.0,0.0,7.5475,3.0,4.0,5.0,7.0,9.0,11.0,13.0,0.0
fit,2023-11-27,21,5,9125,49.81,14.0,22.0,32.0,46.0,63.0,83.0,110.0,0.0,35.2455,24.975,28.0,31.0,35.0,39.0,43.0,48.0,0.0,49.4715,36.0,41.0,45.0,49.0,54.0,59.0,63.0,0.0
fit,2023-11-27,22,68,9125,128.501,64.0,81.0,100.0,125.0,153.0,180.0,213.02499999999986,0.0,110.0645,91.0,97.0,103.0,110.0,117.0,124.0,131.0,0.0,129.6715,108.0,116.0,122.0,129.0,137.0,144.0,153.0,0.0
fit,2023-11-27,23,43,9125,35.0165,6.0,12.0,20.0,31.0,46.0,63.0,86.0,0.0,54.8255,40.975,45.0,50.0,54.5,60.0,64.0,70.0,0.0,34.895,24.0,28.0,31.0,35.0,39.0,43.0,47.0,0.0
fit,2023-11-27,24,12,9125,26.533,4.0,8.0,13.0,22.0,36.0,51.0,72.0,0.0,82.3065,65.0,71.0,76.0,82.0,88.0,94.0,101.0,0.0,26.8885,17.0,20.0,23.0,27.0,30.0,34.0,38.0,0.0
fit,2023-11-27,25,124,9125,100.8205,44.0,59.0,77.0,97.0,122.0,147.0,178.02499999999986,0.0,121.776,101.0,108.0,114.0,122.0,129.0,136.0,144.0,0.0,100.918,83.0,89.0,94.0,101.0,107.0,113.0,121.0,0.0
fit,2023-11-27,26,14,9125,68.61,23.0,35.0,48.0,66.0,85.0,107.0,135.0,0.0,96.0855,77.0,84.0,89.0,96.0,102.0,109.0,115.0,0.0,66.6295,51.0,56.0,61.0,67.0,72.0,77.0,83.02499999999986,0.0
fit,2023-11-27,27,53,9125,62.5935,20.0,31.0,43.0,59.0,79.0,100.0,124.0,0.0,68.8545,53.0,59.0,63.0,69.0,74.0,80.0,85.0,0.0,62.748,47.0,53.0,57.0,62.5,68.0,73.0,78.0,0.0
fit,2023-11-27,28,29,9125,38.7815,7.975000000000001,14.0,23.0,34.0,51.0,70.0,91.0,0.0,59.2385,44.975,49.0,54.0,59.0,65.0,69.0,75.0,0.0,38.6545,27.0,30.0,34.0,38.5,43.0,47.0,52.0,0.0
fit,2023-11-27,29,114,9125,67.3555,23.0,34.0,47.0,63.0,83.0,107.0,134.0,0.0,78.406,62.0,67.0,72.0,78.0,84.0,90.0,96.0,0.0,67.614,52.0,57.0,62.0,68.0,73.0,78.0,84.0,0.0
fit,2023-11-27,30,86,9125,110.381,49.0,67.0,85.0,107.0,132.0,159.0,190.0,0.0,184.143,159.0,168.0,175.0,184.0,193.0,201.0,211.0,0.0,109.5955,89.0,96.0,102.0,109.0,116.25,123.0,131.0,0.0
fit,2023-11-27,31,5,9125,14.42,0.0,2.0,5.0,11.0,21.0,31.0,48.0,0.0,68.6065,53.0,58.0,63.0,68.0,74.0,79.10000000000014,85.0,0.0,14.8585,8.0,10.0,12.0,15.0,17.0,20.0,23.0,0.0
fit,2023-11-27,32,81,9125,69.081,24.0,36.0,48.0,66.0,86.0,105.0,134.0,0.0,77.1355,60.0,66.0,71.0,77.0,83.0,88.0,95.0,0.0,69.5715,54.0,59.0,64.0,70.0,75.0,80.0,85.0,0.0
fit,2023-11-27,33,14,9125,24.8375,3.0,7.0,12.0,21.0,34.0,49.0,67.0,0.0,60.466,45.975,51.0,55.0,60.0,65.0,70.0,76.0,0.0,24.718,16.0,18.900000000000006,21.0,24.0,28.0,31.0,35.0,0.0
fit,2023-11-27,34,14,9125,58.9135,18.0,28.0,39.0,55.5,75.0,94.0,119.02499999999986,0.0,55.781,41.0,46.0,51.0,56.0,61.0,65.0,71.0,0.0,58.853,44.0,49.0,53.0,59.0,64.0,69.0,75.0,0.0
fit,2023-11-27,35,31,9125,44.3945,11.0,19.0,27.0,41.0,58.0,76.0,100.0,0.0,24.732,15.0,18.0,21.0,25.0,28.0,31.0,35.0,0.0,44.441,32.0,36.0,40.0,44.0,49.0,53.0,59.0,0.0
fit,2023-11-27,36,403,9125,344.2205,236.975,268.0,301.0,340.0,383.0,425.0,475.0,0.0,457.8445,418.0,432.0,444.0,458.0,472.0,485.0,498.02499999999986,0.0,344.1985,309.0,321.0,332.0,344.0,356.25,369.0,380.0,0.0
fit,2023-11-27,37,0,9125,7.1295,0.0,0.0,1.0,4.0,10.0,19.0,34.0,0.0,53.4985,40.0,44.0,48.0,53.0,58.0,63.0,68.0,0.0,6.926,2.0,4.0,5.0,7.0,9.0,10.0,13.0,0.0
fit,2023-11-27,38,11,9125,37.964,7.0,14.0,22.0,34.0,50.0,67.0,89.0,0.0,54.1015,40.0,44.0,49.0,54.0,59.0,64.0,69.0,0.0,38.0835,27.0,30.900000000000006,34.0,38.0,42.0,46.0,50.0,0.0
fit,2023-11-27,39,50,9125,84.2745,35.0,47.900000000000006,61.0,80.0,104.0,127.0,154.0,0.0,72.6875,56.0,62.0,67.0,73.0,78.0,84.0,91.0,0.0,85.162,68.0,74.0,79.0,85.0,91.0,97.0,103.0,0.0
fit,2023-12-04,0,0,9566,4.4535,0.0,0.0,0.0,2.0,5.0,13.0,25.024999999999864,0.0,17.558,10.0,12.0,15.0,17.0,20.0,23.0,26.0,0.0,4.219,1.0,2.0,3.0,4.0,6.0,7.0,9.0,0.0
fit,2023-12-04,1,29,9566,23.9355,2.0,6.0,11.0,20.0,32.0,48.0,67.02499999999986,0.0,53.7195,39.975,44.0,49.0,54.0,59.0,63.0,69.0,0.0,23.906,15.0,18.0,20.0,24.0,27.0,30.0,34.0,0.0
fit,2023-12-04,2,19,9566,50.7465,14.0,23.0,31.75,47.0,65.0,84.0,112.02499999999986,0.0,75.841,58.0,65.0,70.0,75.5,82.0,88.0,94.0,0.0,50.296,37.0,42.0,46.0,50.0,55.0,60.0,64.0,0.0
fit,2023-12-04,3,275,9566,282.5625,176.0,209.0,242.0,281.0,321.0,360.0,408.02499999999986,0.0,318.1085,283.0,296.0,307.0,319.0,329.0,340.0,351.0,0.0,284.679,253.0,264.0,274.0,284.0,296.0,306.0,318.0,0.0
fit,2023-12-04,4,68,9566,68.2255,22.0,34.0,47.0,65.0,85.0,108.0,135.0,0.0,119.4445,99.0,105.9,112.0,119.0,127.0,134.0,142.0,0.0,68.4635,52.0,58.0,62.0,68.0,74.0,79.10000000000014,86.0,0.0
fit,2023-12-04,5,121,9566,89.754,35.0,51.0,66.0,87.0,109.0,134.0,165.02499999999986,0.0,84.9575,67.0,73.0,79.0,85.0,91.0,97.0,104.0,0.0,89.797,72.0,78.0,83.0,90.0,96.0,102.0,109.0,0.0
fit,2023-12-04,6,88,9566,121.1555,57.975,74.0,92.0,118.0,146.0,174.0,205.02499999999986,0.0,123.215,102.0,109.0,116.0,123.0,130.0,138.0,144.0,0.0,120.5345,100.0,107.0,113.0,120.0,128.0,134.0,142.0,0.0
fit,2023-12-04,7,127,9566,148.323,77.0,95.0,118.0,144.5,173.0,203.0,245.02499999999986,0.0,103.0455,85.0,91.0,96.0,103.0,110.0,116.0,123.0,0.0,149.09,126.975,133.0,141.0,149.0,157.0,165.0,173.0,0.0
fit,2023-12-04,8,1357,9566,1316.145,1095.975,1166.9,1232.75,1312.5,1395.0,1469.0,1556.0249999999999,0.0,1074.871,1014.975,1035.0,1054.0,1076.0,1095.0,1114.1000000000001,1138.0,0.0,1316.2745,1249.975,1273.0,1292.0,1315.0,1339.0,1362.0,1386.0,0.0
fit,2023-12-04,9,7,9566,5.5375,0.0,0.0,0.0,2.0,7.0,15.100000000000136,29.0,0.0,23.914,15.0,17.0,20.0,24.0,27.0,30.0,35.0,0.0,5.214,1.0,2.0,4.0,5.0,7.0,8.0,10.0,0.0
fit,2023-12-04,10,167,9566,133.9755,66.0,85.0,105.0,130.0,159.0,189.0,220.0,0.0,82.4295,65.0,71.0,76.0,83.0,88.0,94.0,101.0,0.0,135.6665,114.0,122.0,128.0,135.5,143.0,150.0,158.0,0.0
fit,2023-12-04,11,1021,9566,1093.67,885.975,955.0,1016.0,1089.0,1168.0,1239.1000000000001,1325.0,0.0,871.4615,818.0,835.0,853.0,871.0,890.0,908.0,929.0,0.0,1095.405,1038.0,1057.0,1074.0,1096.0,1116.0,1134.0,1154.0,0.0
fit,2023-12-04,12,866,9566,749.923,576.0,628.0,687.0,748.0,814.0,868.1000000000001,939.0749999999996,0.0,774.506,722.975,740.0,757.0,775.0,792.0,809.1000000000001,828.0,0.0,750.6795,698.975,716.0,732.0,750.0,770.0,784.0,804.0,0.0
fit,2023-12-04,13,1081,9566,1153.1965,939.975,1004.0,1069.75,1150.0,1229.0,1309.0,1397.0499999999997,0.0,872.929,818.0,838.0,855.0,873.0,891.0,908.0,930.0,0.0,1152.2515,1093.0,1112.0,1132.0,1152.0,1173.0,1191.0,1211.0249999999999,0.0
fit,2023-12-04,14,1836,9566,1609.6115,1356.0,1449.0,1525.0,1608.0,1696.0,1773.0,1862.0,0.0,1584.422,1513.0,1536.0,1559.0,1584.0,1610.0,1632.0,1656.0249999999999,0.0,1610.573,1538.975,1564.0,1586.0,1612.0,1635.0,1655.0,1681.0,0.0
fit,2023-12-04,15,87,9566,65.7155,22.0,33.0,45.0,62.0,82.0,103.0,133.0,0.0,67.968,52.0,58.0,62.0,68.0,73.0,78.0,85.0,0.0,65.258,50.0,55.0,60.0,65.0,71.0,75.0,81.0,0.0
fit,2023-12-04,16,24,9566,46.7415,12.0,19.0,30.0,43.0,61.0,78.10000000000014,103.0,0.0,82.95,65.0,71.0,77.0,83.0,89.0,95.0,102.0,0.0,46.9475,34.0,38.0,42.0,47.0,51.0,55.0,60.0,0.0
fit,2023-12-04,17,549,9566,650.002,483.0,540.0,592.0,647.0,705.25,764.0,831.0,0.0,636.7435,588.975,605.0,620.0,637.0,654.0,668.0,685.0,0.0,649.623,603.975,618.0,634.0,649.0,666.0,681.0,698.0,0.0
fit,2023-12-04,18,64,9566,72.6455,24.0,38.0,51.0,69.0,91.0,111.10000000000014,137.0,0.0,96.403,77.0,83.0,89.0,96.0,103.0,109.10000000000014,117.0,0.0,73.4005,57.0,63.0,67.0,73.0,79.0,85.0,91.0,0.0
fit,2023-12-04,19,433,9566,440.361,312.95,349.0,390.0,437.0,488.0,535.0,591.0249999999999,0.0,566.6615,521.0,538.0,551.0,566.0,582.0,595.0,613.0,0.0,441.124,401.0,415.0,427.0,441.0,456.0,467.0,483.02499999999986,0.0
fit,2023-12-04,20,0,9566,6.938,0.0,0.0,1.0,4.0,9.0,18.0,34.0,0.0,30.2305,20.0,23.0,26.0,30.0,34.0,37.0,41.024999999999864,0.0,7.196,2.0,4.0,5.0,7.0,9.0,11.0,13.0,0.0
fit,2023-12-04,21,30,9566,38.167,7.0,13.0,22.0,35.0,51.0,67.0,89.0,0.0,36.68,25.0,29.0,33.0,36.0,41.0,44.0,49.0,0.0,38.152,26.0,30.0,34.0,38.0,43.0,46.0,50.0,0.0
fit,2023-12-04,22,41,9566,126.108,59.975,78.0,96.0,122.0,150.25,181.0,217.02499999999986,0.0,115.605,95.0,102.0,108.0,115.0,123.0,129.0,136.0,0.0,124.426,103.0,110.0,117.0,125.0,132.0,139.0,146.0,0.0
fit,2023-12-04,23,24,9566,42.7555,11.0,17.0,26.0,38.0,55.0,75.0,100.02499999999986,0.0,57.2335,42.0,47.0,52.0,57.0,62.25,67.0,73.0,0.0,43.2095,31.0,35.0,39.0,43.0,48.0,52.0,56.0,0.0
fit,2023-12-04,24,17,9566,21.2185,1.0,5.0,9.0,18.0,29.0,42.0,62.0,0.0,87.0825,68.0,75.0,81.0,87.0,93.0,98.0,106.0,0.0,21.4485,13.0,16.0,18.0,21.0,24.0,27.0,31.0,0.0
fit,2023-12-04,25,107,9566,115.044,53.975,71.0,88.0,111.0,138.0,166.10000000000014,201.0,0.0,127.518,106.975,113.0,120.0,127.0,135.0,142.0,150.0,0.0,115.896,95.0,102.0,109.0,116.0,123.0,130.0,137.0,0.0
fit,2023-12-04,26,68,9566,58.4525,18.0,28.900000000000006,39.0,54.0,74.0,95.0,120.0,0.0,100.744,82.0,88.0,94.0,100.0,107.0,114.0,120.0,0.0,58.4485,44.0,49.0,53.0,58.0,63.0,68.0,74.0,0.0
fit,2023-12-04,27,26,9566,67.831,23.0,34.0,47.0,64.0,85.0,107.0,137.0,0.0,71.7755,56.0,61.0,66.0,72.0,78.0,82.0,89.0,0.0,67.5975,52.0,57.0,62.0,67.0,73.0,78.0,85.0,0.0
fit,2023-12-04,28,5,9566,46.21,11.0,19.0,29.0,42.0,60.0,79.0,104.0,0.0,62.1545,47.0,52.0,57.0,62.0,67.0,72.0,79.0,0.0,45.4265,33.0,37.0,41.0,45.0,50.0,54.0,59.0,0.0
fit,2023-12-04,29,76,9566,83.792,30.975,46.0,61.0,80.0,104.0,127.0,155.02499999999986,0.0,82.047,65.0,71.0,75.0,82.0,88.0,94.0,101.0,0.0,83.6065,66.0,72.0,78.0,83.0,90.0,95.0,101.0,0.0
fit,2023-12-04,30,73,9566,115.995,54.0,71.0,89.0,111.0,139.0,168.0,203.02499999999986,0.0,193.304,167.975,176.0,184.0,193.0,203.0,211.0,220.0,0.0,114.577,93.0,101.0,107.0,114.0,122.0,129.0,137.0,0.0
fit,2023-12-04,31,4,9566,8.3485,0.0,0.0,1.0,5.0,12.0,21.0,37.0,0.0,71.926,55.0,61.0,66.0,72.0,78.0,83.0,89.0,0.0,8.238,3.0,5.0,6.0,8.0,10.0,12.0,14.0,0.0
fit,2023-12-04,32,137,9566,76.8535,26.975,40.0,54.0,74.0,95.0,118.0,150.0,0.0,81.1795,64.0,69.0,75.0,81.0,87.0,93.0,99.0,0.0,77.349,61.0,66.0,71.0,77.0,83.0,88.0,95.0,0.0
fit,2023-12-04,33,43,9566,23.7385,2.0,6.0,11.0,20.0,32.0,47.0,67.0,0.0,63.456,48.0,53.0,58.0,63.0,69.0,74.0,79.0,0.0,23.611,15.0,18.0,20.0,23.0,27.0,30.0,34.0,0.0
fit,2023-12-04,34,79,9566,46.205,11.0,19.0,28.0,42.0,59.0,79.0,106.02499999999986,0.0,58.2995,43.0,48.0,53.0,58.0,64.0,68.0,74.0,0.0,45.813,33.0,37.0,41.0,46.0,51.0,55.0,60.0,0.0
fit,2023-12-04,35,71,9566,40.0015,8.0,15.0,24.0,37.0,53.0,70.0,92.0,0.0,25.7125,16.0,19.0,22.0,26.0,29.0,32.0,37.0,0.0,40.9525,29.0,33.0,37.0,41.0,45.0,49.0,54.0,0.0
fit,2023-12-04,36,435,9566,399.721,272.0,312.9,352.0,395.0,445.0,491.0,544.0,0.0,480.9625,440.975,454.0,466.0,481.0,495.0,508.0,522.0,0.0,395.068,357.0,370.0,381.0,394.0,408.0,422.0,435.0,0.0
fit,2023-12-04,37,2,9566,4.7285,0.0,0.0,0.0,2.0,6.0,13.0,30.0,0.0,55.9095,42.0,47.0,51.0,56.0,61.0,65.0,71.0,0.0,4.7735,1.0,2.0,3.0,5.0,6.0,8.0,9.024999999999864,0.0
fit,2023-12-04,38,45,9566,35.2815,7.0,12.0,20.0,31.0,47.0,63.0,83.02499999999986,0.0,56.6985,43.0,47.0,52.0,57.0,62.0,66.0,71.02499999999986,0.0,35.0435,24.0,28.0,31.0,35.0,39.0,43.0,47.0,0.0
fit,2023-12-04,39,64,9566,81.93,29.975,43.0,58.0,78.0,101.0,126.0,156.02499999999986,0.0,76.333,60.0,65.0,70.0,76.0,82.0,87.0,94.0,0.0,81.7655,64.975,70.0,76.0,82.0,88.0,93.0,100.0,0.0
fit,2023-12-11,0,15,9789,2.6705,0.0,0.0,0.0,0.0,3.0,8.0,21.0,0.0,17.8635,10.0,13.0,15.0,18.0,21.0,24.0,27.0,0.0,2.7825,0.0,1.0,2.0,3.0,4.0,5.0,6.024999999999864,0.0
fit,2023-12-11,1,37,9789,27.0275,3.0,7.0,13.0,23.0,36.0,51.0,74.0,0.0,55.4055,42.0,46.0,51.0,55.0,60.0,65.0,70.0,0.0,26.618,17.0,20.0,23.0,26.0,30.0,33.0,37.0,0.0
fit,2023-12-11,2,13,9789,39.965,7.0,15.0,23.0,36.0,53.0,70.0,96.0,0.0,78.023,61.0,67.0,72.0,78.0,84.0,89.0,96.0,0.0,40.065,28.0,32.0,36.0,40.0,44.0,48.0,53.0,0.0
fit,2023-12-11,3,322,9789,309.507,200.0,232.0,264.0,306.0,348.0,389.0,444.02499999999986,0.0,325.7665,292.0,303.0,314.0,326.0,337.0,349.0,360.0,0.0,310.367,277.0,288.0,299.0,311.0,322.0,332.10000000000014,344.0,0.0
fit,2023-12-11,4,59,9789,62.333,19.0,29.900000000000006,41.0,58.0,78.0,104.0,129.02499999999986,0.0,122.2795,101.0,108.0,115.0,122.0,129.0,137.0,145.0,0.0,62.024,47.0,52.0,57.0,62.0,67.0,72.0,78.0,0.0
fit,2023-12-11,5,106,9789,108.854,48.0,64.0,82.0,105.0,132.0,157.0,194.0,0.0,86.854,69.0,75.0,81.0,86.0,93.0,99.0,106.0,0.0,107.726,88.0,95.0,101.0,108.0,115.0,121.0,127.02499999999986,0.0
fit,2023-12-11,6,89,9789,116.821,52.975,71.0,89.0,114.0,139.0,168.0,200.0,0.0,126.208,104.0,113.0,119.0,126.0,133.0,141.0,149.0,0.0,115.737,95.0,103.0,109.0,116.0,122.0,129.0,137.0,0.0
fit,2023-12-11,7,99,9789,136.3465,65.0,85.0,106.0,133.0,161.0,192.0,228.0,0.0,105.362,86.0,92.0,98.0,105.0,112.0,119.0,127.0,0.0,134.465,112.975,120.0,127.0,134.0,142.0,149.0,157.0,0.0
fit,2023-12-11,8,1314,9789,1380.55,1141.0,1221.9,1293.0,1376.0,1462.0,1541.0,1633.0249999999999,0.0,1100.028,1038.0,1061.0,1079.0,1098.0,1119.0,1142.0,1164.0,0.0,1377.9775,1310.0,1333.0,1354.0,1378.0,1401.0,1423.0,1447.0,0.0
fit,2023-12-11,9,8,9789,5.983,0.0,0.0,0.0,2.0,8.0,16.0,32.0,0.0,24.5075,15.0,18.0,21.0,24.0,28.0,31.0,35.0,0.0,6.284,2.0,3.0,5.0,6.0,8.0,9.100000000000136,11.0,0.0
fit,2023-12-11,10,195,9789,140.538,72.0,89.0,110.0,137.0,166.0,196.10000000000014,239.0,0.0,84.1445,66.0,73.0,78.0,84.0,90.0,96.0,103.0,0.0,140.135,118.0,125.0,132.0,140.0,148.0,155.0,163.0,0.0
fit,2023-12-11,11,907,9789,1127.7625,910.975,987.0,1053.75,1123.0,1202.0,1269.0,1358.0,0.0,891.8075,839.0,856.0,872.0,891.0,911.0,928.0,950.0249999999999,0.0,1129.161,1068.0,1088.0,1108.0,1129.0,1151.0,1169.0,1191.0,0.0
fit,2023-12-11,12,780,9789,785.3595,604.975,670.0,722.0,779.0,849.25,910.1000000000001,984.0,0.0,793.0235,742.0,759.0,774.0,792.0,811.0,829.0,849.0,0.0,786.9075,735.975,753.0,768.0,787.0,805.0,822.0,841.0,0.0
fit,2023-12-11,13,1094,9789,1155.219,946.975,1011.9,1076.0,1153.0,1231.0,1303.0,1375.0249999999999,0.0,892.171,835.975,856.0,872.0,891.0,911.0,930.0,947.0,0.0,1154.895,1095.0,1115.0,1134.0,1155.0,1177.0,1195.1000000000001,1217.0,0.0
fit,2023-12-11,14,1827,9789,1773.7275,1520.0,1596.9,1682.0,1774.0,1863.0,1955.0,2047.0,0.0,1619.1995,1546.95,1573.0,1594.0,1619.0,1645.0,1666.0,1689.0,0.0,1774.9645,1700.975,1726.0,1751.0,1774.0,1800.25,1824.0,1850.0,0.0
fit,2023-12-11,15,109,9789,68.898,23.0,35.0,48.0,65.0,86.0,108.10000000000014,140.0,0.0,69.6865,53.0,59.0,64.0,69.0,75.0,81.0,87.0,0.0,69.9785,54.0,59.0,64.0,70.0,76.0,81.0,86.0,0.0
fit,2023-12-11,16,24,9789,41.2765,8.975000000000001,15.0,24.0,37.0,54.0,72.10000000000014,92.0,0.0,85.112,67.0,73.0,79.0,85.0,91.0,97.0,104.0,0.0,41.3445,29.0,33.0,37.0,41.0,46.0,50.0,54.0,0.0
fit,2023-12-11,17,472,9789,597.9995,449.0,494.0,542.0,594.0,649.0,700.0,777.0249999999999,0.0,651.612,604.0,619.0,634.0,651.0,669.0,684.0,702.0,0.0,598.966,552.0,569.0,583.0,599.0,615.0,630.0,645.0,0.0
fit,2023-12-11,18,66,9789,68.5855,23.0,34.0,47.0,64.0,87.0,108.0,138.0,0.0,99.2195,80.0,87.0,92.0,99.0,106.0,112.0,121.0,0.0,68.4145,52.975,58.0,63.0,68.0,74.0,79.0,85.0,0.0
fit,2023-12-11,19,462,9789,432.627,299.975,340.9,379.0,429.0,481.0,531.0,589.0,0.0,580.6005,535.0,551.0,565.0,581.0,597.0,611.0,627.0249999999999,0.0,431.497,392.0,406.0,417.75,431.0,445.0,458.0,471.0,0.0
fit,2023-12-11,20,2,9789,4.6965,0.0,0.0,0.0,2.0,6.0,13.100000000000136,25.0,0.0,30.8675,21.0,24.0,27.0,31.0,34.0,38.0,42.0,0.0,4.59,1.0,2.0,3.0,4.0,6.0,7.0,9.0,0.0
fit,2023-12-11,21,11,9789,27.0775,3.0,7.0,13.0,23.0,36.0,53.0,75.0,0.0,37.846,26.0,30.0,33.0,38.0,42.0,46.0,51.0,0.0,26.44,16.0,20.0,23.0,26.0,30.0,33.0,37.0,0.0
fit,2023-12-11,22,42,9789,104.1015,44.0,60.0,77.0,99.0,126.0,154.0,191.0,0.0,118.252,99.0,105.0,111.0,118.0,125.0,132.0,140.0,0.0,104.3895,85.0,91.0,97.0,104.0,111.0,118.0,125.02499999999986,0.0
fit,2023-12-11,23,31,9789,40.9615,7.975000000000001,15.0,24.75,37.0,54.0,72.0,98.0,0.0,58.789,44.0,49.0,54.0,59.0,64.0,69.0,74.02499999999986,0.0,40.9935,29.0,33.0,36.0,41.0,45.0,49.0,54.0,0.0
fit,2023-12-11,24,46,9789,16.5375,0.0,2.0,6.0,13.0,23.0,35.0,57.0,0.0,88.633,71.0,76.0,82.0,89.0,95.0,101.0,107.0,0.0,16.3275,9.0,11.0,14.0,16.0,19.0,21.0,25.0,0.0
fit,2023-12-11,25,164,9789,115.053,53.0,69.0,85.75,110.0,140.0,167.0,202.04999999999973,0.0,130.9275,108.0,116.0,123.0,131.0,138.0,145.10000000000014,154.0,0.0,117.0215,97.0,104.0,110.0,117.0,124.0,131.0,139.0,0.0
fit,2023-12-11,26,122,9789,56.7585,16.0,26.0,37.0,53.0,72.0,92.0,124.0,0.0,103.817,84.0,91.0,97.0,104.0,111.0,117.0,124.0,0.0,56.678,42.0,47.0,51.0,56.0,62.0,67.0,72.0,0.0
fit,2023-12-11,27,49,9789,64.6215,21.0,31.0,43.0,60.0,81.0,105.0,135.0,0.0,73.8615,58.0,63.0,68.0,74.0,79.0,85.0,91.02499999999986,0.0,64.795,50.0,55.0,59.0,64.0,70.0,75.0,81.0,0.0
fit,2023-12-11,28,4,9789,34.2825,5.0,11.0,19.0,31.0,46.0,63.0,82.0,0.0,63.5355,49.0,53.0,58.0,63.0,69.0,74.0,80.0,0.0,34.038,24.0,27.0,30.0,34.0,38.0,41.100000000000136,46.0,0.0
fit,2023-12-11,29,107,9789,85.976,31.0,47.900000000000006,62.0,82.0,106.0,133.0,162.0,0.0,83.7435,66.0,72.0,77.0,84.0,90.0,96.0,103.0,0.0,87.2975,70.0,75.0,81.0,87.0,93.0,99.0,107.0,0.0
fit,2023-12-11,30,75,9789,91.006,37.975,50.0,66.0,87.0,112.0,135.0,165.0,0.0,197.632,171.0,179.0,188.0,197.0,207.0,216.0,226.0,0.0,92.1265,73.975,80.0,85.0,92.0,99.0,105.0,111.0,0.0
fit,2023-12-11,31,4,9789,2.7825,0.0,0.0,0.0,0.0,3.0,9.0,19.0,0.0,73.741,57.0,63.0,68.0,74.0,79.25,85.0,91.0,0.0,2.974,0.0,1.0,2.0,3.0,4.0,5.0,7.0,0.0
fit,2023-12-11,32,101,9789,103.5655,44.0,60.0,77.0,99.0,125.0,153.0,189.04999999999973,0.0,82.833,65.0,72.0,77.0,83.0,89.0,95.0,100.02499999999986,0.0,103.3055,84.0,90.0,96.0,103.0,110.0,116.0,124.0,0.0
fit,2023-12-11,33,22,9789,31.639,4.0,10.0,17.0,27.0,42.0,59.0,82.02499999999986,0.0,64.8775,50.0,55.0,59.0,65.0,70.0,75.0,81.0,0.0,31.865,21.975,25.0,28.0,32.0,35.0,39.0,43.0,0.0
fit,2023-12-11,34,90,9789,49.1365,12.0,20.900000000000006,31.0,45.0,62.25,85.0,109.02499999999986,0.0,59.6655,46.0,50.0,54.0,60.0,65.0,70.0,75.0,0.0,49.789,36.0,41.0,45.0,50.0,54.0,59.0,64.0,0.0
fit,2023-12-11,35,50,9789,48.677,12.0,21.0,30.0,45.0,63.0,82.0,107.0,0.0,26.5625,17.0,20.0,23.0,26.0,30.0,33.0,37.0,0.0,48.5285,36.0,40.0,44.0,48.0,53.0,57.0,63.0,0.0
fit,2023-12-11,36,746,9789,416.253,294.975,329.0,368.0,412.0,461.0,509.0,558.0249999999999,0.0,491.1115,447.0,463.0,476.0,491.0,506.0,519.0,534.0,0.0,413.7575,374.0,387.0,399.0,414.0,428.0,440.0,453.0,0.0
fit,2023-12-11,37,7,9789,4.7825,0.0,0.0,0.0,2.0,6.0,14.0,26.0,0.0,57.484,43.0,48.0,52.0,57.0,62.0,68.0,73.0,0.0,4.6415,1.0,2.0,3.0,4.0,6.0,8.0,9.0,0.0
fit,2023-12-11,38,43,9789,34.7115,6.0,12.0,19.0,30.0,46.0,63.0,87.0,0.0,57.9795,43.0,48.0,53.0,58.0,63.0,68.0,73.0,0.0,34.9935,24.0,28.0,31.0,35.0,39.0,43.0,47.0,0.0
fit,2023-12-11,39,75,9789,74.33,23.0,37.0,52.0,71.0,93.0,116.0,142.02499999999986,0.0,77.967,61.0,67.0,72.0,78.0,84.0,89.0,96.0,0.0,74.139,58.0,64.0,68.0,74.0,80.0,85.0,91.0,0.0
fit,2023-12-18,0,11,9944,6.0045,0.0,0.0,0.0,3.0,8.0,16.100000000000136,30.0,0.0,18.074,10.0,13.0,15.0,18.0,21.0,24.0,26.024999999999864,0.0,6.2535,2.0,3.0,5.0,6.0,8.0,9.0,11.0,0.0
fit,2023-12-18,1,49,9944,30.5895,4.0,9.0,15.0,26.0,41.0,58.0,82.0,0.0,55.964,41.0,47.0,51.0,56.0,61.0,65.10000000000014,71.0,0.0,30.263,20.0,23.0,26.0,30.0,34.0,37.0,42.0,0.0
fit,2023-12-18,2,26,9944,31.365,4.0,10.0,16.0,28.0,42.0,57.0,80.0,0.0,79.3965,62.0,68.0,73.0,79.0,85.0,91.0,98.0,0.0,31.622,21.0,25.0,28.0,32.0,35.0,39.0,43.0,0.0
fit,2023-12-18,3,279,9944,329.339,214.0,251.0,286.0,324.0,369.0,414.0,464.0,0.0,330.466,297.0,308.0,318.0,330.0,342.0,354.0,365.0,0.0,331.0075,297.0,308.0,319.0,331.0,343.0,355.0,366.0,0.0
fit,2023-12-18,4,33,9944,61.515,19.0,28.900000000000006,40.0,58.0,79.0,98.0,130.0,0.0,123.968,103.0,110.0,116.0,124.0,131.0,139.0,146.02499999999986,0.0,62.15,47.0,52.0,57.0,62.0,67.0,72.0,78.0,0.0
fit,2023-12-18,5,71,9944,101.611,42.0,59.0,75.0,97.0,123.0,150.0,181.0,0.0,88.163,70.0,77.0,82.0,88.0,94.0,100.0,107.0,0.0,103.3735,85.0,90.0,96.0,103.0,110.0,116.0,125.0,0.0
fit,2023-12-18,6,62,9944,105.372,46.0,62.0,78.0,100.0,127.0,156.0,187.02499999999986,0.0,128.4975,107.0,114.9,121.0,128.0,136.0,143.0,151.0,0.0,104.663,86.0,92.0,98.0,105.0,112.0,117.0,124.0,0.0
fit,2023-12-18,7,146,9944,132.125,62.0,83.0,102.0,128.0,158.0,188.0,227.04999999999973,0.0,107.336,88.0,94.0,100.0,107.0,114.0,120.0,127.02499999999986,0.0,132.2285,111.0,118.0,124.0,132.0,140.0,147.0,154.0,0.0
fit,2023-12-18,8,1323,9944,1389.237,1162.95,1232.0,1304.0,1384.0,1470.0,1552.0,1651.0499999999997,0.0,1116.602,1056.975,1076.0,1095.0,1116.0,1137.25,1157.0,1181.0,0.0,1386.477,1320.975,1344.0,1362.0,1387.0,1409.0,1431.0,1454.0,0.0
fit,2023-12-18,9,13,9944,7.485,0.0,0.0,1.0,4.0,10.0,20.0,36.0,0.0,25.1075,16.0,19.0,22.0,25.0,28.0,32.0,36.0,0.0,7.611,3.0,4.0,6.0,7.0,9.0,11.0,13.0,0.0
fit,2023-12-18,10,241,9944,156.961,81.975,103.0,124.0,153.0,185.0,217.0,254.0,0.0,85.55,68.0,74.0,79.0,85.0,91.0,97.0,105.0,0.0,154.935,131.0,139.0,146.0,155.0,163.0,172.0,180.0,0.0
fit,2023-12-18,11,982,9944,1099.4545,887.95,956.9,1021.0,1098.0,1175.0,1240.1000000000001,1324.0,0.0,906.6305,850.0,871.0,888.0,906.0,925.0,943.0,964.0249999999999,0.0,1099.0345,1040.0,1060.0,1079.0,1100.0,1119.0,1138.0,1157.0249999999999,0.0
fit,2023-12-18,12,728,9944,797.553,624.0,678.0,731.0,795.5,861.0,921.1000000000001,991.0,0.0,804.9835,752.0,769.0,786.0,805.0,823.25,841.0,860.0249999999999,0.0,797.326,742.0,761.0,778.0,797.0,816.0,833.0,855.0,0.0
fit,2023-12-18,13,952,9944,1155.2845,938.0,1009.9,1075.0,1152.0,1232.25,1309.1000000000001,1393.0749999999996,0.0,908.957,854.0,872.0,890.0,908.0,928.0,946.0,969.0,0.0,1157.7805,1098.0,1118.0,1137.0,1157.0,1179.0,1198.1000000000001,1220.0,0.0
fit,2023-12-18,14,1704,9944,1852.906,1590.0,1678.0,1756.0,1852.0,1949.0,2028.2000000000003,2136.0249999999996,0.0,1646.3285,1575.0,1598.0,1621.0,1647.0,1672.0,1694.0,1720.0,0.0,1852.425,1773.975,1802.0,1826.0,1852.0,1878.0,1902.0,1932.0,0.0
fit,2023-12-18,15,125,9944,74.907,28.0,39.0,53.0,71.0,94.0,115.0,146.0,0.0,70.554,54.0,60.0,65.0,71.0,76.0,82.0,88.0,0.0,74.779,59.0,64.0,69.0,75.0,80.0,86.0,91.0,0.0
fit,2023-12-18,16,22,9944,31.7835,5.0,9.0,16.0,27.0,43.0,60.0,84.0,0.0,86.09,67.0,75.0,80.0,86.0,92.0,99.0,106.0,0.0,31.524,21.0,24.0,28.0,32.0,35.0,39.0,43.0,0.0
fit,2023-12-18,17,574,9944,548.0545,393.0,447.0,492.0,544.0,601.0,655.1000000000001,720.0249999999999,0.0,661.9125,611.0,630.0,646.0,662.0,678.0,695.0,711.0249999999999,0.0,548.448,503.975,520.0,533.0,548.0,563.0,578.0,594.0,0.0
fit,2023-12-18,18,129,9944,66.387,21.0,32.0,44.0,62.0,83.0,105.0,138.0,0.0,100.4165,81.0,88.0,93.0,100.0,107.0,113.0,122.0,0.0,66.233,51.0,56.0,61.0,66.0,72.0,77.0,83.0,0.0
fit,2023-12-18,19,407,9944,444.9365,309.0,353.9,394.0,442.0,493.0,543.0,601.0499999999997,0.0,588.158,542.0,558.0,572.0,588.0,604.0,618.0,633.0,0.0,446.5955,407.0,421.0,433.0,447.0,460.0,472.0,487.02499999999986,0.0
fit,2023-12-18,20,4,9944,4.041,0.0,0.0,0.0,1.0,4.0,12.0,24.024999999999864,0.0,31.018,20.975,24.0,27.0,31.0,35.0,38.0,42.0,0.0,4.0845,1.0,2.0,3.0,4.0,5.0,7.0,8.0,0.0
fit,2023-12-18,21,14,9944,17.4015,1.0,3.0,7.0,13.0,24.0,37.0,57.0,0.0,38.3635,26.0,30.0,34.0,38.0,42.0,47.0,51.0,0.0,17.9585,10.0,13.0,15.0,18.0,21.0,23.0,27.0,0.0
fit,2023-12-18,22,67,9944,80.904,30.975,43.0,57.0,76.0,100.25,125.0,154.02499999999986,0.0,120.145,99.0,106.0,112.0,120.0,128.0,134.0,142.0,0.0,80.5855,63.975,69.0,75.0,80.0,86.0,92.0,99.0,0.0
fit,2023-12-18,23,33,9944,37.98,7.0,14.0,22.0,34.0,50.0,67.0,94.0,0.0,59.58,45.0,50.0,54.0,59.0,65.0,70.0,76.0,0.0,37.8175,26.0,30.0,34.0,38.0,42.0,46.0,50.0,0.0
fit,2023-12-18,24,18,9944,25.6425,2.0,6.0,12.0,22.0,35.0,49.0,72.0,0.0,90.4365,72.0,78.0,84.0,90.0,97.0,103.0,110.0,0.0,25.7165,16.0,19.0,22.0,26.0,29.0,32.0,36.0,0.0
fit,2023-12-18,25,161,9944,136.123,68.0,86.0,106.0,131.5,161.0,191.0,232.0,0.0,132.0785,110.0,117.0,124.0,132.0,140.0,146.0,155.0,0.0,134.524,113.0,120.0,126.0,134.0,142.0,150.0,158.0,0.0
fit,2023-12-18,26,156,9944,70.922,24.0,36.0,51.0,67.5,88.0,108.0,140.0,0.0,104.799,85.0,92.0,98.0,105.0,112.0,117.10000000000014,124.0,0.0,71.165,55.0,61.0,66.0,71.0,77.0,82.0,88.0,0.0
fit,2023-12-18,27,76,9944,56.558,16.0,25.0,37.0,53.0,73.0,93.0,118.0,0.0,74.742,58.0,64.0,69.0,75.0,80.0,86.0,92.0,0.0,56.5655,43.0,47.0,51.0,56.0,62.0,66.0,72.0,0.0
fit,2023-12-18,28,16,9944,24.866,2.0,6.0,12.0,21.0,34.0,48.0,71.0,0.0,64.9215,49.0,54.0,59.0,65.0,71.0,75.0,81.0,0.0,24.4965,15.0,18.0,21.0,24.0,28.0,31.0,35.0,0.0
fit,2023-12-18,29,83,9944,96.731,40.0,54.900000000000006,72.0,93.0,117.0,143.0,179.0,0.0,85.1455,68.0,74.0,79.0,85.0,91.0,97.0,103.0,0.0,97.3445,78.0,85.0,91.0,97.0,104.0,110.0,117.0,0.0
fit,2023-12-18,30,117,9944,92.047,35.0,53.0,68.0,87.0,111.0,138.0,173.02499999999986,0.0,200.636,174.0,183.0,191.0,200.0,210.0,219.0,228.0,0.0,91.9215,74.0,80.0,85.0,91.0,99.0,105.0,112.0,0.0
fit,2023-12-18,31,6,9944,3.929,0.0,0.0,0.0,1.0,4.0,11.0,26.0,0.0,75.328,58.975,64.0,70.0,75.0,81.0,87.0,94.0,0.0,3.778,0.0,1.0,2.0,4.0,5.0,6.0,8.0,0.0
fit,2023-12-18,32,107,9944,111.0725,50.0,67.0,86.0,107.0,132.25,160.0,196.0,0.0,84.64,68.0,73.0,78.0,84.0,91.0,96.0,103.0,0.0,111.448,91.0,98.0,104.0,112.0,119.0,125.0,133.0,0.0
fit,2023-12-18,33,16,9944,33.67,5.0,11.0,18.0,30.0,45.0,63.0,84.0,0.0,66.016,51.0,56.0,60.0,66.0,72.0,76.0,82.0,0.0,33.991,23.0,26.0,30.0,34.0,38.0,41.0,46.0,0.0
fit,2023-12-18,34,96,9944,56.7565,16.0,25.0,36.0,52.0,72.0,95.0,126.02499999999986,0.0,60.603,46.0,51.0,55.0,61.0,66.0,70.0,76.0,0.0,57.2775,43.0,48.0,52.0,57.0,62.0,67.0,72.0,0.0
fit,2023-12-18,35,118,9944,51.1025,14.0,22.0,33.0,47.0,65.0,87.0,113.0,0.0,26.7805,17.0,20.0,23.0,27.0,30.0,34.0,37.0,0.0,50.6395,37.0,42.0,46.0,51.0,55.0,60.0,65.0,0.0
fit,2023-12-18,36,834,9944,514.047,370.975,417.0,457.0,510.0,567.0,620.0,675.0249999999999,0.0,499.507,456.975,471.0,485.0,499.0,514.0,527.0,542.0249999999999,0.0,513.4195,471.0,485.0,499.0,514.0,528.0,541.0,557.0,0.0
fit,2023-12-18,37,7,9944,4.261,0.0,0.0,0.0,1.0,6.0,12.0,25.0,0.0,58.459,43.0,49.0,53.0,59.0,64.0,68.0,73.0,0.0,4.4095,1.0,2.0,3.0,4.0,6.0,7.0,9.0,0.0
fit,2023-12-18,38,70,9944,35.7115,6.0,12.0,20.0,31.0,47.0,67.0,91.0,0.0,58.658,44.0,49.0,53.0,59.0,64.0,68.0,74.0,0.0,35.3795,24.0,28.0,31.0,35.0,39.0,43.0,48.0,0.0
fit,2023-12-18,39,68,9944,67.3635,22.0,32.0,45.75,63.0,84.0,109.10000000000014,138.0,0.0,78.988,63.0,68.0,73.0,78.0,84.0,90.0,97.0,0.0,66.7485,51.0,56.0,61.0,66.0,72.0,77.0,82.0,0.0
fit,2023-12-25,0,18,8742,6.9465,0.0,0.0,1.0,4.0,10.0,17.0,32.0,0.0,16.0575,9.0,11.0,13.0,16.0,19.0,21.0,24.0,0.0,7.0645,2.0,4.0,5.0,7.0,9.0,10.0,12.0,0.0
fit,2023-12-25,1,34,8742,32.983,6.0,11.0,19.0,30.0,43.0,58.0,80.0,0.0,49.308,36.0,41.0,45.0,49.0,54.0,58.0,63.0,0.0,32.998,22.0,25.900000000000006,29.0,33.0,37.0,41.0,45.024999999999864,0.0
fit,2023-12-25,2,28,8742,18.9535,1.0,4.0,8.0,15.0,25.0,39.0,58.024999999999864,0.0,69.297,54.0,59.0,64.0,69.0,74.0,80.0,85.02499999999986,0.0,18.5115,11.0,13.0,16.0,18.0,21.0,24.0,27.0,0.0
fit,2023-12-25,3,263,8742,284.9405,183.0,215.0,245.0,281.0,323.25,358.0,400.02499999999986,0.0,290.381,257.0,269.0,279.0,290.0,302.0,312.0,325.0,0.0,284.7525,252.0,263.9,274.0,284.0,295.0,306.0,318.02499999999986,0.0
fit,2023-12-25,4,52,8742,47.639,14.0,22.0,31.0,44.0,60.0,78.0,102.0,0.0,108.7195,88.0,96.0,102.0,109.0,116.0,121.10000000000014,129.0,0.0,48.481,35.0,40.0,44.0,48.0,53.0,57.0,62.0,0.0
fit,2023-12-25,5,64,8742,85.596,35.0,48.0,63.0,82.0,105.0,126.0,153.02499999999986,0.0,77.352,61.0,66.0,71.0,77.0,83.0,89.0,95.0,0.0,84.8995,67.975,74.0,79.0,85.0,91.0,96.10000000000014,103.0,0.0
fit,2023-12-25,6,66,8742,79.01,30.0,42.0,57.0,76.0,97.0,119.0,149.0,0.0,112.8985,93.0,99.0,106.0,113.0,120.0,127.0,135.0,0.0,78.1725,61.975,67.0,72.0,78.0,84.0,90.0,96.0,0.0
fit,2023-12-25,7,116,8742,116.356,54.0,72.0,90.0,113.5,139.0,165.10000000000014,193.02499999999986,0.0,94.1145,76.0,82.0,87.0,94.0,100.0,106.0,113.0,0.0,115.136,95.0,102.0,108.0,115.0,122.0,129.0,137.0,0.0
fit,2023-12-25,8,1193,8742,1228.2265,1008.0,1087.9,1156.0,1223.5,1299.25,1374.1000000000001,1454.0,0.0,982.1335,924.0,945.0,962.0,982.0,1002.0,1020.0,1040.0,0.0,1226.47,1162.975,1185.9,1205.0,1227.0,1248.0,1267.0,1288.0,0.0
fit,2023-12-25,9,14,8742,8.1515,0.0,0.0,1.0,5.0,11.0,20.0,36.0,0.0,21.795,13.975000000000001,16.0,19.0,22.0,25.0,28.0,32.0,0.0,8.224,3.0,5.0,6.0,8.0,10.0,12.0,14.0,0.0
fit,2023-12-25,10,119,8742,156.608,85.0,105.0,127.0,154.0,184.0,211.0,247.0,0.0,75.2905,59.0,64.0,69.0,75.0,81.0,86.0,93.0,0.0,156.7095,133.0,141.0,148.0,157.0,165.0,172.0,181.0,0.0
fit,2023-12-25,11,954,8742,907.9195,735.975,784.9,842.0,905.0,969.0,1036.0,1108.0,0.0,796.547,744.0,761.0,778.0,797.0,815.0,831.0,846.0249999999999,0.0,904.9795,849.975,869.0,885.0,905.0,925.0,943.0,961.0,0.0
fit,2023-12-25,12,714,8742,700.809,534.0,594.0,641.0,699.0,755.0,815.0,878.0,0.0,707.0265,661.0,677.0,690.0,706.0,723.0,740.0,756.0,0.0,701.671,650.0,668.0,685.0,701.0,718.0,734.0,755.0,0.0
fit,2023-12-25,13,908,8742,981.213,799.95,855.0,911.0,978.0,1047.0,1112.0,1192.0249999999999,0.0,797.7855,744.0,762.0,779.0,798.0,816.25,832.0,850.0,0.0,980.7995,921.975,943.0,960.75,981.0,1001.0,1019.0,1037.0249999999999,0.0
fit,2023-12-25,14,1405,8742,1616.201,1382.975,1461.0,1528.0,1616.0,1696.0,1776.0,1863.0249999999999,0.0,1447.076,1376.0,1402.0,1423.0,1448.0,1471.0,1491.0,1516.0,0.0,1615.4685,1544.975,1570.0,1591.0,1615.0,1639.0,1661.1000000000001,1689.0249999999999,0.0
fit,2023-12-25,15,44,8742,79.209,31.0,42.0,57.0,75.0,98.0,121.0,148.0,0.0,62.2245,47.0,52.0,57.0,62.0,68.0,72.0,78.0,0.0,78.3365,62.0,67.0,72.0,78.0,84.0,90.0,96.0,0.0
fit,2023-12-25,16,20,8742,19.4235,1.0,4.0,8.0,16.0,26.0,39.0,59.024999999999864,0.0,75.974,60.0,65.0,70.0,76.0,82.0,87.10000000000014,94.0,0.0,19.173,11.0,14.0,16.0,19.0,22.0,25.0,28.0,0.0
fit,2023-12-25,17,538,8742,474.1135,348.975,387.0,425.0,470.0,520.0,570.0,618.0499999999997,0.0,582.134,538.975,553.0,566.0,582.0,599.0,612.0,627.0,0.0,475.187,433.0,447.0,460.0,475.0,490.0,504.0,518.0249999999999,0.0
fit,2023-12-25,18,70,8742,67.546,23.975,35.0,47.0,64.0,83.0,105.10000000000014,135.04999999999973,0.0,88.147,70.0,76.0,82.0,88.0,95.0,100.0,107.0,0.0,67.9835,52.0,57.0,63.0,68.0,73.0,78.0,84.0,0.0
fit,2023-12-25,19,361,8742,385.161,270.0,305.0,339.0,380.0,429.25,471.0,529.0,0.0,518.261,474.0,490.0,503.0,518.0,533.0,546.1000000000001,558.0249999999999,0.0,385.9435,346.0,361.0,373.0,385.5,399.0,410.0,425.0,0.0
fit,2023-12-25,20,4,8742,2.693,0.0,0.0,0.0,0.0,3.0,9.0,19.0,0.0,27.6875,18.0,21.0,24.0,28.0,31.0,35.0,38.0,0.0,2.9385,0.0,1.0,2.0,3.0,4.0,5.0,7.0,0.0
fit,2023-12-25,21,30,8742,13.7025,0.0,2.0,5.0,10.0,19.0,30.0,46.0,0.0,33.4045,22.0,26.0,30.0,33.0,37.0,41.0,45.0,0.0,13.768,7.0,9.0,11.0,14.0,16.0,19.0,21.0,0.0
fit,2023-12-25,22,66,8742,50.2965,13.0,23.0,32.0,47.0,65.0,82.10000000000014,103.0,0.0,105.765,87.0,93.0,99.0,106.0,113.0,119.0,126.0,0.0,50.0565,37.0,41.0,45.0,50.0,55.0,59.0,64.0,0.0
fit,2023-12-25,23,30,8742,30.105,5.0,10.0,16.0,27.0,39.0,55.0,77.02499999999986,0.0,52.839,39.0,43.900000000000006,48.0,53.0,58.0,62.0,67.0,0.0,30.1385,20.0,23.0,26.0,30.0,34.0,37.0,41.0,0.0
fit,2023-12-25,24,30,8742,21.5755,2.0,6.0,10.0,18.0,29.0,43.0,61.0,0.0,79.262,62.0,68.0,73.0,79.0,85.0,91.0,97.0,0.0,21.3945,13.0,15.0,18.0,21.0,24.0,27.0,31.0,0.0
fit,2023-12-25,25,125,8742,125.1185,62.0,80.0,98.0,122.0,148.0,175.0,206.0,0.0,116.6195,95.0,102.0,109.75,117.0,124.0,131.0,139.0,0.0,126.2955,106.0,113.0,119.0,126.0,134.0,140.0,149.0,0.0
fit,2023-12-25,26,140,8742,82.418,33.0,47.0,60.0,78.0,101.0,125.0,150.02499999999986,0.0,92.0535,73.0,80.0,86.0,92.0,99.0,104.0,111.0,0.0,82.1715,65.975,71.0,76.0,82.0,88.0,93.0,99.0,0.0
fit,2023-12-25,27,78,8742,46.4325,13.0,20.900000000000006,30.0,43.0,59.25,77.10000000000014,99.0,0.0,66.0245,51.975,56.0,60.0,66.0,71.0,77.0,82.0,0.0,46.5125,34.0,38.0,42.0,46.0,51.0,56.0,61.0,0.0
fit,2023-12-25,28,5,8742,13.133,0.0,1.0,4.0,10.0,19.0,30.0,44.024999999999864,0.0,56.756,43.0,47.0,51.0,56.0,62.0,67.0,72.0,0.0,12.4305,6.0,8.0,10.0,12.0,15.0,17.0,20.0,0.0
fit,2023-12-25,29,68,8742,84.959,34.0,48.900000000000006,63.0,82.0,102.25,126.10000000000014,155.02499999999986,0.0,75.1715,59.0,64.0,69.0,75.0,81.0,86.0,92.0,0.0,86.4025,69.0,74.0,80.0,86.0,93.0,99.0,106.0,0.0
fit,2023-12-25,30,111,8742,80.3945,33.0,44.0,59.0,76.0,98.0,121.0,151.0,0.0,176.4525,149.975,159.0,167.0,177.0,186.0,194.0,203.0,0.0,79.655,62.0,68.9,74.0,79.0,85.0,91.0,98.0,0.0
fit,2023-12-25,31,0,8742,4.6675,0.0,0.0,0.0,2.0,6.0,13.0,28.0,0.0,66.149,51.0,56.0,61.0,66.0,71.0,77.0,82.0,0.0,4.4745,1.0,2.0,3.0,4.0,6.0,7.0,9.0,0.0
fit,2023-12-25,32,119,8742,97.4535,43.0,58.0,73.0,94.0,117.0,141.0,171.0,0.0,74.0655,58.0,63.0,68.0,74.0,80.0,85.0,92.0,0.0,97.3215,79.0,85.0,90.0,97.0,104.0,110.0,118.0,0.0
fit,2023-12-25,33,13,8742,21.2715,2.0,5.0,9.0,18.0,29.0,42.0,61.0,0.0,57.7915,44.0,48.0,53.0,58.0,63.0,68.0,73.0,0.0,21.925,13.975000000000001,16.0,19.0,22.0,25.0,28.0,32.0,0.0
fit,2023-12-25,34,58,8742,63.967,21.0,32.0,45.0,60.0,80.0,100.0,126.0,0.0,53.302,40.0,44.0,48.0,53.0,58.0,63.0,67.0,0.0,63.506,48.975,54.0,58.0,63.0,69.0,74.0,80.0,0.0
fit,2023-12-25,35,38,8742,60.401,21.0,30.0,41.0,58.0,76.0,95.0,120.0,0.0,23.583,15.0,17.0,20.0,23.0,27.0,30.0,33.0,0.0,61.665,47.0,52.0,56.0,61.0,67.0,72.0,78.0,0.0
fit,2023-12-25,36,777,8742,545.3905,411.975,454.0,493.0,543.5,594.25,641.0,695.0,0.0,439.984,402.0,414.0,427.0,440.0,453.0,465.0,481.0,0.0,549.217,505.0,521.0,534.0,549.0,564.0,578.0,594.0,0.0
fit,2023-12-25,37,10,8742,3.881,0.0,0.0,0.0,1.0,5.0,11.0,25.0,0.0,51.236,37.0,42.0,46.0,51.0,56.0,61.0,66.0,0.0,3.9,1.0,2.0,2.0,4.0,5.0,7.0,8.0,0.0
fit,2023-12-25,38,8,8742,38.3995,8.0,15.0,23.0,35.0,49.0,66.10000000000014,91.02499999999986,0.0,51.588,38.0,43.0,47.0,51.0,56.0,61.0,66.0,0.0,38.676,27.0,31.0,34.0,39.0,43.0,46.0,51.0,0.0
fit,2023-12-25,39,51,8742,58.7345,18.0,29.0,40.0,55.0,73.0,93.0,121.02499999999986,0.0,69.743,54.0,59.0,64.0,70.0,75.0,81.0,87.0,0.0,58.5905,44.0,49.0,53.0,58.0,64.0,68.0,75.0,0.0
fit,2024-01-01,0,7,9022,10.4505,0.0,1.0,3.0,7.0,14.0,24.0,40.024999999999864,0.0,16.5295,9.0,11.0,14.0,16.0,19.0,22.0,26.0,0.0,10.7395,5.0,7.0,8.0,11.0,13.0,15.0,17.0,0.0
fit,2024-01-01,1,27,9022,35.8005,7.0,13.0,21.0,32.0,47.0,64.0,86.0,0.0,50.9355,38.0,42.0,46.0,51.0,56.0,60.0,64.0,0.0,35.687,25.0,28.0,31.0,35.0,40.0,44.0,48.0,0.0
fit,2024-01-01,2,52,9022,20.1025,1.9750000000000014,5.0,9.0,17.0,27.0,40.0,58.0,0.0,71.847,56.0,61.0,66.0,72.0,78.0,83.0,89.0,0.0,20.4915,12.0,15.0,17.0,20.0,23.0,26.0,29.0,0.0
fit,2024-01-01,3,227,9022,268.444,167.0,198.0,227.0,265.0,304.0,342.0,391.0,0.0,299.1115,266.0,277.0,288.0,299.0,310.0,320.0,332.0,0.0,270.647,238.0,250.0,260.0,271.0,281.0,291.0,303.0,0.0
fit,2024-01-01,4,47,9022,50.314,13.0,22.0,33.0,47.0,64.0,83.0,108.0,0.0,112.4675,92.0,99.0,105.0,112.0,119.0,126.0,134.0,0.0,50.775,38.0,42.0,46.0,50.0,55.0,60.0,65.0,0.0
fit,2024-01-01,5,85,9022,85.2755,34.0,47.0,62.0,81.0,104.0,129.0,159.0,0.0,79.8795,62.0,68.0,74.0,80.0,86.0,92.0,99.0,0.0,85.9525,68.0,74.0,80.0,86.0,92.0,98.0,105.0,0.0
fit,2024-01-01,6,53,9022,72.0,27.0,38.0,51.0,68.0,90.0,112.0,139.02499999999986,0.0,115.99,94.0,103.0,109.0,116.0,123.0,130.0,137.0,0.0,72.5145,56.0,62.0,67.0,73.0,78.0,83.0,89.0,0.0
fit,2024-01-01,7,120,9022,115.847,54.0,72.0,91.0,112.0,138.0,164.0,199.0,0.0,97.567,78.0,84.0,90.0,98.0,105.0,111.0,118.0,0.0,116.046,95.0,102.0,109.0,116.0,123.0,130.0,137.0,0.0
fit,2024-01-01,8,1271,9022,1233.3045,1020.975,1090.9,1155.0,1233.0,1307.0,1381.1000000000001,1462.0499999999997,0.0,1013.131,957.0,975.0,993.0,1013.0,1033.0,1051.0,1074.0,0.0,1228.633,1165.0,1187.0,1207.0,1229.0,1251.0,1271.0,1289.0,0.0
fit,2024-01-01,9,8,9022,10.924,0.0,1.0,2.0,7.0,15.0,25.0,42.0,0.0,22.5515,14.0,17.0,19.0,22.0,26.0,29.0,32.0,0.0,10.219,5.0,6.0,8.0,10.0,12.0,14.0,17.0,0.0
fit,2024-01-01,10,102,9022,171.499,92.0,118.0,141.0,168.0,198.0,230.10000000000014,272.0,0.0,77.8025,61.0,66.0,72.0,78.0,84.0,89.0,95.02499999999986,0.0,171.443,146.0,156.0,163.0,171.0,180.0,188.0,197.0,0.0
fit,2024-01-01,11,820,9022,919.5075,728.975,795.0,853.0,917.0,983.25,1048.0,1130.0249999999999,0.0,822.0915,769.0,786.0,803.0,822.0,841.0,857.0,874.0249999999999,0.0,916.445,859.0,879.0,897.0,916.0,936.0,952.0,973.0,0.0
fit,2024-01-01,12,862,9022,729.4455,560.975,619.0,667.0,727.0,787.0,845.0,913.0,0.0,729.6735,678.975,696.0,712.0,729.0,747.0,764.0,783.0,0.0,732.554,684.0,700.0,714.0,732.0,750.0,766.1000000000001,783.0,0.0
fit,2024-01-01,13,1017,9022,955.3825,763.0,826.0,886.75,952.0,1022.0,1086.0,1166.0999999999995,0.0,823.47,769.95,789.0,805.0,823.0,841.25,858.0,880.0249999999999,0.0,955.877,899.0,920.0,935.0,956.0,975.0,994.0,1013.0,0.0
fit,2024-01-01,14,1634,9022,1602.59,1368.975,1444.0,1512.0,1601.0,1686.0,1764.0,1864.0,0.0,1494.2635,1426.0,1449.0,1470.0,1493.0,1519.0,1541.0,1563.0,0.0,1603.53,1532.0,1555.0,1579.0,1604.0,1628.25,1649.0,1674.0,0.0
fit,2024-01-01,15,19,9022,85.7045,35.0,48.0,62.0,81.0,105.0,130.0,159.02499999999986,0.0,64.0085,48.975,54.0,59.0,64.0,69.0,74.10000000000014,80.0,0.0,86.796,70.0,75.0,81.0,87.0,93.0,98.0,105.0,0.0
fit,2024-01-01,16,43,9022,22.261,2.0,5.0,10.0,18.0,30.0,45.0,66.0,0.0,78.275,61.0,67.0,72.0,78.0,84.0,90.0,96.0,0.0,21.5485,13.0,16.0,18.0,21.0,25.0,27.0,31.0,0.0
fit,2024-01-01,17,393,9022,503.2245,366.0,411.0,452.0,500.0,547.25,601.0,660.0749999999996,0.0,600.8935,551.0,569.9,584.0,601.0,617.0,632.1000000000001,652.0,0.0,505.9085,463.0,479.0,491.0,506.0,521.0,535.0,548.0249999999999,0.0
fit,2024-01-01,18,73,9022,77.493,29.0,42.0,56.0,73.0,97.0,117.0,145.02499999999986,0.0,91.6345,73.0,79.0,85.0,92.0,98.0,103.0,111.0,0.0,78.1235,62.0,67.0,72.0,78.0,84.0,89.0,95.0,0.0
fit,2024-01-01,19,635,9022,394.031,268.975,307.0,348.0,391.0,439.0,480.0,529.0,0.0,534.6045,490.975,506.0,519.0,534.0,549.0,563.0,579.0,0.0,394.3905,356.0,370.0,382.0,394.0,407.0,419.0,431.0,0.0
fit,2024-01-01,20,7,9022,2.53,0.0,0.0,0.0,0.0,2.0,8.0,19.0,0.0,28.378,19.0,22.0,25.0,28.0,32.0,35.0,39.0,0.0,2.624,0.0,1.0,1.0,2.0,4.0,5.0,6.0,0.0
fit,2024-01-01,21,19,9022,20.928,1.0,5.0,9.0,17.0,29.0,42.0,64.0,0.0,34.6355,23.0,27.0,31.0,34.0,38.0,42.0,47.0,0.0,20.398,12.0,15.0,17.0,20.0,23.0,26.0,29.0,0.0
fit,2024-01-01,22,91,9022,50.3965,15.0,22.0,33.0,48.0,64.0,82.0,105.0,0.0,108.804,89.0,95.0,102.0,109.0,116.0,123.0,130.0,0.0,51.2865,38.0,42.0,46.0,51.0,56.0,60.0,66.0,0.0
fit,2024-01-01,23,39,9022,28.82,5.0,9.0,15.75,25.0,38.0,52.0,73.0,0.0,53.92,40.0,44.0,49.0,54.0,59.0,64.0,69.0,0.0,28.2145,18.975,22.0,24.0,28.0,32.0,35.0,39.0,0.0
fit,2024-01-01,24,35,9022,26.3015,4.0,8.0,14.0,22.0,35.0,49.0,70.0,0.0,81.7805,65.0,70.0,75.0,82.0,88.0,94.0,101.0,0.0,26.507,17.0,20.0,23.0,26.0,30.0,33.0,37.0,0.0
fit,2024-01-01,25,108,9022,132.3405,69.0,86.0,103.75,129.0,155.0,183.0,221.0,0.0,120.5655,100.0,107.0,113.0,120.0,128.0,135.0,142.0,0.0,131.7405,110.0,117.0,124.0,132.0,139.0,146.0,154.02499999999986,0.0
fit,2024-01-01,26,130,9022,115.1325,55.0,73.0,89.0,110.0,138.0,164.0,198.0,0.0,95.2215,77.0,83.0,88.0,95.0,102.0,108.0,114.0,0.0,115.152,95.0,102.0,108.0,115.0,122.0,129.0,137.0,0.0
fit,2024-01-01,27,89,9022,55.2455,16.0,25.0,36.0,51.0,71.0,90.0,115.0,0.0,67.509,52.0,58.0,62.0,67.0,73.0,78.10000000000014,84.0,0.0,54.743,41.0,45.0,50.0,55.0,60.0,64.0,69.0,0.0
fit,2024-01-01,28,25,9022,7.14,0.0,0.0,1.0,4.0,10.0,19.0,35.0,0.0,58.7595,45.0,49.0,54.0,59.0,64.0,68.0,73.0,0.0,7.367,3.0,4.0,5.0,7.0,9.0,11.0,13.0,0.0
fit,2024-01-01,29,56,9022,80.6995,31.0,44.0,59.0,76.0,99.0,121.0,150.0,0.0,77.3035,60.0,66.0,71.0,77.0,83.0,89.0,95.0,0.0,79.495,63.0,68.0,74.0,79.0,85.0,91.0,98.0,0.0
fit,2024-01-01,30,96,9022,90.2315,38.0,52.0,65.0,86.0,110.0,136.0,163.0,0.0,182.4825,157.975,165.0,173.0,182.0,192.0,199.10000000000014,210.0,0.0,88.98,71.0,77.0,83.0,89.0,95.0,101.0,109.0,0.0
fit,2024-01-01,31,2,9022,3.447,0.0,0.0,0.0,1.0,4.0,10.0,21.024999999999864,0.0,67.91,52.0,57.0,62.0,68.0,74.0,79.0,85.0,0.0,3.59,0.0,1.0,2.0,3.0,5.0,6.0,8.0,0.0
fit,2024-01-01,32,29,9022,108.892,50.0,66.0,82.0,105.0,131.25,158.10000000000014,186.02499999999986,0.0,76.5665,59.0,65.0,71.0,77.0,82.0,88.0,94.0,0.0,109.8585,90.975,97.0,103.0,110.0,117.0,124.0,130.0,0.0
fit,2024-01-01,33,17,9022,22.847,2.0,6.0,10.0,19.0,31.0,46.0,66.0,0.0,60.0495,45.0,50.0,54.75,60.0,65.0,70.10000000000014,76.0,0.0,22.5625,14.0,17.0,19.0,22.0,26.0,29.0,32.0,0.0
fit,2024-01-01,34,18,9022,77.25,31.0,42.900000000000006,55.0,74.0,95.0,117.0,146.0,0.0,55.311,41.0,46.0,50.0,55.0,60.0,65.0,70.02499999999986,0.0,76.7535,59.0,66.0,71.0,77.0,83.0,88.0,94.0,0.0
fit,2024-01-01,35,38,9022,65.991,24.0,34.0,46.0,63.0,83.0,102.0,128.0,0.0,24.417,15.0,18.0,21.0,24.0,28.0,31.0,34.0,0.0,65.594,50.0,55.0,60.0,65.0,71.0,76.0,82.0,0.0
fit,2024-01-01,36,683,9022,663.5295,513.0,558.0,604.0,661.0,717.0,774.0,830.0,0.0,453.831,413.0,427.0,440.0,454.0,468.0,480.0,494.0,0.0,661.43,614.0,629.0,645.0,662.0,678.0,693.0,709.0,0.0
fit,2024-01-01,37,12,9022,6.5865,0.0,0.0,1.0,3.0,9.0,17.0,31.024999999999864,0.0,52.577,39.0,44.0,48.0,52.0,57.0,62.0,67.0,0.0,6.3645,2.0,3.0,5.0,6.0,8.0,10.0,12.0,0.0
fit,2024-01-01,38,7,9022,39.129,8.0,16.0,24.0,36.0,51.0,67.0,90.0,0.0,53.231,39.0,43.0,48.0,53.0,58.0,63.0,68.0,0.0,39.6005,28.0,32.0,35.0,39.0,44.0,48.0,52.0,0.0
fit,2024-01-01,39,26,9022,60.9615,19.975,30.0,41.0,57.0,77.25,97.10000000000014,125.0,0.0,72.0205,56.0,61.0,66.0,72.0,78.0,83.0,90.0,0.0,61.418,46.0,51.0,56.0,61.0,67.0,71.0,77.0,0.0
fit,2024-01-08,0,14,10050,14.406,0.0,1.0,4.0,11.0,20.0,32.0,51.0,0.0,18.4285,11.0,13.0,15.0,18.0,21.0,24.0,27.024999999999864,0.0,13.945,7.0,9.0,11.0,14.0,16.0,19.0,22.0,0.0
fit,2024-01-08,1,32,10050,39.8685,8.0,15.0,24.0,36.0,52.0,69.0,94.0,0.0,56.2555,42.0,47.0,51.0,56.0,61.0,66.0,72.0,0.0,39.8075,27.0,32.0,35.0,40.0,44.0,48.0,53.0,0.0
fit,2024-01-08,2,29,10050,32.355,5.0,10.0,17.0,28.0,42.0,61.0,85.02499999999986,0.0,80.2005,63.0,69.0,74.0,80.0,86.0,92.0,98.0,0.0,32.4075,22.0,25.0,28.0,32.0,36.0,40.0,44.0,0.0
fit,2024-01-08,3,319,10050,294.509,190.0,221.0,252.0,290.0,334.0,372.0,423.0,0.0,334.0835,300.0,311.0,321.0,334.0,346.0,357.0,370.0,0.0,291.765,259.0,270.0,280.0,292.0,302.0,313.0,327.0,0.0
fit,2024-01-08,4,48,10050,51.292,13.0,21.0,33.0,47.0,66.0,87.0,114.02499999999986,0.0,125.1025,104.0,111.0,118.0,125.0,132.0,139.0,146.0,0.0,51.2445,38.0,42.0,46.0,51.0,56.0,60.0,66.0,0.0
fit,2024-01-08,5,89,10050,86.916,33.0,47.0,62.0,83.0,107.0,134.0,165.0,0.0,89.4795,71.0,77.0,83.0,89.0,96.0,102.0,108.0,0.0,87.685,70.0,76.0,81.0,87.5,94.0,99.0,106.0,0.0
fit,2024-01-08,6,90,10050,72.0765,24.0,37.0,50.0,69.0,90.0,113.0,143.0,0.0,129.1675,107.0,115.0,122.0,129.0,137.0,144.0,151.0,0.0,72.5375,56.975,61.0,67.0,72.0,78.0,84.0,90.0,0.0
fit,2024-01-08,7,151,10050,129.567,61.0,80.0,100.0,125.0,156.0,185.0,222.04999999999973,0.0,108.645,89.0,95.0,101.0,108.0,116.0,122.0,129.0,0.0,128.9265,107.0,115.0,121.0,128.0,136.0,144.0,151.0,0.0
fit,2024-01-08,8,1190,10050,1365.35,1126.0,1211.8,1282.0,1361.0,1445.0,1528.0,1607.0,0.0,1129.049,1068.0,1088.0,1108.0,1129.0,1150.0,1167.0,1190.0,0.0,1367.3425,1301.0,1323.0,1345.0,1368.0,1390.0,1410.0,1433.0,0.0
fit,2024-01-08,9,17,10050,11.8315,0.0,1.0,3.0,8.0,17.0,28.0,46.0,0.0,25.319,16.0,19.0,22.0,25.0,29.0,32.0,36.0,0.0,11.779,6.0,8.0,9.0,12.0,14.0,16.0,19.0,0.0
fit,2024-01-08,10,168,10050,175.062,91.0,118.0,142.0,172.0,205.0,237.0,277.02499999999986,0.0,86.3935,69.0,74.0,80.0,86.0,93.0,98.0,104.0,0.0,176.403,151.0,159.0,167.0,176.0,186.0,194.0,202.02499999999986,0.0
fit,2024-01-08,11,976,10050,982.6555,789.975,847.9,910.0,978.0,1052.0,1119.0,1203.0749999999996,0.0,915.5475,861.0,879.0,895.0,915.5,935.0,953.0,971.0,0.0,982.0785,925.0,943.0,962.0,983.0,1002.0,1021.0,1039.0,0.0
fit,2024-01-08,12,884,10050,825.2725,649.975,706.0,760.0,823.0,889.0,949.0,1014.0999999999995,0.0,812.876,761.0,779.0,794.0,813.0,831.0,848.0,866.0249999999999,0.0,825.476,771.975,790.0,807.0,826.0,843.0,859.0,880.0,0.0
fit,2024-01-08,13,1043,10050,1066.0505,859.975,929.9,989.0,1063.0,1139.0,1204.1000000000001,1293.0749999999996,0.0,917.145,859.0,880.0,897.0,917.0,936.25,954.0,975.0249999999999,0.0,1062.438,1003.0,1022.9,1042.0,1063.0,1083.0,1101.0,1122.0,0.0
fit,2024-01-08,14,1817,10050,1759.7985,1503.0,1589.9,1663.0,1752.0,1854.0,1935.1000000000001,2041.0749999999996,0.0,1664.7715,1593.0,1618.0,1638.0,1664.0,1690.0,1714.0,1738.0,0.0,1757.379,1683.0,1712.0,1732.0,1757.0,1783.0,1805.0,1830.0,0.0
fit,2024-01-08,15,61,10050,80.007,28.0,41.0,55.0,77.0,100.0,124.0,158.0,0.0,71.7505,56.0,61.0,66.0,71.0,77.0,83.0,89.0,0.0,79.677,63.0,68.0,74.0,80.0,85.25,91.0,96.0,0.0
fit,2024-01-08,16,33,10050,28.9095,4.0,8.0,15.0,25.0,39.0,55.0,79.02499999999986,0.0,87.474,70.0,75.0,81.0,87.0,94.0,99.0,106.0,0.0,29.4955,20.0,23.0,26.0,29.0,33.0,37.0,40.0,0.0
fit,2024-01-08,17,559,10050,526.9825,380.0,425.0,471.0,523.0,578.0,636.0,697.0499999999997,0.0,670.6295,623.0,639.0,654.0,670.0,688.0,704.0,719.0,0.0,529.9845,487.0,501.0,514.0,530.0,545.0,559.0,577.0,0.0
fit,2024-01-08,18,114,10050,90.1995,36.0,50.0,66.0,87.0,110.0,135.10000000000014,164.0749999999996,0.0,101.4795,82.0,88.0,94.0,101.0,109.0,114.0,122.0,0.0,90.605,72.0,79.0,84.0,90.0,97.0,103.0,109.0,0.0
fit,2024-01-08,19,542,10050,499.098,358.975,400.9,442.0,496.0,550.25,599.0,662.0,0.0,595.4165,548.0,564.0,579.0,596.0,611.0,626.0,642.0,0.0,500.0405,456.0,471.0,484.75,500.0,515.0,528.0,544.0,0.0
fit,2024-01-08,20,7,10050,4.6645,0.0,0.0,0.0,2.0,6.0,14.0,27.0,0.0,31.765,20.0,24.0,28.0,32.0,35.0,39.0,44.0,0.0,4.7375,1.0,2.0,3.0,4.0,6.0,8.0,9.0,0.0
fit,2024-01-08,21,26,10050,20.027,1.0,4.0,8.0,16.0,27.25,41.0,62.0,0.0,38.472,27.0,31.0,34.0,38.0,42.0,47.0,51.0,0.0,20.0405,11.0,14.0,17.0,20.0,23.0,26.0,29.024999999999864,0.0
fit,2024-01-08,22,90,10050,72.236,24.0,35.0,50.0,68.0,91.0,112.0,144.0,0.0,121.0535,100.0,107.0,113.0,121.0,129.0,136.0,143.0,0.0,71.5845,56.0,61.0,66.0,71.5,77.0,82.0,89.0,0.0
fit,2024-01-08,23,36,10050,35.7845,6.975000000000001,12.0,20.0,32.0,48.0,64.0,89.0,0.0,60.342,46.0,51.0,55.0,60.0,65.0,70.0,75.0,0.0,35.661,24.0,28.0,31.0,35.0,40.0,44.0,47.0,0.0
fit,2024-01-08,24,54,10050,34.675,5.0,12.0,19.0,31.0,46.0,64.0,85.0,0.0,91.118,72.0,79.0,85.0,91.0,97.0,103.0,111.0,0.0,34.5405,23.0,27.0,30.0,35.0,38.0,42.0,46.0,0.0
fit,2024-01-08,25,150,10050,149.978,78.0,97.9,120.0,145.0,178.0,205.10000000000014,242.02499999999986,0.0,133.727,112.0,119.0,126.0,134.0,141.0,148.10000000000014,156.0,0.0,150.0045,127.0,135.0,142.0,150.0,158.0,165.0,172.0,0.0
fit,2024-01-08,26,62,10050,146.7695,73.0,95.0,115.0,143.0,173.0,206.0,245.0,0.0,106.467,87.0,93.0,99.0,106.0,113.0,120.0,127.0,0.0,147.151,124.975,132.0,139.0,147.0,155.0,163.0,170.0,0.0
fit,2024-01-08,27,51,10050,79.1765,26.0,41.0,56.0,75.0,97.0,124.0,156.0,0.0,75.4385,59.0,64.9,69.0,75.0,81.0,87.0,93.0,0.0,78.462,62.0,67.0,73.0,79.0,84.0,89.0,96.0,0.0
fit,2024-01-08,28,17,10050,13.5135,0.0,1.0,4.0,10.0,19.0,30.0,49.024999999999864,0.0,65.593,51.0,55.900000000000006,60.0,66.0,71.0,76.0,81.0,0.0,13.8935,7.0,9.0,11.0,14.0,16.0,19.0,22.0,0.0
fit,2024-01-08,29,78,10050,83.9935,31.0,44.0,60.0,80.0,105.0,126.0,158.0,0.0,85.586,67.0,74.0,79.0,86.0,92.0,97.0,103.02499999999986,0.0,84.836,68.0,73.0,79.0,85.0,90.0,96.0,104.0,0.0
fit,2024-01-08,30,215,10050,106.4465,48.0,63.0,80.0,102.0,128.0,155.0,187.0,0.0,203.2275,177.0,186.0,194.0,203.0,213.0,221.0,230.0,0.0,107.108,88.0,94.0,100.0,107.0,114.0,120.0,126.02499999999986,0.0
fit,2024-01-08,31,4,10050,3.5885,0.0,0.0,0.0,1.0,4.0,12.0,22.024999999999864,0.0,75.3435,59.0,64.0,69.0,76.0,81.0,86.0,93.0,0.0,3.4895,0.0,1.0,2.0,3.0,5.0,6.0,8.0,0.0
fit,2024-01-08,32,52,10050,96.5825,40.0,55.0,71.0,92.0,118.0,146.0,174.0,0.0,85.022,67.0,74.0,79.0,85.0,91.0,97.0,104.0,0.0,95.492,77.0,83.0,89.0,95.0,102.0,109.0,116.0,0.0
fit,2024-01-08,33,46,10050,18.3615,1.0,3.0,7.0,14.0,25.0,39.0,59.0,0.0,66.8925,51.0,56.0,61.0,67.0,72.0,78.0,84.0,0.0,18.468,11.0,13.0,16.0,18.0,21.0,24.0,27.0,0.0
fit,2024-01-08,34,42,10050,70.911,24.0,37.0,49.0,66.0,88.0,113.0,145.02499999999986,0.0,61.2145,47.0,52.0,56.0,61.0,66.0,71.0,77.0,0.0,70.4075,54.0,60.0,65.0,70.0,76.0,81.0,87.0,0.0
fit,2024-01-08,35,34,10050,65.307,20.0,32.0,44.0,61.0,82.0,103.0,133.0,0.0,27.111,18.0,20.0,23.0,27.0,31.0,34.0,38.0,0.0,65.7855,50.0,55.0,60.0,65.0,71.0,76.0,82.0,0.0
fit,2024-01-08,36,793,10050,814.327,633.0,689.0,749.0,813.0,876.0,935.1000000000001,1013.0749999999996,0.0,504.3365,460.0,477.0,490.0,504.0,519.0,534.0,549.0,0.0,813.519,760.0,779.0,795.0,813.0,832.0,849.0,868.0,0.0
fit,2024-01-08,37,41,10050,9.682,0.0,0.0,2.0,6.0,13.0,23.0,41.024999999999864,0.0,58.953,44.0,49.0,54.0,59.0,64.0,69.0,74.0,0.0,9.8975,4.0,6.0,8.0,10.0,12.0,14.0,17.0,0.0
fit,2024-01-08,38,10,10050,33.693,5.975000000000001,11.0,19.0,29.0,45.0,61.0,85.0,0.0,59.5935,45.0,50.0,54.0,59.0,65.0,70.0,75.0,0.0,34.6185,24.0,27.0,31.0,35.0,39.0,42.0,47.0,0.0
fit,2024-01-08,39,66,10050,58.076,18.0,27.0,39.0,54.0,74.0,94.0,122.0,0.0,79.53,62.0,68.0,74.0,79.0,85.0,91.0,98.0,0.0,59.2865,44.975,50.0,54.0,59.0,64.0,70.0,76.0,0.0
fit,2024-01-15,0,6,9069,11.9315,0.0,1.0,3.0,9.0,17.0,27.0,43.024999999999864,0.0,16.5995,9.0,11.0,14.0,16.0,20.0,22.0,25.0,0.0,12.146,6.0,8.0,10.0,12.0,14.0,17.0,19.0,0.0
fit,2024-01-15,1,37,9069,34.147,6.0,12.0,19.0,31.0,44.0,61.0,86.0,0.0,51.086,38.0,42.0,46.0,51.0,56.0,61.0,67.0,0.0,34.2205,23.0,27.0,30.0,34.0,38.0,42.0,46.0,0.0
fit,2024-01-15,2,53,9069,32.0335,5.0,11.0,18.0,29.0,42.0,58.0,79.0,0.0,72.3785,57.0,61.0,67.0,72.0,78.0,84.0,89.02499999999986,0.0,32.8505,22.0,26.0,29.0,33.0,37.0,40.0,45.0,0.0
fit,2024-01-15,3,242,9069,261.653,165.0,195.0,224.0,258.0,296.0,332.0,377.0,0.0,301.399,267.975,278.9,290.0,302.0,313.0,323.0,334.0,0.0,260.5685,229.0,240.0,249.0,261.0,271.0,281.0,292.0,0.0
fit,2024-01-15,4,56,9069,44.0325,10.0,18.0,27.0,40.0,56.0,76.0,101.0,0.0,113.1255,92.0,100.0,106.0,113.0,120.0,127.0,134.02499999999986,0.0,43.4165,31.0,35.0,39.0,43.0,48.0,52.0,57.0,0.0
fit,2024-01-15,5,55,9069,73.719,26.975,38.0,52.0,70.0,92.0,114.0,139.0,0.0,80.632,63.0,69.0,75.0,81.0,86.0,92.0,98.0,0.0,74.5665,58.0,64.0,69.0,75.0,80.0,86.0,92.02499999999986,0.0
fit,2024-01-15,6,65,9069,65.269,21.975,32.0,45.0,62.0,82.0,104.0,129.0,0.0,116.416,96.0,103.0,109.0,116.0,124.0,130.0,137.0,0.0,65.536,50.0,55.0,60.0,65.0,71.0,76.0,82.0,0.0
fit,2024-01-15,7,114,9069,127.9775,65.0,82.0,100.0,125.0,151.0,178.0,213.02499999999986,0.0,98.189,80.0,86.0,91.0,98.0,105.0,111.0,119.0,0.0,127.9335,106.0,113.0,120.0,128.0,136.0,143.0,151.0,0.0
fit,2024-01-15,8,1038,9069,1195.469,989.0,1052.0,1117.0,1192.0,1272.0,1342.0,1423.0,0.0,1018.055,958.0,977.0,997.75,1018.0,1039.0,1056.0,1077.0249999999999,0.0,1194.9785,1129.975,1154.0,1174.0,1196.0,1216.0,1236.0,1259.0249999999999,0.0
fit,2024-01-15,9,9,9069,12.668,0.0,1.0,4.0,9.0,18.0,28.0,47.0,0.0,23.1875,14.0,17.0,20.0,23.0,27.0,30.0,33.0,0.0,12.6645,6.0,8.0,10.0,12.0,15.0,17.0,20.0,0.0
fit,2024-01-15,10,132,9069,151.125,77.0,98.0,121.0,148.0,178.0,207.0,247.02499999999986,0.0,78.141,61.0,67.0,72.0,78.0,84.0,90.0,96.0,0.0,151.109,128.0,136.0,143.0,151.0,159.0,167.0,175.0,0.0
fit,2024-01-15,11,969,9069,895.576,709.0,769.0,826.0,894.0,961.0,1026.0,1091.0,0.0,826.09,774.0,791.0,807.0,826.0,845.0,861.0,879.0249999999999,0.0,895.337,840.0,859.0,877.0,896.0,914.0,931.0,950.0,0.0
fit,2024-01-15,12,772,9069,760.9745,583.975,646.9,698.0,757.0,819.0,885.1000000000001,956.0249999999999,0.0,734.888,682.0,701.0,716.0,735.0,753.0,769.1000000000001,788.0,0.0,764.879,714.0,731.0,747.0,764.0,782.0,799.0,817.0,0.0
fit,2024-01-15,13,1014,9069,945.1205,756.0,819.9,876.0,942.0,1010.0,1076.0,1161.0249999999999,0.0,828.094,774.975,792.0,809.0,827.0,848.0,864.0,883.0249999999999,0.0,940.812,884.0,902.0,920.0,941.0,961.0,980.0,999.0,0.0
fit,2024-01-15,14,1706,9069,1578.987,1340.0,1416.0,1496.0,1579.0,1663.25,1733.0,1830.0499999999997,0.0,1500.3785,1432.0,1454.0,1477.0,1502.0,1523.0,1544.0,1567.0249999999999,0.0,1574.446,1503.975,1526.0,1550.0,1575.0,1600.0,1621.0,1645.0,0.0
fit,2024-01-15,15,14,9069,60.613,20.0,29.0,41.0,57.0,76.0,96.0,122.0,0.0,64.4835,50.0,54.900000000000006,59.0,64.0,70.0,75.0,81.0,0.0,60.1295,46.0,50.0,55.0,60.0,65.0,70.0,76.0,0.0
fit,2024-01-15,16,53,9069,28.583,4.0,9.0,15.0,25.0,38.0,53.0,73.0,0.0,78.894,62.0,68.0,73.0,79.0,85.0,91.0,97.0,0.0,28.59,19.0,22.0,25.0,28.0,32.0,35.0,39.0,0.0
fit,2024-01-15,17,548,9069,492.721,359.0,402.0,443.75,491.0,537.0,586.0,645.0,0.0,603.852,556.975,574.0,588.0,604.0,620.0,635.0,651.0,0.0,495.541,455.0,469.0,481.75,496.0,510.0,522.0,538.0,0.0
fit,2024-01-15,18,113,9069,92.8465,39.0,54.0,69.0,89.0,113.0,139.0,166.04999999999973,0.0,91.8435,73.975,79.9,85.0,92.0,98.0,104.0,111.0,0.0,92.5435,74.0,80.0,86.0,92.0,99.0,105.0,111.0,0.0
fit,2024-01-15,19,435,9069,467.9025,333.975,376.0,416.0,463.0,517.0,563.0,621.0,0.0,536.977,492.0,508.0,522.0,537.0,552.0,567.0,581.0,0.0,467.4965,425.0,440.0,453.0,468.0,482.0,494.0,508.0,0.0
fit,2024-01-15,20,9,9069,5.5825,0.0,0.0,0.0,2.5,8.0,15.0,29.0,0.0,28.6965,19.0,22.0,25.0,28.0,32.25,36.0,40.0,0.0,5.589,2.0,3.0,4.0,5.0,7.0,9.0,11.0,0.0
fit,2024-01-15,21,9,9069,22.119,1.0,5.0,10.0,19.0,30.0,43.0,63.024999999999864,0.0,34.8715,24.0,27.0,31.0,35.0,39.0,42.0,47.0,0.0,21.6165,13.0,16.0,18.0,21.0,25.0,28.0,31.0,0.0
fit,2024-01-15,22,95,9069,76.0635,27.0,40.0,55.0,73.0,94.0,116.0,142.02499999999986,0.0,109.722,90.0,96.0,102.0,109.0,117.0,124.0,131.0,0.0,75.5965,59.975,65.0,70.0,75.0,81.0,86.0,93.0,0.0
fit,2024-01-15,23,40,9069,33.2775,7.0,12.0,20.0,30.0,43.0,59.0,84.0,0.0,54.5255,41.0,45.0,49.0,54.0,60.0,64.0,69.0,0.0,33.416,22.0,26.0,30.0,33.0,37.0,41.0,45.0,0.0
fit,2024-01-15,24,28,9069,32.8135,6.0,11.0,19.0,29.0,43.0,58.0,82.02499999999986,0.0,82.086,65.0,71.0,76.0,82.0,88.0,94.0,100.02499999999986,0.0,33.152,22.0,26.0,29.0,33.0,37.0,41.0,46.0,0.0
fit,2024-01-15,25,77,9069,130.6145,66.0,82.0,100.0,127.0,157.0,183.0,218.0,0.0,120.8935,100.0,107.0,114.0,121.0,128.0,135.0,142.0,0.0,130.3325,110.0,116.0,122.0,130.0,138.0,145.0,152.0,0.0
fit,2024-01-15,26,83,9069,117.6995,56.0,71.0,91.0,113.0,140.0,168.0,204.0,0.0,95.4305,77.0,84.0,89.0,95.0,102.0,107.0,115.0,0.0,117.3705,97.0,104.0,110.0,117.0,124.0,131.0,139.0,0.0
fit,2024-01-15,27,52,9069,70.344,23.975,36.0,49.0,67.0,88.0,109.0,133.0,0.0,68.2935,52.0,58.0,63.0,68.0,74.0,79.0,85.0,0.0,70.709,55.0,60.0,65.0,70.5,76.0,81.0,88.0,0.0
fit,2024-01-15,28,10,9069,15.4645,0.0,2.0,6.0,12.0,22.0,33.0,52.0,0.0,59.0,44.0,49.0,54.0,59.0,64.0,69.0,75.0,0.0,15.312,8.0,10.0,13.0,15.0,18.0,21.0,24.0,0.0
fit,2024-01-15,29,39,9069,68.9025,24.0,35.0,48.0,66.0,86.0,106.0,134.0,0.0,77.1195,60.975,66.0,71.0,77.0,83.0,88.0,95.0,0.0,68.5195,53.0,58.0,63.0,68.0,74.0,79.0,85.0,0.0
fit,2024-01-15,30,172,9069,128.903,66.0,85.0,102.0,125.0,152.0,180.0,212.0,0.0,183.307,157.0,166.0,174.0,183.0,193.0,201.0,210.0,0.0,129.5425,108.0,115.0,121.0,130.0,137.0,144.0,152.0,0.0
fit,2024-01-15,31,3,9069,3.2745,0.0,0.0,0.0,1.0,4.0,10.0,21.024999999999864,0.0,68.0045,53.0,57.0,62.0,68.0,74.0,79.0,84.0,0.0,3.1055,0.0,1.0,2.0,3.0,4.0,5.0,7.0,0.0
fit,2024-01-15,32,38,9069,72.7135,27.0,38.0,51.0,69.0,91.0,112.0,141.0,0.0,77.1065,61.0,66.0,71.0,77.0,83.0,89.0,95.0,0.0,74.0015,58.0,63.0,68.0,74.0,80.0,86.0,91.0,0.0
fit,2024-01-15,33,43,9069,22.377,2.0,5.0,10.0,19.0,31.0,44.0,62.024999999999864,0.0,59.961,46.0,50.0,54.0,60.0,65.0,70.0,75.02499999999986,0.0,22.13,13.0,16.0,19.0,22.0,25.0,28.0,32.0,0.0
fit,2024-01-15,34,3,9069,51.7385,14.975000000000001,23.0,34.0,48.0,66.0,84.0,108.0,0.0,55.854,41.0,46.0,51.0,56.0,61.0,65.0,71.0,0.0,51.611,38.0,43.0,47.0,51.0,56.0,61.0,66.0,0.0
fit,2024-01-15,35,27,9069,55.178,17.0,26.0,37.0,51.0,70.0,88.0,116.0,0.0,24.655,16.0,19.0,21.0,25.0,28.0,31.0,35.0,0.0,55.0185,41.0,46.0,50.0,55.0,60.0,64.0,69.0,0.0
fit,2024-01-15,36,865,9069,738.3665,581.0,624.0,678.0,734.0,796.0,856.0,914.0499999999997,0.0,455.968,417.975,430.0,442.0,455.0,470.0,483.0,497.0,0.0,741.4635,692.0,709.0,723.0,741.0,759.0,775.0,794.0,0.0
fit,2024-01-15,37,5,9069,17.295,1.0,3.0,7.0,14.0,24.0,37.100000000000136,54.0,0.0,53.1875,39.0,43.0,48.0,53.0,58.0,63.0,67.0,0.0,17.0035,9.0,12.0,14.0,17.0,19.0,22.0,26.0,0.0
fit,2024-01-15,38,7,9069,22.8195,2.0,5.0,10.0,19.0,31.0,44.0,66.0,0.0,53.7645,40.0,45.0,49.0,54.0,58.0,63.0,68.0,0.0,23.0185,14.0,17.0,20.0,23.0,26.0,29.0,33.0,0.0
fit,2024-01-15,39,33,9069,50.1045,15.0,22.0,32.0,46.0,65.0,83.0,107.0,0.0,71.844,56.0,61.0,66.0,72.0,77.0,82.0,88.0,0.0,50.7275,38.0,41.0,46.0,50.0,56.0,60.0,66.0,0.0
fit,2024-01-22,0,17,10654,13.491,0.0,1.0,4.0,9.0,18.0,33.0,52.0,0.0,19.4735,11.0,14.0,16.75,19.0,22.0,25.0,29.0,0.0,13.2655,7.0,9.0,11.0,13.0,16.0,18.0,21.0,0.0
fit,2024-01-22,1,40,10654,37.18,7.0,12.0,21.0,33.0,49.0,67.0,95.0,0.0,59.9375,45.0,50.0,55.0,60.0,65.0,70.0,75.0,0.0,37.9455,26.0,30.0,34.0,38.0,42.0,46.0,51.0,0.0
fit,2024-01-22,2,112,10654,46.7645,9.975000000000001,18.0,28.0,43.0,62.0,80.0,107.02499999999986,0.0,84.9625,66.0,73.0,79.0,85.0,91.0,97.0,104.0,0.0,47.2805,34.0,38.0,42.0,47.0,52.0,56.0,61.0,0.0
fit,2024-01-22,3,346,10654,302.341,187.0,222.0,258.0,298.0,343.0,386.0,440.0,0.0,353.6045,320.0,331.0,341.0,353.0,366.0,377.0,389.0,0.0,303.359,270.0,281.0,291.75,303.0,315.25,325.0,338.0,0.0
fit,2024-01-22,4,73,10654,59.301,16.0,26.0,39.0,56.0,75.0,98.0,127.0,0.0,133.0735,110.0,118.0,125.0,133.0,141.0,148.0,158.0,0.0,58.992,44.0,49.0,54.0,59.0,64.0,69.0,74.0,0.0
fit,2024-01-22,5,87,10654,85.7065,31.0,45.0,60.0,82.0,105.0,133.0,166.0,0.0,94.395,75.0,82.0,88.0,94.0,101.0,107.0,114.0,0.0,84.5055,67.0,73.0,78.0,84.0,91.0,96.0,103.0,0.0
fit,2024-01-22,6,78,10654,79.584,28.0,41.0,55.0,74.5,98.25,123.0,164.0,0.0,137.2785,115.0,122.0,129.0,137.0,145.25,153.0,160.0,0.0,79.2965,62.0,68.0,73.0,79.0,85.0,91.0,98.0,0.0
fit,2024-01-22,7,171,10654,145.0825,74.0,92.0,114.0,141.0,173.0,203.0,246.0,0.0,114.7395,94.0,101.0,108.0,115.0,122.0,128.0,135.0,0.0,145.038,121.0,130.0,136.0,145.0,153.0,161.0,169.0,0.0
fit,2024-01-22,8,1427,10654,1348.2585,1105.975,1185.0,1261.0,1345.0,1432.0,1515.0,1618.0249999999999,0.0,1197.49,1136.975,1155.0,1176.0,1197.0,1219.0,1240.0,1263.0,0.0,1355.0695,1290.975,1312.0,1333.0,1355.0,1377.0,1399.0,1423.0,0.0
fit,2024-01-22,9,14,10654,14.829,0.0,1.0,4.0,11.0,20.0,34.0,52.024999999999864,0.0,26.6705,17.0,20.0,23.0,27.0,30.0,33.0,37.0,0.0,14.2205,8.0,10.0,12.0,14.0,17.0,19.0,22.0,0.0
fit,2024-01-22,10,161,10654,149.972,71.0,94.0,118.0,146.0,177.25,210.0,248.0,0.0,91.5355,73.0,79.0,85.0,92.0,98.0,104.0,111.0,0.0,150.576,127.0,136.0,142.0,150.0,159.0,166.0,174.0,0.0
fit,2024-01-22,11,1053,10654,1074.392,865.0,927.0,991.0,1070.0,1152.0,1230.1000000000001,1316.0249999999999,0.0,969.438,908.0,931.0,948.0,969.0,990.0,1009.0,1029.0,0.0,1073.0195,1013.975,1033.0,1051.0,1072.5,1095.0,1114.0,1133.0,0.0
fit,2024-01-22,12,907,10654,935.8705,740.975,798.0,861.0,934.0,1005.0,1077.0,1162.0249999999999,0.0,862.7175,807.0,826.0,844.0,862.0,881.0,900.0,918.0,0.0,932.499,873.975,895.0,913.0,933.0,952.0,970.0,988.0,0.0
fit,2024-01-22,13,1166,10654,1151.602,928.0,1007.0,1072.75,1149.0,1229.0,1300.0,1383.0,0.0,972.456,914.0,933.9,953.0,973.0,993.0,1010.0,1031.0,0.0,1149.349,1089.0,1109.0,1129.0,1150.0,1169.0,1189.0,1210.0,0.0
fit,2024-01-22,14,1825,10654,1891.568,1605.975,1698.0,1794.0,1892.0,1987.25,2084.0,2181.0,0.0,1763.576,1689.0,1714.0,1738.75,1764.0,1789.0,1812.0,1842.0,0.0,1893.2185,1815.0,1842.0,1866.0,1893.0,1920.0,1945.0,1971.0,0.0
fit,2024-01-22,15,17,10654,40.761,8.0,15.0,23.0,35.0,54.0,73.0,101.0,0.0,75.976,60.0,65.0,70.0,76.0,82.0,87.0,94.0,0.0,39.9755,29.0,32.0,36.0,40.0,44.0,48.0,52.0,0.0
fit,2024-01-22,16,112,10654,43.4365,8.0,16.0,25.0,39.0,57.0,77.0,104.02499999999986,0.0,92.4675,74.975,80.0,85.0,92.0,99.0,105.0,112.0,0.0,43.1535,31.975,35.0,39.0,43.0,47.0,52.0,56.0,0.0
fit,2024-01-22,17,636,10654,589.427,440.975,480.9,527.0,585.0,647.0,705.0,762.0249999999999,0.0,710.6545,661.0,677.0,693.0,710.0,727.0,744.0,762.0,0.0,588.0525,542.975,559.0,572.0,588.0,604.0,619.0,635.0,0.0
fit,2024-01-22,18,85,10654,106.653,44.975,61.0,79.0,102.0,130.0,157.0,194.02499999999986,0.0,107.703,89.0,95.0,101.0,108.0,114.0,120.0,128.0,0.0,107.077,87.0,93.9,100.0,107.0,114.0,121.0,129.0,0.0
fit,2024-01-22,19,472,10654,572.53,414.975,463.0,515.0,568.5,629.0,684.0,756.0249999999999,0.0,630.454,582.0,599.0,613.0,629.0,647.25,662.0,680.0,0.0,568.7805,522.0,538.0,553.0,568.0,584.0,599.0,615.0249999999999,0.0
fit,2024-01-22,20,39,10654,8.592,0.0,0.0,1.0,4.5,12.0,22.0,40.0,0.0,33.8025,23.0,26.0,30.0,34.0,38.0,42.0,46.0,0.0,8.0175,3.0,5.0,6.0,8.0,10.0,12.0,14.0,0.0
fit,2024-01-22,21,18,10654,24.764,2.0,6.0,11.0,20.0,34.0,49.0,74.0,0.0,40.9895,29.0,33.0,37.0,41.0,45.0,49.0,54.0,0.0,24.615,15.0,18.0,21.0,25.0,28.0,31.0,35.0,0.0
fit,2024-01-22,22,155,10654,99.462,41.0,54.900000000000006,71.0,95.0,122.25,150.0,183.0,0.0,128.775,106.0,114.0,121.0,128.0,136.0,143.0,152.0,0.0,99.136,81.0,87.0,93.0,99.0,106.0,112.0,118.02499999999986,0.0
fit,2024-01-22,23,46,10654,41.5675,8.0,15.0,24.0,38.0,55.0,72.0,100.0,0.0,64.0095,49.0,54.0,59.0,64.0,69.0,74.0,80.0,0.0,42.219,30.0,34.0,38.0,42.0,47.0,51.0,55.0,0.0
fit,2024-01-22,24,36,10654,43.1165,8.0,16.0,25.0,38.0,57.0,79.0,104.02499999999986,0.0,96.838,78.0,84.0,90.0,97.0,103.0,110.0,117.0,0.0,42.393,30.0,34.0,38.0,42.0,47.0,51.0,56.0,0.0
fit,2024-01-22,25,150,10654,130.6455,61.0,79.0,99.0,127.0,156.0,185.0,227.0,0.0,142.678,120.0,127.0,135.0,143.0,151.0,158.0,165.0,0.0,133.414,112.0,119.0,126.0,133.0,141.0,148.0,156.0,0.0
fit,2024-01-22,26,90,10654,119.009,50.975,71.0,91.0,115.0,143.0,172.0,208.02499999999986,0.0,112.457,92.0,99.0,105.0,112.0,120.0,126.0,134.0,0.0,119.9645,99.0,106.0,112.0,120.0,127.0,134.0,141.0,0.0
fit,2024-01-22,27,109,10654,77.5395,28.0,40.0,54.0,73.0,97.0,122.0,150.0,0.0,79.5845,63.0,68.0,73.0,80.0,85.0,91.0,97.02499999999986,0.0,78.2525,61.0,67.0,73.0,78.0,84.0,90.0,96.0,0.0
fit,2024-01-22,28,32,10654,16.8095,0.0,2.0,6.0,12.0,24.0,38.0,58.0,0.0,69.4225,54.0,59.0,64.0,69.0,75.0,80.0,86.0,0.0,16.6915,9.0,12.0,14.0,16.0,19.0,22.0,25.0,0.0
fit,2024-01-22,29,50,10654,69.87,21.0,34.0,47.0,65.0,87.0,112.0,142.0,0.0,91.1865,73.0,79.0,85.0,91.0,98.0,103.0,111.0,0.0,69.818,54.0,60.0,64.0,70.0,75.0,80.0,86.0,0.0
fit,2024-01-22,30,239,10654,172.0375,89.0,112.0,138.0,167.0,202.0,238.0,281.0,0.0,216.0255,187.975,197.9,206.0,216.0,225.0,236.0,247.0,0.0,171.7725,146.0,154.0,163.0,172.0,180.0,188.0,197.0,0.0
fit,2024-01-22,31,2,10654,2.97,0.0,0.0,0.0,0.0,3.0,9.100000000000136,23.0,0.0,80.052,63.0,69.0,74.0,80.0,86.0,92.0,98.0,0.0,2.916,0.0,1.0,2.0,3.0,4.0,5.0,7.0,0.0
fit,2024-01-22,32,42,10654,69.299,23.0,35.0,47.0,64.0,87.25,110.0,141.02499999999986,0.0,90.3055,72.0,78.0,84.0,90.0,96.25,103.0,110.0,0.0,68.7285,52.0,58.0,63.0,69.0,75.0,80.0,86.0,0.0
fit,2024-01-22,33,17,10654,34.8505,5.0,11.0,19.0,30.0,46.0,66.0,90.02499999999986,0.0,70.504,55.0,60.0,65.0,70.0,76.0,81.0,87.0,0.0,34.324,24.0,27.0,30.0,34.0,38.0,42.0,46.0,0.0
fit,2024-01-22,34,1,10654,35.261,6.0,11.0,19.0,31.0,48.0,64.0,86.02499999999986,0.0,65.3095,51.0,55.0,60.0,65.0,71.0,75.10000000000014,82.0,0.0,35.23,24.0,28.0,31.0,35.0,39.0,43.0,47.0,0.0
fit,2024-01-22,35,19,10654,39.0095,7.0,13.0,21.0,35.0,52.0,70.0,93.02499999999986,0.0,28.868,19.0,22.0,25.0,29.0,33.0,36.0,39.0,0.0,40.2185,28.0,32.0,36.0,40.0,44.0,48.100000000000136,53.0,0.0
fit,2024-01-22,36,716,10654,899.7985,699.975,765.0,826.0,894.0,970.0,1043.1000000000001,1121.0,0.0,534.423,491.0,505.9,519.0,534.0,549.0,563.1000000000001,580.0,0.0,900.99,848.975,865.0,881.0,900.0,920.0,938.1000000000001,957.0249999999999,0.0
fit,2024-01-22,37,10,10654,19.5815,1.0,4.0,8.0,15.0,27.0,40.0,62.0,0.0,62.36,48.0,52.0,57.0,62.0,67.0,73.0,79.0,0.0,19.958,11.0,14.0,17.0,20.0,23.0,26.0,29.0,0.0
fit,2024-01-22,38,24,10654,10.149,0.0,0.0,2.0,6.0,14.0,26.0,45.0,0.0,63.293,48.975,53.0,58.0,63.0,69.0,73.0,78.0,0.0,9.466,4.0,6.0,7.0,9.0,11.0,13.0,16.0,0.0
fit,2024-01-22,39,60,10654,50.918,13.0,22.0,32.0,46.0,65.25,86.0,113.02499999999986,0.0,84.5135,67.0,73.0,78.0,84.0,91.0,96.0,103.0,0.0,51.202,38.0,42.0,46.0,51.0,56.0,60.0,65.0,0.0
fit,2024-01-29,0,12,10343,11.6325,0.0,1.0,3.0,8.0,16.0,28.0,46.0,0.0,18.933,11.0,14.0,16.0,19.0,22.0,25.0,28.0,0.0,11.9665,6.0,8.0,9.0,12.0,14.0,17.0,19.0,0.0
fit,2024-01-29,1,45,10343,36.2335,7.0,13.0,20.0,32.0,48.0,66.0,89.0,0.0,58.194,44.0,48.0,53.0,58.0,63.0,68.0,74.0,0.0,36.559,25.0,29.0,33.0,36.0,41.0,45.0,49.0,0.0
fit,2024-01-29,2,98,10343,65.3625,21.0,32.0,44.0,61.0,82.25,106.0,130.02499999999986,0.0,82.093,65.0,70.0,75.0,82.0,88.0,94.0,101.0,0.0,66.029,51.0,56.0,61.0,66.0,71.0,77.0,83.0,0.0
fit,2024-01-29,3,277,10343,303.01,197.0,224.0,257.0,296.0,345.0,390.10000000000014,442.0,0.0,343.8735,308.0,321.0,331.0,344.0,356.0,368.0,381.0,0.0,302.054,268.975,280.0,290.0,302.0,313.0,324.0,336.0,0.0
fit,2024-01-29,4,67,10343,59.211,17.0,28.0,39.0,55.0,74.0,97.0,122.0,0.0,128.956,107.0,114.0,121.0,129.0,137.0,144.0,152.0,0.0,59.7215,46.0,50.0,54.0,60.0,65.0,69.0,75.02499999999986,0.0
fit,2024-01-29,5,134,10343,85.258,34.0,45.0,61.0,82.0,105.25,129.0,160.0,0.0,91.7825,74.0,80.0,85.0,91.0,98.0,104.0,111.0,0.0,84.2775,67.0,72.0,78.0,84.0,90.25,96.0,102.0,0.0
fit,2024-01-29,6,56,10343,75.498,25.0,39.0,52.0,71.0,94.0,118.0,150.02499999999986,0.0,133.528,111.0,119.0,126.0,133.0,141.0,148.0,157.0,0.0,76.311,60.0,65.0,70.0,76.0,82.0,88.0,95.0,0.0
fit,2024-01-29,7,128,10343,147.6625,71.0,92.0,116.0,144.0,175.0,205.0,254.0,0.0,111.73,91.0,98.0,105.0,112.0,119.0,125.0,133.0,0.0,148.6875,124.0,133.0,140.0,149.0,157.0,164.0,173.0,0.0
fit,2024-01-29,8,1428,10343,1317.153,1087.0,1159.0,1233.0,1315.0,1398.25,1474.0,1563.0249999999999,0.0,1162.161,1099.0,1122.0,1141.0,1162.0,1184.0,1203.1000000000001,1222.0,0.0,1311.622,1249.975,1270.0,1289.0,1311.5,1334.25,1353.0,1378.0,0.0
fit,2024-01-29,9,6,10343,12.745,0.0,1.0,3.75,9.0,18.0,28.0,48.0,0.0,25.8405,16.0,20.0,22.0,26.0,29.0,32.0,36.0,0.0,13.0255,6.0,8.0,10.0,13.0,15.0,18.0,20.0,0.0
fit,2024-01-29,10,184,10343,148.751,73.975,96.0,117.0,145.0,176.0,207.0,247.0,0.0,89.186,72.0,77.0,82.0,89.0,96.0,102.0,109.0,0.0,150.169,127.0,134.0,141.0,150.0,158.0,167.0,175.0,0.0
fit,2024-01-29,11,1140,10343,1021.508,815.975,888.0,947.0,1016.0,1091.0,1160.1000000000001,1249.0499999999997,0.0,941.2615,889.0,904.0,921.0,941.0,961.0,978.1000000000001,999.0,0.0,1017.0845,958.0,978.0,996.75,1016.0,1037.0,1056.0,1076.0249999999999,0.0
fit,2024-01-29,12,833,10343,909.2615,713.0,776.0,836.0,908.0,974.0,1044.0,1136.0249999999999,0.0,837.2235,784.0,800.0,817.0,837.0,857.0,873.0,894.0,0.0,911.6375,857.0,874.9,893.0,911.5,932.0,948.0,966.0,0.0
fit,2024-01-29,13,1130,10343,1130.2975,924.0,988.0,1050.75,1124.0,1204.0,1278.0,1379.0249999999999,0.0,943.429,884.0,905.0,923.0,944.0,963.0,981.0,1002.0,0.0,1131.09,1066.975,1091.0,1111.0,1131.0,1152.0,1172.0,1195.0,0.0
fit,2024-01-29,14,1661,10343,1853.532,1582.95,1669.0,1755.75,1854.0,1948.25,2031.0,2142.0,0.0,1712.769,1640.975,1665.9,1687.0,1711.0,1738.0,1761.0,1788.0249999999999,0.0,1861.934,1787.0,1812.0,1836.0,1861.0,1888.0,1911.0,1936.0,0.0
fit,2024-01-29,15,33,10343,29.997,3.0,9.0,15.0,25.0,40.0,57.0,80.02499999999986,0.0,73.3795,57.0,62.0,67.0,73.0,79.0,84.0,90.0,0.0,29.7915,20.0,23.0,26.0,30.0,33.0,37.0,41.0,0.0
fit,2024-01-29,16,105,10343,65.1425,19.0,30.0,43.0,61.0,84.0,107.0,132.0,0.0,90.22,73.0,78.0,84.0,90.0,96.0,102.0,110.0,0.0,64.542,49.0,54.0,59.0,64.0,70.0,75.0,81.0,0.0
fit,2024-01-29,17,538,10343,567.181,409.975,460.0,507.75,563.5,623.0,678.0,740.0999999999995,0.0,689.2245,638.975,658.0,673.0,689.0,706.0,721.0,740.0249999999999,0.0,567.8215,521.0,537.0,552.0,568.0,584.0,597.0,614.0,0.0
fit,2024-01-29,18,98,10343,103.483,43.0,61.0,77.0,100.0,125.0,152.0,184.0,0.0,104.2755,84.0,91.0,98.0,104.0,111.0,117.0,124.0,0.0,102.563,83.0,90.0,96.0,102.0,109.0,115.0,123.0,0.0
fit,2024-01-29,19,534,10343,555.721,402.0,448.0,497.0,551.0,609.25,663.0,738.0249999999999,0.0,613.005,564.0,581.9,597.0,613.0,629.0,645.0,661.0,0.0,555.8085,510.0,526.0,541.0,556.0,572.0,585.0,599.0,0.0
fit,2024-01-29,20,42,10343,16.696,0.0,2.0,6.0,13.0,23.0,36.0,55.024999999999864,0.0,32.657,22.0,26.0,29.0,33.0,36.0,40.0,44.0,0.0,16.6865,9.0,12.0,14.0,17.0,19.0,22.0,25.0,0.0
fit,2024-01-29,21,9,10343,19.4895,1.0,3.0,7.0,15.0,27.0,41.0,62.0,0.0,40.143,29.0,32.0,36.0,40.0,44.0,48.0,53.0,0.0,19.3095,11.0,14.0,16.0,19.0,22.0,25.0,28.0,0.0
fit,2024-01-29,22,134,10343,115.109,51.0,68.0,86.0,112.0,140.0,167.0,203.0,0.0,124.289,103.0,110.0,117.0,124.0,132.0,138.0,146.0,0.0,114.963,94.0,101.0,107.0,115.0,122.0,129.0,137.0,0.0
fit,2024-01-29,23,33,10343,43.711,9.975000000000001,16.0,26.0,40.0,57.0,77.0,104.02499999999986,0.0,61.916,48.0,52.0,56.0,62.0,67.0,72.0,77.0,0.0,43.0065,30.0,35.0,38.0,43.0,47.0,51.0,56.0,0.0
fit,2024-01-29,24,34,10343,40.9515,8.0,14.0,24.0,37.0,54.0,72.0,95.02499999999986,0.0,93.7195,75.0,81.0,87.0,94.0,100.0,107.0,114.0,0.0,40.8425,29.0,33.0,36.0,41.0,45.0,49.0,54.0,0.0
fit,2024-01-29,25,110,10343,129.675,61.0,79.0,99.0,126.0,154.0,185.0,223.02499999999986,0.0,137.298,115.0,122.0,129.0,137.0,146.0,152.0,160.0,0.0,129.8125,108.0,116.0,122.0,130.0,137.0,144.0,151.02499999999986,0.0
fit,2024-01-29,26,33,10343,98.4165,42.0,55.0,71.0,93.0,121.0,149.0,182.0,0.0,109.122,89.975,96.0,102.0,109.0,116.0,123.0,130.0,0.0,97.2895,78.0,85.0,90.0,97.0,104.0,110.0,117.0,0.0
fit,2024-01-29,27,152,10343,80.7435,29.0,42.900000000000006,56.0,76.0,101.0,126.0,160.0,0.0,77.7215,61.0,67.0,72.0,78.0,84.0,89.0,96.0,0.0,80.5185,64.0,69.0,74.0,81.0,86.0,92.0,99.0,0.0
fit,2024-01-29,28,42,10343,22.8005,1.0,5.0,10.0,18.0,32.0,46.0,68.0,0.0,67.413,51.0,56.0,62.0,67.0,73.0,78.0,85.0,0.0,22.5415,14.0,17.0,19.0,22.0,26.0,29.0,33.0,0.0
fit,2024-01-29,29,63,10343,60.1275,18.0,28.0,39.0,57.0,77.0,96.10000000000014,124.02499999999986,0.0,88.9165,71.0,77.0,82.0,89.0,95.0,101.0,108.02499999999986,0.0,59.68,45.0,50.0,54.0,60.0,65.0,70.0,75.0,0.0
fit,2024-01-29,30,209,10343,192.4845,107.0,133.0,158.0,188.0,223.0,257.0,303.0,0.0,208.8605,180.0,190.0,199.0,209.0,219.0,227.0,237.0,0.0,192.8245,166.0,175.0,183.0,192.0,202.0,211.0,221.0,0.0
fit,2024-01-29,31,2,10343,3.1715,0.0,0.0,0.0,0.0,3.0,10.0,23.0,0.0,77.7565,61.0,67.0,72.0,78.0,84.0,89.0,95.0,0.0,3.1955,0.0,1.0,2.0,3.0,4.0,6.0,7.0,0.0
fit,2024-01-29,32,40,10343,42.872,9.0,16.0,24.0,38.0,56.0,76.0,106.0,0.0,88.0015,70.0,76.0,82.0,88.0,94.0,100.0,106.0,0.0,43.2025,30.975,35.0,39.0,43.0,48.0,52.0,57.0,0.0
fit,2024-01-29,33,8,10343,33.587,5.0,11.0,18.0,29.0,44.0,62.0,87.02499999999986,0.0,68.418,53.0,58.0,63.0,68.0,74.0,79.0,85.0,0.0,33.077,22.0,26.0,29.0,33.0,37.0,40.0,45.0,0.0
fit,2024-01-29,34,20,10343,17.733,0.9750000000000014,3.0,6.0,14.0,25.0,39.0,57.0,0.0,63.3865,49.0,53.0,58.0,63.0,69.0,73.0,79.0,0.0,17.352,10.0,12.0,14.0,17.0,20.0,23.0,26.0,0.0
fit,2024-01-29,35,37,10343,31.5235,4.0,9.0,16.0,27.0,43.0,60.0,83.02499999999986,0.0,28.122,19.0,22.0,24.0,28.0,31.0,35.0,39.0,0.0,31.5515,21.0,25.0,28.0,31.0,35.0,39.0,42.0,0.0
fit,2024-01-29,36,760,10343,815.084,622.975,690.0,742.0,811.0,882.0,948.1000000000001,1030.0,0.0,519.688,478.0,492.0,505.0,520.0,533.0,548.0,562.0,0.0,813.848,758.975,779.9,796.0,813.5,833.0,849.1000000000001,866.0,0.0
fit,2024-01-29,37,25,10343,18.6665,1.0,3.0,7.0,14.5,25.25,39.0,60.0,0.0,60.812,46.0,51.0,56.0,61.0,66.0,71.0,75.0,0.0,18.103,10.0,13.0,15.0,18.0,21.0,24.0,27.0,0.0
fit,2024-01-29,38,27,10343,12.4575,0.0,1.0,3.0,9.0,18.0,29.0,44.024999999999864,0.0,61.3595,47.0,52.0,56.0,61.0,66.0,71.0,77.0,0.0,13.0085,7.0,9.0,10.0,13.0,15.0,18.0,20.024999999999864,0.0
fit,2024-01-29,39,56,10343,49.06,12.0,20.0,30.0,45.0,63.25,83.0,107.02499999999986,0.0,82.335,66.0,71.0,76.0,82.0,88.0,94.0,100.0,0.0,49.4925,36.0,41.0,45.0,50.0,54.0,58.100000000000136,64.0,0.0
fit,2024-02-05,0,22,11088,13.8655,0.0,1.0,4.0,9.0,19.25,32.0,53.0,0.0,20.381,12.0,15.0,17.0,20.0,23.0,27.0,30.0,0.0,13.794,7.0,9.0,11.0,14.0,16.0,19.0,21.0,0.0
fit,2024-02-05,1,55,11088,43.376,8.0,16.0,25.0,39.0,57.0,77.0,103.0,0.0,62.4405,47.0,52.0,57.0,62.0,68.0,73.0,78.0,0.0,42.7415,31.0,35.0,38.0,43.0,47.0,51.0,56.0,0.0
fit,2024-02-05,2,105,11088,80.6285,27.0,41.0,56.0,76.0,102.0,126.0,158.0,0.0,88.2655,71.0,76.0,82.0,88.0,95.0,101.0,107.0,0.0,80.954,65.0,70.0,75.0,81.0,87.0,92.0,99.0,0.0
fit,2024-02-05,3,336,11088,328.4905,206.0,242.9,280.0,325.0,371.0,417.0,475.0,0.0,369.072,333.0,345.0,356.0,369.0,382.0,394.0,407.0,0.0,326.8785,294.0,305.0,315.0,326.0,339.0,350.0,362.0,0.0
fit,2024-02-05,4,63,11088,66.9655,22.0,32.0,45.0,63.0,86.0,107.0,138.02499999999986,0.0,137.789,115.0,123.0,130.0,138.0,146.0,153.0,162.0,0.0,67.874,52.0,58.0,62.0,68.0,73.0,78.0,84.0,0.0
fit,2024-02-05,5,157,11088,102.3635,43.975,60.0,76.0,98.0,123.0,151.0,187.02499999999986,0.0,97.929,79.0,85.0,91.0,98.0,105.0,111.0,117.0,0.0,101.3405,83.0,89.0,95.0,101.0,108.0,115.0,121.0,0.0
fit,2024-02-05,6,83,11088,78.2,28.0,41.0,54.0,73.0,96.25,121.0,157.0,0.0,143.3255,120.0,128.0,136.0,143.0,151.0,159.0,167.0,0.0,80.144,63.0,69.0,74.0,80.0,86.0,92.0,98.0,0.0
fit,2024-02-05,7,128,11088,157.016,78.0,101.0,124.0,153.0,185.0,219.0,266.0,0.0,119.9915,99.0,106.0,112.0,120.0,128.0,135.0,143.0,0.0,155.708,133.0,140.0,147.0,155.0,164.0,172.0,181.0,0.0
fit,2024-02-05,8,1269,11088,1399.163,1153.0,1234.0,1310.0,1397.5,1484.0,1568.0,1667.0499999999997,0.0,1244.6545,1180.0,1201.0,1223.0,1246.0,1267.0,1287.0,1308.0249999999999,0.0,1403.8195,1334.0,1360.0,1381.0,1403.0,1427.0,1447.1000000000001,1471.0249999999999,0.0
fit,2024-02-05,9,18,11088,13.435,0.0,1.0,3.0,9.0,19.0,31.0,50.0,0.0,27.746,18.0,21.0,24.0,28.0,31.0,35.0,39.0,0.0,13.039,7.0,8.0,11.0,13.0,15.0,18.0,21.0,0.0
fit,2024-02-05,10,192,11088,179.1555,93.0,118.0,142.0,175.5,210.0,247.10000000000014,289.0,0.0,95.327,76.975,83.0,89.0,95.0,102.0,108.0,114.0,0.0,178.2925,153.0,162.0,169.0,179.0,187.0,195.0,204.0,0.0
fit,2024-02-05,11,1175,11088,1144.867,909.0,985.9,1062.0,1147.0,1226.0,1300.0,1388.0499999999997,0.0,1010.2,952.0,972.0,989.0,1011.0,1031.0,1048.0,1069.0,0.0,1143.364,1078.0,1101.0,1122.0,1145.0,1164.25,1184.0,1207.0,0.0
fit,2024-02-05,12,939,11088,933.918,726.0,794.9,857.75,929.0,1009.0,1080.0,1160.0249999999999,0.0,897.127,838.0,860.0,878.0,897.0,917.0,936.0,955.0,0.0,936.78,880.0,898.9,917.0,937.0,957.0,975.0,993.0249999999999,0.0
fit,2024-02-05,13,1159,11088,1204.6475,977.95,1042.0,1115.0,1197.0,1285.0,1374.1000000000001,1470.0499999999997,0.0,1011.6605,954.975,974.0,992.0,1010.0,1031.0,1050.0,1073.0,0.0,1202.017,1137.0,1161.0,1180.0,1202.0,1223.0,1243.0,1266.0249999999999,0.0
fit,2024-02-05,14,1793,11088,1937.6635,1624.95,1731.9,1828.0,1932.0,2043.0,2145.1000000000004,2262.075,0.0,1835.5765,1759.0,1786.0,1809.0,1836.0,1861.0,1885.0,1911.0249999999999,0.0,1935.3155,1856.0,1883.0,1908.0,1936.0,1962.25,1989.0,2017.0,0.0
fit,2024-02-05,15,43,11088,35.435,5.0,11.0,19.0,31.0,47.0,65.0,89.02499999999986,0.0,79.062,62.0,67.0,73.0,79.0,85.0,91.0,97.02499999999986,0.0,34.802,24.0,28.0,31.0,35.0,38.0,43.0,47.0,0.0
fit,2024-02-05,16,164,11088,84.6415,28.975,44.0,59.0,80.0,105.0,132.10000000000014,168.0,0.0,96.927,78.0,84.9,90.0,97.0,104.0,110.0,117.0,0.0,84.3455,67.0,73.0,78.0,84.0,90.0,96.0,103.0,0.0
fit,2024-02-05,17,640,11088,627.903,455.95,513.0,564.0,621.5,689.25,748.0,823.0249999999999,0.0,740.106,689.0,706.0,722.0,740.0,757.25,774.0,794.0,0.0,629.849,583.0,599.0,613.0,630.0,646.0,661.0,676.0,0.0
fit,2024-02-05,18,118,11088,112.87,50.0,65.0,83.0,108.0,137.25,167.0,202.0,0.0,112.202,92.0,99.0,105.0,112.0,119.25,126.0,133.0,0.0,113.588,94.0,100.0,106.0,113.0,121.0,127.0,136.0,0.0
fit,2024-02-05,19,593,11088,547.902,388.0,437.0,485.0,543.0,604.0,662.0,720.0,0.0,657.521,610.975,626.0,641.0,657.0,674.0,688.0,705.0249999999999,0.0,548.689,502.0,520.0,534.0,548.0,564.0,578.0,596.0,0.0
fit,2024-02-05,20,68,11088,27.654,3.0,7.0,13.0,23.0,37.0,54.0,78.0,0.0,34.955,24.0,28.0,31.0,35.0,39.0,42.0,47.0,0.0,27.007,17.0,21.0,23.0,27.0,30.25,34.0,37.0,0.0
fit,2024-02-05,21,19,11088,18.0505,0.0,2.0,6.0,14.0,24.0,40.0,62.0,0.0,42.769,30.0,34.0,38.0,42.0,47.0,51.0,57.0,0.0,17.3925,10.0,12.0,15.0,17.0,20.0,23.0,26.0,0.0
fit,2024-02-05,22,127,11088,130.0675,58.975,77.0,98.0,125.0,158.25,188.10000000000014,226.0,0.0,133.9115,112.0,119.0,126.0,134.0,142.0,149.0,157.0,0.0,130.9505,109.0,117.0,123.0,130.0,138.0,145.0,155.0,0.0
fit,2024-02-05,23,22,11088,42.8185,8.0,16.0,25.0,39.0,56.0,76.0,101.02499999999986,0.0,66.321,50.975,56.0,61.0,66.0,72.0,77.0,83.0,0.0,42.9185,31.0,35.0,38.0,43.0,47.0,51.0,56.0,0.0
fit,2024-02-05,24,63,11088,42.969,8.0,15.0,24.0,38.0,56.0,78.0,104.02499999999986,0.0,100.4475,81.0,87.0,93.0,100.0,107.0,113.0,122.0,0.0,42.394,30.0,34.0,38.0,42.0,47.0,51.0,55.024999999999864,0.0
fit,2024-02-05,25,151,11088,135.33,64.0,82.0,104.0,130.0,161.0,197.0,238.0,0.0,147.824,124.0,133.0,139.0,148.0,156.0,163.0,172.02499999999986,0.0,134.6925,112.0,120.0,127.0,134.0,142.0,150.0,159.0,0.0
fit,2024-02-05,26,92,11088,74.66,23.0,37.0,51.0,70.0,93.0,119.0,153.0,0.0,117.147,96.0,103.0,110.0,117.0,124.0,131.0,139.0,0.0,74.1565,58.0,64.0,68.0,74.0,80.0,85.0,91.0,0.0
fit,2024-02-05,27,109,11088,100.829,41.975,57.0,74.0,95.0,122.0,153.0,187.02499999999986,0.0,83.449,66.0,72.0,77.0,83.0,90.0,95.0,102.0,0.0,101.102,82.0,88.0,95.0,101.0,108.0,114.0,121.0,0.0
fit,2024-02-05,28,80,11088,27.5805,3.0,7.0,13.0,23.0,37.25,55.0,79.0,0.0,71.872,55.0,61.0,66.0,72.0,77.0,83.0,89.02499999999986,0.0,28.0365,18.0,21.0,24.0,28.0,32.0,35.0,39.0,0.0
fit,2024-02-05,29,42,11088,63.3985,18.0,29.0,41.0,59.0,81.0,103.0,134.02499999999986,0.0,94.5445,76.0,82.0,88.0,94.5,101.0,107.0,114.0,0.0,63.8375,49.0,54.0,58.0,63.5,69.0,74.0,80.0,0.0
fit,2024-02-05,30,191,11088,229.8545,129.975,161.0,191.0,226.0,263.25,306.10000000000014,359.02499999999986,0.0,224.121,195.0,204.0,214.0,224.0,235.0,243.0,253.0,0.0,230.681,203.0,212.0,220.75,231.0,241.0,250.0,261.0,0.0
fit,2024-02-05,31,25,11088,3.309,0.0,0.0,0.0,0.0,3.0,10.0,23.0,0.0,83.479,66.0,72.0,77.0,83.0,89.0,96.0,102.0,0.0,3.3095,0.0,1.0,2.0,3.0,4.0,6.0,7.0,0.0
fit,2024-02-05,32,29,11088,48.1535,9.0,18.0,28.0,43.5,64.0,84.0,111.02499999999986,0.0,94.038,75.0,81.0,87.0,94.0,101.0,107.0,113.0,0.0,47.6005,35.0,39.0,43.0,47.0,52.0,56.0,62.0,0.0
fit,2024-02-05,33,46,11088,30.7745,4.0,9.0,16.0,27.0,41.0,58.0,83.0,0.0,73.347,56.0,63.0,68.0,73.0,79.0,84.0,90.02499999999986,0.0,31.9765,21.0,25.0,28.0,32.0,36.0,39.0,43.0,0.0
fit,2024-02-05,34,45,11088,18.214,0.0,2.0,6.0,14.0,25.0,39.0,62.024999999999864,0.0,67.6815,51.975,57.0,62.0,68.0,73.0,78.0,85.0,0.0,18.631,10.975000000000001,13.0,15.0,18.0,22.0,24.0,28.0,0.0
fit,2024-02-05,35,48,11088,32.7685,4.0,9.0,17.0,29.0,44.0,61.0,83.02499999999986,0.0,29.908,19.0,23.0,26.0,30.0,34.0,37.0,42.0,0.0,32.6195,22.0,26.0,29.0,32.0,36.0,40.0,44.0,0.0
fit,2024-02-05,36,723,11088,866.504,664.975,727.0,789.0,864.0,938.0,1007.0,1099.0499999999997,0.0,556.5325,513.0,528.0,541.0,556.0,571.0,586.0,600.0249999999999,0.0,865.8885,811.0,830.0,848.0,865.0,885.0,903.0,921.0,0.0
fit,2024-02-05,37,43,11088,22.198,1.0,5.0,9.0,18.0,30.0,46.0,67.02499999999986,0.0,64.87,49.975,55.0,59.0,65.0,70.0,75.0,81.0,0.0,22.6815,14.0,16.0,19.0,22.0,26.0,29.0,33.0,0.0
fit,2024-02-05,38,30,11088,19.3455,1.0,3.0,7.0,15.0,27.0,41.0,62.024999999999864,0.0,65.4195,50.0,55.0,60.0,65.0,71.0,76.0,81.02499999999986,0.0,18.9265,11.0,13.0,16.0,19.0,22.0,25.0,28.0,0.0
fit,2024-02-05,39,83,11088,61.0145,18.0,28.0,40.0,56.0,78.0,99.0,127.0,0.0,88.0595,70.0,76.0,82.0,88.0,94.0,100.0,107.0,0.0,59.8625,46.0,50.0,54.0,60.0,65.0,70.0,75.0,0.0
fit,2024-02-12,0,9,11162,15.629,0.0,2.0,5.0,11.0,22.0,37.0,54.024999999999864,0.0,20.4375,12.0,15.0,17.0,20.0,23.0,26.0,30.0,0.0,15.7565,9.0,11.0,13.0,16.0,18.0,21.0,24.0,0.0
fit,2024-02-12,1,60,11162,48.0675,11.0,19.0,28.0,44.0,63.0,83.10000000000014,112.02499999999986,0.0,62.8605,47.0,53.0,58.0,63.0,68.0,73.0,79.0,0.0,48.1535,36.0,39.0,44.0,48.0,52.0,57.0,62.0,0.0
fit,2024-02-12,2,79,11162,100.6135,41.0,57.0,72.0,95.0,122.0,152.0,193.0,0.0,89.193,71.0,78.0,83.0,89.0,95.0,101.0,108.02499999999986,0.0,100.288,82.0,87.0,93.0,100.0,107.0,113.10000000000014,120.02499999999986,0.0
fit,2024-02-12,3,411,11162,324.7565,204.975,238.0,275.0,320.0,371.0,417.0,469.0,0.0,370.2385,333.0,346.0,357.0,370.0,383.0,395.0,407.0,0.0,325.735,292.0,303.0,314.0,325.0,337.25,349.0,361.0,0.0
fit,2024-02-12,4,44,11162,71.676,20.975,34.0,47.0,67.0,90.0,116.0,150.02499999999986,0.0,139.114,117.0,124.0,132.0,139.0,147.0,154.0,162.0,0.0,70.5275,54.0,60.0,65.0,70.0,76.0,82.0,88.0,0.0
fit,2024-02-12,5,155,11162,118.0675,52.0,70.0,88.0,112.5,144.0,174.0,213.0,0.0,99.4105,80.0,86.0,93.0,99.0,106.0,112.0,119.0,0.0,117.552,97.0,103.9,110.0,117.0,125.0,131.0,140.0,0.0
fit,2024-02-12,6,105,11162,78.1005,27.0,38.0,53.0,73.0,98.0,125.0,155.02499999999986,0.0,143.819,120.0,128.0,135.0,144.0,152.0,160.0,168.0,0.0,76.595,60.0,65.0,71.0,76.0,82.0,88.0,94.0,0.0
fit,2024-02-12,7,98,11162,146.999,70.0,91.0,114.0,143.0,174.0,209.0,247.02499999999986,0.0,121.032,100.0,107.0,114.0,121.0,128.0,135.0,142.02499999999986,0.0,147.0625,125.0,132.0,139.0,147.0,155.0,162.0,171.0,0.0
fit,2024-02-12,8,1252,11162,1400.065,1137.975,1227.9,1307.0,1395.0,1488.0,1575.0,1680.0,0.0,1253.0815,1186.0,1210.0,1231.0,1254.0,1276.0,1295.0,1317.0249999999999,0.0,1397.584,1329.0,1353.0,1375.0,1398.0,1421.0,1440.1000000000001,1467.0,0.0
fit,2024-02-12,9,21,11162,12.915,0.0,1.0,3.0,9.0,18.0,30.0,51.0,0.0,27.836,17.0,21.0,24.0,28.0,31.0,35.0,39.0,0.0,13.0425,7.0,9.0,11.0,13.0,15.0,18.0,21.0,0.0
fit,2024-02-12,10,227,11162,181.0365,94.0,119.0,145.0,176.0,213.0,249.0,293.0,0.0,95.8235,77.0,83.0,89.0,96.0,102.0,109.0,116.0,0.0,181.3935,154.0,164.0,172.0,181.0,191.0,199.0,208.0,0.0
fit,2024-02-12,11,1106,11162,1173.351,931.975,1016.9,1088.0,1172.0,1257.0,1333.1000000000001,1436.0,0.0,1016.728,957.0,977.0,996.0,1016.0,1037.0,1057.0,1077.0,0.0,1176.465,1114.0,1136.0,1155.0,1176.0,1197.25,1218.0,1241.0,0.0
fit,2024-02-12,12,1076,11162,934.8065,723.975,791.9,858.0,928.0,1007.0,1083.0,1164.0749999999996,0.0,902.2325,843.0,865.0,883.75,903.0,922.0,939.0,957.0249999999999,0.0,935.5765,880.0,897.0,916.0,936.0,955.0,973.0,993.0,0.0
fit,2024-02-12,13,1067,11162,1207.0575,966.975,1050.9,1120.0,1205.0,1289.0,1363.0,1466.0249999999999,0.0,1019.2795,959.0,980.0,998.0,1019.0,1041.0,1058.1000000000001,1079.0,0.0,1210.9595,1147.0,1170.0,1188.0,1211.0,1233.0,1252.0,1273.0,0.0
fit,2024-02-12,14,1885,11162,1896.6655,1596.975,1705.0,1795.0,1891.0,1994.0,2098.0,2207.0249999999996,0.0,1849.249,1774.0,1798.0,1822.0,1850.0,1876.0,1900.0,1925.0,0.0,1892.2215,1814.0,1842.9,1867.0,1892.0,1918.0,1942.0,1972.0,0.0
fit,2024-02-12,15,100,11162,28.9715,3.0,9.0,14.0,25.0,38.0,55.0,80.02499999999986,0.0,79.4065,62.0,68.0,73.0,79.0,85.0,91.0,97.0,0.0,29.3615,19.0,23.0,26.0,29.0,33.0,36.0,41.0,0.0
fit,2024-02-12,16,165,11162,116.503,52.0,69.0,88.0,112.0,140.0,171.0,210.0,0.0,97.4805,78.0,86.0,91.0,97.0,103.0,110.0,118.0,0.0,118.1045,97.0,104.0,110.0,118.0,125.0,132.0,139.0,0.0
fit,2024-02-12,17,591,11162,640.554,470.975,522.0,574.0,636.0,700.0,766.0,845.0,0.0,744.172,694.0,710.0,726.0,745.0,762.25,776.0,793.0249999999999,0.0,640.605,592.0,610.0,624.0,641.0,657.0,672.0,687.0249999999999,0.0
fit,2024-02-12,18,109,11162,112.118,50.0,65.0,83.0,107.0,136.0,165.0,202.02499999999986,0.0,112.7345,93.0,99.0,106.0,112.0,120.0,126.0,133.0,0.0,112.5505,93.0,99.0,105.0,113.0,120.0,126.0,133.0,0.0
fit,2024-02-12,19,594,11162,549.9915,396.975,444.0,491.0,544.0,603.0,665.0,732.0,0.0,660.993,611.0,628.0,643.75,661.0,679.0,692.1000000000001,712.0,0.0,551.405,507.0,521.0,535.0,551.0,568.0,581.0,598.0249999999999,0.0
fit,2024-02-12,20,67,11162,43.391,9.0,16.0,25.0,39.0,57.0,76.0,104.0,0.0,35.2825,24.0,28.0,31.0,35.0,39.0,43.0,47.0,0.0,42.776,31.0,35.0,38.0,43.0,47.0,51.0,56.0,0.0
fit,2024-02-12,21,23,11162,14.845,0.0,1.0,4.0,10.0,21.0,34.0,55.0,0.0,43.072,31.0,35.0,38.0,43.0,48.0,51.100000000000136,57.0,0.0,15.129,8.0,10.0,12.0,15.0,18.0,20.0,23.0,0.0
fit,2024-02-12,22,161,11162,137.875,65.0,86.0,106.0,132.0,165.0,195.0,241.02499999999986,0.0,134.5825,113.0,120.0,127.0,134.0,142.0,149.0,157.0,0.0,138.991,116.0,124.0,131.0,139.0,147.0,154.0,162.0,0.0
fit,2024-02-12,23,33,11162,38.1775,6.0,13.0,21.0,34.0,50.0,69.0,97.0,0.0,67.0525,51.0,57.0,62.0,67.0,72.0,78.0,84.0,0.0,38.572,27.0,30.900000000000006,34.0,38.0,43.0,47.0,52.0,0.0
fit,2024-02-12,24,77,11162,44.179,8.975000000000001,16.0,26.0,40.0,57.0,76.0,104.0,0.0,101.2565,82.0,88.0,95.0,101.0,108.0,114.0,122.0,0.0,43.638,31.0,35.0,39.0,43.0,48.0,52.0,57.0,0.0
fit,2024-02-12,25,109,11162,134.296,62.0,82.0,104.0,130.0,159.0,192.0,231.02499999999986,0.0,148.542,124.975,133.0,140.0,148.0,157.0,165.0,173.0,0.0,132.668,111.0,118.0,124.0,132.0,140.0,148.0,156.0,0.0
fit,2024-02-12,26,128,11162,82.166,28.0,42.0,57.0,77.0,102.0,131.0,168.0,0.0,118.0725,97.975,105.0,111.0,117.0,125.0,132.0,140.0,0.0,80.6795,64.0,69.0,75.0,81.0,87.0,93.0,98.0,0.0
fit,2024-02-12,27,116,11162,114.7435,50.0,66.0,86.0,110.0,139.0,168.10000000000014,211.0,0.0,84.06,66.0,73.0,78.0,84.0,90.0,96.0,103.0,0.0,114.893,96.0,101.0,108.0,115.0,122.0,128.0,137.0,0.0
fit,2024-02-12,28,51,11162,45.051,9.0,16.0,26.0,40.0,59.0,80.0,106.0,0.0,72.459,57.0,62.0,67.0,72.0,78.0,83.0,89.0,0.0,44.512,32.0,36.0,40.0,44.0,49.0,53.0,58.0,0.0
fit,2024-02-12,29,50,11162,53.7285,13.0,22.900000000000006,33.0,49.0,69.0,91.0,121.02499999999986,0.0,95.4245,77.0,83.0,89.0,95.0,102.0,108.0,115.0,0.0,52.5895,39.0,44.0,48.0,52.0,57.0,62.0,67.0,0.0
fit,2024-02-12,30,163,11162,218.6825,124.0,149.0,180.0,213.0,253.0,292.0,343.0,0.0,225.266,196.975,206.0,215.0,225.0,235.0,245.0,257.0,0.0,220.146,193.0,202.0,211.0,220.0,230.0,239.0,248.0,0.0
fit,2024-02-12,31,24,11162,9.3265,0.0,0.0,1.0,5.0,13.0,24.0,42.0,0.0,83.9755,66.975,72.0,78.0,83.0,90.0,96.0,103.0,0.0,8.943,4.0,5.0,7.0,9.0,11.0,13.0,15.0,0.0
fit,2024-02-12,32,34,11162,40.519,8.0,14.900000000000006,24.0,36.0,53.0,72.10000000000014,101.0,0.0,94.3625,76.0,82.0,88.0,94.0,101.0,107.0,114.0,0.0,40.8165,29.0,33.0,37.0,41.0,45.0,49.0,53.0,0.0
fit,2024-02-12,33,54,11162,31.488,4.0,8.0,16.0,27.0,42.0,60.0,85.02499999999986,0.0,74.019,57.0,63.0,68.0,74.0,80.0,85.0,92.0,0.0,31.2025,20.975,24.0,27.0,31.0,35.0,39.0,43.0,0.0
fit,2024-02-12,34,65,11162,18.78,1.0,3.0,7.0,15.0,26.0,40.0,63.024999999999864,0.0,68.4865,53.0,58.0,63.0,68.0,74.0,80.0,85.02499999999986,0.0,18.9165,11.0,13.0,16.0,19.0,22.0,25.0,28.0,0.0
fit,2024-02-12,35,25,11162,36.739,6.0,12.0,20.0,32.0,48.0,68.0,92.0,0.0,30.3165,20.0,23.0,27.0,30.0,34.0,37.0,41.0,0.0,35.736,24.0,28.0,32.0,36.0,40.0,43.0,47.0,0.0
fit,2024-02-12,36,647,11162,828.7015,635.0,698.9,759.0,824.0,894.25,969.0,1054.0249999999999,0.0,560.702,515.0,531.9,544.0,560.0,577.0,590.0,604.0249999999999,0.0,830.5785,778.0,795.0,812.0,831.0,849.0,866.0,884.0,0.0
fit,2024-02-12,37,74,11162,22.241,1.0,4.0,9.0,18.0,31.0,46.0,67.0,0.0,65.216,50.0,55.0,60.0,65.0,71.0,76.0,81.0,0.0,22.724,14.0,17.0,19.0,23.0,26.0,29.0,33.0,0.0
fit,2024-02-12,38,46,11162,25.016,1.9750000000000014,5.0,11.0,21.0,34.0,51.0,75.02499999999986,0.0,66.181,51.0,56.0,60.0,66.0,72.0,76.0,83.0,0.0,24.1725,15.0,18.0,21.0,24.0,27.0,31.0,34.0,0.0
fit,2024-02-12,39,61,11162,64.1095,16.0,28.0,41.0,59.0,83.0,105.0,136.0,0.0,88.5495,71.0,77.0,82.0,88.0,95.0,101.0,107.0,0.0,63.3775,48.0,53.0,58.0,63.0,69.0,73.0,80.0,0.0
fit,2024-02-19,0,19,11971,17.3715,0.0,2.0,5.0,13.0,25.0,39.0,60.024999999999864,0.0,22.089,13.0,16.0,19.0,22.0,25.0,28.0,31.024999999999864,0.0,16.8435,9.0,12.0,14.0,17.0,20.0,22.0,26.0,0.0
fit,2024-02-19,1,70,11971,56.4405,13.975000000000001,23.0,34.0,50.0,73.0,97.0,131.02499999999986,0.0,67.6075,52.0,57.0,62.0,67.0,73.0,78.0,85.0,0.0,55.3085,42.0,46.0,50.0,55.0,60.0,65.0,70.0,0.0
fit,2024-02-19,2,91,11971,108.079,45.0,60.0,79.0,103.0,132.0,163.0,203.02499999999986,0.0,95.092,78.0,83.0,89.0,95.0,101.0,107.0,114.0,0.0,109.589,89.0,96.0,102.75,110.0,116.25,123.0,130.0,0.0
fit,2024-02-19,3,510,11971,379.2775,245.975,287.0,326.0,374.0,427.25,476.0,538.0249999999999,0.0,397.449,361.0,373.0,384.0,397.0,410.0,422.0,439.0,0.0,379.1265,342.0,355.0,366.0,379.0,392.0,404.0,419.0,0.0
fit,2024-02-19,4,96,11971,69.667,19.0,33.0,45.0,64.0,88.0,113.0,149.0,0.0,148.96,126.0,133.0,141.0,149.0,157.0,165.0,173.0,0.0,68.785,53.0,58.0,63.0,69.0,74.0,79.0,86.0,0.0
fit,2024-02-19,5,148,11971,146.328,68.0,92.0,113.0,141.0,174.0,208.0,251.02499999999986,0.0,106.4435,86.0,93.0,99.75,106.0,113.0,120.0,127.0,0.0,147.899,125.0,132.0,139.0,148.0,156.0,164.0,173.0,0.0
fit,2024-02-19,6,127,11971,88.099,31.0,46.0,62.0,83.0,109.0,136.0,172.02499999999986,0.0,154.224,131.0,138.0,146.0,154.0,163.0,171.0,179.0,0.0,88.826,71.0,77.0,82.0,88.5,95.0,101.0,108.0,0.0
fit,2024-02-19,7,162,11971,145.87,68.0,89.0,111.0,141.0,175.0,208.0,254.02499999999986,0.0,129.346,108.0,115.0,122.0,129.0,137.0,143.10000000000014,151.02499999999986,0.0,145.301,123.0,130.0,138.0,145.0,153.0,160.0,169.0,0.0
fit,2024-02-19,8,1309,11971,1484.2415,1213.95,1305.9,1388.0,1482.0,1572.0,1664.1000000000001,1778.0499999999997,0.0,1345.982,1279.0,1300.9,1321.0,1345.0,1370.0,1391.0,1417.0,0.0,1487.6395,1416.0,1441.0,1464.0,1489.0,1511.0,1532.0,1554.0249999999999,0.0
fit,2024-02-19,9,17,11971,16.3305,0.0,2.0,5.0,13.0,23.0,36.0,54.024999999999864,0.0,30.21,20.0,23.0,27.0,30.0,34.0,37.0,41.0,0.0,16.5335,9.0,12.0,14.0,16.0,19.0,22.0,25.0,0.0
fit,2024-02-19,10,122,11971,210.913,113.975,143.0,172.0,206.0,245.0,285.0,340.0,0.0,102.815,84.0,90.0,96.0,103.0,109.0,116.0,123.0,0.0,211.634,186.0,194.9,202.0,211.0,221.0,230.0,240.0,0.0
fit,2024-02-19,11,1199,11971,1238.9085,995.95,1078.0,1148.0,1236.0,1325.0,1407.0,1498.0249999999999,0.0,1091.006,1029.0,1051.0,1069.75,1091.0,1112.25,1131.0,1152.0249999999999,0.0,1237.7245,1175.0,1194.0,1215.75,1238.0,1261.0,1279.0,1302.0,0.0
fit,2024-02-19,12,1274,11971,1037.8665,826.8,886.0,953.0,1028.0,1118.0,1198.0,1297.0249999999999,0.0,968.5045,911.0,930.0,948.0,968.0,988.0,1006.0,1029.0,0.0,1038.2175,977.0,998.0,1017.75,1039.0,1059.0,1077.0,1098.0249999999999,0.0
fit,2024-02-19,13,1166,11971,1250.387,1009.975,1084.9,1159.0,1248.0,1339.0,1417.0,1506.0,0.0,1092.7275,1030.975,1052.0,1071.0,1093.0,1114.0,1131.1000000000001,1155.0249999999999,0.0,1250.601,1185.975,1209.9,1229.0,1251.0,1274.0,1291.0,1315.0,0.0
fit,2024-02-19,14,1905,11971,1982.37,1678.9,1777.9,1872.0,1978.0,2088.0,2188.1000000000004,2318.0249999999996,0.0,1982.17,1901.975,1931.0,1955.0,1982.0,2009.0,2034.0,2061.0,0.0,1981.5375,1902.0,1931.0,1956.0,1981.5,2007.0,2033.0,2063.0,0.0
fit,2024-02-19,15,39,11971,53.5965,12.0,22.0,33.0,49.0,69.0,92.0,118.02499999999986,0.0,85.2175,68.0,74.0,79.0,85.0,91.0,97.0,104.0,0.0,53.582,40.0,44.0,48.0,54.0,58.0,63.0,68.0,0.0
fit,2024-02-19,16,92,11971,149.3735,69.0,95.0,117.0,144.0,177.0,212.0,254.02499999999986,0.0,104.1945,85.0,91.0,97.0,104.0,111.0,117.0,124.0,0.0,151.5305,128.0,136.0,143.0,151.0,159.0,167.0,176.0,0.0
fit,2024-02-19,17,701,11971,663.5545,487.975,544.0,594.0,657.0,729.0,796.0,866.0,0.0,795.874,743.0,762.0,778.0,796.0,814.0,830.0,849.0,0.0,665.372,617.0,634.0,649.0,665.0,682.0,697.0,713.0,0.0
fit,2024-02-19,18,100,11971,113.598,49.0,64.0,84.0,110.0,137.0,168.0,205.02499999999986,0.0,120.795,99.975,107.0,114.0,121.0,128.0,135.0,143.0,0.0,113.726,93.0,100.0,106.0,114.0,121.0,127.0,135.0,0.0
fit,2024-02-19,19,749,11971,608.855,430.0,484.0,542.75,605.5,668.0,736.0,806.0249999999999,0.0,708.1345,656.0,674.0,691.0,709.0,726.0,740.1000000000001,761.0,0.0,607.606,561.0,578.0,591.0,607.0,624.0,639.0,657.0,0.0
fit,2024-02-19,20,41,11971,60.499,16.0,26.0,38.0,55.0,77.0,101.10000000000014,135.0,0.0,37.725,26.0,30.0,34.0,37.0,42.0,46.0,50.024999999999864,0.0,59.9595,46.0,51.0,55.0,60.0,65.0,70.0,75.0,0.0
fit,2024-02-19,21,16,11971,19.7445,1.0,3.0,7.0,15.0,28.0,43.0,66.0,0.0,45.9815,34.0,38.0,41.0,46.0,50.0,54.0,59.0,0.0,19.44,12.0,14.0,16.0,19.0,22.0,25.0,28.0,0.0
fit,2024-02-19,22,124,11971,161.129,75.975,102.0,126.0,156.0,190.0,228.0,270.0,0.0,144.17,120.0,129.0,136.0,144.0,152.0,159.0,170.0,0.0,159.6105,134.0,143.0,151.0,160.0,168.0,176.0,184.0,0.0
fit,2024-02-19,23,33,11971,36.54,5.975000000000001,11.0,19.0,31.0,49.0,68.0,96.0,0.0,71.7485,56.0,61.0,66.0,72.0,78.0,83.0,89.0,0.0,37.154,26.0,30.0,33.0,37.0,41.0,45.0,49.0,0.0
fit,2024-02-19,24,86,11971,58.9215,13.0,24.0,36.0,54.0,76.0,100.10000000000014,133.04999999999973,0.0,109.039,90.0,96.0,102.0,109.0,116.0,123.0,130.0,0.0,58.4325,44.0,49.0,53.0,58.0,64.0,68.0,74.0,0.0
fit,2024-02-19,25,140,11971,146.714,69.975,90.0,111.0,141.0,175.0,212.0,255.02499999999986,0.0,159.588,135.0,143.9,151.0,160.0,168.0,175.0,184.0,0.0,144.129,121.0,129.0,136.0,144.0,152.0,160.0,168.02499999999986,0.0
fit,2024-02-19,26,113,11971,96.3725,37.975,52.0,68.0,92.0,118.25,146.0,182.0,0.0,126.3995,104.0,112.0,119.0,126.0,134.0,141.0,150.0,0.0,95.355,76.0,82.0,89.0,95.0,102.0,108.0,114.0,0.0
fit,2024-02-19,27,64,11971,134.872,59.975,81.0,102.0,129.0,162.0,194.0,236.0,0.0,90.2385,72.0,78.0,84.0,90.0,96.0,103.0,109.0,0.0,133.9185,112.0,120.0,126.0,134.0,142.0,149.0,158.0,0.0
fit,2024-02-19,28,80,11971,57.6455,14.0,24.0,36.0,52.0,74.0,99.0,131.0,0.0,78.0095,61.0,67.0,72.0,78.0,84.0,90.0,96.0,0.0,56.899,42.0,48.0,52.0,57.0,62.0,67.0,72.0,0.0
fit,2024-02-19,29,66,11971,56.238,14.0,23.900000000000006,35.0,52.0,72.0,96.0,125.02499999999986,0.0,102.548,82.975,90.0,95.0,102.0,110.0,116.0,123.0,0.0,56.743,42.0,47.0,52.0,56.0,62.0,66.0,72.0,0.0
fit,2024-02-19,30,188,11971,223.3205,122.975,152.9,182.0,219.0,258.0,300.0,349.0,0.0,242.428,213.0,223.0,232.0,242.0,253.0,262.0,272.02499999999986,0.0,222.083,193.0,204.0,212.0,222.0,232.0,241.0,251.0,0.0
fit,2024-02-19,31,14,11971,14.8545,0.0,1.0,4.0,11.0,20.0,34.0,56.0,0.0,89.9045,72.0,79.0,83.0,90.0,96.0,102.0,108.0,0.0,14.858,8.0,10.0,12.0,15.0,17.0,20.0,23.0,0.0
fit,2024-02-19,32,77,11971,39.4795,7.0,13.0,22.0,35.0,52.0,73.0,99.0,0.0,102.0935,82.0,89.0,95.0,102.0,109.0,115.0,122.0,0.0,40.611,28.975,33.0,36.0,41.0,45.0,49.0,53.0,0.0
fit,2024-02-19,33,60,11971,34.911,5.0,11.0,18.0,30.0,47.0,64.0,90.02499999999986,0.0,79.213,62.975,68.0,73.0,79.0,85.0,91.0,97.0,0.0,35.0035,24.0,28.0,31.0,35.0,39.0,43.0,47.024999999999864,0.0
fit,2024-02-19,34,34,11971,36.066,6.0,11.0,20.0,32.0,49.0,66.0,93.0,0.0,73.2335,57.0,62.0,67.0,73.0,79.0,85.0,91.0,0.0,36.476,25.0,29.0,32.0,36.0,40.0,44.0,49.0,0.0
fit,2024-02-19,35,5,11971,36.599,5.0,11.0,18.75,32.0,49.25,69.0,95.0,0.0,32.335,21.0,25.0,28.0,32.0,36.0,39.100000000000136,44.0,0.0,36.012,25.0,29.0,32.0,36.0,40.0,44.0,49.0,0.0
fit,2024-02-19,36,793,11971,788.5155,593.0,649.0,715.0,786.5,857.25,930.1000000000001,1007.0,0.0,601.642,554.0,571.0,585.75,601.0,617.0,633.0,650.0,0.0,787.0195,734.0,753.0,768.0,787.0,806.0,822.0,840.0249999999999,0.0
fit,2024-02-19,37,50,11971,42.049,7.0,14.0,23.0,38.0,56.0,75.0,104.0,0.0,69.839,54.0,59.0,64.0,70.0,75.0,81.0,87.0,0.0,42.281,30.0,34.0,38.0,42.0,47.0,51.0,56.0,0.0
fit,2024-02-19,38,34,11971,35.072,5.0,11.0,19.0,30.0,47.0,65.0,91.04999999999973,0.0,70.698,55.0,60.0,65.0,70.0,76.0,82.0,88.0,0.0,35.501,24.0,28.0,32.0,35.0,39.0,43.0,48.0,0.0
fit,2024-02-19,39,57,11971,70.33,21.0,33.0,46.0,66.0,88.0,115.0,147.0,0.0,95.3245,77.0,82.0,89.0,95.0,102.0,108.0,115.0,0.0,72.1315,55.975,61.0,67.0,72.0,78.0,83.0,89.0,0.0
fit,2024-02-26,0,10,12458,17.4885,0.0,2.0,6.0,13.0,25.0,40.0,60.0,0.0,22.9195,14.0,17.0,20.0,23.0,26.0,29.0,32.024999999999864,0.0,17.6285,10.0,13.0,15.0,17.0,20.0,23.0,26.0,0.0
fit,2024-02-26,1,59,12458,63.7695,17.0,28.0,41.0,59.0,81.0,105.10000000000014,138.02499999999986,0.0,70.0625,53.0,59.0,64.0,70.0,76.0,81.10000000000014,88.0,0.0,64.442,50.0,55.0,59.0,64.0,69.0,74.0,80.0,0.0
fit,2024-02-26,2,111,12458,104.5075,41.0,56.0,74.0,99.0,129.0,158.10000000000014,203.02499999999986,0.0,99.1945,80.0,86.0,92.0,99.0,106.0,112.0,119.0,0.0,104.2565,84.0,91.0,98.0,104.0,111.0,117.0,124.0,0.0
fit,2024-02-26,3,492,12458,428.129,284.0,330.9,372.0,424.0,479.0,529.1000000000001,595.0249999999999,0.0,414.3345,377.0,389.0,401.0,414.0,428.0,441.0,456.0,0.0,428.287,390.0,404.0,415.0,428.0,442.0,454.0,464.02499999999986,0.0
fit,2024-02-26,4,120,12458,75.367,25.0,36.0,50.0,69.0,94.0,121.0,161.0,0.0,155.396,131.0,139.0,147.0,155.0,164.0,172.0,179.0,0.0,75.8585,59.0,65.0,70.0,76.0,81.0,87.0,93.02499999999986,0.0
fit,2024-02-26,5,167,12458,164.643,79.975,104.0,127.0,160.0,196.25,231.0,279.0499999999997,0.0,110.2605,90.0,97.0,103.0,110.0,117.0,124.0,132.0,0.0,166.15,142.0,150.0,157.0,166.0,175.0,182.0,192.0,0.0
fit,2024-02-26,6,107,12458,103.885,38.975,56.0,74.0,98.0,128.0,158.10000000000014,200.0,0.0,160.4905,136.0,144.0,151.0,160.0,169.0,177.0,187.0,0.0,103.9165,84.0,91.0,97.0,104.0,111.0,116.0,123.0,0.0
fit,2024-02-26,7,122,12458,143.6565,65.975,85.0,108.75,140.0,173.0,208.10000000000014,251.0,0.0,135.063,113.0,120.0,127.0,135.0,143.0,150.0,158.0,0.0,144.0995,121.0,129.0,136.0,144.0,152.0,159.0,169.0,0.0
fit,2024-02-26,8,1513,12458,1465.2075,1197.0,1282.0,1365.0,1459.0,1561.0,1657.2000000000003,1772.0249999999999,0.0,1397.1175,1326.975,1351.9,1374.0,1396.0,1421.0,1444.0,1468.0,0.0,1469.314,1400.0,1426.0,1447.0,1469.0,1492.0,1512.0,1537.0,0.0
fit,2024-02-26,9,9,12458,18.13,0.0,2.0,6.0,13.0,26.0,39.0,62.0,0.0,31.274,21.0,24.0,27.0,31.0,35.0,39.0,43.0,0.0,17.653,10.0,12.0,15.0,18.0,20.0,23.0,27.0,0.0
fit,2024-02-26,10,96,12458,201.956,108.0,135.0,161.0,197.0,237.0,277.0,331.0,0.0,106.837,89.0,94.0,100.0,107.0,114.0,120.0,127.02499999999986,0.0,202.914,177.0,185.0,193.0,202.0,213.0,222.0,232.0,0.0
fit,2024-02-26,11,1337,12458,1289.1795,1047.975,1124.0,1196.75,1282.0,1376.0,1464.0,1577.0999999999995,0.0,1135.939,1072.0,1094.0,1113.0,1136.0,1158.0,1178.0,1198.0249999999999,0.0,1290.693,1225.0,1248.0,1268.0,1291.0,1313.0,1334.0,1359.0,0.0
fit,2024-02-26,12,1184,12458,1153.282,909.975,985.9,1061.0,1148.0,1241.0,1320.0,1430.1499999999992,0.0,1008.216,950.0,970.0,988.0,1008.0,1027.0,1046.1000000000001,1068.0499999999997,0.0,1153.195,1091.0,1113.0,1131.0,1152.0,1175.25,1196.0,1217.0249999999999,0.0
fit,2024-02-26,13,1219,12458,1264.3485,1007.0,1090.9,1170.75,1264.0,1357.0,1438.0,1526.0749999999996,0.0,1135.975,1075.0,1096.0,1115.0,1136.5,1157.0,1176.0,1197.0,0.0,1263.396,1196.975,1222.0,1241.0,1263.0,1285.0,1305.0,1330.0,0.0
fit,2024-02-26,14,2052,12458,2023.3885,1707.975,1822.0,1908.0,2018.5,2127.0,2233.0,2353.0,0.0,2062.856,1982.0,2009.9,2033.0,2062.5,2092.0,2116.0,2146.0,0.0,2022.8725,1946.0,1969.0,1995.0,2023.0,2051.0,2077.0,2101.0249999999996,0.0
fit,2024-02-26,15,65,12458,59.723,15.0,26.0,37.0,55.0,77.0,102.10000000000014,129.0,0.0,88.5935,70.0,77.0,82.0,88.0,95.0,101.0,106.0,0.0,60.204,46.0,50.0,55.0,60.0,65.0,70.0,75.0,0.0
fit,2024-02-26,16,149,12458,146.6605,67.0,88.0,109.0,142.0,179.0,211.10000000000014,253.02499999999986,0.0,108.4605,88.0,95.0,102.0,108.0,115.0,122.0,128.0,0.0,146.917,125.0,132.0,138.0,147.0,155.0,163.0,171.0,0.0
fit,2024-02-26,17,709,12458,692.5815,502.0,558.0,618.0,690.0,761.0,832.1000000000001,908.0,0.0,830.7245,776.975,794.9,811.0,831.0,850.0,868.0,888.0249999999999,0.0,689.185,642.0,657.0,671.75,689.0,706.25,721.1000000000001,742.0,0.0
fit,2024-02-26,18,94,12458,119.7045,51.0,69.0,87.0,114.5,147.0,179.0,217.02499999999986,0.0,125.803,103.0,111.0,118.0,126.0,134.0,140.0,148.0,0.0,118.697,98.0,105.0,112.0,119.0,126.0,132.0,139.0,0.0
fit,2024-02-26,19,840,12458,690.905,506.0,564.0,623.0,683.0,755.0,822.0,899.0499999999997,0.0,738.4755,687.0,705.0,721.0,739.0,757.0,773.0,790.0,0.0,691.038,640.0,658.0,674.0,691.0,708.0,725.0,740.0249999999999,0.0
fit,2024-02-26,20,53,12458,62.1965,16.0,27.0,39.0,57.0,80.0,103.0,137.0,0.0,39.3195,27.0,31.0,35.0,39.0,44.0,48.0,52.0,0.0,61.059,46.0,51.0,56.0,61.0,66.0,71.0,76.0,0.0
fit,2024-02-26,21,25,12458,19.157,0.0,2.0,6.0,14.0,27.0,43.0,66.02499999999986,0.0,47.966,35.0,39.0,43.0,48.0,53.0,57.0,62.0,0.0,19.0925,11.0,14.0,16.0,19.0,22.0,25.0,28.0,0.0
fit,2024-02-26,22,142,12458,152.8895,72.0,93.0,118.0,148.5,182.0,219.0,259.0,0.0,150.36,126.0,135.0,142.0,150.0,159.0,166.0,174.0,0.0,153.3345,130.0,138.0,145.0,153.0,161.0,169.0,178.0,0.0
fit,2024-02-26,23,41,12458,34.2085,4.0,10.0,17.0,29.0,46.0,64.0,91.0,0.0,74.651,59.0,63.0,69.0,74.0,80.0,86.0,93.0,0.0,33.954,24.0,27.0,30.0,34.0,38.0,41.100000000000136,46.0,0.0
fit,2024-02-26,24,66,12458,73.401,21.0,33.900000000000006,48.0,68.0,93.0,120.0,157.0,0.0,113.1195,93.0,100.0,105.0,113.0,121.0,127.0,134.02499999999986,0.0,72.7875,57.0,62.0,67.0,73.0,78.0,84.0,89.0,0.0
fit,2024-02-26,25,101,12458,144.3765,66.975,86.0,109.0,139.0,174.0,211.0,252.02499999999986,0.0,166.2485,141.0,150.0,157.0,166.0,174.0,183.0,192.0,0.0,143.043,121.0,128.0,134.75,143.0,151.0,158.0,166.0,0.0
fit,2024-02-26,26,118,12458,102.6555,37.975,54.0,73.0,99.0,126.0,156.0,197.02499999999986,0.0,131.119,108.0,116.0,123.0,131.0,139.0,146.0,154.02499999999986,0.0,102.8665,84.0,90.0,96.0,103.0,109.0,115.0,122.02499999999986,0.0
fit,2024-02-26,27,108,12458,123.045,49.0,70.0,91.0,118.0,150.0,181.10000000000014,225.02499999999986,0.0,93.723,76.0,81.0,87.0,93.0,100.0,106.0,113.0,0.0,123.1655,102.0,109.0,116.0,123.0,131.0,137.0,145.0,0.0
fit,2024-02-26,28,70,12458,70.6165,19.0,32.0,46.0,65.0,90.0,117.0,148.02499999999986,0.0,81.346,64.0,70.0,75.0,81.0,88.0,93.0,100.0,0.0,70.9675,55.0,60.0,65.0,71.0,77.0,82.0,88.0,0.0
fit,2024-02-26,29,34,12458,63.422,16.0,26.0,40.0,58.0,83.0,106.0,136.04999999999973,0.0,106.6335,87.0,93.0,99.0,106.0,114.0,120.0,127.0,0.0,61.9215,47.0,52.0,57.0,62.0,67.0,72.0,77.02499999999986,0.0
fit,2024-02-26,30,144,12458,209.6265,112.975,139.9,167.0,203.0,247.0,289.0,334.02499999999986,0.0,251.588,223.0,232.0,241.0,251.0,262.0,271.0,282.0,0.0,209.6645,181.0,191.0,200.0,210.0,220.0,229.0,238.0,0.0
fit,2024-02-26,31,22,12458,18.555,0.0,2.0,6.0,14.0,26.0,42.0,64.0,0.0,93.6355,76.0,81.0,87.0,93.0,100.0,106.0,114.0,0.0,18.3275,11.0,13.0,15.0,18.0,21.0,24.0,27.0,0.0
fit,2024-02-26,32,83,12458,50.5925,11.0,19.0,30.0,45.0,66.0,87.0,117.0,0.0,105.8075,86.0,93.0,99.0,105.0,113.0,120.0,127.0,0.0,50.485,37.0,42.0,46.0,50.0,55.0,60.0,65.0,0.0
fit,2024-02-26,33,36,12458,46.619,8.0,16.0,26.0,42.0,61.0,84.0,115.0,0.0,82.2515,65.0,71.0,76.0,82.0,88.0,94.0,101.0,0.0,47.191,34.0,39.0,43.0,47.0,52.0,56.0,61.024999999999864,0.0
fit,2024-02-26,34,33,12458,46.4375,8.0,16.0,27.0,42.0,60.0,81.10000000000014,113.0,0.0,76.3025,59.0,65.0,70.0,76.0,82.0,88.0,95.0,0.0,46.0135,33.0,37.0,41.0,46.0,51.0,55.0,60.0,0.0
fit,2024-02-26,35,37,12458,32.533,4.0,8.0,15.0,28.0,44.0,63.0,88.0,0.0,33.8315,23.0,26.0,30.0,34.0,38.0,41.0,46.0,0.0,32.4545,22.0,25.0,29.0,32.0,36.0,40.0,44.0,0.0
fit,2024-02-26,36,710,12458,816.5655,621.0,682.9,740.75,814.0,886.0,956.0,1046.0,0.0,626.1735,579.0,595.0,610.0,627.0,642.0,656.0,672.0249999999999,0.0,816.25,761.0,780.0,797.0,816.0,835.0,851.0,871.0,0.0
fit,2024-02-26,37,105,12458,54.21,13.0,23.0,33.0,49.0,70.25,93.0,125.0,0.0,73.1235,57.0,62.0,67.0,73.0,79.0,84.0,90.0,0.0,54.0745,40.0,45.0,49.0,54.0,59.0,64.0,69.0,0.0
fit,2024-02-26,38,19,12458,38.875,5.0,11.0,20.0,33.0,53.0,72.0,102.02499999999986,0.0,73.7055,57.0,62.0,68.0,74.0,79.0,85.0,91.0,0.0,38.543,27.0,31.0,34.0,38.0,42.0,47.0,51.0,0.0
fit,2024-02-26,39,56,12458,71.5055,22.0,34.0,48.0,66.0,90.0,117.0,150.0,0.0,99.1025,81.0,87.0,93.0,99.0,106.0,112.0,118.0,0.0,72.088,57.0,61.0,66.0,72.0,78.0,83.0,90.0,0.0
fit,2024-03-04,0,19,13579,17.641,0.0,2.0,5.0,12.0,24.0,40.0,63.0,0.0,24.8195,15.0,19.0,21.0,24.0,28.0,32.0,35.0,0.0,17.766,10.0,12.0,15.0,18.0,21.0,23.0,26.024999999999864,0.0
fit,2024-03-04,1,57,13579,70.9315,17.0,31.0,45.0,65.0,91.0,119.10000000000014,154.02499999999986,0.0,76.4755,60.0,65.0,70.0,77.0,83.0,88.0,94.0,0.0,71.214,55.975,61.0,66.0,71.0,77.0,82.0,88.0,0.0
fit,2024-03-04,2,70,13579,112.719,41.0,60.0,81.0,107.0,139.0,172.0,219.02499999999986,0.0,107.801,88.0,95.0,101.0,108.0,115.0,121.0,128.0,0.0,112.5075,92.975,99.0,105.0,112.0,120.0,126.10000000000014,135.0,0.0
fit,2024-03-04,3,350,13579,508.6005,342.975,396.9,443.75,502.0,566.0,631.0,707.1499999999992,0.0,451.064,411.0,424.0,437.0,451.0,465.0,478.0,494.0,0.0,508.088,464.0,480.0,494.0,508.0,523.0,537.0,551.0,0.0
fit,2024-03-04,4,143,13579,94.497,30.0,47.0,64.0,89.0,119.0,151.0,187.02499999999986,0.0,169.555,144.0,153.0,161.0,169.0,178.0,186.0,195.0,0.0,94.039,75.975,81.0,87.0,94.0,101.0,106.0,114.0,0.0
fit,2024-03-04,5,170,13579,183.46,88.0,113.9,142.0,178.5,219.0,258.0,310.0,0.0,120.587,100.0,107.0,113.0,121.0,128.0,135.0,142.0,0.0,182.945,156.0,165.0,173.0,183.0,192.0,201.0,211.0,0.0
fit,2024-03-04,6,108,13579,120.417,47.0,68.0,88.0,115.0,146.0,182.0,225.02499999999986,0.0,175.623,149.975,159.0,166.0,176.0,184.0,193.0,202.02499999999986,0.0,123.2385,102.0,109.9,116.0,123.0,131.0,137.0,145.0,0.0
fit,2024-03-04,7,130,13579,147.849,61.975,87.0,111.0,143.0,179.0,214.0,262.02499999999986,0.0,147.2575,124.0,132.0,139.0,147.0,155.0,162.0,172.0,0.0,148.5505,125.0,133.0,140.0,148.0,156.0,164.0,173.0,0.0
fit,2024-03-04,8,1389,13579,1552.127,1252.95,1349.9,1442.0,1545.5,1660.0,1763.0,1872.0749999999996,0.0,1524.646,1451.975,1478.0,1501.0,1524.0,1550.0,1571.0,1598.0249999999999,0.0,1553.5265,1483.975,1506.0,1528.0,1554.0,1579.0,1601.0,1628.0,0.0
fit,2024-03-04,9,22,13579,18.9425,0.0,2.0,6.0,14.0,27.0,43.0,64.0,0.0,34.138,23.0,27.0,30.0,34.0,38.0,42.0,46.0,0.0,19.2075,11.0,14.0,16.0,19.0,22.0,25.0,28.0,0.0
fit,2024-03-04,10,81,13579,187.0345,92.0,119.0,145.0,181.0,223.0,262.10000000000014,317.0499999999997,0.0,116.265,95.0,102.0,109.0,116.0,123.0,130.0,139.0,0.0,185.2885,158.0,167.0,176.0,185.0,195.0,204.0,213.0,0.0
fit,2024-03-04,11,1396,13579,1396.7145,1122.0,1212.9,1292.0,1393.0,1498.25,1587.0,1687.174999999999,0.0,1237.2705,1175.0,1194.0,1213.0,1237.0,1260.0,1280.0,1304.0,0.0,1399.7355,1332.0,1356.9,1376.0,1400.0,1423.0,1444.0,1469.0,0.0
fit,2024-03-04,12,1189,13579,1298.2525,1041.85,1124.0,1200.75,1290.0,1391.0,1483.0,1584.0,0.0,1097.9055,1038.0,1057.0,1076.0,1097.0,1120.0,1139.1000000000001,1162.0,0.0,1300.386,1232.975,1257.0,1278.0,1301.0,1322.0,1344.1000000000001,1368.0,0.0
fit,2024-03-04,13,1360,13579,1340.874,1075.0,1155.0,1239.0,1332.0,1436.25,1534.1000000000001,1642.0,0.0,1240.179,1173.0,1196.0,1217.0,1240.0,1263.0,1285.1000000000001,1308.0,0.0,1340.6525,1270.0,1296.0,1318.0,1341.0,1364.0,1386.0,1410.0,0.0
fit,2024-03-04,14,2313,13579,2221.4265,1869.975,1984.9,2101.0,2221.5,2336.0,2453.1000000000004,2591.0249999999996,0.0,2246.871,2165.975,2193.0,2218.0,2245.0,2274.25,2303.1000000000004,2334.0249999999996,0.0,2218.7905,2135.0,2165.0,2189.0,2218.0,2247.0,2275.0,2303.0,0.0
fit,2024-03-04,15,45,13579,71.74,19.0,31.0,45.0,67.0,92.0,119.0,156.0,0.0,96.463,77.975,84.0,90.0,96.0,103.0,109.0,115.0,0.0,71.9165,55.0,61.0,66.0,72.0,78.0,83.0,88.0,0.0
fit,2024-03-04,16,85,13579,166.074,77.975,101.0,127.75,161.0,198.0,237.10000000000014,282.02499999999986,0.0,118.64,98.975,105.0,111.0,118.0,126.0,133.0,141.0,0.0,166.1775,142.0,150.0,157.0,166.0,174.0,183.0,192.0,0.0
fit,2024-03-04,17,720,13579,767.0525,566.95,626.0,690.0,761.0,840.0,917.1000000000001,998.0499999999997,0.0,903.8175,847.0,867.0,885.0,904.0,922.0,941.0,960.0,0.0,767.6155,714.0,732.9,750.0,768.0,786.0,801.1000000000001,821.0,0.0
fit,2024-03-04,18,78,13579,124.217,48.0,67.9,90.75,119.0,153.0,187.0,237.02499999999986,0.0,137.486,114.975,123.0,130.0,137.0,145.0,153.0,161.0,0.0,122.5685,102.0,108.0,115.0,122.0,130.0,137.0,145.0,0.0
fit,2024-03-04,19,1032,13579,811.802,605.975,669.9,733.0,805.0,885.0,959.0,1057.0249999999999,0.0,805.3155,751.975,770.0,786.0,806.0,824.0,841.0,861.0,0.0,807.13,752.975,772.0,788.0,807.0,825.0,843.0,863.0249999999999,0.0
fit,2024-03-04,20,43,13579,67.521,17.975,29.0,43.0,63.0,86.0,113.10000000000014,147.02499999999986,0.0,42.7095,30.0,34.0,38.0,42.0,47.0,51.0,56.0,0.0,66.8365,51.975,57.0,61.0,67.0,72.0,77.10000000000014,83.0,0.0
fit,2024-03-04,21,9,13579,24.1595,1.0,4.0,9.0,19.0,33.0,50.0,81.02499999999986,0.0,52.317,39.0,43.0,47.0,52.0,57.0,62.0,67.0,0.0,24.4045,15.0,18.0,21.0,24.0,28.0,31.0,34.0,0.0
fit,2024-03-04,22,136,13579,161.626,74.975,99.0,124.0,155.0,193.0,233.0,279.0,0.0,163.928,139.0,148.0,155.0,164.0,172.0,180.0,190.02499999999986,0.0,161.5325,138.0,145.0,153.0,162.0,170.0,178.0,188.0,0.0
fit,2024-03-04,23,42,13579,38.395,4.975000000000001,10.0,19.75,32.0,51.0,74.0,107.0,0.0,81.7105,64.975,70.0,75.0,82.0,88.0,93.0,100.0,0.0,37.8605,26.0,30.0,34.0,38.0,42.0,46.0,50.0,0.0
fit,2024-03-04,24,102,13579,84.5665,26.0,41.0,57.0,78.0,106.0,137.0,176.0,0.0,122.864,102.0,108.0,115.0,123.0,131.0,138.0,145.0,0.0,85.0065,68.0,73.0,79.0,85.0,91.0,97.0,104.0,0.0
fit,2024-03-04,25,96,13579,147.906,63.0,86.0,110.0,142.0,179.0,216.0,263.0499999999997,0.0,180.6135,154.0,163.9,172.0,180.0,190.0,198.0,207.0,0.0,146.5325,122.0,131.0,138.0,146.0,154.0,162.0,171.0,0.0
fit,2024-03-04,26,257,13579,130.5715,55.0,74.9,96.0,126.0,159.0,193.0,240.0,0.0,143.5275,120.0,128.0,136.0,144.0,152.0,159.0,168.0,0.0,131.765,110.0,118.0,124.0,132.0,139.0,146.0,155.0,0.0
fit,2024-03-04,27,107,13579,116.1005,46.975,64.0,85.0,111.0,142.0,174.0,216.0,0.0,101.954,82.0,89.0,95.0,102.0,109.0,115.0,123.0,0.0,116.077,95.0,102.0,109.0,116.0,123.0,130.0,137.0,0.0
fit,2024-03-04,28,100,13579,82.0115,25.0,38.0,54.0,77.0,103.0,132.0,172.0,0.0,88.121,70.0,76.0,82.0,88.0,95.0,101.0,108.0,0.0,81.741,66.0,70.0,75.0,82.0,88.0,93.0,100.0,0.0
fit,2024-03-04,29,66,13579,55.7715,12.0,21.0,33.0,51.0,72.0,97.0,127.0,0.0,116.1835,96.975,102.9,109.0,116.0,123.0,130.0,137.0,0.0,55.9375,42.0,47.0,51.0,56.0,61.0,66.0,71.0,0.0
fit,2024-03-04,30,302,13579,197.634,101.0,128.0,158.0,192.0,233.0,274.10000000000014,321.0,0.0,274.636,240.975,253.0,264.0,275.0,285.25,296.0,306.0,0.0,199.9315,172.0,183.0,191.0,200.0,209.0,218.0,228.0,0.0
fit,2024-03-04,31,111,13579,24.701,1.0,5.0,10.0,20.0,34.0,52.0,75.0,0.0,102.2445,83.0,89.0,95.0,102.0,109.0,115.0,123.0,0.0,25.045,15.0,19.0,22.0,25.0,28.0,31.100000000000136,35.0,0.0
fit,2024-03-04,32,139,13579,64.909,16.0,27.0,41.0,59.5,84.0,109.0,143.0,0.0,115.555,95.0,103.0,109.0,115.0,122.0,129.0,137.0,0.0,64.8285,50.0,55.0,59.0,65.0,70.0,75.0,81.0,0.0
fit,2024-03-04,33,170,13579,57.159,13.0,22.0,34.0,52.0,74.0,99.10000000000014,128.02499999999986,0.0,90.1075,73.0,78.0,84.0,90.0,97.0,102.0,109.0,0.0,57.3135,44.0,48.0,52.0,57.0,62.0,66.0,72.0,0.0
fit,2024-03-04,34,65,13579,52.127,10.0,18.0,29.0,47.0,69.0,94.0,129.0,0.0,83.319,67.0,72.0,77.0,83.0,89.0,95.0,102.0,0.0,51.6865,39.0,42.900000000000006,47.0,51.0,56.0,61.0,66.0,0.0
fit,2024-03-04,35,55,13579,33.809,4.0,8.900000000000006,16.0,28.0,45.25,67.0,92.0,0.0,36.8685,26.0,29.0,33.0,37.0,41.0,45.0,49.0,0.0,33.8385,23.0,27.0,30.0,34.0,37.0,41.0,46.0,0.0
fit,2024-03-04,36,805,13579,837.056,614.0,686.0,753.0,832.0,917.25,990.0,1085.1249999999993,0.0,682.257,635.0,651.0,665.0,681.0,699.0,714.0,734.0,0.0,835.55,784.0,800.0,817.0,835.0,854.0,871.0,890.0,0.0
fit,2024-03-04,37,94,13579,79.192,23.0,37.0,52.0,75.0,101.0,128.0,164.0,0.0,79.7235,63.0,68.0,73.0,80.0,86.0,91.0,98.0,0.0,79.251,63.0,68.0,73.0,79.0,85.0,91.0,96.0,0.0
fit,2024-03-04,38,74,13579,38.028,5.0,11.0,19.0,32.0,50.0,74.0,105.0,0.0,80.5925,64.0,69.0,75.0,80.0,86.0,92.0,98.0,0.0,37.736,26.0,30.0,34.0,37.0,42.0,46.0,50.0,0.0
fit,2024-03-04,39,49,13579,73.384,21.0,33.0,48.0,68.0,94.0,121.0,158.0749999999996,0.0,107.5885,87.0,94.0,100.0,108.0,115.0,121.0,128.0,0.0,74.7825,59.0,64.0,69.0,75.0,80.0,86.0,93.0,0.0
fit,2024-03-11,0,59,14442,16.723,0.0,1.0,4.0,11.0,23.0,39.0,66.02499999999986,0.0,26.5835,17.0,20.0,23.0,26.0,30.0,33.0,37.0,0.0,17.0605,9.0,12.0,14.0,17.0,20.0,23.0,25.0,0.0
fit,2024-03-11,1,53,14442,73.106,19.0,31.0,46.0,68.0,95.0,123.0,154.0,0.0,81.499,65.0,70.0,75.0,81.0,87.0,93.0,100.0,0.0,72.3025,56.0,61.0,66.0,72.0,78.0,84.0,89.02499999999986,0.0
fit,2024-03-11,2,90,14442,104.315,36.975,53.0,72.75,97.0,129.0,164.0,205.0,0.0,115.3725,95.975,102.0,108.0,115.0,122.0,129.0,138.0,0.0,103.143,84.0,90.0,96.0,103.0,110.0,117.0,124.0,0.0
fit,2024-03-11,3,512,14442,520.2,346.0,399.0,454.0,515.0,581.0,647.1000000000001,717.0249999999999,0.0,479.737,437.975,453.0,465.0,479.0,494.0,508.0,523.0,0.0,518.5495,476.0,489.0,503.0,518.0,534.0,549.0,564.0,0.0
fit,2024-03-11,4,334,14442,119.876,43.975,63.0,86.75,114.0,146.0,182.0,239.0,0.0,180.359,155.0,163.0,171.0,180.0,189.0,198.0,208.0,0.0,118.4655,97.0,105.0,111.0,118.0,126.0,133.0,141.0,0.0
fit,2024-03-11,5,199,14442,187.8465,90.975,120.0,147.0,182.5,222.0,266.10000000000014,319.0,0.0,128.064,107.0,114.0,121.0,128.0,135.0,142.0,151.0,0.0,187.8915,161.0,171.0,179.0,188.0,197.0,205.0,214.0,0.0
fit,2024-03-11,6,110,14442,132.039,53.0,74.0,96.0,127.0,161.0,196.0,246.02499999999986,0.0,186.054,161.0,169.0,176.0,186.0,195.0,204.0,214.0,0.0,131.4245,109.0,117.0,124.0,131.0,139.0,146.0,154.0,0.0
fit,2024-03-11,7,170,14442,149.964,64.975,86.0,112.0,146.0,182.0,217.0,261.0,0.0,155.999,131.0,140.0,147.0,156.0,164.0,172.0,182.0,0.0,150.119,127.0,134.0,142.0,150.0,158.0,166.0,174.0,0.0
fit,2024-03-11,8,1358,14442,1603.384,1298.0,1409.9,1494.75,1596.0,1702.0,1813.0,1943.0499999999997,0.0,1623.1115,1553.0,1573.0,1596.0,1623.0,1649.0,1673.0,1700.0,0.0,1603.348,1529.0,1555.0,1578.0,1603.0,1629.0,1653.0,1676.0,0.0
fit,2024-03-11,9,28,14442,20.699,0.0,2.0,6.0,15.0,29.0,47.0,70.02499999999986,0.0,36.3215,25.0,29.0,32.0,36.0,40.0,45.0,49.0,0.0,20.4725,12.0,15.0,17.0,20.0,24.0,26.100000000000136,30.0,0.0
fit,2024-03-11,10,107,14442,154.8415,68.0,93.0,117.0,148.0,187.0,226.0,275.0,0.0,124.053,102.0,110.0,116.0,124.0,131.0,138.0,147.0,0.0,154.8625,132.0,139.0,146.0,155.0,163.0,171.0,179.0,0.0
fit,2024-03-11,11,1372,14442,1474.357,1178.975,1274.0,1365.0,1472.5,1582.25,1676.0,1791.0999999999995,0.0,1316.2245,1250.0,1273.0,1292.0,1314.0,1340.0,1361.0,1386.0,0.0,1477.33,1407.0,1431.0,1452.0,1476.0,1503.0,1524.0,1551.0,0.0
fit,2024-03-11,12,1151,14442,1387.421,1114.9,1203.0,1283.0,1380.0,1484.25,1578.1000000000001,1701.0249999999999,0.0,1167.7345,1106.0,1127.0,1146.0,1167.0,1189.0,1210.0,1232.0249999999999,0.0,1386.334,1318.0,1341.0,1363.0,1386.0,1410.0,1431.0,1458.0,0.0
fit,2024-03-11,13,1152,14442,1415.833,1133.0,1225.8,1313.0,1412.0,1509.0,1612.1000000000001,1725.0749999999996,0.0,1318.1025,1250.0,1273.0,1294.75,1318.0,1341.0,1362.0,1385.0,0.0,1413.0975,1345.0,1366.0,1389.0,1414.0,1437.0,1459.0,1481.0,0.0
fit,2024-03-11,14,2028,14442,2389.701,2019.0,2150.9,2264.0,2390.0,2506.0,2627.0,2792.0499999999997,0.0,2391.229,2305.0,2334.0,2361.0,2391.0,2422.0,2449.0,2478.0249999999996,0.0,2394.04,2304.0,2337.0,2364.0,2395.0,2423.0,2449.0,2480.0,0.0
fit,2024-03-11,15,47,14442,72.9405,18.0,32.0,46.0,67.0,93.0,123.0,162.0,0.0,102.5735,83.0,89.0,95.0,102.0,109.0,116.0,123.0,0.0,73.5915,57.0,63.0,68.0,73.0,79.0,84.0,91.0,0.0
fit,2024-03-11,16,302,14442,143.545,60.0,82.0,105.75,139.0,176.0,215.0,264.0,0.0,125.7605,105.0,112.0,118.0,125.0,133.0,141.0,148.02499999999986,0.0,144.1395,121.0,129.0,135.0,144.0,153.0,160.0,169.0,0.0
fit,2024-03-11,17,919,14442,799.5875,581.975,647.9,721.0,793.5,875.0,953.0,1060.0249999999999,0.0,962.0035,904.0,923.0,941.0,962.0,982.25,1000.0,1023.0,0.0,798.8115,745.0,765.0,781.0,799.0,816.0,833.0,855.0,0.0
fit,2024-03-11,18,108,14442,111.675,38.975,59.0,78.0,105.0,139.0,173.0,220.0,0.0,145.832,123.0,130.0,138.0,146.0,154.0,161.0,171.0,0.0,111.867,92.0,99.0,105.0,112.0,119.0,125.0,133.0,0.0
fit,2024-03-11,19,1021,14442,943.3675,702.975,777.0,853.0,940.0,1032.0,1110.0,1213.0249999999999,0.0,855.542,800.0,819.0,835.0,855.0,876.0,893.0,914.0,0.0,945.105,888.0,906.0,925.0,945.0,965.0,983.0,1002.0,0.0
fit,2024-03-11,20,51,14442,60.6205,12.0,23.0,36.0,54.0,80.0,106.0,138.02499999999986,0.0,45.52,32.0,37.0,41.0,45.0,50.0,54.0,60.0,0.0,60.139,45.0,50.0,55.0,60.0,65.0,70.0,76.0,0.0
fit,2024-03-11,21,9,14442,22.136,0.0,3.0,7.0,16.0,31.0,49.0,76.0,0.0,55.7355,41.0,46.0,50.75,56.0,61.0,66.0,72.0,0.0,21.858,13.0,16.0,19.0,22.0,25.0,28.0,32.0,0.0
fit,2024-03-11,22,179,14442,165.1475,76.0,98.0,125.0,159.0,199.0,240.0,286.02499999999986,0.0,174.3775,149.975,157.9,166.0,174.0,184.0,191.0,201.0,0.0,165.6215,142.0,150.0,157.0,165.0,174.0,182.0,191.0,0.0
fit,2024-03-11,23,69,14442,43.714,7.0,14.0,23.0,39.0,58.0,81.0,106.07499999999959,0.0,86.12,68.0,74.0,80.0,86.0,92.0,99.0,105.0,0.0,44.4345,32.0,36.0,40.0,44.0,49.0,53.0,58.0,0.0
fit,2024-03-11,24,110,14442,97.59,34.0,50.0,66.0,93.0,120.25,152.0,195.02499999999986,0.0,130.848,108.0,116.0,123.0,131.0,138.0,146.0,154.02499999999986,0.0,97.4285,79.0,85.0,91.0,97.0,104.0,110.10000000000014,117.0,0.0
fit,2024-03-11,25,116,14442,130.968,54.0,72.0,94.0,127.0,160.0,197.0,241.0,0.0,192.822,166.0,175.0,183.0,193.0,202.0,211.0,219.0,0.0,131.3045,109.975,117.0,124.0,131.0,139.0,146.0,154.0,0.0
fit,2024-03-11,26,285,14442,181.715,89.0,113.0,140.0,175.0,214.25,259.0,318.02499999999986,0.0,152.28,130.0,137.0,144.0,152.0,160.0,168.0,177.0,0.0,181.6875,156.975,165.0,173.0,181.0,190.0,199.0,208.0,0.0
fit,2024-03-11,27,128,14442,117.556,42.0,63.0,84.0,115.0,145.0,176.0,223.0,0.0,108.6755,89.0,95.0,102.0,109.0,116.0,122.0,130.0,0.0,115.9175,95.0,102.0,109.0,116.0,123.0,130.0,137.0,0.0
fit,2024-03-11,28,145,14442,89.2525,27.0,42.0,60.0,83.0,113.0,145.10000000000014,181.02499999999986,0.0,94.104,75.0,82.0,87.0,94.0,101.0,107.0,113.02499999999986,0.0,88.4895,71.0,77.0,82.0,88.0,95.0,100.0,107.0,0.0
fit,2024-03-11,29,74,14442,64.559,15.0,26.0,39.0,59.0,83.25,111.0,146.0,0.0,123.3895,102.0,109.0,116.0,123.0,131.0,138.0,145.02499999999986,0.0,63.6665,48.0,54.0,58.0,64.0,69.0,74.0,79.0,0.0
fit,2024-03-11,30,257,14442,234.5325,121.975,155.0,188.0,229.0,275.25,324.0,377.02499999999986,0.0,292.314,260.0,271.0,281.0,292.0,304.0,314.0,326.0,0.0,234.4445,204.0,215.0,224.0,234.0,244.0,254.0,264.0,0.0
fit,2024-03-11,31,162,14442,50.57,9.0,17.0,28.0,44.0,66.0,92.10000000000014,129.0,0.0,108.641,89.0,95.0,101.0,108.0,115.0,123.0,130.0,0.0,50.6535,38.0,42.0,46.0,51.0,55.0,59.0,64.0,0.0
fit,2024-03-11,32,181,14442,98.0835,32.975,49.0,67.0,93.0,123.0,153.0,195.0,0.0,122.2975,101.0,108.0,115.0,122.0,130.0,136.0,144.0,0.0,98.021,78.0,85.0,91.0,98.0,104.0,111.0,118.0,0.0
fit,2024-03-11,33,382,14442,94.025,31.0,46.0,64.0,89.0,117.0,149.0,190.0,0.0,95.843,77.0,83.0,89.0,96.0,102.25,109.0,116.0,0.0,94.2625,76.0,82.0,88.0,94.0,101.0,107.0,113.0,0.0
fit,2024-03-11,34,62,14442,58.34,13.0,22.0,35.0,52.0,75.0,104.0,139.02499999999986,0.0,88.42,71.0,76.0,82.0,88.0,95.0,101.0,108.0,0.0,58.4575,44.0,48.900000000000006,53.0,58.0,64.0,68.0,74.0,0.0
fit,2024-03-11,35,19,14442,35.574,3.0,9.0,17.0,29.0,49.0,69.0,106.02499999999986,0.0,39.076,27.975,31.0,35.0,39.0,43.0,47.0,52.0,0.0,36.0245,24.0,28.0,32.0,36.0,40.0,44.0,48.0,0.0
fit,2024-03-11,36,906,14442,865.706,641.0,714.0,783.75,861.0,946.0,1021.0,1112.0499999999997,0.0,724.489,675.0,692.0,707.0,725.0,742.0,758.0,777.0,0.0,865.5385,811.0,830.0,846.0,866.0,885.0,901.0,919.0249999999999,0.0
fit,2024-03-11,37,76,14442,94.881,31.0,47.0,65.0,90.0,118.0,152.0,189.0,0.0,84.5795,67.0,73.0,78.0,84.0,90.0,96.0,103.0,0.0,95.1155,76.0,83.0,89.0,95.0,102.0,108.0,114.02499999999986,0.0
fit,2024-03-11,38,61,14442,50.4605,8.0,18.0,27.0,45.0,66.0,94.0,124.02499999999986,0.0,85.2695,67.0,74.0,79.0,85.0,91.0,97.0,103.02499999999986,0.0,51.4585,38.0,42.0,46.0,51.0,56.0,61.0,65.0,0.0
fit,2024-03-11,39,50,14442,65.1475,14.0,27.0,40.75,59.0,83.0,110.0,152.0749999999996,0.0,115.0425,93.975,101.0,107.0,115.0,122.0,129.0,137.0,0.0,65.522,50.0,55.0,60.0,65.0,71.0,76.0,82.0,0.0
fit,2024-03-18,0,65,15259,31.3125,2.0,6.0,14.0,25.0,43.0,64.0,92.0,0.0,27.967,18.0,21.0,24.0,28.0,31.0,35.0,39.0,0.0,31.2065,21.0,24.0,27.0,31.0,35.0,38.0,43.0,0.0
fit,2024-03-18,1,78,15259,70.0915,17.0,29.0,45.0,65.0,90.0,117.0,157.0,0.0,85.8225,67.0,74.0,79.0,86.0,92.0,98.0,104.02499999999986,0.0,70.0885,55.0,60.0,65.0,70.0,75.0,80.0,86.0,0.0
fit,2024-03-18,2,101,15259,105.5195,36.975,51.0,73.0,98.0,132.0,166.0,210.02499999999986,0.0,121.0675,100.0,107.0,114.0,121.0,128.0,135.0,143.0,0.0,105.4865,86.0,93.0,98.0,105.0,113.0,118.0,126.0,0.0
fit,2024-03-18,3,425,15259,545.199,365.0,424.0,476.0,539.0,608.25,679.0,754.0,0.0,506.866,464.0,479.0,492.0,506.0,521.0,536.0,550.0,0.0,542.3875,495.0,512.0,526.0,542.5,559.0,571.0,587.0249999999999,0.0
fit,2024-03-18,4,310,15259,201.264,100.0,127.0,156.0,193.0,241.0,284.10000000000014,343.02499999999986,0.0,190.4655,163.0,174.0,181.0,190.0,200.0,208.0,217.0,0.0,202.106,176.0,184.0,192.0,202.0,211.0,220.0,231.0,0.0
fit,2024-03-18,5,167,15259,198.9115,98.0,124.0,153.0,191.0,241.0,282.0,343.02499999999986,0.0,135.259,112.0,120.0,127.0,135.0,143.0,151.0,159.0,0.0,199.46,173.0,182.0,189.0,199.0,209.0,218.0,228.0,0.0
fit,2024-03-18,6,128,15259,131.6045,51.0,71.9,95.0,124.0,164.0,199.0,250.0,0.0,196.7715,170.0,179.0,187.0,197.0,206.0,215.0,225.0,0.0,131.6055,109.0,117.0,124.0,132.0,139.0,147.0,155.0,0.0
fit,2024-03-18,7,190,15259,171.0725,78.0,102.0,129.0,166.0,208.0,245.0,293.0749999999996,0.0,164.9205,140.0,148.0,156.0,165.0,174.0,182.0,190.0,0.0,170.0535,145.0,154.0,162.0,170.0,178.25,186.0,195.02499999999986,0.0
fit,2024-03-18,8,1476,15259,1621.613,1309.975,1407.0,1498.0,1622.0,1736.0,1839.0,1964.1249999999993,0.0,1714.062,1638.0,1664.0,1688.0,1714.0,1739.0,1765.0,1789.0249999999999,0.0,1618.2955,1544.0,1570.0,1593.75,1618.0,1643.0,1667.0,1693.0,0.0
fit,2024-03-18,9,43,15259,22.6425,0.0,2.0,8.0,17.0,32.0,49.100000000000136,78.0,0.0,38.331,26.0,30.0,34.0,38.0,43.0,46.0,51.0,0.0,22.4725,14.0,16.0,19.0,22.0,26.0,29.0,32.0,0.0
fit,2024-03-18,10,154,15259,118.7925,43.975,63.900000000000006,84.0,111.0,148.0,184.0,227.0,0.0,131.366,109.0,117.0,123.0,131.0,139.0,146.0,154.0,0.0,118.4105,98.0,104.0,111.0,118.0,126.0,132.10000000000014,140.0,0.0
fit,2024-03-18,11,1422,15259,1545.9455,1238.975,1341.0,1427.0,1541.5,1658.25,1760.0,1885.0,0.0,1389.337,1322.0,1344.0,1366.0,1388.0,1414.0,1435.0,1460.0,0.0,1542.1155,1466.975,1494.0,1516.0,1541.0,1568.0,1592.0,1619.0249999999999,0.0
fit,2024-03-18,12,1132,15259,1396.053,1119.0,1204.9,1289.75,1392.0,1500.25,1596.1000000000001,1693.0249999999999,0.0,1235.5095,1171.0,1193.0,1214.0,1235.0,1257.0,1279.0,1302.0,0.0,1395.2825,1328.975,1349.0,1372.0,1396.0,1419.0,1440.0,1464.0,0.0
fit,2024-03-18,13,1290,15259,1424.781,1124.975,1225.0,1322.0,1420.0,1521.25,1625.0,1763.0,0.0,1392.503,1325.0,1348.0,1368.0,1391.0,1417.0,1439.0,1464.0249999999999,0.0,1424.2535,1352.975,1378.0,1401.0,1424.0,1448.0,1469.0,1496.0249999999999,0.0
fit,2024-03-18,14,2149,15259,2404.072,2034.0,2157.9,2264.75,2400.0,2534.0,2645.1000000000004,2805.0,0.0,2527.062,2438.0,2469.0,2494.0,2526.0,2558.0,2586.0,2619.0,0.0,2413.901,2327.0,2356.0,2384.0,2415.0,2444.0,2469.0,2500.0249999999996,0.0
fit,2024-03-18,15,56,15259,58.0745,11.0,21.0,33.0,52.0,76.0,105.0,138.02499999999986,0.0,108.3505,88.0,95.0,101.0,108.0,115.0,122.0,128.0,0.0,57.1685,43.0,48.0,52.0,57.0,62.0,67.0,72.0,0.0
fit,2024-03-18,16,310,15259,181.3585,87.0,112.0,137.0,176.5,217.0,256.10000000000014,308.0,0.0,132.418,110.0,118.0,125.0,132.0,140.0,147.0,155.0,0.0,182.5345,156.0,165.0,173.0,183.0,191.0,200.0,210.0,0.0
fit,2024-03-18,17,754,15259,887.9455,656.0,723.0,799.0,881.5,974.25,1054.0,1149.0,0.0,1017.972,955.0,979.0,996.0,1018.0,1039.0,1056.0,1079.0249999999999,0.0,887.284,830.975,850.0,867.0,888.0,907.0,925.0,945.0249999999999,0.0
fit,2024-03-18,18,195,15259,109.972,37.0,54.0,75.75,106.0,138.0,172.0,214.0,0.0,154.4615,130.0,138.0,146.0,154.0,163.0,171.0,179.0,0.0,110.6725,90.0,97.0,104.0,111.0,118.0,124.0,131.0,0.0
fit,2024-03-18,19,1027,15259,1057.98,804.0,882.0,962.0,1052.0,1147.25,1240.1000000000001,1348.0249999999999,0.0,903.1435,845.0,864.0,883.0,903.0,923.0,942.1000000000001,964.0,0.0,1057.4535,994.975,1019.0,1036.75,1057.0,1079.0,1098.0,1116.0,0.0
fit,2024-03-18,20,92,15259,53.87,9.0,18.0,30.0,48.0,71.0,99.0,133.02499999999986,0.0,48.3385,34.975,39.0,43.75,48.0,53.0,58.0,62.0,0.0,54.632,40.0,45.0,49.0,55.0,60.0,64.0,69.0,0.0
fit,2024-03-18,21,10,15259,17.6135,0.0,1.0,4.0,12.0,26.0,41.0,66.0,0.0,58.7285,44.0,49.0,53.0,59.0,64.0,69.0,74.0,0.0,17.4095,10.0,12.0,15.0,17.0,20.0,23.0,26.0,0.0
fit,2024-03-18,22,214,15259,168.7475,70.0,99.0,128.0,163.0,204.0,248.0,296.02499999999986,0.0,184.485,159.0,167.0,175.0,184.0,193.0,203.0,212.02499999999986,0.0,169.2285,145.0,153.0,160.0,169.0,177.0,186.0,195.0,0.0
fit,2024-03-18,23,117,15259,54.218,10.0,20.0,31.0,48.0,71.0,97.10000000000014,128.02499999999986,0.0,91.4455,73.0,79.0,85.0,91.0,98.0,104.0,111.0,0.0,54.1,40.0,45.0,49.0,54.0,59.0,63.100000000000136,69.0,0.0
fit,2024-03-18,24,108,15259,106.9645,38.0,52.0,72.0,102.0,134.0,167.0,213.02499999999986,0.0,138.712,115.0,124.0,131.0,138.5,147.0,155.0,162.0,0.0,106.0,87.0,93.0,99.0,106.0,112.0,119.0,126.0,0.0
fit,2024-03-18,25,83,15259,132.3285,51.975,69.0,97.0,129.0,161.0,196.10000000000014,243.04999999999973,0.0,202.8215,175.0,185.9,194.0,202.0,212.0,221.0,230.0,0.0,131.9275,109.0,117.9,124.0,132.0,140.0,147.0,154.0,0.0
fit,2024-03-18,26,247,15259,225.685,116.975,148.0,180.0,219.0,267.0,308.0,371.02499999999986,0.0,161.788,137.0,146.0,153.0,162.0,170.0,178.0,186.0,0.0,224.8995,196.0,205.0,214.0,225.0,235.25,244.0,254.0,0.0
fit,2024-03-18,27,190,15259,119.071,43.975,63.0,83.0,112.0,147.0,184.0,236.0,0.0,114.573,95.0,101.0,107.0,114.0,122.0,128.0,136.0,0.0,118.7035,98.0,105.0,112.0,119.0,126.0,132.0,139.0,0.0
fit,2024-03-18,28,128,15259,116.704,44.0,62.0,83.0,110.0,143.0,176.0,227.0,0.0,99.5085,79.975,87.0,92.0,99.0,106.0,113.0,120.0,0.0,114.9205,94.0,101.0,107.0,115.0,122.0,129.0,136.0,0.0
fit,2024-03-18,29,125,15259,71.273,19.0,31.0,45.0,66.0,91.0,121.0,155.02499999999986,0.0,130.204,108.0,115.0,122.0,130.0,138.0,146.0,153.0,0.0,70.3065,54.0,59.0,64.0,70.0,76.0,81.0,88.0,0.0
fit,2024-03-18,30,250,15259,258.7485,141.0,177.0,208.0,252.0,303.0,351.0,414.02499999999986,0.0,308.354,275.0,287.0,297.0,308.0,320.0,330.0,343.0,0.0,259.69,228.975,239.0,248.0,260.0,270.0,281.0,292.0,0.0
fit,2024-03-18,31,169,15259,90.294,27.0,41.0,59.0,84.0,114.0,150.0,189.02499999999986,0.0,114.803,95.0,101.0,108.0,114.0,122.0,128.0,136.0,0.0,90.428,72.975,79.0,84.0,90.0,97.0,103.0,109.0,0.0
fit,2024-03-18,32,326,15259,136.563,54.0,78.0,100.0,130.0,164.25,206.0,252.02499999999986,0.0,129.477,109.0,115.0,122.0,129.0,137.0,144.0,152.0,0.0,140.01,117.0,125.0,132.0,140.0,148.0,156.0,164.0,0.0
fit,2024-03-18,33,326,15259,190.4925,92.975,120.0,148.0,185.0,225.0,269.0,323.0749999999996,0.0,101.03,82.0,88.0,94.0,101.0,108.0,114.0,121.0,0.0,188.506,162.0,171.0,179.0,188.0,198.0,206.0,216.0,0.0
fit,2024-03-18,34,76,15259,57.7335,11.0,20.0,33.0,52.0,76.0,102.0,140.02499999999986,0.0,93.281,74.0,81.0,87.0,93.0,100.0,106.0,113.0,0.0,56.64,43.0,47.0,51.0,56.0,62.0,67.0,72.0,0.0
fit,2024-03-18,35,31,15259,33.5125,3.0,7.0,15.0,27.0,46.0,67.0,99.0,0.0,41.351,29.0,33.0,37.0,41.0,46.0,50.0,54.0,0.0,34.0115,23.0,27.0,30.0,34.0,38.0,41.0,45.024999999999864,0.0
fit,2024-03-18,36,1007,15259,929.669,695.0,770.0,839.0,926.0,1013.25,1094.0,1196.1249999999993,0.0,766.102,712.0,730.0,747.0,767.0,784.0,801.0,819.0249999999999,0.0,933.699,874.975,896.0,914.75,934.0,953.0,971.0,990.0249999999999,0.0
fit,2024-03-18,37,72,15259,94.723,31.0,46.900000000000006,64.0,89.0,120.0,147.0,192.0,0.0,89.3795,71.0,78.0,83.0,89.0,96.0,102.0,108.0,0.0,94.768,77.0,82.0,88.0,94.0,101.0,107.0,114.0,0.0
fit,2024-03-18,38,100,15259,55.6845,11.0,20.0,31.0,49.0,73.0,100.0,135.02499999999986,0.0,90.2355,72.0,78.0,84.0,90.0,97.0,103.0,110.0,0.0,55.224,41.0,46.0,50.0,55.0,61.0,65.0,70.0,0.0
fit,2024-03-18,39,116,15259,60.8995,12.0,23.0,35.0,55.0,79.0,106.0,146.0,0.0,120.727,100.0,106.0,113.0,120.0,128.0,135.0,143.0,0.0,61.658,48.0,52.0,56.0,61.0,67.0,72.0,78.0,0.0
fit,2024-03-25,0,46,14096,38.418,4.0,10.0,19.0,33.0,52.0,75.10000000000014,103.02499999999986,0.0,25.887,16.0,20.0,22.0,26.0,29.0,32.0,37.0,0.0,39.026,27.0,31.0,35.0,39.0,43.0,47.0,51.0,0.0
fit,2024-03-25,1,87,14096,62.9415,14.0,25.0,38.75,58.0,82.0,107.10000000000014,144.04999999999973,0.0,79.3685,62.0,68.0,73.0,79.0,86.0,91.0,97.0,0.0,62.499,47.0,53.0,57.0,62.0,68.0,73.0,77.02499999999986,0.0
fit,2024-03-25,2,82,14096,95.239,30.0,46.0,65.0,90.0,120.0,151.10000000000014,196.02499999999986,0.0,112.3485,92.0,99.0,105.0,112.0,119.0,126.0,134.0,0.0,94.119,75.975,82.0,88.0,94.0,100.0,107.0,113.0,0.0
fit,2024-03-25,3,425,14096,449.3415,293.95,340.0,388.0,443.0,508.0,564.1000000000001,625.0,0.0,468.2115,426.0,442.0,454.0,468.0,482.0,496.0,510.0,0.0,449.254,410.0,423.0,436.0,449.0,463.0,475.0,488.02499999999986,0.0
fit,2024-03-25,4,262,14096,230.272,124.95,151.0,186.75,224.0,272.0,315.0,363.02499999999986,0.0,175.387,149.0,158.0,167.0,175.0,184.0,192.0,201.0,0.0,229.591,201.0,211.0,219.0,230.0,239.0,249.0,259.0,0.0
fit,2024-03-25,5,150,14096,179.0195,84.975,110.0,139.0,173.0,214.0,253.0,305.0,0.0,125.1345,103.0,111.0,118.0,125.0,133.0,140.0,147.0,0.0,177.636,152.0,161.0,168.0,178.0,186.0,195.0,203.0,0.0
fit,2024-03-25,6,136,14096,115.537,44.975,63.0,83.0,111.0,141.0,174.0,213.02499999999986,0.0,181.971,156.0,164.0,173.0,182.0,191.0,200.0,210.0,0.0,114.5925,95.0,101.0,107.0,114.0,121.0,128.0,137.0,0.0
fit,2024-03-25,7,260,14096,154.688,68.0,91.0,117.0,149.0,186.0,228.0,276.02499999999986,0.0,151.917,128.0,136.0,143.75,152.0,160.0,168.0,176.0,0.0,154.609,131.0,139.0,146.75,154.0,163.0,170.0,178.02499999999986,0.0
fit,2024-03-25,8,1392,14096,1449.739,1160.975,1260.9,1341.0,1443.0,1553.25,1648.0,1775.0749999999996,0.0,1583.2035,1507.0,1534.0,1558.0,1582.0,1610.0,1634.0,1662.0249999999999,0.0,1450.202,1379.0,1404.0,1427.0,1450.0,1474.0,1495.1000000000001,1522.0249999999999,0.0
fit,2024-03-25,9,48,14096,26.301,2.0,5.0,11.0,20.0,37.0,57.0,81.0,0.0,35.472,24.0,28.0,31.0,35.0,39.0,43.0,47.0,0.0,26.033,16.975,20.0,22.0,26.0,29.0,33.0,37.0,0.0
fit,2024-03-25,10,104,14096,111.279,39.0,59.0,80.0,106.0,139.0,171.0,211.0,0.0,121.435,101.0,107.0,114.0,121.0,129.0,136.0,143.0,0.0,111.058,91.0,98.0,104.0,111.0,118.0,125.0,132.0,0.0
fit,2024-03-25,11,1046,14096,1395.58,1105.975,1204.0,1293.0,1386.0,1493.0,1599.2000000000003,1725.0249999999999,0.0,1284.326,1221.0,1241.0,1262.0,1284.0,1307.0,1327.0,1348.0249999999999,0.0,1397.4715,1328.975,1353.0,1373.0,1397.0,1420.0,1443.0,1468.0,0.0
fit,2024-03-25,12,1033,14096,1175.4745,913.95,993.9,1079.0,1175.0,1269.0,1353.0,1459.1249999999993,0.0,1140.759,1079.0,1099.0,1119.0,1141.0,1163.0,1182.0,1206.0249999999999,0.0,1177.372,1113.975,1135.0,1154.0,1177.0,1200.0,1219.1000000000001,1242.0499999999997,0.0
fit,2024-03-25,13,1235,14096,1272.32,1011.975,1088.0,1172.75,1271.0,1366.0,1454.0,1572.0499999999997,0.0,1286.449,1214.0,1242.0,1264.0,1285.0,1310.0,1332.0,1356.0,0.0,1268.084,1205.0,1226.0,1245.0,1269.0,1291.0,1309.0,1332.0,0.0
fit,2024-03-25,14,1918,14096,2155.442,1825.0,1935.9,2026.0,2146.0,2273.25,2397.0,2525.075,0.0,2333.5625,2249.0,2279.0,2304.0,2333.0,2364.0,2390.1000000000004,2417.0249999999996,0.0,2159.11,2075.975,2104.0,2130.0,2159.0,2188.0,2214.0,2242.0,0.0
fit,2024-03-25,15,63,14096,54.2225,11.0,20.0,31.0,48.0,71.0,97.0,131.0,0.0,100.214,81.0,88.0,93.0,100.0,107.0,113.0,121.0,0.0,53.8205,39.0,44.0,49.0,54.0,59.0,63.0,70.0,0.0
fit,2024-03-25,16,318,14096,216.522,109.0,142.0,170.0,209.0,256.0,300.10000000000014,361.02499999999986,0.0,122.5555,101.0,108.0,115.0,122.0,130.0,137.0,145.0,0.0,213.963,186.0,196.0,204.0,214.0,224.0,232.0,241.0,0.0
fit,2024-03-25,17,792,14096,785.4055,570.0,645.0,707.0,782.0,855.0,935.0,1025.0249999999999,0.0,940.213,881.0,902.0,921.0,941.0,960.0,977.0,1000.0,0.0,785.429,731.975,750.0,767.0,786.0,804.0,820.0,838.0249999999999,0.0
fit,2024-03-25,18,244,14096,119.8115,46.0,66.0,86.0,114.0,147.0,182.0,224.02499999999986,0.0,142.7085,121.0,128.0,134.0,143.0,151.0,159.0,166.0,0.0,120.379,99.0,107.0,113.0,120.0,128.0,134.0,142.0,0.0
fit,2024-03-25,19,1099,14096,988.482,749.0,827.9,898.0,979.0,1073.0,1158.1000000000001,1266.0249999999999,0.0,834.363,780.0,800.0,815.0,834.0,852.0,871.0,890.0249999999999,0.0,991.2885,932.0,952.0,971.0,991.0,1013.0,1030.0,1049.0249999999999,0.0
fit,2024-03-25,20,78,14096,60.6905,14.0,23.0,35.75,55.0,79.0,107.0,144.0,0.0,44.3695,32.0,36.0,40.0,44.0,49.0,53.0,58.0,0.0,60.735,46.0,51.0,55.0,60.0,66.0,71.0,77.0,0.0
fit,2024-03-25,21,19,14096,13.3655,0.0,0.0,2.0,8.0,19.0,34.0,56.0,0.0,54.4135,40.0,45.0,49.0,54.0,59.0,64.0,69.0,0.0,13.5555,7.0,9.0,11.0,13.0,16.0,18.0,22.0,0.0
fit,2024-03-25,22,206,14096,170.286,78.0,104.0,128.0,164.0,205.0,246.0,292.02499999999986,0.0,169.795,145.0,153.0,161.0,170.0,178.25,187.0,195.0,0.0,169.7105,144.0,153.0,161.0,169.0,178.0,187.0,196.0,0.0
fit,2024-03-25,23,120,14096,68.497,18.0,28.900000000000006,43.0,63.0,88.0,115.0,151.04999999999973,0.0,84.6315,67.0,72.9,78.0,85.0,91.0,97.0,102.0,0.0,68.209,53.0,58.0,63.0,68.0,73.0,79.0,84.0,0.0
fit,2024-03-25,24,91,14096,97.965,33.975,50.0,68.0,92.0,122.0,154.0,197.04999999999973,0.0,127.9595,106.975,114.0,120.0,128.0,136.0,142.0,150.0,0.0,97.5085,78.975,85.0,91.0,97.0,104.0,110.0,116.0,0.0
fit,2024-03-25,25,103,14096,101.0305,36.975,51.0,70.0,95.0,125.0,158.0,200.0,0.0,188.322,162.0,171.0,179.0,189.0,197.0,206.0,216.0,0.0,100.125,81.0,88.0,93.75,100.0,107.0,113.0,119.0,0.0
fit,2024-03-25,26,314,14096,229.656,124.0,152.0,184.0,226.0,268.25,315.0,368.02499999999986,0.0,148.8025,126.0,134.0,141.0,148.0,157.0,165.0,174.0,0.0,229.2945,200.0,210.0,220.0,229.0,239.0,249.0,259.02499999999986,0.0
fit,2024-03-25,27,81,14096,136.4475,56.0,76.9,101.0,131.0,166.0,204.0,244.0,0.0,106.308,87.0,94.0,99.0,106.0,113.0,120.0,126.0,0.0,135.1365,112.975,120.0,127.75,135.0,143.0,150.0,158.0,0.0
fit,2024-03-25,28,111,14096,110.296,42.0,60.0,80.0,105.0,136.0,165.0,211.02499999999986,0.0,91.6485,73.0,79.0,85.0,91.5,98.0,104.0,111.0,0.0,112.1755,91.0,99.0,105.0,112.0,119.0,126.0,133.0,0.0
fit,2024-03-25,29,133,14096,75.764,20.0,33.0,49.0,70.0,97.0,127.0,160.0,0.0,121.2715,101.0,107.0,113.0,121.0,129.0,136.0,143.0,0.0,75.724,59.0,65.0,70.0,75.0,82.0,87.0,94.0,0.0
fit,2024-03-25,30,255,14096,239.9835,129.0,162.0,193.0,233.0,279.0,330.0,394.02499999999986,0.0,284.635,253.975,264.0,273.0,284.0,296.0,306.0,317.02499999999986,0.0,241.0515,211.0,222.0,230.0,241.0,251.0,261.0,272.0,0.0
fit,2024-03-25,31,181,14096,117.732,45.0,63.0,84.0,111.0,144.0,180.0,225.04999999999973,0.0,105.869,86.0,92.0,99.0,106.0,113.0,119.0,127.0,0.0,117.2925,96.0,104.0,110.0,117.0,124.0,131.0,139.0,0.0
fit,2024-03-25,32,171,14096,183.2365,88.0,115.0,142.0,176.0,219.0,262.0,317.0,0.0,119.684,98.975,105.0,112.0,120.0,127.0,134.0,141.0,0.0,185.1345,158.0,168.0,176.0,184.0,195.0,203.0,213.0,0.0
fit,2024-03-25,33,217,14096,232.356,125.975,154.9,188.75,227.0,271.25,314.10000000000014,371.0,0.0,93.4115,76.0,82.0,87.0,93.0,100.0,105.0,112.0,0.0,231.2105,202.0,212.0,221.0,231.0,241.0,251.0,263.0,0.0
fit,2024-03-25,34,74,14096,60.1975,12.0,22.0,35.0,54.0,78.0,107.10000000000014,144.0,0.0,86.3,68.0,75.0,80.0,86.0,92.0,98.0,106.0,0.0,59.9725,45.0,50.0,55.0,60.0,65.0,70.0,75.0,0.0
fit,2024-03-25,35,44,14096,35.2345,4.0,9.0,17.0,29.0,48.0,68.0,100.0,0.0,38.246,27.0,30.0,34.0,38.0,42.0,46.0,50.0,0.0,36.229,25.0,29.0,32.0,36.0,40.0,44.0,48.024999999999864,0.0
fit,2024-03-25,36,880,14096,866.6555,647.0,709.0,787.0,857.5,949.0,1021.0,1110.0499999999997,0.0,706.9255,657.0,674.0,690.0,707.0,724.0,740.0,760.0,0.0,866.0265,813.0,831.0,847.0,866.0,884.0,901.0,921.0,0.0
fit,2024-03-25,37,83,14096,86.7255,28.0,41.0,59.0,81.0,109.25,137.10000000000014,174.0,0.0,82.6005,64.0,71.0,76.0,83.0,89.0,94.0,100.0,0.0,88.0915,71.0,76.9,82.0,88.0,94.0,100.0,107.0,0.0
fit,2024-03-25,38,74,14096,63.744,17.0,27.0,39.0,58.0,83.0,110.0,141.0,0.0,83.421,66.0,72.0,77.0,83.0,89.0,95.0,103.0,0.0,64.501,49.0,54.0,59.0,64.0,70.0,75.0,80.02499999999986,0.0
fit,2024-03-25,39,121,14096,70.1015,20.0,30.0,44.0,64.0,89.0,118.10000000000014,155.02499999999986,0.0,111.9,92.0,98.0,105.0,112.0,119.0,126.0,133.0,0.0,68.7795,53.0,58.0,63.0,69.0,75.0,80.0,85.0,0.0
fit,2024-04-01,0,86,14468,48.103,8.0,15.0,26.0,42.0,64.0,87.0,121.02499999999986,0.0,26.6995,17.0,20.0,23.0,26.0,30.0,33.0,38.0,0.0,48.194,35.0,40.0,43.0,48.0,53.0,57.0,62.0,0.0
fit,2024-04-01,1,90,14468,68.404,18.0,30.0,44.0,62.0,88.0,113.0,152.0,0.0,81.6595,64.0,70.0,76.0,82.0,88.0,94.0,100.0,0.0,69.572,54.0,59.0,64.0,69.0,75.0,80.0,86.0,0.0
fit,2024-04-01,2,85,14468,86.527,26.975,43.0,59.0,81.0,108.0,136.0,180.02499999999986,0.0,115.754,93.975,102.0,108.0,115.0,123.0,130.0,139.0,0.0,86.973,69.0,75.0,81.0,87.0,93.0,99.0,106.0,0.0
fit,2024-04-01,3,558,14468,434.4865,277.975,328.9,375.0,429.0,491.0,550.0,610.0249999999999,0.0,479.886,439.975,452.0,465.0,480.0,495.0,508.0,524.0249999999999,0.0,431.349,392.0,405.9,418.0,432.0,446.0,456.10000000000014,470.0,0.0
fit,2024-04-01,4,373,14468,262.1445,142.0,180.0,215.0,258.0,305.25,350.0,404.0,0.0,180.291,155.0,164.0,171.0,180.0,189.0,198.0,207.0,0.0,264.6355,233.0,244.0,253.0,264.0,276.0,286.0,296.02499999999986,0.0
fit,2024-04-01,5,176,14468,172.082,82.0,104.0,131.0,166.0,207.0,247.0,292.02499999999986,0.0,128.3815,107.0,114.0,120.0,128.0,136.0,143.0,151.02499999999986,0.0,173.3715,147.0,156.0,165.0,173.0,182.0,190.0,199.0,0.0
fit,2024-04-01,6,111,14468,122.904,49.0,68.0,88.0,117.0,150.0,188.0,229.0,0.0,186.8595,161.0,170.0,178.0,186.0,196.0,205.0,214.02499999999986,0.0,121.46,99.0,107.0,114.0,121.0,129.0,136.0,143.0,0.0
fit,2024-04-01,7,145,14468,188.233,90.975,117.0,145.0,181.0,224.0,269.0,331.02499999999986,0.0,156.46,132.0,141.0,148.0,156.0,165.0,173.0,183.0,0.0,189.103,163.0,172.0,180.0,189.0,199.0,206.0,215.0,0.0
fit,2024-04-01,8,1419,14468,1420.761,1139.0,1230.0,1310.0,1415.0,1519.0,1623.1000000000001,1739.0,0.0,1623.721,1548.0,1575.0,1598.0,1624.0,1649.0,1671.0,1701.0249999999999,0.0,1414.592,1348.0,1370.0,1390.0,1414.0,1438.0,1460.0,1484.0,0.0
fit,2024-04-01,9,42,14468,35.3165,3.0,9.0,17.0,30.0,47.0,67.0,95.0,0.0,36.1635,25.0,29.0,32.0,36.0,40.0,44.0,48.0,0.0,35.5595,24.0,28.0,31.0,35.0,40.0,44.0,48.0,0.0
fit,2024-04-01,10,93,14468,111.862,40.975,59.0,80.0,105.0,137.0,173.0,218.0,0.0,124.013,103.0,110.0,116.0,124.0,131.0,139.0,148.0,0.0,112.217,92.0,99.0,105.0,112.0,119.0,126.0,133.0,0.0
fit,2024-04-01,11,1107,14468,1321.5255,1044.975,1138.9,1220.0,1319.0,1416.25,1516.0,1627.0,0.0,1318.657,1247.0,1274.0,1296.0,1319.0,1342.0,1363.0,1389.0,0.0,1320.6395,1251.95,1277.0,1297.0,1321.0,1344.25,1363.0,1385.0249999999999,0.0
fit,2024-04-01,12,1088,14468,1133.6555,873.0,956.9,1035.0,1131.0,1226.0,1311.1000000000001,1416.0,0.0,1169.5115,1104.975,1127.0,1147.0,1169.0,1192.0,1213.0,1234.0249999999999,0.0,1136.5625,1075.0,1095.0,1115.0,1136.0,1159.0,1177.0,1201.0,0.0
fit,2024-04-01,13,1141,14468,1269.4005,994.975,1083.0,1162.0,1267.0,1366.25,1460.0,1581.0499999999997,0.0,1321.621,1257.0,1278.0,1298.0,1321.0,1344.0,1366.0,1385.0249999999999,0.0,1268.005,1205.0,1224.0,1245.0,1268.5,1291.0,1311.0,1334.0,0.0
fit,2024-04-01,14,2221,14468,2119.224,1777.0,1886.9,1992.0,2115.0,2242.0,2351.0,2475.0249999999996,0.0,2396.8175,2311.0,2342.0,2368.0,2397.0,2427.0,2452.0,2482.0,0.0,2118.669,2033.975,2065.9,2090.0,2119.0,2148.0,2170.0,2200.0,0.0
fit,2024-04-01,15,69,14468,53.0935,9.0,18.900000000000006,31.0,48.0,69.0,95.0,130.0,0.0,102.872,84.0,89.0,96.0,103.0,110.0,116.0,122.0,0.0,53.328,40.0,44.0,48.0,53.0,58.0,63.0,68.0,0.0
fit,2024-04-01,16,382,14468,255.063,138.0,171.0,206.0,248.0,298.0,345.10000000000014,405.02499999999986,0.0,125.6305,105.0,112.0,118.0,125.0,133.0,140.0,148.0,0.0,255.821,225.0,235.0,245.0,255.5,267.0,275.0,286.0,0.0
fit,2024-04-01,17,821,14468,806.288,595.0,661.0,721.75,802.5,885.25,959.1000000000001,1042.0249999999999,0.0,964.5545,907.0,926.0,943.75,964.0,986.0,1005.0,1025.0,0.0,803.4075,749.0,768.0,785.0,803.0,821.0,838.1000000000001,859.0249999999999,0.0
fit,2024-04-01,18,136,14468,157.1165,68.975,95.0,120.0,153.0,188.0,226.0,274.02499999999986,0.0,145.9965,123.0,130.0,138.0,146.0,154.0,162.0,171.0,0.0,157.5715,134.0,141.0,149.0,157.0,166.0,174.0,183.0,0.0
fit,2024-04-01,19,890,14468,1048.0285,811.975,885.0,955.0,1040.0,1137.25,1221.0,1318.0249999999999,0.0,857.0115,802.0,820.0,838.0,857.0,875.0,893.0,913.0249999999999,0.0,1054.1135,993.0,1013.0,1033.0,1054.0,1076.0,1095.0,1116.0,0.0
fit,2024-04-01,20,86,14468,66.416,15.0,26.0,40.0,60.0,86.0,113.0,150.0,0.0,45.5,33.0,37.0,41.0,45.0,50.0,54.0,59.0,0.0,66.949,52.0,57.0,61.0,67.0,73.0,78.0,84.0,0.0
fit,2024-04-01,21,17,14468,11.4885,0.0,0.0,2.0,7.0,16.0,28.0,53.0,0.0,55.4405,42.0,46.0,50.0,55.0,60.0,65.0,70.0,0.0,11.9555,6.0,7.900000000000006,9.75,12.0,14.0,16.0,19.0,0.0
fit,2024-04-01,22,221,14468,185.511,89.0,115.9,143.75,178.0,221.0,268.0,325.0499999999997,0.0,174.7095,150.0,158.0,166.0,174.0,184.0,192.0,200.0,0.0,184.9625,158.0,168.0,176.0,185.0,194.0,202.0,212.0,0.0
fit,2024-04-01,23,104,14468,87.378,27.0,40.0,57.0,82.0,111.0,142.0,183.0,0.0,86.962,69.0,75.0,80.0,87.0,94.0,100.0,106.0,0.0,87.761,70.0,76.0,81.0,88.0,94.0,100.0,107.0,0.0
fit,2024-04-01,24,110,14468,101.709,35.0,51.0,70.75,97.0,127.0,158.10000000000014,201.02499999999986,0.0,131.461,110.0,117.0,124.0,131.0,139.0,147.0,154.0,0.0,103.977,86.0,92.0,97.0,104.0,111.0,117.0,123.02499999999986,0.0
fit,2024-04-01,25,100,14468,100.1825,32.0,50.0,69.0,95.0,125.0,159.0,197.0,0.0,193.115,167.0,176.0,184.0,193.0,203.0,211.0,220.0,0.0,100.564,82.0,88.0,94.0,100.0,107.0,113.0,121.0,0.0
fit,2024-04-01,26,365,14468,278.799,155.0,191.9,226.0,273.0,324.25,374.0,440.02499999999986,0.0,153.0065,129.0,137.0,145.0,153.0,161.0,169.0,178.0,0.0,278.454,246.975,257.0,268.0,278.0,289.0,300.0,312.0,0.0
fit,2024-04-01,27,141,14468,127.339,47.0,69.0,93.0,122.0,155.0,191.0,237.0,0.0,108.8245,88.0,96.0,102.0,108.0,116.0,123.0,130.0,0.0,127.777,106.0,113.0,120.0,128.0,135.0,142.0,149.02499999999986,0.0
fit,2024-04-01,28,165,14468,121.935,47.0,67.0,87.0,116.0,149.0,186.10000000000014,227.02499999999986,0.0,94.3005,75.0,82.0,88.0,94.0,101.0,107.0,114.0,0.0,121.926,101.0,108.0,115.0,122.0,129.0,136.0,144.0,0.0
fit,2024-04-01,29,158,14468,99.9955,35.0,49.0,68.0,93.0,126.0,158.0,198.02499999999986,0.0,123.9105,102.0,109.0,116.0,124.0,132.0,138.0,146.0,0.0,100.4775,82.0,88.0,94.0,100.0,107.0,113.0,122.0,0.0
fit,2024-04-01,30,206,14468,268.748,152.0,186.0,219.0,261.0,313.0,362.0,425.0,0.0,291.8795,259.975,270.0,280.0,292.0,303.0,314.0,326.0,0.0,268.9305,238.0,247.0,258.0,269.0,280.0,290.10000000000014,302.0,0.0
fit,2024-04-01,31,201,14468,156.568,71.0,93.0,119.0,150.0,188.0,229.0,280.0,0.0,108.81,89.0,95.0,101.0,109.0,116.0,122.0,130.0,0.0,157.368,133.0,142.0,148.75,158.0,165.0,173.0,182.0,0.0
fit,2024-04-01,32,204,14468,207.4585,104.0,133.0,164.75,202.0,247.0,287.0,339.0,0.0,122.6925,101.0,108.0,115.0,123.0,130.0,137.0,145.0,0.0,206.289,178.0,188.0,197.0,206.0,216.0,225.0,235.02499999999986,0.0
fit,2024-04-01,33,243,14468,277.135,156.0,190.9,227.0,271.0,320.0,370.0,430.0,0.0,95.708,77.975,83.0,89.0,96.0,102.0,108.0,115.02499999999986,0.0,275.916,243.0,255.0,265.0,276.0,287.0,297.0,309.0,0.0
fit,2024-04-01,34,33,14468,70.371,18.0,31.0,44.0,63.0,90.0,122.0,163.0,0.0,88.6465,70.0,77.0,82.0,89.0,95.0,101.0,108.0,0.0,70.173,53.975,59.0,65.0,70.0,76.0,81.0,87.0,0.0
fit,2024-04-01,35,47,14468,38.407,4.0,10.0,19.0,33.0,51.25,75.0,106.04999999999973,0.0,39.469,27.0,31.0,35.0,39.0,44.0,48.0,52.0,0.0,37.815,27.0,30.0,34.0,37.0,42.0,45.0,50.0,0.0
fit,2024-04-01,36,794,14468,910.566,676.975,752.0,824.0,903.0,995.0,1075.0,1171.0249999999999,0.0,726.0105,676.975,692.0,707.0,726.0,743.0,760.0,777.0249999999999,0.0,907.022,852.975,870.0,888.0,907.0,927.0,945.0,963.0,0.0
fit,2024-04-01,37,84,14468,82.4245,23.0,37.0,54.75,77.0,104.0,134.0,173.02499999999986,0.0,84.8075,67.0,72.9,78.0,85.0,91.0,97.0,104.0,0.0,81.681,64.0,70.0,75.0,81.0,88.0,94.0,100.0,0.0
fit,2024-04-01,38,64,14468,77.057,23.0,35.0,50.0,72.0,99.0,126.0,160.0,0.0,85.5565,68.0,74.0,79.0,85.0,92.0,98.0,105.0,0.0,78.0465,61.0,67.0,72.0,78.0,84.0,89.0,96.0,0.0
fit,2024-04-01,39,92,14468,84.293,25.0,39.0,55.75,79.0,106.0,139.0,171.02499999999986,0.0,114.6295,95.0,100.0,107.0,114.0,122.0,128.0,135.0,0.0,84.8115,68.0,73.0,78.0,85.0,91.0,97.0,103.0,0.0
fit,2024-04-08,0,59,14389,63.8395,14.975000000000001,24.900000000000006,38.0,57.0,84.0,108.10000000000014,151.02499999999986,0.0,26.4515,17.0,20.0,23.0,26.0,30.0,33.0,37.0,0.0,63.453,49.0,53.0,58.0,63.0,68.25,73.0,80.0,0.0
fit,2024-04-08,1,66,14389,77.867,21.0,34.0,50.0,72.0,100.0,127.0,169.02499999999986,0.0,81.318,64.0,70.0,75.0,81.0,87.0,92.10000000000014,100.0,0.0,75.9855,60.0,65.0,70.0,76.0,82.0,87.0,93.0,0.0
fit,2024-04-08,2,71,14389,88.513,27.0,43.0,58.0,83.0,112.0,141.0,181.02499999999986,0.0,114.777,94.0,102.0,108.0,115.0,122.0,129.0,136.0,0.0,88.4665,70.0,76.0,82.0,88.0,95.0,101.0,107.0,0.0
fit,2024-04-08,3,569,14389,475.2295,312.95,365.9,412.0,471.0,533.0,590.0,668.0,0.0,477.723,437.0,451.0,462.0,477.0,493.0,507.0,521.0,0.0,473.6285,431.0,446.0,459.0,474.0,489.0,501.0,514.0249999999999,0.0
fit,2024-04-08,4,257,14389,315.767,183.975,223.0,261.0,309.0,362.0,418.10000000000014,476.02499999999986,0.0,179.8765,154.0,163.0,171.0,179.0,189.0,197.0,207.0,0.0,317.43,284.0,295.0,306.0,317.0,329.0,340.0,353.0,0.0
fit,2024-04-08,5,265,14389,172.2315,82.0,107.9,132.0,165.0,205.25,246.0,298.02499999999986,0.0,127.702,106.0,113.0,120.0,128.0,135.0,142.0,150.0,0.0,170.933,146.0,155.0,162.0,171.0,179.0,188.0,197.0,0.0
fit,2024-04-08,6,111,14389,121.483,45.0,65.0,87.0,116.0,149.0,185.10000000000014,231.02499999999986,0.0,185.247,160.0,168.0,177.0,185.0,194.0,202.0,212.0,0.0,119.984,99.0,106.0,113.0,120.0,127.0,134.0,142.0,0.0
fit,2024-04-08,7,144,14389,189.894,91.0,120.0,146.75,185.0,228.0,267.0,317.02499999999986,0.0,155.758,133.0,140.0,147.0,156.0,164.0,172.0,180.0,0.0,188.9685,162.0,171.0,179.0,188.0,198.0,207.0,217.0,0.0
fit,2024-04-08,8,1409,14389,1390.7045,1109.875,1198.9,1292.0,1385.5,1487.25,1587.1000000000001,1695.0,0.0,1615.706,1543.975,1568.0,1590.0,1616.0,1640.0,1664.0,1690.0249999999999,0.0,1393.873,1324.0,1348.0,1370.0,1393.0,1417.0,1440.0,1466.0,0.0
fit,2024-04-08,9,45,14389,40.1545,6.0,12.0,20.0,34.0,54.0,77.0,104.0,0.0,36.113,25.0,29.0,32.0,36.0,40.0,44.0,49.0,0.0,40.0465,28.0,32.0,36.0,40.0,44.0,48.0,53.0,0.0
fit,2024-04-08,10,96,14389,111.736,40.0,58.0,80.0,107.0,137.0,169.10000000000014,211.02499999999986,0.0,123.8665,102.0,109.0,116.0,124.0,131.0,138.0,146.0,0.0,113.0225,91.0,100.0,106.0,113.0,120.0,127.0,134.0,0.0
fit,2024-04-08,11,1064,14389,1221.76,953.0,1038.0,1121.0,1214.0,1322.0,1405.2000000000003,1523.0249999999999,0.0,1311.561,1247.0,1268.0,1289.0,1312.0,1334.0,1354.0,1377.0249999999999,0.0,1220.7315,1154.0,1176.0,1196.0,1221.0,1245.0,1265.0,1288.0249999999999,0.0
fit,2024-04-08,12,1111,14389,1082.418,837.0,909.0,983.0,1075.0,1173.0,1263.1000000000001,1363.0499999999997,0.0,1165.3935,1099.0,1123.0,1144.0,1166.0,1187.0,1207.0,1229.0,0.0,1086.438,1025.0,1045.0,1064.0,1086.0,1108.0,1128.0,1150.0,0.0
fit,2024-04-08,13,1203,14389,1187.0055,922.875,1012.9,1088.0,1184.0,1274.25,1372.0,1484.0249999999999,0.0,1313.3295,1246.0,1267.0,1289.0,1313.0,1338.0,1359.0,1380.0249999999999,0.0,1188.1515,1124.0,1145.0,1166.0,1188.0,1211.0,1232.0,1254.0,0.0
fit,2024-04-08,14,2284,14389,2055.672,1706.0,1822.9,1932.0,2058.0,2181.0,2278.1000000000004,2419.0249999999996,0.0,2380.738,2295.0,2323.9,2351.0,2381.0,2411.0,2437.0,2469.0249999999996,0.0,2051.516,1968.95,1998.0,2024.0,2052.0,2079.0,2106.0,2133.0249999999996,0.0
fit,2024-04-08,15,91,14389,57.597,13.0,23.0,34.0,52.0,75.0,100.0,130.0,0.0,102.155,83.0,89.0,95.0,102.0,109.0,116.0,123.0,0.0,58.1685,44.0,49.0,53.0,58.0,63.0,68.0,74.0,0.0
fit,2024-04-08,16,160,14389,325.3955,187.0,235.0,271.0,323.0,372.0,423.0,488.0499999999997,0.0,125.257,104.0,111.0,118.0,125.0,133.0,140.0,148.0,0.0,323.595,290.0,301.0,312.0,323.0,336.0,346.0,358.0,0.0
fit,2024-04-08,17,888,14389,815.1385,597.0,670.0,730.0,807.0,893.25,967.1000000000001,1075.0499999999997,0.0,958.8045,900.0,920.0,938.0,960.0,979.0,997.0,1019.0249999999999,0.0,811.445,759.0,776.0,792.0,811.0,830.0,848.0,864.0499999999997,0.0
fit,2024-04-08,18,142,14389,171.1285,76.0,103.0,130.0,165.0,207.0,248.0,295.02499999999986,0.0,145.853,123.0,130.0,138.0,146.0,154.0,161.0,170.0,0.0,169.043,144.0,153.0,160.0,169.0,177.0,186.0,195.0,0.0
fit,2024-04-08,19,1156,14389,997.7655,758.975,836.0,905.0,996.5,1086.0,1167.1000000000001,1255.0249999999999,0.0,852.4495,798.0,816.0,833.0,852.0,870.0,890.0,909.0,0.0,996.956,936.0,958.9,977.0,997.0,1017.0,1035.0,1057.0249999999999,0.0
fit,2024-04-08,20,69,14389,76.3555,20.0,33.0,48.0,70.0,97.25,127.0,168.02499999999986,0.0,45.443,33.0,37.0,41.0,45.0,50.0,54.0,59.0,0.0,75.873,60.0,65.0,70.0,76.0,82.0,87.0,95.0,0.0
fit,2024-04-08,21,16,14389,13.457,0.0,1.0,3.0,8.0,19.0,33.0,55.0,0.0,55.386,41.0,46.0,50.0,55.0,61.0,65.0,70.0,0.0,13.767,7.0,9.0,11.0,14.0,16.0,19.0,21.0,0.0
fit,2024-04-08,22,219,14389,201.6275,98.0,129.0,158.0,195.0,238.0,283.0,338.0,0.0,173.427,148.0,157.0,164.0,174.0,182.0,190.0,199.0,0.0,202.6005,175.0,184.0,192.0,203.0,213.0,221.0,231.0,0.0
fit,2024-04-08,23,61,14389,101.1945,34.975,52.0,69.0,96.0,128.0,158.0,197.0,0.0,86.554,69.0,75.0,80.0,86.0,92.0,98.0,105.0,0.0,100.9435,82.0,88.0,94.0,100.0,108.0,114.0,121.02499999999986,0.0
fit,2024-04-08,24,96,14389,102.856,35.0,52.0,71.0,97.0,128.0,160.0,204.0,0.0,130.717,108.0,116.0,123.0,131.0,139.0,146.0,154.0,0.0,103.697,84.0,90.0,97.0,104.0,111.0,117.0,124.02499999999986,0.0
fit,2024-04-08,25,68,14389,99.8455,33.975,50.0,69.0,94.0,125.0,156.0,199.04999999999973,0.0,192.0245,165.0,175.0,183.0,192.0,201.0,210.0,220.0,0.0,100.0005,81.0,87.0,93.0,100.0,107.0,113.0,119.0,0.0
fit,2024-04-08,26,371,14389,297.208,172.975,207.0,246.0,292.0,343.0,395.10000000000014,451.02499999999986,0.0,151.373,127.0,136.0,143.0,151.0,160.0,168.0,177.0,0.0,298.9285,266.0,277.0,288.0,299.0,310.25,320.0,333.0,0.0
fit,2024-04-08,27,54,14389,134.321,54.0,76.0,98.0,129.0,164.0,200.0,241.0,0.0,108.2375,89.0,95.0,101.0,108.0,115.0,122.0,129.0,0.0,133.568,111.0,119.0,126.0,134.0,141.0,148.0,156.0,0.0
fit,2024-04-08,28,230,14389,135.3535,54.0,76.0,98.0,130.0,164.0,203.10000000000014,249.02499999999986,0.0,93.9835,75.0,82.0,87.0,94.0,101.0,107.0,115.0,0.0,135.5865,113.975,121.0,128.0,135.0,143.0,151.0,158.02499999999986,0.0
fit,2024-04-08,29,90,14389,119.8695,47.0,63.0,86.0,115.0,149.0,181.0,227.0,0.0,123.0475,102.0,109.0,115.0,123.0,130.0,137.0,145.0,0.0,121.3445,100.0,107.0,114.0,121.0,129.0,135.0,144.0,0.0
fit,2024-04-08,30,217,14389,237.1245,126.0,159.0,194.0,233.0,277.0,319.0,374.0,0.0,290.0365,258.0,268.0,278.0,290.0,301.0,312.0,324.0,0.0,238.8735,210.0,219.0,228.0,239.0,249.0,259.0,269.0,0.0
fit,2024-04-08,31,183,14389,175.796,84.0,108.0,135.0,170.0,210.0,249.0,305.0,0.0,108.015,88.0,95.0,101.0,108.0,115.0,121.0,128.0,0.0,176.689,151.0,160.0,168.0,176.0,186.0,194.0,203.0,0.0
fit,2024-04-08,32,156,14389,218.812,115.0,142.0,173.0,214.0,259.0,301.0,355.0,0.0,121.536,101.0,107.0,114.0,121.0,129.0,136.0,143.0,0.0,218.022,190.0,199.0,208.75,218.0,227.0,237.0,248.0,0.0
fit,2024-04-08,33,214,14389,287.857,164.0,201.9,239.0,282.0,330.25,382.0,441.02499999999986,0.0,95.4045,77.0,83.0,89.0,95.0,102.0,108.0,116.0,0.0,288.705,255.0,265.9,277.0,289.0,301.0,311.0,323.0,0.0
fit,2024-04-08,34,61,14389,60.853,14.0,23.900000000000006,35.0,54.0,79.0,107.0,140.0,0.0,88.01,71.0,76.0,81.0,88.0,94.0,101.0,107.0,0.0,60.5985,45.0,51.0,55.0,61.0,66.0,71.0,76.0,0.0
fit,2024-04-08,35,49,14389,34.4745,3.0,9.0,16.75,29.0,47.0,68.0,95.02499999999986,0.0,39.332,28.0,32.0,35.0,39.0,44.0,47.0,52.0,0.0,35.1275,24.0,28.0,31.0,35.0,39.0,43.0,47.0,0.0
fit,2024-04-08,36,832,14389,885.526,645.0,727.9,795.0,884.5,968.0,1051.0,1146.0249999999999,0.0,722.951,672.0,690.0,705.0,722.0,740.0,757.0,775.0,0.0,886.5725,832.0,849.0,867.0,887.0,905.0,922.0,946.0,0.0
fit,2024-04-08,37,64,14389,78.5175,22.0,36.0,52.0,72.0,99.0,128.0,166.02499999999986,0.0,84.2765,67.0,73.0,78.0,84.0,90.0,96.0,103.0,0.0,78.238,62.0,67.0,72.0,78.0,84.0,90.0,96.0,0.0
fit,2024-04-08,38,49,14389,72.854,20.975,31.0,45.0,67.0,93.0,122.10000000000014,161.02499999999986,0.0,84.8445,67.0,73.0,79.0,85.0,91.0,96.0,103.02499999999986,0.0,74.396,58.0,64.0,69.0,74.0,80.0,85.0,91.0,0.0
fit,2024-04-08,39,99,14389,93.7975,32.975,47.0,64.0,88.0,117.0,149.0,186.02499999999986,0.0,114.3215,94.0,101.0,107.0,114.0,121.0,128.0,135.0,0.0,93.6335,75.0,81.0,87.0,94.0,100.0,106.0,113.0,0.0
fit,2024-04-15,0,60,14634,64.892,15.975000000000001,26.0,39.0,59.0,85.0,111.0,149.02499999999986,0.0,26.8695,17.0,20.0,23.0,27.0,30.0,34.0,37.0,0.0,64.503,50.0,54.900000000000006,59.0,64.0,70.0,74.0,80.0,0.0
fit,2024-04-15,1,70,14634,81.088,24.0,37.0,53.0,74.0,103.0,134.0,173.02499999999986,0.0,82.5005,65.0,71.0,76.0,83.0,88.0,94.0,101.0,0.0,80.9205,65.0,70.0,75.0,81.0,87.0,92.0,99.0,0.0
fit,2024-04-15,2,100,14634,86.2245,26.0,39.900000000000006,56.0,81.0,109.0,139.0,184.0,0.0,116.434,96.0,102.0,109.0,116.0,124.0,130.0,139.0,0.0,85.057,68.0,74.0,79.0,85.0,91.0,97.0,104.0,0.0
fit,2024-04-15,3,563,14634,495.6145,328.975,379.0,433.0,491.0,556.0,617.0,689.0249999999999,0.0,485.6805,446.0,459.0,471.0,485.0,500.0,513.0,528.0,0.0,496.621,451.975,467.0,482.0,496.0,512.0,525.0,541.0,0.0
fit,2024-04-15,4,243,14634,306.897,174.0,213.0,254.0,298.0,357.0,407.0,481.02499999999986,0.0,182.452,157.0,166.0,173.0,182.0,191.0,200.0,209.0,0.0,302.295,270.0,281.0,291.0,302.0,313.0,324.0,335.02499999999986,0.0
fit,2024-04-15,5,190,14634,191.25,86.0,116.0,148.0,186.0,229.0,272.10000000000014,324.1249999999993,0.0,129.886,108.0,115.0,122.0,130.0,138.0,145.0,153.0,0.0,190.378,163.975,173.0,181.0,191.0,199.0,208.0,218.0,0.0
fit,2024-04-15,6,127,14634,122.7845,46.0,66.0,88.0,115.5,151.0,189.0,231.04999999999973,0.0,189.102,162.0,172.0,180.0,188.0,198.0,207.0,216.0,0.0,122.4965,101.975,108.0,115.0,122.0,130.0,137.0,144.0,0.0
fit,2024-04-15,7,163,14634,186.9395,89.0,115.0,143.0,182.0,225.0,264.10000000000014,319.0,0.0,158.262,133.975,142.0,150.0,158.0,167.0,174.0,183.0,0.0,186.0265,161.0,169.0,177.0,186.0,195.0,203.0,212.0,0.0
fit,2024-04-15,8,1371,14634,1428.9045,1160.0,1241.9,1326.75,1421.0,1526.25,1629.0,1743.0249999999999,0.0,1642.7065,1567.0,1593.0,1616.0,1643.0,1669.0,1692.0,1721.0249999999999,0.0,1431.8995,1361.975,1384.0,1407.75,1431.0,1457.0,1479.0,1502.0,0.0
fit,2024-04-15,9,45,14634,45.6205,6.0,13.0,24.0,40.0,62.0,84.0,114.02499999999986,0.0,36.6045,26.0,29.0,32.0,36.0,40.0,44.0,49.0,0.0,44.894,32.0,36.0,40.0,45.0,49.0,54.0,59.0,0.0
fit,2024-04-15,10,65,14634,110.424,41.0,58.0,78.0,105.0,136.0,169.0,212.02499999999986,0.0,126.025,104.0,112.0,118.0,126.0,133.0,140.0,148.0,0.0,112.3405,91.975,99.0,105.0,112.0,119.0,126.0,134.0,0.0
fit,2024-04-15,11,1066,14634,1160.446,902.95,982.0,1062.0,1156.0,1249.0,1344.1000000000001,1449.0,0.0,1333.348,1264.0,1288.0,1310.0,1333.0,1357.0,1378.0,1403.0,0.0,1166.0,1100.975,1125.0,1144.0,1166.0,1187.0,1207.0,1231.0,0.0
fit,2024-04-15,12,1123,14634,1100.5915,856.0,932.9,1004.0,1096.0,1189.0,1271.1000000000001,1386.0,0.0,1184.128,1117.975,1143.0,1163.0,1183.0,1205.0,1227.0,1250.0,0.0,1096.8175,1037.975,1056.0,1075.0,1097.0,1118.0,1137.0,1159.0,0.0
fit,2024-04-15,13,1235,14634,1221.0855,952.0,1034.0,1119.0,1215.0,1317.0,1410.0,1518.0,0.0,1335.6125,1269.0,1290.0,1312.0,1336.0,1359.0,1380.0,1404.0,0.0,1223.07,1158.0,1181.0,1200.0,1224.0,1246.0,1264.0,1286.0749999999996,0.0
fit,2024-04-15,14,2235,14634,2158.045,1782.975,1909.0,2035.5,2157.5,2285.0,2407.1000000000004,2527.0,0.0,2423.3765,2334.975,2364.0,2392.0,2422.0,2455.0,2484.0,2514.0,0.0,2153.5385,2067.975,2096.0,2124.0,2155.0,2184.0,2208.0,2241.0,0.0
fit,2024-04-15,15,56,14634,71.335,17.975,30.0,45.0,66.0,92.0,120.0,162.0,0.0,104.158,85.0,91.0,97.0,104.0,111.0,117.0,126.0,0.0,70.071,54.0,59.900000000000006,64.0,70.0,76.0,81.0,87.0,0.0
fit,2024-04-15,16,125,14634,291.1555,170.975,203.0,240.0,284.0,335.0,387.0,446.02499999999986,0.0,127.2855,106.0,113.0,120.0,127.0,135.0,142.0,151.0,0.0,294.0995,262.0,272.0,283.0,294.0,305.0,316.0,329.0,0.0
fit,2024-04-15,17,799,14634,815.552,592.95,665.0,730.0,809.0,895.25,978.1000000000001,1066.0499999999997,0.0,975.8395,912.0,936.0,955.0,976.0,996.0,1015.0,1036.0249999999999,0.0,816.902,764.0,781.0,798.0,816.0,835.0,853.0,872.0249999999999,0.0
fit,2024-04-15,18,159,14634,179.765,85.0,110.0,138.0,176.0,216.0,253.0,301.02499999999986,0.0,148.1265,125.0,133.0,140.0,148.0,156.0,164.0,172.0,0.0,180.3175,155.0,163.0,171.0,180.0,189.0,198.0,206.0,0.0
fit,2024-04-15,19,1100,14634,1042.9965,796.0,876.0,950.0,1040.0,1132.0,1214.1000000000001,1310.0499999999997,0.0,866.3605,812.0,830.0,846.0,867.0,886.0,903.0,925.0,0.0,1049.2185,990.0,1009.9,1028.0,1048.0,1070.0,1090.0,1112.0,0.0
fit,2024-04-15,20,68,14634,81.9275,24.0,38.0,53.0,76.0,103.0,133.0,179.02499999999986,0.0,46.0625,33.975,38.0,41.0,46.0,51.0,55.0,60.0,0.0,81.5225,64.0,70.0,75.0,81.0,88.0,93.0,99.02499999999986,0.0
fit,2024-04-15,21,27,14634,15.8055,0.0,1.0,4.0,10.0,22.0,38.0,61.0,0.0,56.3735,42.0,47.0,51.0,56.0,61.0,67.0,72.0,0.0,15.7105,9.0,11.0,13.0,16.0,18.0,21.0,24.0,0.0
fit,2024-04-15,22,344,14634,216.142,112.0,140.9,170.0,211.0,256.0,302.0,353.02499999999986,0.0,176.3675,150.0,160.0,168.0,176.0,185.0,193.0,201.0,0.0,216.655,188.0,198.0,206.0,217.0,227.0,236.0,246.0,0.0
fit,2024-04-15,23,61,14634,100.9815,32.975,50.0,69.0,94.0,126.0,160.10000000000014,202.0,0.0,87.9895,70.0,76.0,81.0,88.0,94.0,100.0,107.0,0.0,101.2655,83.0,89.0,94.0,101.0,108.0,114.0,121.0,0.0
fit,2024-04-15,24,253,14634,102.057,34.0,51.0,69.0,96.0,129.0,161.0,201.04999999999973,0.0,132.2995,110.0,118.0,125.0,132.0,140.0,147.0,156.0,0.0,102.247,83.0,89.0,95.0,102.0,109.0,116.0,122.0,0.0
fit,2024-04-15,25,89,14634,88.663,26.975,41.0,59.0,83.0,113.0,142.0,181.02499999999986,0.0,195.3585,169.0,178.0,186.0,195.0,204.0,213.0,224.0,0.0,89.175,71.0,77.0,82.0,89.0,96.0,102.0,108.0,0.0
fit,2024-04-15,26,256,14634,327.9775,192.0,234.0,273.0,321.0,378.0,431.0,498.0,0.0,154.444,130.975,139.0,146.0,154.0,162.0,170.0,179.0,0.0,325.7435,292.975,304.0,314.0,325.0,337.0,348.0,361.0,0.0
fit,2024-04-15,27,113,14634,118.6145,46.0,65.0,86.0,113.5,144.0,181.0,223.0,0.0,109.729,90.0,96.0,102.0,110.0,117.0,124.0,131.0,0.0,116.756,96.975,103.0,110.0,117.0,124.0,130.10000000000014,138.0,0.0
fit,2024-04-15,28,344,14634,160.5745,70.975,94.0,121.0,154.0,193.0,233.10000000000014,282.02499999999986,0.0,95.301,77.0,83.0,88.0,95.0,102.0,108.0,116.0,0.0,160.0245,136.0,144.0,151.0,160.0,169.0,176.0,185.0,0.0
fit,2024-04-15,29,155,14634,127.9035,51.0,70.0,93.0,122.0,155.0,192.0,244.0,0.0,125.2405,104.0,111.0,117.0,125.0,133.0,140.0,148.0,0.0,127.279,105.0,113.0,119.0,127.0,135.0,142.0,151.0,0.0
fit,2024-04-15,30,238,14634,233.484,119.975,152.0,186.0,228.0,277.0,323.0,375.0749999999996,0.0,295.66,262.0,274.0,285.0,295.0,307.0,318.0,330.0,0.0,233.375,204.0,214.9,223.75,233.0,243.0,253.0,264.0,0.0
fit,2024-04-15,31,232,14634,184.803,91.975,117.0,144.0,182.0,219.0,261.0,302.0,0.0,110.1765,91.0,97.0,103.0,110.0,117.0,123.0,131.0,0.0,184.5225,159.0,167.0,175.0,184.0,194.0,202.0,213.0,0.0
fit,2024-04-15,32,117,14634,213.972,108.0,139.0,169.0,209.0,252.0,297.0,352.02499999999986,0.0,124.643,104.0,110.0,117.0,125.0,132.0,140.0,147.0,0.0,215.963,188.0,198.0,207.0,216.0,225.0,235.0,243.0,0.0
fit,2024-04-15,33,197,14634,253.3365,134.0,169.0,203.0,248.0,298.0,343.0,395.0499999999997,0.0,97.1495,78.0,85.0,91.0,97.0,104.0,110.0,118.0,0.0,251.5835,222.0,232.0,241.0,252.0,262.0,272.0,283.0,0.0
fit,2024-04-15,34,54,14634,60.599,14.0,24.0,36.0,54.0,78.0,106.10000000000014,144.02499999999986,0.0,89.3595,71.0,77.0,83.0,89.0,96.0,102.0,109.0,0.0,61.6535,47.0,52.0,56.0,62.0,67.0,72.0,77.02499999999986,0.0
fit,2024-04-15,35,30,14634,44.455,6.0,13.0,24.0,39.0,58.0,83.10000000000014,115.02499999999986,0.0,39.748,28.0,32.0,35.0,40.0,44.0,48.0,52.0,0.0,43.096,31.0,35.0,39.0,43.0,48.0,51.0,57.0,0.0
fit,2024-04-15,36,849,14634,886.7645,653.975,725.0,799.0,881.5,972.0,1050.0,1157.0249999999999,0.0,734.661,681.0,701.0,716.0,735.0,753.0,770.0,786.0,0.0,882.7895,825.0,846.0,863.0,883.0,902.0,920.0,938.0,0.0
fit,2024-04-15,37,99,14634,75.5085,20.0,33.0,48.0,69.0,96.0,127.0,163.0,0.0,85.8685,69.0,74.0,80.0,86.0,92.0,98.0,105.0,0.0,76.5295,60.0,66.0,71.0,76.0,82.0,88.0,94.0,0.0
fit,2024-04-15,38,103,14634,72.364,19.0,31.0,45.0,66.0,92.25,123.0,164.0,0.0,86.4435,68.975,75.0,80.0,86.0,93.0,98.0,106.0,0.0,72.4645,57.0,62.0,67.0,72.0,78.0,83.0,89.0,0.0
fit,2024-04-15,39,110,14634,106.456,37.975,55.0,74.0,100.0,133.0,167.0,211.0,0.0,116.3675,95.0,102.0,109.0,116.0,124.0,131.0,139.0,0.0,108.1785,87.975,95.0,101.0,108.0,115.0,122.0,129.0,0.0
fit,2024-04-22,0,18,15397,66.938,16.0,28.0,41.0,61.0,86.0,114.10000000000014,152.0,0.0,28.0735,18.0,22.0,24.0,28.0,32.0,35.0,39.0,0.0,67.3525,51.0,57.0,62.0,67.0,73.0,78.0,84.0,0.0
fit,2024-04-22,1,74,15397,83.3085,22.0,37.0,52.0,77.0,106.0,139.0,187.02499999999986,0.0,86.768,69.0,75.0,81.0,86.5,93.0,99.0,104.0,0.0,83.937,67.0,72.0,77.0,84.0,90.0,96.0,103.0,0.0
fit,2024-04-22,2,136,15397,91.2595,28.0,43.0,60.0,85.0,115.25,148.0,192.0,0.0,123.0175,102.0,109.0,115.75,123.0,130.0,137.0,145.0,0.0,90.6785,72.0,79.0,84.0,91.0,97.0,103.0,109.0,0.0
fit,2024-04-22,3,538,15397,563.5595,374.0,431.0,489.0,559.0,632.0,702.0,785.0499999999997,0.0,510.7755,469.0,482.0,496.0,510.0,526.0,540.1000000000001,556.0,0.0,565.0485,520.0,535.9,549.0,564.0,581.0,595.0,610.0,0.0
fit,2024-04-22,4,183,15397,304.2985,174.0,214.0,251.0,298.0,351.0,402.10000000000014,479.0499999999997,0.0,191.723,165.0,174.0,182.0,192.0,201.0,210.0,219.0,0.0,303.1335,271.0,281.0,291.0,302.0,315.0,326.0,339.0,0.0
fit,2024-04-22,5,179,15397,209.2105,100.0,132.0,161.75,203.0,249.0,297.0,348.0499999999997,0.0,136.431,114.0,121.0,129.0,136.0,144.0,152.0,161.0,0.0,208.9675,181.0,191.0,199.0,209.0,218.0,228.0,239.0,0.0
fit,2024-04-22,6,152,15397,130.6065,52.0,71.0,94.0,124.5,161.0,197.0,246.0,0.0,198.5755,170.0,180.0,189.0,198.0,208.0,217.0,228.0,0.0,129.56,107.0,115.0,122.0,130.0,137.0,144.0,151.0,0.0
fit,2024-04-22,7,197,15397,188.752,90.975,115.0,145.0,182.0,224.0,269.0,332.02499999999986,0.0,165.9185,140.0,150.0,157.0,166.0,175.0,182.10000000000014,193.0,0.0,190.547,165.0,173.0,181.0,190.0,200.0,208.0,218.0,0.0
fit,2024-04-22,8,1318,15397,1496.551,1206.975,1297.9,1388.0,1492.5,1598.0,1705.1000000000001,1823.0499999999997,0.0,1729.6265,1655.0,1679.0,1703.0,1730.0,1755.0,1780.0,1804.0,0.0,1492.9495,1422.975,1444.0,1468.0,1494.0,1517.0,1540.0,1567.0249999999999,0.0
fit,2024-04-22,9,35,15397,48.6255,7.975000000000001,16.0,27.0,43.0,64.0,88.10000000000014,119.02499999999986,0.0,38.724,27.0,31.0,34.0,39.0,43.0,47.0,51.024999999999864,0.0,48.4045,35.0,39.0,44.0,48.0,53.0,57.0,62.0,0.0
fit,2024-04-22,10,143,15397,96.2545,29.975,46.0,65.0,89.0,122.0,155.0,197.09999999999945,0.0,132.81,111.0,118.0,125.0,132.0,141.0,147.0,156.0,0.0,96.3855,78.0,84.0,90.0,97.0,103.0,109.0,116.0,0.0
fit,2024-04-22,11,1206,15397,1142.1065,879.925,966.8,1050.0,1140.0,1231.25,1316.0,1428.0249999999999,0.0,1402.9345,1339.0,1358.0,1379.0,1402.0,1426.0,1450.0,1472.0,0.0,1143.839,1081.0,1102.0,1122.0,1144.0,1166.0,1187.0,1207.0,0.0
fit,2024-04-22,12,1187,15397,1161.9695,898.0,976.0,1059.0,1156.0,1254.25,1350.1000000000001,1459.0749999999996,0.0,1247.02,1183.0,1204.0,1223.0,1247.0,1269.0,1291.1000000000001,1314.0,0.0,1163.716,1099.0,1123.0,1142.0,1164.0,1185.0,1206.0,1225.0249999999999,0.0
fit,2024-04-22,13,1088,15397,1284.3295,1018.0,1095.9,1183.75,1281.0,1381.0,1471.1000000000001,1596.0249999999999,0.0,1405.839,1338.0,1359.0,1382.0,1405.0,1429.0,1451.0,1474.0,0.0,1286.7835,1219.0,1242.0,1263.0,1288.0,1309.0,1331.1000000000001,1352.0,0.0
fit,2024-04-22,14,2184,15397,2316.3495,1945.925,2063.9,2185.0,2312.0,2447.25,2569.1000000000004,2704.0999999999995,0.0,2550.2865,2460.0,2491.0,2519.0,2551.0,2582.0,2608.0,2643.0,0.0,2313.938,2231.0,2257.9,2283.0,2313.0,2344.0,2369.0,2400.0,0.0
fit,2024-04-22,15,70,15397,74.4125,19.0,31.0,46.0,68.0,96.0,126.10000000000014,164.0,0.0,109.2735,88.975,95.9,102.0,109.0,116.0,123.0,130.0,0.0,75.067,58.0,64.0,70.0,75.0,81.0,86.0,92.0,0.0
fit,2024-04-22,16,145,15397,264.6885,147.975,181.0,215.0,258.5,307.0,355.0,428.02499999999986,0.0,133.4835,112.0,119.0,125.0,133.0,141.0,149.0,156.0,0.0,262.889,231.0,243.0,252.0,263.0,273.0,283.0,295.0,0.0
fit,2024-04-22,17,1055,15397,884.5625,650.95,720.0,797.75,879.0,966.0,1052.0,1154.0249999999999,0.0,1026.347,966.0,986.9,1005.0,1027.0,1048.0,1065.0,1084.0,0.0,882.486,827.0,846.0,863.0,883.0,902.0,920.0,940.0,0.0
fit,2024-04-22,18,142,15397,182.847,91.0,114.0,139.0,177.0,221.0,261.10000000000014,309.0,0.0,155.4525,131.0,140.0,147.0,155.0,164.0,172.0,180.0,0.0,182.366,156.975,165.0,173.0,182.0,191.0,200.0,209.02499999999986,0.0
fit,2024-04-22,19,972,15397,1131.2965,878.925,950.0,1033.0,1124.5,1226.0,1314.0,1415.0249999999999,0.0,912.1485,853.0,874.0,893.0,912.0,932.0,950.0,968.0,0.0,1135.2855,1071.0,1095.0,1113.0,1135.0,1157.0,1176.0,1197.0,0.0
fit,2024-04-22,20,67,15397,82.0965,22.0,37.0,52.0,76.0,105.0,137.10000000000014,172.04999999999973,0.0,48.572,35.0,40.0,44.0,48.0,53.0,58.0,63.0,0.0,80.6405,63.0,69.0,75.0,81.0,86.0,93.0,99.0,0.0
fit,2024-04-22,21,13,15397,21.848,0.0,2.0,7.0,16.0,31.0,50.0,76.02499999999986,0.0,59.6625,45.0,50.0,55.0,59.0,65.0,70.0,75.0,0.0,21.504,13.0,16.0,18.0,21.0,25.0,27.100000000000136,31.0,0.0
fit,2024-04-22,22,356,15397,263.983,146.0,177.0,212.75,259.0,307.0,356.10000000000014,419.0499999999997,0.0,185.216,159.0,168.0,176.0,185.0,194.0,203.0,212.0,0.0,264.9935,234.975,245.0,254.0,265.0,276.0,285.0,298.0,0.0
fit,2024-04-22,23,81,15397,92.2205,29.0,43.900000000000006,61.0,87.0,116.0,149.0,191.0,0.0,92.2285,74.0,80.0,86.0,92.0,99.0,105.0,111.0,0.0,92.4545,75.0,80.0,86.0,92.0,99.0,105.0,111.0,0.0
fit,2024-04-22,24,282,15397,147.18,60.975,82.9,108.0,142.0,181.0,217.0,273.0,0.0,139.2995,116.0,124.0,131.0,139.0,147.0,154.0,163.02499999999986,0.0,147.203,124.0,131.0,139.0,147.0,155.0,163.0,172.0,0.0
fit,2024-04-22,25,81,15397,94.891,30.0,45.0,63.0,88.0,119.0,153.0,197.02499999999986,0.0,205.066,177.0,187.0,195.0,205.0,214.0,223.0,235.0,0.0,96.2345,77.975,84.0,90.0,96.0,103.0,109.0,116.0,0.0
fit,2024-04-22,26,313,15397,350.056,208.975,250.0,293.0,345.0,401.0,453.10000000000014,515.0249999999999,0.0,162.385,137.0,146.0,154.0,162.0,171.0,178.0,186.02499999999986,0.0,349.83,314.0,327.0,338.0,349.0,362.0,374.0,386.0,0.0
fit,2024-04-22,27,240,15397,105.9485,35.0,50.0,71.0,100.0,133.0,172.10000000000014,213.0,0.0,115.514,95.0,102.0,108.0,115.0,123.0,129.0,138.0,0.0,104.266,85.0,91.0,97.75,104.0,111.0,117.0,125.0,0.0
fit,2024-04-22,28,300,15397,230.017,116.975,147.0,183.0,222.5,272.0,320.0,385.02499999999986,0.0,100.3735,81.0,87.0,93.0,100.0,107.0,113.0,121.0,0.0,227.34,198.0,209.0,218.0,228.0,237.0,246.0,256.02499999999986,0.0
fit,2024-04-22,29,162,15397,144.6555,62.0,83.0,106.0,138.0,176.0,213.10000000000014,267.0,0.0,131.4505,109.0,117.0,124.0,131.0,139.0,146.0,154.0,0.0,143.375,120.0,128.0,136.0,143.0,151.0,158.0,167.0,0.0
fit,2024-04-22,30,314,15397,245.7285,130.0,161.0,197.0,240.0,289.0,334.10000000000014,398.0,0.0,311.3965,276.0,288.0,299.0,311.0,324.0,334.0,346.0,0.0,244.623,215.0,225.0,234.0,245.0,255.0,264.0,274.0,0.0
fit,2024-04-22,31,265,15397,212.6595,107.0,135.0,167.0,209.0,251.0,295.0,342.0,0.0,115.819,95.975,102.0,109.0,115.0,123.0,130.0,137.0,0.0,213.4095,185.0,194.0,204.0,213.0,223.0,233.0,242.0,0.0
fit,2024-04-22,32,161,15397,173.1845,79.0,104.0,132.0,168.0,209.0,248.0,306.02499999999986,0.0,130.5345,108.0,116.0,123.0,130.0,138.0,145.0,153.0,0.0,173.6615,148.0,156.9,165.0,174.0,183.0,190.0,199.0,0.0
fit,2024-04-22,33,238,15397,230.438,117.0,149.0,184.0,224.0,271.0,320.10000000000014,375.0,0.0,101.9875,84.0,90.0,95.0,101.0,108.0,115.0,122.0,0.0,232.9065,203.0,213.0,223.0,233.0,243.0,251.10000000000014,263.0,0.0
fit,2024-04-22,34,78,15397,58.796,12.0,21.900000000000006,34.0,53.0,78.0,104.0,137.02499999999986,0.0,94.232,76.0,82.0,88.0,94.0,100.25,107.0,114.0,0.0,59.6535,45.0,50.0,54.0,59.0,65.0,70.0,75.0,0.0
fit,2024-04-22,35,31,15397,45.2105,6.0,13.0,24.0,40.0,60.25,84.0,120.0,0.0,41.6845,29.0,34.0,37.0,42.0,46.0,50.0,55.0,0.0,45.8985,33.0,38.0,41.0,46.0,50.0,55.0,59.0,0.0
fit,2024-04-22,36,810,15397,896.823,660.975,737.0,811.0,890.0,977.25,1063.1000000000001,1159.0,0.0,772.7615,719.0,737.0,754.0,773.0,792.0,808.0,827.0249999999999,0.0,897.308,838.0,859.0,878.0,898.0,917.0,935.0,955.0249999999999,0.0
fit,2024-04-22,37,241,15397,88.962,26.0,40.0,59.0,82.0,112.0,144.0,188.04999999999973,0.0,90.3905,72.0,79.0,84.0,90.0,97.0,103.0,109.0,0.0,87.9925,70.0,76.0,82.0,88.0,94.0,100.0,107.0,0.0
fit,2024-04-22,38,144,15397,77.729,21.975,35.0,50.0,72.0,99.0,128.0,165.0,0.0,91.403,72.0,79.0,85.0,92.0,98.0,103.0,111.0,0.0,77.729,60.0,67.0,72.0,78.0,83.0,89.0,96.0,0.0
fit,2024-04-22,39,198,15397,112.647,39.975,60.0,80.0,107.0,139.0,173.0,222.0,0.0,121.7955,100.0,107.0,114.0,122.0,129.0,136.0,143.02499999999986,0.0,112.643,92.0,99.0,106.0,112.0,119.25,126.0,133.0,0.0
fit,2024-04-29,0,30,15660,59.103,12.975000000000001,22.0,33.0,52.0,77.0,106.0,144.02499999999986,0.0,28.6075,18.0,22.0,25.0,28.0,32.0,36.0,40.0,0.0,59.5665,45.0,50.0,54.0,59.0,65.0,70.0,75.0,0.0
fit,2024-04-29,1,140,15660,81.0495,22.0,35.0,51.0,74.0,104.0,136.0,178.0,0.0,87.8385,70.0,76.9,82.0,88.0,94.0,100.0,106.0,0.0,79.933,64.0,69.0,74.0,79.0,86.0,92.0,98.0,0.0
fit,2024-04-29,2,176,15660,101.514,32.0,49.0,69.0,95.0,127.0,159.0,208.0,0.0,124.4695,102.975,110.9,117.0,124.0,132.0,139.0,145.02499999999986,0.0,104.2105,84.0,91.0,97.0,104.0,111.0,117.0,124.0,0.0
fit,2024-04-29,3,489,15660,595.7685,396.0,456.9,518.0,594.0,667.0,738.0,819.0,0.0,520.7575,477.0,492.0,505.0,521.0,535.25,550.0,565.0,0.0,593.028,545.0,562.0,577.0,594.0,608.0,624.0,640.0,0.0
fit,2024-04-29,4,147,15660,283.3065,158.975,194.0,228.0,275.0,329.0,385.0,438.0,0.0,195.0905,167.0,177.0,186.0,195.0,204.0,213.0,222.0,0.0,281.4645,250.0,261.0,270.0,282.0,292.0,302.0,314.0,0.0
fit,2024-04-29,5,127,15660,213.1945,103.0,133.0,168.0,208.0,252.0,301.0,358.02499999999986,0.0,138.669,117.0,124.0,131.0,138.0,146.0,154.0,161.0,0.0,216.4435,188.975,198.0,207.0,216.0,226.0,235.0,246.0,0.0
fit,2024-04-29,6,152,15660,134.1225,52.0,73.0,97.0,129.0,163.0,201.0,254.04999999999973,0.0,201.9795,175.0,183.0,192.0,202.0,212.0,220.0,230.0,0.0,133.8695,112.0,120.0,126.0,134.0,142.0,148.0,156.0,0.0
fit,2024-04-29,7,195,15660,172.542,75.975,103.0,132.0,168.0,207.25,247.0,302.0,0.0,169.3385,144.0,154.0,161.0,169.0,178.0,186.0,194.0,0.0,172.446,147.0,156.0,163.0,172.0,181.0,189.0,199.0,0.0
fit,2024-04-29,8,1449,15660,1469.3285,1165.925,1266.0,1357.75,1465.0,1579.0,1677.0,1785.0,0.0,1757.823,1678.0,1707.0,1730.0,1757.0,1784.0,1810.0,1839.0,0.0,1463.8855,1392.975,1417.0,1440.75,1465.0,1488.0,1509.0,1533.0,0.0
fit,2024-04-29,9,79,15660,45.119,5.0,13.0,24.0,39.0,59.0,86.0,117.02499999999986,0.0,39.322,27.0,31.0,35.0,39.0,44.0,48.0,53.0,0.0,44.615,32.0,36.0,40.0,45.0,49.0,53.0,58.0,0.0
fit,2024-04-29,10,141,15660,106.5045,35.975,53.0,74.0,100.0,134.0,172.0,209.02499999999986,0.0,134.618,113.0,120.0,127.0,134.0,142.0,150.0,158.0,0.0,105.9195,87.0,93.0,99.0,105.0,113.0,119.0,127.0,0.0
fit,2024-04-29,11,1179,15660,1181.072,889.95,1000.0,1079.75,1173.0,1274.0,1374.1000000000001,1504.0249999999999,0.0,1426.9045,1355.975,1379.0,1402.0,1427.0,1452.25,1475.0,1500.0,0.0,1180.804,1117.0,1140.0,1157.0,1181.0,1203.0,1223.0,1248.0,0.0
fit,2024-04-29,12,1130,15660,1194.524,923.0,1005.0,1094.0,1185.0,1291.0,1385.2000000000003,1490.0249999999999,0.0,1267.949,1199.0,1224.0,1245.0,1268.0,1291.0,1311.0,1334.0,0.0,1198.4515,1132.0,1153.0,1175.0,1199.0,1222.0,1242.0,1266.0249999999999,0.0
fit,2024-04-29,13,1207,15660,1240.7225,950.925,1050.8,1141.75,1235.5,1341.0,1434.0,1546.0,0.0,1430.4255,1358.975,1384.0,1405.0,1430.0,1455.0,1478.0,1504.0,0.0,1238.851,1174.975,1197.0,1216.0,1239.0,1261.0,1281.0,1305.0249999999999,0.0
fit,2024-04-29,14,2510,15660,2367.6735,1996.925,2108.9,2231.0,2363.0,2498.25,2629.0,2777.0,0.0,2592.0985,2499.975,2531.0,2560.0,2592.0,2624.0,2651.0,2688.0499999999997,0.0,2372.2625,2284.0,2316.0,2342.0,2372.0,2402.0,2431.0,2464.0,0.0
fit,2024-04-29,15,65,15660,75.6685,17.0,32.0,47.0,70.0,97.0,129.0,168.0,0.0,111.1375,90.0,97.0,104.0,111.0,118.0,125.0,132.0,0.0,76.386,60.0,66.0,71.0,76.0,82.0,87.0,94.0,0.0
fit,2024-04-29,16,138,15660,217.32,111.0,138.0,170.0,209.5,256.0,305.0,367.02499999999986,0.0,136.008,114.0,121.0,128.0,136.0,144.0,151.0,159.0,0.0,216.161,188.0,198.0,206.0,216.0,225.0,235.0,245.0,0.0
fit,2024-04-29,17,1030,15660,945.9475,695.95,773.0,846.0,939.0,1039.0,1125.1000000000001,1221.1499999999992,0.0,1042.9205,980.975,1003.0,1022.0,1043.0,1064.0,1082.0,1108.0249999999999,0.0,947.2755,890.0,908.9,926.75,947.0,968.0,985.0,1007.0,0.0
fit,2024-04-29,18,209,15660,154.4345,65.975,89.9,115.0,149.0,186.0,227.0,274.02499999999986,0.0,158.632,134.0,142.0,150.0,159.0,167.0,175.0,184.0,0.0,153.823,130.0,138.0,146.0,154.0,162.0,169.0,178.0,0.0
fit,2024-04-29,19,1136,15660,1095.8095,839.0,924.0,1000.0,1088.0,1185.25,1280.0,1381.0249999999999,0.0,927.875,870.975,891.0,907.0,928.0,947.25,966.0,988.0249999999999,0.0,1095.357,1036.0,1057.0,1074.0,1096.0,1116.0,1135.0,1155.0,0.0
fit,2024-04-29,20,78,15660,77.7795,21.0,33.0,49.0,70.0,98.0,130.10000000000014,175.02499999999986,0.0,49.289,36.0,40.0,44.0,49.0,54.0,58.0,64.0,0.0,77.294,60.0,66.0,71.0,77.0,83.0,89.0,95.0,0.0
fit,2024-04-29,21,18,15660,19.1985,0.0,2.0,6.0,14.0,26.0,43.0,72.02499999999986,0.0,60.4945,45.975,50.0,55.0,60.0,66.0,71.0,76.0,0.0,19.6965,11.0,14.0,17.0,19.0,23.0,26.0,29.0,0.0
fit,2024-04-29,22,273,15660,303.8195,171.0,207.0,249.0,297.0,355.0,406.0,468.0,0.0,189.027,163.0,172.0,180.0,189.0,198.0,206.0,215.0,0.0,303.744,269.0,281.0,292.0,304.0,315.0,326.0,337.0,0.0
fit,2024-04-29,23,166,15660,80.517,23.0,35.0,51.0,74.0,104.0,132.10000000000014,173.02499999999986,0.0,93.987,76.0,82.0,87.0,94.0,100.0,106.0,114.0,0.0,81.675,64.0,70.0,76.0,82.0,88.0,93.0,100.0,0.0
fit,2024-04-29,24,283,15660,194.8335,93.975,121.0,151.0,189.0,232.25,277.0,335.02499999999986,0.0,142.2755,119.0,127.0,134.0,142.0,150.0,158.0,165.02499999999986,0.0,197.738,171.975,181.0,189.0,197.0,207.0,215.0,224.0,0.0
fit,2024-04-29,25,76,15660,90.2725,27.0,44.0,59.0,84.0,114.0,144.0,188.0,0.0,208.9315,180.0,190.0,199.0,209.0,219.0,228.0,239.0,0.0,90.2875,72.0,78.0,84.0,90.0,96.0,103.0,109.0,0.0
fit,2024-04-29,26,256,15660,346.3685,203.975,245.0,288.0,338.0,399.0,454.0,525.0499999999997,0.0,165.141,140.0,149.0,156.75,165.0,174.0,181.0,192.0,0.0,347.3495,313.0,324.0,335.0,346.5,360.0,371.0,385.0,0.0
fit,2024-04-29,27,154,15660,148.191,60.0,83.0,107.0,141.0,181.0,223.0,277.02499999999986,0.0,117.321,97.0,103.9,110.0,117.0,124.0,132.0,140.0,0.0,146.349,123.0,131.0,138.0,146.0,155.0,162.0,170.0,0.0
fit,2024-04-29,28,348,15660,276.988,149.95,185.0,223.0,270.0,325.0,375.0,442.02499999999986,0.0,102.218,83.0,90.0,95.0,102.0,109.0,115.0,122.0,0.0,275.8055,244.0,256.0,265.0,276.0,287.0,296.0,308.0,0.0
fit,2024-04-29,29,174,15660,152.2585,61.0,84.0,110.75,146.0,188.0,227.0,278.02499999999986,0.0,133.9735,111.0,119.0,126.0,134.0,142.0,149.0,159.0,0.0,150.424,126.0,135.0,142.0,150.0,158.25,166.0,175.0,0.0
fit,2024-04-29,30,287,15660,259.2665,137.0,170.0,208.75,252.0,303.0,358.0,419.02499999999986,0.0,315.8495,281.0,294.0,304.0,315.0,328.0,339.0,350.0,0.0,258.8755,229.0,238.0,248.0,258.0,269.0,280.0,292.0,0.0
fit,2024-04-29,31,133,15660,231.959,116.0,152.0,185.0,226.5,271.0,321.0,376.02499999999986,0.0,117.898,97.0,104.0,110.0,118.0,125.0,132.0,140.0,0.0,234.4235,206.0,215.0,224.0,234.0,244.0,254.0,265.0,0.0
fit,2024-04-29,32,177,15660,169.343,77.0,101.0,128.0,164.0,204.25,247.0,295.0,0.0,132.891,111.0,119.0,125.0,133.0,141.0,147.0,156.0,0.0,170.043,146.0,154.0,161.0,170.0,178.0,187.0,195.0,0.0
fit,2024-04-29,33,53,15660,236.9435,123.975,154.9,187.0,229.0,279.0,331.0,387.0,0.0,103.654,84.0,91.0,97.0,104.0,110.0,116.0,123.0,0.0,237.0195,206.0,216.0,226.0,237.0,247.0,258.0,269.0,0.0
fit,2024-04-29,34,80,15660,60.2505,12.0,21.0,35.0,54.0,79.0,109.0,145.0,0.0,96.1995,77.0,83.0,89.0,96.0,103.0,109.0,117.0,0.0,60.2165,46.0,51.0,55.0,60.0,65.0,70.0,75.02499999999986,0.0
fit,2024-04-29,35,76,15660,41.4735,5.0,11.0,20.0,35.0,55.0,80.0,115.0,0.0,42.6405,30.0,34.0,38.0,42.0,47.0,51.0,57.0,0.0,42.208,30.0,34.0,38.0,42.0,47.0,51.0,55.0,0.0
fit,2024-04-29,36,697,15660,875.706,641.975,719.9,787.0,871.0,958.0,1049.1000000000001,1135.0249999999999,0.0,787.6095,734.975,752.0,769.0,787.0,806.0,823.0,843.0,0.0,873.568,818.0,837.0,854.0,874.0,893.0,908.0,928.0,0.0
fit,2024-04-29,37,216,15660,131.167,48.0,70.0,94.0,126.0,161.0,200.10000000000014,247.0,0.0,91.6835,73.975,79.0,85.0,92.0,98.0,104.0,112.0,0.0,129.7145,109.0,115.0,122.0,129.0,137.0,144.10000000000014,152.0,0.0
fit,2024-04-29,38,136,15660,94.8295,28.0,45.0,61.0,88.0,120.0,157.0,202.0,0.0,92.3425,75.0,81.0,86.0,92.0,98.0,105.0,111.02499999999986,0.0,96.0555,78.0,84.0,90.0,96.0,102.0,109.0,115.0,0.0
fit,2024-04-29,39,250,15660,134.1105,52.0,71.0,96.0,128.0,166.0,204.10000000000014,250.02499999999986,0.0,124.11,103.0,110.0,116.0,124.0,132.0,139.0,147.0,0.0,132.76,111.0,117.0,125.0,133.0,141.0,148.0,156.0,0.0
fit,2024-05-06,0,45,16557,46.373,6.0,14.0,24.0,39.0,63.0,88.0,122.0,0.0,30.3105,20.0,23.0,27.0,30.0,34.0,38.0,42.0,0.0,46.643,33.0,38.0,42.0,47.0,51.0,56.0,61.0,0.0
fit,2024-05-06,1,205,16557,94.863,29.0,44.0,63.0,89.0,120.0,151.0,196.0,0.0,92.979,75.0,81.0,86.75,93.0,99.0,105.0,112.0,0.0,96.755,78.0,85.0,90.0,97.0,103.0,110.0,116.0,0.0
fit,2024-05-06,2,167,16557,134.019,50.0,70.0,96.0,128.0,167.0,203.0,254.0,0.0,132.0135,110.0,118.0,124.0,132.0,139.0,147.0,154.0,0.0,133.224,112.975,119.0,126.0,133.0,141.0,148.0,155.0,0.0
fit,2024-05-06,3,568,16557,597.5915,400.975,461.9,519.0,589.0,668.25,745.1000000000001,840.0499999999997,0.0,550.011,505.0,520.0,534.0,550.0,565.0,580.1000000000001,597.0,0.0,594.337,550.0,564.0,578.0,594.0,610.0,625.0,642.0,0.0
fit,2024-05-06,4,156,16557,226.44,113.975,145.0,176.0,219.0,268.25,320.0,372.0,0.0,206.432,180.0,189.0,197.0,206.0,216.0,225.0,237.0,0.0,228.9015,200.0,209.9,219.0,229.0,239.0,248.0,259.0,0.0
fit,2024-05-06,5,101,16557,210.476,99.0,131.9,163.0,203.0,249.0,300.0,363.0,0.0,146.8775,123.0,131.0,138.0,147.0,155.0,163.0,171.0,0.0,209.612,182.0,191.0,200.0,209.0,219.0,228.0,238.0,0.0
fit,2024-05-06,6,152,16557,150.74,59.975,85.0,111.0,144.0,184.0,225.0,276.02499999999986,0.0,213.6995,183.0,195.0,203.75,214.0,224.0,233.0,244.0,0.0,149.2455,127.0,133.0,141.0,149.0,157.0,165.0,174.02499999999986,0.0
fit,2024-05-06,7,208,16557,195.924,87.0,119.0,151.0,190.0,236.0,280.0,343.0,0.0,178.971,153.0,162.0,169.0,179.0,188.0,197.0,206.0,0.0,192.8885,166.0,175.0,183.0,193.0,202.0,211.0,220.0,0.0
fit,2024-05-06,8,1462,16557,1526.6125,1200.975,1309.0,1409.0,1523.0,1637.25,1748.0,1869.0999999999995,0.0,1859.458,1778.0,1808.0,1832.0,1858.5,1887.0,1911.0,1943.0,0.0,1527.719,1458.0,1481.0,1501.0,1528.0,1552.0,1574.1000000000001,1598.0,0.0
fit,2024-05-06,9,84,16557,56.8015,9.975000000000001,19.0,31.0,50.0,76.0,104.0,139.0,0.0,41.2495,29.0,33.0,37.0,41.0,45.0,50.0,54.0,0.0,56.451,42.0,47.0,51.0,56.0,62.0,66.0,72.0,0.0
fit,2024-05-06,10,155,16557,124.2695,43.0,64.0,87.0,117.0,154.0,194.0,247.04999999999973,0.0,142.159,120.0,127.0,134.0,142.0,150.0,158.0,167.0,0.0,122.8085,101.975,109.0,115.0,123.0,130.0,137.0,144.0,0.0
fit,2024-05-06,11,1230,16557,1242.3255,959.975,1045.0,1138.0,1239.0,1339.0,1446.0,1561.0249999999999,0.0,1508.601,1434.0,1461.0,1483.0,1508.0,1534.0,1557.0,1584.0249999999999,0.0,1245.69,1178.0,1202.0,1223.0,1245.0,1268.0,1290.0,1316.0,0.0
fit,2024-05-06,12,1181,16557,1251.7095,960.925,1054.0,1143.0,1244.5,1356.0,1460.1000000000001,1584.0249999999999,0.0,1339.8425,1273.0,1294.0,1316.0,1338.0,1363.0,1386.0,1412.0,0.0,1253.4375,1187.0,1210.0,1231.0,1254.0,1275.0,1296.0,1319.0,0.0
fit,2024-05-06,13,1166,16557,1300.194,998.975,1100.9,1188.75,1297.0,1402.25,1499.2000000000003,1637.0249999999999,0.0,1511.289,1441.0,1463.0,1486.0,1511.0,1535.0,1559.0,1587.0,0.0,1303.0055,1233.0,1258.0,1279.0,1304.0,1327.0,1348.0,1372.0,0.0
fit,2024-05-06,14,2586,16557,2538.3385,2134.0,2273.0,2401.0,2535.5,2674.0,2807.0,2955.0999999999995,0.0,2740.4515,2649.0,2680.0,2708.0,2741.0,2774.0,2800.0,2831.0,0.0,2539.657,2447.975,2478.0,2510.0,2540.0,2571.0,2598.0,2630.0,0.0
fit,2024-05-06,15,67,16557,78.1245,19.0,32.0,49.0,72.0,101.0,134.0,170.02499999999986,0.0,117.772,97.0,104.0,110.0,118.0,125.0,131.0,139.0,0.0,78.1855,61.0,67.0,72.0,78.0,84.0,89.0,97.0,0.0
fit,2024-05-06,16,123,16557,156.016,62.975,88.9,115.0,149.0,189.0,231.0,289.02499999999986,0.0,143.9415,121.0,129.0,136.0,144.0,152.0,159.0,168.0,0.0,157.072,133.0,141.0,149.0,157.0,165.0,172.0,181.02499999999986,0.0
fit,2024-05-06,17,1103,16557,1042.1165,783.975,859.0,942.0,1039.0,1135.0,1223.1000000000001,1333.0249999999999,0.0,1103.7935,1041.0,1062.0,1082.0,1104.0,1126.0,1144.0,1169.0,0.0,1038.2405,977.0,998.0,1017.0,1038.0,1059.25,1079.1000000000001,1100.0,0.0
fit,2024-05-06,18,310,16557,177.463,77.975,104.0,133.0,171.0,214.0,259.0,320.02499999999986,0.0,167.3085,143.0,151.0,158.75,167.0,176.0,184.0,193.0,0.0,179.997,155.0,163.0,171.0,179.0,189.0,197.0,207.02499999999986,0.0
fit,2024-05-06,19,1216,16557,1203.1195,914.925,1008.9,1094.0,1198.0,1302.0,1410.1000000000001,1520.0499999999997,0.0,981.206,923.0,942.0,961.0,981.0,1001.0,1020.0,1042.0,0.0,1201.77,1139.0,1159.0,1179.0,1202.0,1223.0,1243.0,1267.0,0.0
fit,2024-05-06,20,61,16557,76.272,18.0,30.0,46.0,69.0,100.0,131.0,170.0,0.0,52.353,39.0,43.0,47.0,52.0,57.0,62.0,67.0,0.0,77.937,61.0,67.0,72.0,78.0,84.0,89.0,96.0,0.0
fit,2024-05-06,21,6,16557,20.784,0.0,2.0,6.0,15.0,30.0,47.0,78.02499999999986,0.0,63.4625,48.0,53.0,58.0,63.0,69.0,74.0,80.0,0.0,20.6975,12.0,15.0,17.75,20.0,24.0,27.0,30.0,0.0
fit,2024-05-06,22,239,16557,327.583,188.0,230.0,267.0,320.0,381.0,438.0,503.0,0.0,199.743,171.975,182.0,191.0,199.0,209.0,218.0,228.0,0.0,328.611,294.0,306.0,316.0,329.0,341.0,352.0,365.0,0.0
fit,2024-05-06,23,144,16557,101.535,31.0,47.0,67.0,97.0,130.0,162.0,210.02499999999986,0.0,99.5355,80.0,86.0,93.0,100.0,106.0,112.0,119.0,0.0,101.817,82.0,89.0,95.0,102.0,109.0,115.0,121.0,0.0
fit,2024-05-06,24,451,16557,251.3405,123.0,161.9,199.75,246.0,298.25,346.0,407.02499999999986,0.0,150.2265,126.0,135.0,142.0,150.0,158.0,166.0,174.0,0.0,251.624,221.0,231.0,241.0,252.0,262.0,272.0,283.0,0.0
fit,2024-05-06,25,145,16557,88.6085,23.975,39.0,57.0,82.0,112.0,147.0,190.02499999999986,0.0,220.4705,191.975,201.0,210.0,220.0,231.0,240.0,252.0,0.0,86.641,69.0,75.0,80.0,87.0,93.0,99.0,105.02499999999986,0.0
fit,2024-05-06,26,368,16557,330.854,186.0,230.0,273.0,323.0,384.0,438.0,506.1249999999993,0.0,175.0495,149.0,158.0,166.0,175.0,185.0,192.0,200.0,0.0,329.077,294.0,306.0,317.0,329.0,341.0,351.0,365.0,0.0
fit,2024-05-06,27,130,16557,152.167,63.975,85.0,110.0,145.0,187.0,225.0,276.0,0.0,124.103,103.0,110.0,116.0,124.0,132.0,139.0,146.0,0.0,154.868,132.0,139.0,147.0,154.0,163.0,170.0,180.0,0.0
fit,2024-05-06,28,187,16557,337.505,191.975,234.9,278.75,331.0,388.0,449.0,529.0,0.0,107.938,88.0,95.0,101.0,108.0,115.0,121.0,128.0,0.0,336.536,301.0,313.0,324.0,337.0,349.0,359.10000000000014,372.0,0.0
fit,2024-05-06,29,272,16557,162.269,66.975,95.0,120.0,156.0,197.0,240.0,293.02499999999986,0.0,141.54,118.975,126.0,134.0,142.0,149.0,156.0,164.02499999999986,0.0,160.078,135.0,144.0,152.0,160.0,168.0,177.0,185.0,0.0
fit,2024-05-06,30,295,16557,291.8705,160.975,198.0,238.0,284.0,339.0,396.0,462.02499999999986,0.0,334.327,299.0,311.0,322.0,334.0,346.0,359.0,371.0,0.0,291.505,259.0,270.0,280.0,292.0,302.0,312.10000000000014,323.0,0.0
fit,2024-05-06,31,167,16557,223.2685,110.0,142.0,174.0,215.5,266.0,313.0,377.02499999999986,0.0,124.4595,102.0,110.0,117.0,124.0,132.0,139.0,147.0,0.0,223.9715,196.0,205.0,214.0,224.0,234.0,243.0,254.0,0.0
fit,2024-05-06,32,261,16557,169.7125,74.0,100.0,126.0,164.0,206.0,246.0,299.0499999999997,0.0,140.6145,118.0,126.0,133.0,140.0,149.0,155.0,164.0,0.0,168.3885,144.0,152.0,159.0,168.0,177.0,185.0,195.0,0.0
fit,2024-05-06,33,55,16557,193.465,91.975,118.0,147.0,186.0,231.25,279.0,339.02499999999986,0.0,110.16,89.975,97.0,103.0,110.0,117.0,124.0,131.02499999999986,0.0,193.5125,166.0,176.0,184.0,193.0,203.0,211.0,221.02499999999986,0.0
fit,2024-05-06,34,84,16557,76.596,18.0,31.0,47.0,70.0,97.25,128.0,178.0,0.0,101.473,82.0,89.0,95.0,101.0,108.0,115.0,122.0,0.0,75.443,59.0,64.0,69.0,75.0,81.0,87.0,92.0,0.0
fit,2024-05-06,35,68,16557,50.9055,8.0,16.0,28.0,45.0,67.0,94.0,131.0,0.0,44.9745,33.0,37.0,40.0,45.0,49.0,53.0,59.0,0.0,51.522,38.0,42.900000000000006,47.0,51.0,56.0,61.0,67.0,0.0
fit,2024-05-06,36,688,16557,877.2475,643.975,715.0,788.0,870.0,960.0,1049.0,1137.0499999999997,0.0,831.8895,778.0,796.0,813.0,831.0,851.0,867.1000000000001,888.0,0.0,877.884,819.0,838.0,859.0,878.0,898.0,917.0,935.0,0.0
fit,2024-05-06,37,292,16557,170.138,74.975,100.0,125.0,164.0,206.0,250.0,301.0,0.0,97.386,78.0,85.0,90.0,97.0,104.0,111.0,118.0,0.0,170.834,146.0,154.0,162.0,171.0,180.0,187.0,197.0,0.0
fit,2024-05-06,38,133,16557,118.7085,43.0,61.0,81.0,112.0,147.0,186.0,243.02499999999986,0.0,97.6795,78.0,85.0,91.0,97.0,104.0,111.0,118.0,0.0,119.0615,98.0,106.0,112.0,119.0,126.0,133.0,140.02499999999986,0.0
fit,2024-05-06,39,226,16557,182.653,81.0,106.0,139.0,176.0,220.0,267.0,329.02499999999986,0.0,131.249,110.0,117.0,124.0,131.0,139.0,146.0,153.0,0.0,181.3515,155.0,164.0,172.0,181.0,190.0,199.0,209.0,0.0
fit,2024-05-13,0,41,15959,39.521,4.0,10.0,19.0,32.0,53.0,77.0,111.02499999999986,0.0,29.0035,19.0,22.0,25.0,29.0,33.0,36.0,40.0,0.0,39.6175,28.0,32.0,35.0,39.0,44.0,48.0,53.0,0.0
fit,2024-05-13,1,198,15959,125.6405,45.0,68.0,90.0,119.0,154.25,193.10000000000014,233.02499999999986,0.0,90.2455,72.0,78.0,84.0,90.0,97.0,103.0,110.0,0.0,125.632,104.0,112.0,118.0,125.0,133.0,140.0,148.02499999999986,0.0
fit,2024-05-13,2,150,15959,148.096,60.975,86.0,111.0,141.0,179.0,218.0,275.0,0.0,126.6775,104.0,111.0,119.0,127.0,135.0,141.0,150.0,0.0,148.153,125.0,133.0,140.0,148.0,156.0,163.0,173.0,0.0
fit,2024-05-13,3,498,15959,549.263,360.975,427.0,481.0,545.0,615.0,687.0,754.0,0.0,530.568,487.0,501.0,514.0,530.0,546.0,561.0,578.0,0.0,554.056,510.0,524.0,538.0,554.0,569.0,585.0,599.0,0.0
fit,2024-05-13,4,171,15959,186.467,84.95,116.9,142.75,180.0,222.0,269.0,322.02499999999986,0.0,198.6545,171.0,181.0,189.0,198.0,208.0,216.0,225.02499999999986,0.0,187.0205,160.0,170.0,178.0,187.0,196.0,204.0,214.0,0.0
fit,2024-05-13,5,136,15959,154.3885,64.975,89.0,113.0,148.0,188.0,230.0,280.0,0.0,141.941,120.0,128.0,134.0,142.0,150.0,156.0,165.0,0.0,153.1925,129.0,138.0,145.0,153.0,161.0,169.0,179.0,0.0
fit,2024-05-13,6,157,15959,148.7395,63.0,87.0,109.0,142.0,179.0,222.0,279.02499999999986,0.0,205.7605,178.0,187.0,196.0,206.0,216.0,224.0,233.0,0.0,149.936,126.0,134.0,141.0,150.0,158.0,166.0,175.0,0.0
fit,2024-05-13,7,142,15959,197.982,95.975,124.0,153.0,191.0,235.0,282.0,336.02499999999986,0.0,173.2565,147.0,157.0,164.75,173.0,182.0,191.0,200.0,0.0,196.113,169.0,178.0,186.0,196.0,205.0,215.0,226.0,0.0
fit,2024-05-13,8,1526,15959,1434.5795,1138.0,1224.9,1319.0,1427.0,1545.25,1647.0,1767.0499999999997,0.0,1791.7,1714.975,1739.0,1765.0,1791.0,1819.0,1844.0,1872.0249999999999,0.0,1434.5715,1366.0,1391.0,1411.0,1434.0,1458.0,1478.0,1506.0,0.0
fit,2024-05-13,9,88,15959,62.0595,12.0,23.0,36.0,56.0,80.0,109.0,147.04999999999973,0.0,39.654,27.975,32.0,35.0,39.5,44.0,48.0,52.0,0.0,62.342,46.0,53.0,57.0,62.0,68.0,73.0,78.0,0.0
fit,2024-05-13,10,140,15959,129.176,51.0,70.0,91.0,124.0,161.0,196.0,243.02499999999986,0.0,137.161,115.0,123.0,129.0,137.0,145.0,152.0,160.02499999999986,0.0,129.078,107.0,115.0,121.75,129.0,136.0,144.0,152.0,0.0
fit,2024-05-13,11,1154,15959,1200.304,916.975,1015.0,1097.0,1192.0,1298.25,1405.1000000000001,1509.1499999999992,0.0,1453.301,1382.0,1407.0,1429.75,1454.0,1478.0,1498.0,1523.0,0.0,1199.905,1132.0,1158.0,1177.0,1199.5,1223.0,1243.1000000000001,1265.0,0.0
fit,2024-05-13,12,1215,15959,1186.1855,903.975,991.0,1081.0,1183.0,1289.0,1382.0,1499.0,0.0,1289.835,1222.975,1246.0,1266.0,1289.0,1314.0,1335.1000000000001,1357.0249999999999,0.0,1184.7585,1121.0,1144.9,1163.0,1184.0,1207.0,1226.0,1246.0,0.0
fit,2024-05-13,13,1188,15959,1198.386,929.975,1007.0,1099.0,1191.5,1295.0,1401.1000000000001,1506.0999999999995,0.0,1456.046,1385.975,1408.0,1430.0,1456.0,1481.0,1504.0,1527.0249999999999,0.0,1204.13,1138.0,1162.0,1181.0,1204.0,1227.0,1246.0,1273.0,0.0
fit,2024-05-13,14,2566,15959,2441.0395,2053.0,2181.0,2301.0,2431.0,2582.0,2716.0,2867.0249999999996,0.0,2644.0745,2553.0,2582.9,2612.0,2645.0,2676.0,2703.0,2737.0,0.0,2438.809,2353.975,2380.0,2407.0,2438.5,2468.0,2499.0,2529.0249999999996,0.0
fit,2024-05-13,15,98,15959,66.3355,14.0,26.0,39.75,60.5,85.0,116.0,156.0,0.0,113.3155,92.0,99.0,106.0,113.0,120.0,127.0,135.0,0.0,66.2605,51.0,56.0,60.0,66.0,71.0,77.0,83.0,0.0
fit,2024-05-13,16,139,15959,137.7165,53.0,73.0,99.0,132.0,168.25,209.0,259.02499999999986,0.0,138.7045,116.0,123.0,130.0,138.0,147.0,155.0,163.0,0.0,136.083,114.0,121.0,128.0,136.0,144.0,151.0,159.0,0.0
fit,2024-05-13,17,826,15959,1014.684,763.0,842.9,922.0,1006.0,1104.0,1191.0,1304.0249999999999,0.0,1064.453,1004.0,1026.0,1044.0,1064.0,1085.0,1104.0,1128.0,0.0,1022.2315,965.0,985.0,1001.0,1022.0,1042.0,1062.0,1082.0249999999999,0.0
fit,2024-05-13,18,304,15959,211.8875,103.975,134.0,164.0,206.0,253.0,297.0,350.0499999999997,0.0,161.6645,137.0,146.0,153.0,162.0,170.0,178.0,187.0,0.0,210.185,183.975,192.0,200.0,210.0,220.0,229.0,240.0,0.0
fit,2024-05-13,19,1101,15959,1135.0755,869.0,956.0,1038.0,1132.0,1229.0,1316.1000000000001,1426.0249999999999,0.0,945.426,889.975,909.0,926.0,944.0,965.0,983.0,1006.0,0.0,1133.293,1073.0,1092.0,1112.0,1133.0,1155.0,1175.0,1199.0249999999999,0.0
fit,2024-05-13,20,60,15959,71.1375,16.975,28.0,44.0,65.0,91.0,122.0,164.02499999999986,0.0,50.198,37.0,41.0,45.0,50.0,55.0,59.100000000000136,64.0,0.0,70.618,54.975,60.0,65.0,70.0,76.0,82.0,88.0,0.0
fit,2024-05-13,21,15,15959,15.757,0.0,1.0,3.0,10.0,22.0,38.0,63.0,0.0,61.324,46.0,52.0,56.0,61.0,66.0,71.10000000000014,78.0,0.0,16.436,9.0,11.0,14.0,16.0,19.0,22.0,25.0,0.0
fit,2024-05-13,22,165,15959,312.922,176.0,217.0,258.0,308.5,360.0,414.10000000000014,489.0,0.0,192.472,166.0,175.0,183.0,192.0,202.0,210.0,221.0,0.0,310.8595,278.975,288.0,299.0,310.0,323.0,332.0,345.0,0.0
fit,2024-05-13,23,176,15959,115.3075,39.0,60.0,79.0,108.0,144.0,180.0,233.0,0.0,95.688,77.0,83.0,89.0,95.0,102.0,109.0,116.0,0.0,115.8095,96.0,102.0,108.0,116.0,123.0,129.0,138.0,0.0
fit,2024-05-13,24,320,15959,327.256,186.0,227.0,269.0,321.0,378.0,436.0,514.0,0.0,144.947,121.0,130.0,137.0,145.0,153.0,161.0,168.0,0.0,325.373,289.0,302.0,313.0,325.0,338.0,348.0,362.0,0.0
fit,2024-05-13,25,148,15959,99.2675,31.0,49.0,66.0,93.0,125.0,160.0,202.0,0.0,213.0625,185.0,195.0,204.0,213.0,222.0,232.0,241.02499999999986,0.0,100.965,82.0,88.0,94.0,101.0,108.0,114.0,122.02499999999986,0.0
fit,2024-05-13,26,255,15959,306.065,177.975,215.0,251.0,299.0,353.0,407.0,469.02499999999986,0.0,169.027,145.0,153.0,160.0,169.0,177.0,186.0,195.0,0.0,305.4565,271.0,283.0,294.0,306.0,317.0,328.0,339.0,0.0
fit,2024-05-13,27,128,15959,162.536,72.0,96.0,121.0,154.0,195.25,237.0,293.0,0.0,119.737,99.0,106.0,112.0,119.0,127.0,134.0,141.0,0.0,163.621,138.0,147.0,155.0,164.0,172.0,180.0,189.0,0.0
fit,2024-05-13,28,258,15959,302.3065,169.0,209.0,251.0,297.0,349.0,401.0,465.0,0.0,103.6785,84.0,91.0,97.0,104.0,110.0,117.0,125.0,0.0,302.3635,267.0,279.0,291.0,303.0,314.0,325.0,336.0,0.0
fit,2024-05-13,29,165,15959,195.3845,87.0,118.0,150.0,190.0,233.0,279.0,333.0,0.0,137.265,114.0,122.0,129.0,137.0,145.0,152.10000000000014,161.0,0.0,195.3395,169.0,178.0,186.0,196.0,204.0,213.0,222.0,0.0
fit,2024-05-13,30,342,15959,291.274,159.0,198.0,237.0,286.0,336.0,392.0,467.02499999999986,0.0,322.191,286.0,300.0,311.0,323.0,335.0,345.0,356.0,0.0,290.0465,256.0,269.0,279.0,290.0,301.0,311.0,322.0,0.0
fit,2024-05-13,31,234,15959,204.368,101.975,126.9,159.0,200.0,242.25,287.10000000000014,349.0499999999997,0.0,120.3325,100.0,106.0,113.0,120.0,127.0,135.0,143.0,0.0,204.5695,178.0,187.0,195.0,204.0,214.0,223.0,233.0,0.0
fit,2024-05-13,32,232,15959,184.684,83.0,110.0,139.0,178.0,223.0,270.0,322.0749999999996,0.0,135.96,114.0,121.0,128.0,136.0,144.0,151.0,159.02499999999986,0.0,183.6695,158.0,167.0,175.0,183.0,192.0,201.0,210.0,0.0
fit,2024-05-13,33,52,15959,139.5845,55.0,77.0,103.0,132.5,169.0,210.10000000000014,258.0499999999997,0.0,105.69,86.0,92.0,98.0,105.5,113.0,119.0,126.0,0.0,139.3185,117.0,125.0,131.0,139.0,147.0,155.0,164.0,0.0
fit,2024-05-13,34,72,15959,76.1355,18.0,31.0,47.0,70.0,98.0,129.10000000000014,170.0,0.0,97.584,78.0,85.0,91.0,97.0,104.0,111.0,118.0,0.0,76.0465,59.975,65.0,70.0,76.0,82.0,87.0,94.0,0.0
fit,2024-05-13,35,67,15959,52.336,8.0,17.0,28.0,46.0,69.0,97.0,137.0,0.0,43.412,31.0,35.0,39.0,43.0,48.0,52.0,56.0,0.0,52.523,40.0,43.0,48.0,52.0,57.0,62.0,67.0,0.0
fit,2024-05-13,36,894,15959,779.6085,554.975,629.0,695.0,775.0,855.0,936.1000000000001,1032.0,0.0,800.875,749.975,766.0,781.0,801.0,820.0,837.0,860.0249999999999,0.0,779.3665,725.0,743.9,762.0,780.0,798.0,814.0,831.0,0.0
fit,2024-05-13,37,256,15959,219.0345,111.0,140.0,170.75,212.0,258.25,307.0,368.02499999999986,0.0,93.245,75.0,81.0,87.0,93.0,100.0,105.0,111.0,0.0,217.4115,189.975,198.0,207.0,217.0,227.0,236.0,248.0,0.0
fit,2024-05-13,38,99,15959,132.3165,52.0,71.0,94.0,126.0,163.0,201.0,253.02499999999986,0.0,94.2475,76.0,81.0,88.0,94.0,101.0,107.0,114.0,0.0,132.384,111.0,118.0,125.0,132.0,140.0,147.0,157.0,0.0
fit,2024-05-13,39,183,15959,204.1925,98.0,126.0,156.0,197.0,244.0,292.0,351.02499999999986,0.0,126.622,104.0,113.0,119.0,127.0,134.0,141.0,148.0,0.0,201.4555,175.0,183.0,192.0,201.0,211.0,220.0,231.0,0.0
fit,2024-05-20,0,39,16055,33.919,2.0,7.0,15.0,27.0,47.0,69.0,98.0,0.0,29.526,19.975,23.0,26.0,29.0,33.0,36.0,40.0,0.0,34.0035,23.0,27.0,30.0,34.0,38.0,41.0,46.0,0.0
fit,2024-05-20,1,303,16055,156.652,67.0,91.0,115.75,150.0,190.0,230.0,288.02499999999986,0.0,90.356,71.0,78.0,84.0,90.0,97.0,103.0,110.0,0.0,155.973,132.975,140.0,147.0,156.0,164.0,172.0,182.0,0.0
fit,2024-05-20,2,149,16055,157.72,68.0,91.9,116.0,152.0,191.0,233.0,287.02499999999986,0.0,127.9465,107.0,113.0,120.0,128.0,135.0,143.0,150.0,0.0,159.0805,135.0,143.0,150.0,159.0,168.0,175.0,185.0,0.0
fit,2024-05-20,3,531,16055,524.948,347.0,398.9,449.0,517.0,589.25,663.1000000000001,747.0249999999999,0.0,532.9365,487.0,504.0,517.0,534.0,549.0,562.0,579.0,0.0,528.6535,483.0,499.9,513.0,528.0,543.0,558.0,575.0,0.0
fit,2024-05-20,4,153,16055,167.2655,71.975,99.0,126.0,160.0,201.0,245.0,296.0,0.0,200.144,173.975,183.0,190.0,200.0,210.0,219.0,228.0,0.0,166.0775,140.0,149.0,157.0,166.0,175.0,182.0,191.02499999999986,0.0
fit,2024-05-20,5,216,16055,134.237,51.0,75.0,99.0,129.0,166.0,199.0,250.04999999999973,0.0,142.2625,119.975,127.0,134.0,142.0,150.25,158.0,166.0,0.0,137.229,114.0,122.0,129.0,137.0,145.0,153.0,161.0,0.0
fit,2024-05-20,6,175,16055,155.1065,63.0,89.0,114.0,149.0,190.25,231.0,271.02499999999986,0.0,206.494,178.0,187.9,197.0,206.0,217.0,225.0,234.0,0.0,154.82,131.0,139.0,147.0,155.0,163.0,170.0,180.0,0.0
fit,2024-05-20,7,190,16055,187.0275,86.975,116.0,143.0,180.0,223.25,271.0,327.0499999999997,0.0,173.65,147.0,157.0,165.0,174.0,183.0,190.0,198.0,0.0,187.2665,161.0,170.0,178.0,187.0,196.0,204.0,215.0,0.0
fit,2024-05-20,8,1459,16055,1448.5845,1142.975,1240.0,1333.75,1447.5,1558.0,1654.0,1774.0499999999997,0.0,1804.743,1722.975,1754.0,1778.0,1805.0,1831.0,1856.0,1886.0,0.0,1453.671,1382.95,1407.0,1429.0,1454.0,1479.0,1499.0,1526.0,0.0
fit,2024-05-20,9,78,16055,72.5335,17.0,29.0,44.0,66.5,94.0,123.0,159.04999999999973,0.0,40.1875,28.0,32.0,36.0,40.0,44.0,49.0,53.0,0.0,72.447,57.0,62.0,67.0,72.0,78.0,84.0,90.0,0.0
fit,2024-05-20,10,126,16055,146.464,60.0,81.0,105.75,140.0,179.0,216.10000000000014,276.0,0.0,137.719,116.0,123.0,129.0,138.0,146.0,153.0,161.02499999999986,0.0,146.619,124.0,131.9,138.0,147.0,155.0,162.0,170.0,0.0
fit,2024-05-20,11,1077,16055,1206.562,926.0,1012.0,1102.75,1195.5,1313.0,1410.0,1523.0499999999997,0.0,1461.8275,1389.0,1413.0,1437.0,1462.0,1487.0,1510.0,1536.0,0.0,1204.265,1137.0,1161.0,1182.0,1204.0,1227.0,1248.0,1269.0,0.0
fit,2024-05-20,12,1124,16055,1193.616,927.975,1007.0,1086.0,1185.0,1289.25,1396.0,1494.0,0.0,1299.0095,1228.975,1254.0,1277.0,1299.0,1323.0,1344.0,1368.0249999999999,0.0,1188.3095,1126.0,1148.0,1167.0,1188.0,1210.0,1229.1000000000001,1253.0,0.0
fit,2024-05-20,13,1029,16055,1176.4795,898.95,987.0,1070.75,1172.5,1273.0,1372.1000000000001,1479.0249999999999,0.0,1465.9085,1395.0,1419.0,1442.0,1465.0,1491.0,1512.1000000000001,1537.0,0.0,1173.445,1110.0,1130.9,1152.0,1173.0,1195.0,1218.0,1240.0249999999999,0.0
fit,2024-05-20,14,2474,16055,2483.6315,2095.0,2221.0,2337.75,2476.0,2622.0,2759.1000000000004,2908.0,0.0,2659.1875,2565.975,2598.0,2627.0,2660.0,2691.0,2718.0,2755.0249999999996,0.0,2485.97,2402.0,2429.0,2456.0,2486.0,2515.0,2544.0,2575.0,0.0
fit,2024-05-20,15,76,16055,76.957,18.0,33.0,48.75,70.0,99.0,129.10000000000014,169.0,0.0,113.9765,94.0,100.0,106.0,114.0,121.0,129.0,136.0,0.0,75.821,59.0,65.0,70.0,76.0,81.0,87.0,93.02499999999986,0.0
fit,2024-05-20,16,153,16055,137.868,55.0,74.0,99.0,132.0,171.0,208.0,253.0,0.0,139.695,118.0,125.0,132.0,139.5,148.0,155.0,164.0,0.0,138.4805,117.0,123.0,130.0,138.0,146.25,154.0,162.0,0.0
fit,2024-05-20,17,881,16055,1016.977,759.975,843.0,921.0,1007.0,1111.0,1199.1000000000001,1316.0249999999999,0.0,1070.126,1007.0,1029.0,1049.0,1071.0,1091.0,1111.0,1132.0,0.0,1012.9735,954.0,976.0,992.0,1013.0,1034.0,1052.0,1072.0,0.0
fit,2024-05-20,18,447,16055,241.0685,123.0,160.0,191.0,236.0,282.0,331.0,390.0,0.0,162.4995,137.975,147.0,154.0,162.0,171.0,179.0,188.0,0.0,243.2585,212.975,224.0,233.0,243.0,254.0,263.0,275.0,0.0
fit,2024-05-20,19,1109,16055,1118.489,848.975,933.0,1014.0,1110.5,1217.0,1310.1000000000001,1430.0,0.0,950.2555,895.0,912.0,930.0,950.0,970.0,988.0,1009.0,0.0,1114.932,1050.0,1075.0,1094.0,1115.0,1136.0,1155.1000000000001,1178.0,0.0
fit,2024-05-20,20,74,16055,67.9785,15.0,25.0,40.0,61.0,88.0,120.0,160.02499999999986,0.0,50.659,38.0,42.0,46.0,50.0,55.0,60.0,65.0,0.0,67.5525,52.0,57.0,62.0,67.0,73.0,78.0,84.0,0.0
fit,2024-05-20,21,18,16055,13.04,0.0,0.0,2.0,7.0,19.0,34.0,55.0,0.0,61.887,47.0,52.0,56.0,62.0,67.0,72.0,78.02499999999986,0.0,13.296,6.0,9.0,11.0,13.0,16.0,18.0,21.0,0.0
fit,2024-05-20,22,210,16055,262.922,139.0,176.0,211.75,258.0,309.25,352.10000000000014,419.02499999999986,0.0,193.7015,166.0,176.0,184.0,193.0,203.0,212.0,222.0,0.0,261.317,231.0,242.0,251.0,261.0,272.0,281.0,293.0,0.0
fit,2024-05-20,23,133,16055,142.187,56.0,80.0,103.0,134.0,172.0,217.0,268.0,0.0,96.828,78.0,84.0,90.0,97.0,103.0,109.0,116.0,0.0,143.3195,120.0,128.0,135.0,143.0,151.0,158.0,167.0,0.0
fit,2024-05-20,24,430,16055,337.7175,192.0,235.0,278.0,333.0,391.0,445.0,522.0499999999997,0.0,146.204,123.0,131.0,138.0,146.0,154.0,162.0,170.02499999999986,0.0,337.667,302.0,314.0,325.0,337.0,350.0,361.0,374.0,0.0
fit,2024-05-20,25,211,16055,112.826,38.975,58.0,78.0,106.0,140.0,179.0,226.0,0.0,213.82,185.0,195.0,204.0,214.0,224.0,233.0,244.0,0.0,113.876,93.0,100.0,106.0,114.0,121.0,128.0,134.0,0.0
fit,2024-05-20,26,210,16055,303.8715,170.975,210.9,249.0,297.0,351.0,410.0,469.0,0.0,169.0945,144.0,152.0,160.0,169.0,178.0,187.0,196.0,0.0,301.1055,266.0,279.0,290.0,301.0,313.0,323.0,336.0,0.0
fit,2024-05-20,27,147,16055,163.7545,70.0,93.0,121.75,158.0,196.0,243.10000000000014,295.02499999999986,0.0,120.884,100.0,107.0,113.0,121.0,128.0,135.0,143.0,0.0,165.0985,141.0,149.0,156.0,165.0,174.0,182.0,191.0,0.0
fit,2024-05-20,28,172,16055,274.179,148.975,185.0,221.0,268.0,319.0,375.0,438.0749999999996,0.0,104.2975,83.0,91.0,97.0,104.0,111.0,118.0,125.0,0.0,276.2695,244.975,255.0,265.0,276.0,288.0,297.0,308.02499999999986,0.0
fit,2024-05-20,29,248,16055,195.8235,96.0,122.0,151.0,190.0,234.0,278.0,331.0,0.0,137.446,114.0,123.0,130.0,137.0,145.0,152.0,160.0,0.0,195.5005,170.0,178.0,186.0,195.0,205.0,213.0,223.0,0.0
fit,2024-05-20,30,386,16055,312.6005,176.975,216.9,256.75,306.0,363.0,420.0,489.0,0.0,324.152,290.0,301.0,312.0,325.0,336.0,346.10000000000014,357.02499999999986,0.0,312.791,276.975,291.0,301.0,313.0,325.0,335.10000000000014,347.02499999999986,0.0
fit,2024-05-20,31,227,16055,204.6785,97.0,129.9,159.0,199.0,243.0,288.0,350.02499999999986,0.0,120.7055,100.0,107.0,113.0,120.0,128.0,135.0,143.0,0.0,201.4145,174.0,182.9,191.75,201.0,212.0,220.0,229.0,0.0
fit,2024-05-20,32,214,16055,208.7985,100.0,133.0,163.0,203.0,246.0,298.0,348.0,0.0,135.99,113.0,121.0,128.0,136.0,144.0,151.0,160.0,0.0,209.784,181.0,192.0,200.0,210.0,220.0,228.0,237.0,0.0
fit,2024-05-20,33,107,16055,102.622,32.0,49.0,68.0,96.0,131.0,167.0,215.04999999999973,0.0,106.444,88.0,93.0,99.0,106.0,113.0,120.0,128.0,0.0,101.2405,81.0,89.0,95.0,101.0,108.0,114.0,121.0,0.0
fit,2024-05-20,34,82,16055,79.33,21.0,33.0,49.0,73.0,102.25,135.10000000000014,174.0,0.0,98.2215,79.0,85.0,92.0,98.0,105.0,111.0,118.0,0.0,79.5855,62.0,69.0,74.0,79.0,85.0,91.0,98.0,0.0
fit,2024-05-20,35,46,16055,61.1595,11.0,22.0,35.0,55.0,81.0,110.0,143.02499999999986,0.0,43.3975,30.0,35.0,39.0,43.0,48.0,52.0,57.0,0.0,61.5775,47.0,52.0,56.0,61.0,67.0,72.0,77.0,0.0
fit,2024-05-20,36,733,16055,778.23,560.0,624.0,691.0,770.5,861.25,940.0,1036.0499999999997,0.0,806.2355,751.975,770.0,787.0,806.0,825.0,842.1000000000001,862.0249999999999,0.0,780.588,728.0,746.0,763.0,780.0,799.0,816.0,834.0249999999999,0.0
fit,2024-05-20,37,251,16055,254.4925,133.975,169.0,205.75,246.5,297.0,349.0,413.02499999999986,0.0,93.904,75.0,81.0,87.0,94.0,100.0,107.0,114.0,0.0,253.9045,223.0,234.0,243.0,254.0,265.0,274.0,285.0,0.0
fit,2024-05-20,38,118,16055,128.326,48.975,68.0,92.0,122.0,157.0,195.0,245.04999999999973,0.0,95.3785,76.0,83.0,88.0,95.0,102.0,108.0,116.0,0.0,129.03,108.0,115.0,121.0,129.0,136.0,144.0,152.0,0.0
fit,2024-05-20,39,249,16055,214.357,107.975,135.0,167.0,206.5,254.0,304.10000000000014,370.02499999999986,0.0,127.2995,105.0,113.0,120.0,127.0,135.0,142.0,149.0,0.0,216.787,189.0,198.9,207.0,216.5,226.0,236.0,246.0,0.0
fit,2024-05-27,0,45,14344,34.726,3.0,9.0,16.0,29.0,46.0,69.0,100.0,0.0,26.287,16.0,20.0,23.0,26.0,30.0,33.0,37.0,0.0,34.8405,24.0,28.0,31.0,35.0,38.0,42.0,47.0,0.0
fit,2024-05-27,1,223,14344,189.036,89.0,118.0,147.0,183.0,223.25,268.10000000000014,326.02499999999986,0.0,80.4645,63.0,68.0,74.0,81.0,86.0,92.0,99.0,0.0,189.1815,164.0,172.0,181.0,189.0,198.0,206.0,215.02499999999986,0.0
fit,2024-05-27,2,127,14344,142.8605,60.0,83.0,107.0,137.0,172.0,211.10000000000014,259.0499999999997,0.0,114.4455,94.0,101.0,107.0,114.0,121.0,128.0,136.0,0.0,143.0605,119.0,127.0,135.0,143.0,151.0,159.0,167.02499999999986,0.0
fit,2024-05-27,3,425,14344,467.682,305.975,356.0,400.0,458.0,530.0,594.1000000000001,661.0499999999997,0.0,476.2485,435.0,449.0,462.0,477.0,490.0,504.0,517.0,0.0,465.6035,423.975,438.0,451.0,465.0,480.0,494.0,509.0,0.0
fit,2024-05-27,4,160,14344,140.3605,60.0,80.0,103.0,133.0,171.0,210.10000000000014,259.0,0.0,178.6615,153.975,161.0,169.0,178.0,187.0,196.0,206.02499999999986,0.0,140.0715,118.0,125.0,132.0,140.0,148.0,155.10000000000014,166.0,0.0
fit,2024-05-27,5,135,14344,130.5305,54.0,74.0,97.0,126.0,156.0,197.0,242.02499999999986,0.0,127.1905,105.0,113.0,119.0,127.0,135.0,142.0,150.0,0.0,129.804,108.975,116.0,122.0,129.0,137.0,144.0,152.0,0.0
fit,2024-05-27,6,174,14344,142.1605,60.0,81.0,106.0,137.5,172.0,209.0,257.02499999999986,0.0,184.8385,158.975,168.0,175.0,184.0,194.0,203.0,213.0,0.0,141.934,118.975,127.0,134.0,142.0,150.0,157.0,166.0,0.0
fit,2024-05-27,7,250,14344,163.895,77.0,100.0,127.0,157.0,195.0,232.10000000000014,279.02499999999986,0.0,154.9155,131.0,139.0,146.0,155.0,163.0,171.0,179.0,0.0,164.915,140.0,148.0,156.0,165.0,173.0,182.0,190.0,0.0
fit,2024-05-27,8,1458,14344,1315.691,1044.975,1134.8,1213.0,1312.5,1408.25,1510.0,1611.0249999999999,0.0,1610.0205,1534.0,1560.0,1585.0,1611.0,1636.0,1659.0,1682.0249999999999,0.0,1316.752,1252.0,1274.0,1293.75,1316.0,1340.0,1361.0,1385.0,0.0
fit,2024-05-27,9,49,14344,73.4545,20.0,32.0,46.0,68.0,94.0,124.0,159.02499999999986,0.0,36.036,25.0,28.0,32.0,36.0,40.0,44.0,49.0,0.0,73.5315,57.0,63.0,68.0,74.0,79.0,85.0,90.02499999999986,0.0
fit,2024-05-27,10,164,14344,124.962,48.0,69.0,91.0,120.0,154.25,187.0,235.0,0.0,123.217,102.0,109.0,116.0,123.0,131.0,137.0,145.0,0.0,125.4395,105.0,112.0,118.0,125.0,132.0,139.0,147.0,0.0
fit,2024-05-27,11,1008,14344,1037.6735,789.95,873.0,947.75,1033.0,1124.0,1205.0,1300.0,0.0,1307.0635,1241.975,1262.0,1284.0,1308.0,1330.0,1349.0,1373.0249999999999,0.0,1035.811,978.0,997.0,1016.0,1035.0,1057.0,1074.0,1093.0,0.0
fit,2024-05-27,12,1063,14344,1037.1675,778.0,866.9,941.0,1033.0,1126.0,1212.0,1330.0499999999997,0.0,1161.8525,1098.0,1119.0,1140.0,1161.0,1185.0,1204.0,1224.0,0.0,1037.558,980.0,999.0,1018.0,1036.5,1059.0,1077.0,1098.0,0.0
fit,2024-05-27,13,973,14344,1029.6335,783.0,862.0,935.0,1025.0,1119.0,1198.1000000000001,1299.0,0.0,1309.1675,1238.0,1264.0,1285.0,1309.0,1334.0,1356.0,1379.0249999999999,0.0,1024.225,965.0,986.9,1004.0,1024.0,1044.25,1062.0,1083.0,0.0
fit,2024-05-27,14,2297,14344,2260.6895,1912.925,2020.9,2129.0,2259.0,2382.25,2500.1000000000004,2671.0,0.0,2374.9185,2288.0,2319.0,2344.0,2374.0,2406.0,2432.0,2461.0,0.0,2263.812,2179.0,2210.0,2234.0,2262.0,2293.0,2320.1000000000004,2352.0249999999996,0.0
fit,2024-05-27,15,47,14344,68.684,18.0,30.0,44.0,64.0,86.25,113.0,157.0,0.0,102.065,83.0,89.0,95.0,102.0,109.0,115.0,122.02499999999986,0.0,68.538,53.0,58.0,62.0,68.5,74.0,79.0,85.02499999999986,0.0
fit,2024-05-27,16,160,14344,124.386,50.0,70.0,89.0,117.0,153.25,189.0,234.0,0.0,124.8415,103.0,110.0,117.0,125.0,132.0,139.0,148.0,0.0,123.9945,103.0,110.0,117.0,124.0,131.0,138.0,146.0,0.0
fit,2024-05-27,17,856,14344,853.5945,633.0,705.0,770.0,846.0,932.0,1011.0,1103.0249999999999,0.0,954.5835,895.0,916.0,934.0,954.0,976.0,992.0,1012.0,0.0,857.325,801.0,822.0,838.0,857.0,877.0,894.0,911.0,0.0
fit,2024-05-27,18,272,14344,284.6115,162.0,199.0,236.0,280.5,327.0,376.10000000000014,435.0,0.0,144.9925,122.0,129.0,137.0,145.0,153.0,160.0,169.0,0.0,283.824,252.0,262.0,273.0,284.0,295.0,305.0,317.0,0.0
fit,2024-05-27,19,819,14344,1020.6335,778.95,856.0,931.75,1015.0,1104.0,1188.1000000000001,1292.0749999999996,0.0,850.7035,795.975,814.9,832.0,850.5,870.0,886.0,908.0,0.0,1018.719,961.0,979.0,998.0,1018.0,1040.0,1057.0,1077.0249999999999,0.0
fit,2024-05-27,20,55,14344,60.08,13.0,24.0,36.0,55.0,77.0,105.0,141.04999999999973,0.0,45.1755,32.0,37.0,40.0,45.0,50.0,54.0,59.0,0.0,61.217,47.0,52.0,56.0,61.0,66.0,71.0,76.02499999999986,0.0
fit,2024-05-27,21,16,14344,12.5235,0.0,0.0,2.0,8.0,17.0,31.0,53.024999999999864,0.0,55.4045,41.975,46.0,50.0,55.0,61.0,65.0,71.0,0.0,13.0585,6.0,9.0,11.0,13.0,15.0,18.0,20.0,0.0
fit,2024-05-27,22,187,14344,195.5855,94.0,124.0,155.0,190.0,233.0,269.0,331.0,0.0,172.8575,149.0,157.0,164.0,172.0,181.0,190.0,201.0,0.0,198.282,170.0,181.0,189.0,198.0,207.0,216.0,225.02499999999986,0.0
fit,2024-05-27,23,175,14344,137.866,53.0,77.9,102.0,132.0,168.0,205.0,252.02499999999986,0.0,85.899,68.0,74.0,79.0,85.0,92.0,98.0,105.0,0.0,138.3275,117.0,124.0,130.0,138.0,146.0,153.0,161.0,0.0
fit,2024-05-27,24,190,14344,329.872,200.975,237.0,278.0,324.0,376.0,434.0,493.02499999999986,0.0,130.4625,109.0,116.0,123.0,130.0,138.0,145.0,151.0,0.0,331.392,296.975,308.0,319.0,331.0,343.0,355.0,369.0,0.0
fit,2024-05-27,25,140,14344,129.0745,52.0,72.0,94.0,124.0,158.0,193.0,239.02499999999986,0.0,191.007,164.975,173.9,181.0,191.0,200.0,209.0,219.0,0.0,129.9135,108.975,116.0,122.0,130.0,138.0,144.0,152.0,0.0
fit,2024-05-27,26,325,14344,243.258,132.0,164.0,198.0,239.0,284.0,329.10000000000014,379.0,0.0,151.0435,129.0,137.0,143.0,151.0,159.0,166.10000000000014,175.0,0.0,243.4265,213.0,224.0,233.0,243.0,254.0,263.0,273.0,0.0
fit,2024-05-27,27,120,14344,124.3375,48.975,69.0,91.0,118.0,151.0,184.10000000000014,229.02499999999986,0.0,107.576,87.0,94.0,101.0,107.0,114.0,121.0,129.0,0.0,125.0705,105.0,111.0,117.0,125.0,132.0,140.0,147.0,0.0
fit,2024-05-27,28,180,14344,217.817,112.0,140.0,173.0,212.0,256.0,304.0,359.0,0.0,93.5755,75.0,81.0,87.0,94.0,100.0,106.0,113.0,0.0,215.4625,187.0,196.0,206.0,216.0,225.0,234.0,245.0,0.0
fit,2024-05-27,29,138,14344,192.1575,93.0,121.0,148.0,186.0,229.0,269.10000000000014,330.0499999999997,0.0,122.948,102.0,109.0,115.0,123.0,130.0,138.0,145.0,0.0,191.537,165.975,175.0,182.0,191.0,201.0,209.0,218.0,0.0
fit,2024-05-27,30,275,14344,292.9285,167.0,203.0,241.0,287.0,339.0,389.0,448.02499999999986,0.0,290.1925,259.0,268.0,278.0,290.0,302.0,312.0,324.02499999999986,0.0,292.4905,261.0,272.0,282.0,292.0,303.0,313.0,325.0,0.0
fit,2024-05-27,31,169,14344,169.736,79.0,105.0,130.0,162.0,203.0,241.10000000000014,296.0,0.0,108.236,88.0,95.0,101.0,108.0,115.0,122.0,129.0,0.0,169.678,146.0,153.0,161.0,169.0,178.0,186.0,194.0,0.0
fit,2024-05-27,32,287,14344,198.612,100.0,128.0,156.0,194.0,235.0,275.0,325.02499999999986,0.0,121.7715,102.0,108.0,114.0,121.0,129.0,136.0,145.0,0.0,197.6325,169.0,179.0,188.0,197.0,207.0,215.0,225.02499999999986,0.0
fit,2024-05-27,33,216,14344,59.132,13.0,23.0,36.0,54.0,77.0,100.0,135.02499999999986,0.0,95.461,77.0,83.0,89.0,95.0,102.0,108.0,115.0,0.0,59.464,45.0,50.0,54.0,59.0,65.0,69.0,75.0,0.0
fit,2024-05-27,34,92,14344,69.3985,17.0,31.0,43.0,63.0,89.0,117.10000000000014,154.02499999999986,0.0,87.9695,70.0,76.0,82.0,88.0,94.0,101.0,107.0,0.0,70.917,54.975,61.0,65.0,71.0,76.0,82.0,88.02499999999986,0.0
fit,2024-05-27,35,49,14344,57.5795,12.0,22.0,34.0,53.0,75.0,101.0,134.0,0.0,38.821,27.0,31.0,35.0,39.0,43.0,47.0,52.0,0.0,57.4625,43.0,48.0,52.0,57.0,63.0,67.0,73.0,0.0
fit,2024-05-27,36,599,14344,674.122,473.975,538.0,598.75,669.0,748.0,820.0,897.0,0.0,720.338,670.0,686.0,702.0,721.0,739.0,755.0,772.0,0.0,671.2025,625.0,639.0,654.0,672.0,689.0,703.1000000000001,718.0,0.0
fit,2024-05-27,37,133,14344,224.1065,114.975,147.0,178.0,221.0,262.0,307.10000000000014,364.0,0.0,84.2315,67.0,72.0,78.0,84.0,90.0,96.0,103.0,0.0,227.1345,200.0,208.0,217.0,227.0,237.0,246.0,257.0,0.0
fit,2024-05-27,38,129,14344,108.4315,39.0,57.0,76.0,102.0,135.0,167.0,217.02499999999986,0.0,84.828,67.0,73.0,78.0,85.0,91.0,97.0,103.0,0.0,108.8685,89.0,95.0,102.0,109.0,115.0,123.0,131.0,0.0
fit,2024-05-27,39,164,14344,204.95,104.0,132.0,161.0,198.5,245.0,286.0,341.02499999999986,0.0,113.689,94.0,100.0,106.0,113.0,121.0,128.0,135.0,0.0,202.523,175.0,185.0,193.0,202.0,212.0,221.0,230.0,0.0
fit,2024-06-03,0,0,17000,47.289,6.0,14.0,24.0,40.0,63.0,91.0,128.0,0.0,31.123,21.0,24.0,27.0,31.0,35.0,38.0,43.0,0.0,46.1875,33.0,37.0,41.0,46.0,51.0,55.0,60.0,0.0
fit,2024-06-03,1,336,17000,251.1125,128.0,163.0,200.0,245.0,296.0,344.0,411.02499999999986,0.0,95.9415,76.0,83.0,89.0,96.0,103.0,108.0,115.02499999999986,0.0,251.592,222.0,232.0,241.0,251.0,262.0,271.0,281.0,0.0
fit,2024-06-03,2,172,17000,160.016,68.0,92.0,119.0,152.0,194.0,239.0,291.0,0.0,135.144,113.0,120.0,127.0,135.0,143.0,150.0,158.0,0.0,160.44,137.0,145.0,152.0,160.0,168.0,177.0,185.0,0.0
fit,2024-06-03,3,566,17000,547.8185,348.975,412.9,471.0,543.0,620.0,689.0,773.0,0.0,564.9195,520.975,535.0,549.0,565.0,581.0,595.0,613.0,0.0,545.4195,497.0,515.0,530.0,546.0,562.0,575.0,592.0,0.0
fit,2024-06-03,4,181,17000,173.591,75.0,101.9,128.0,167.5,211.0,254.10000000000014,309.0,0.0,210.936,184.0,193.0,201.0,211.0,221.0,230.0,240.0,0.0,172.8535,148.0,156.0,164.0,173.0,182.0,190.0,199.0,0.0
fit,2024-06-03,5,156,17000,160.8265,67.0,91.9,119.0,153.0,195.0,241.0,286.02499999999986,0.0,150.491,126.0,134.0,142.0,150.0,159.0,167.0,176.0,0.0,158.9065,134.975,143.0,150.0,159.0,168.0,175.0,183.0,0.0
fit,2024-06-03,6,187,17000,180.651,79.0,110.0,138.0,174.0,215.0,264.0,325.0,0.0,219.4415,190.0,200.0,210.0,220.0,229.0,238.0,248.0,0.0,178.372,153.0,162.0,170.0,178.0,187.0,195.0,203.0,0.0
fit,2024-06-03,7,173,17000,212.6905,100.95,132.9,166.75,207.5,251.0,298.0,364.0499999999997,0.0,183.641,158.0,167.0,174.0,183.0,193.0,201.0,211.0,0.0,212.8695,185.0,194.0,203.0,213.0,223.0,231.0,241.0,0.0
fit,2024-06-03,8,1637,17000,1598.0855,1269.975,1368.9,1480.0,1594.0,1707.0,1824.1000000000001,1969.0,0.0,1909.962,1830.0,1857.0,1881.0,1908.0,1937.0,1964.0,1996.0,0.0,1595.67,1523.0,1548.0,1570.0,1594.0,1620.25,1646.0,1672.0,0.0
fit,2024-06-03,9,64,17000,80.23,21.0,34.0,50.0,74.0,102.0,134.10000000000014,176.02499999999986,0.0,42.614,30.0,34.0,38.0,42.0,47.0,51.0,56.0,0.0,81.294,64.0,70.0,75.0,81.0,87.0,93.0,99.0,0.0
fit,2024-06-03,10,159,17000,158.7575,67.0,90.0,118.0,153.0,191.0,232.0,286.0,0.0,146.195,123.0,131.0,138.0,146.0,154.0,162.0,170.02499999999986,0.0,158.4265,136.0,143.0,150.0,158.0,166.0,174.0,182.0,0.0
fit,2024-06-03,11,1152,17000,1204.4465,915.975,1012.0,1095.0,1201.5,1303.25,1412.0,1525.0249999999999,0.0,1548.4055,1474.975,1497.0,1524.0,1549.0,1573.0,1596.0,1619.0249999999999,0.0,1206.6275,1138.0,1163.0,1183.0,1207.0,1230.0,1251.0,1272.0,0.0
fit,2024-06-03,12,1134,17000,1235.386,937.925,1037.9,1126.0,1227.5,1339.0,1441.0,1568.0249999999999,0.0,1375.8645,1308.0,1329.0,1352.0,1376.0,1400.0,1422.0,1446.0249999999999,0.0,1239.0455,1172.0,1196.0,1216.0,1238.0,1263.25,1284.0,1302.0249999999999,0.0
fit,2024-06-03,13,1168,17000,1174.4965,876.975,982.9,1069.75,1170.0,1272.0,1374.0,1493.0,0.0,1552.925,1477.0,1505.0,1528.0,1553.0,1578.0,1602.0,1628.0,0.0,1178.293,1111.975,1135.0,1156.0,1179.0,1201.0,1222.0,1244.0,0.0
fit,2024-06-03,14,2549,17000,2681.5105,2269.0,2406.0,2530.0,2679.0,2827.25,2965.1000000000004,3130.0249999999996,0.0,2815.221,2723.0,2753.0,2782.0,2815.0,2848.25,2878.0,2912.0,0.0,2679.455,2583.0,2620.0,2647.0,2679.0,2712.0,2740.0,2774.0,0.0
fit,2024-06-03,15,117,17000,76.771,20.0,33.0,48.0,71.0,99.25,130.0,165.02499999999986,0.0,121.0255,100.0,107.0,113.0,121.0,128.0,136.0,144.0,0.0,77.851,62.0,67.0,72.0,78.0,84.0,89.0,94.0,0.0
fit,2024-06-03,16,248,17000,155.651,63.0,88.0,113.0,149.0,191.0,233.0,290.0,0.0,147.7005,125.0,132.0,140.0,148.0,155.0,163.0,171.0,0.0,155.831,132.0,140.0,147.0,156.0,164.0,172.0,181.0,0.0
fit,2024-06-03,17,951,17000,989.173,725.0,814.0,891.0,984.5,1084.0,1172.0,1268.0499999999997,0.0,1132.578,1066.0,1090.9,1111.0,1133.0,1155.0,1174.0,1197.0,0.0,990.3565,928.0,950.9,969.75,991.0,1011.0,1030.0,1053.0,0.0
fit,2024-06-03,18,283,17000,359.095,206.975,252.0,296.0,352.0,412.25,479.10000000000014,545.0249999999999,0.0,171.957,145.0,155.0,163.0,172.0,181.0,189.0,198.0,0.0,359.9075,324.0,335.0,347.0,361.0,372.0,382.0,395.0,0.0
fit,2024-06-03,19,1094,17000,1148.3585,868.0,957.0,1040.75,1140.0,1253.0,1350.0,1467.0,0.0,1006.129,945.975,966.0,985.0,1006.0,1026.0,1047.0,1068.0,0.0,1145.276,1082.0,1103.9,1123.0,1146.0,1167.0,1188.0,1211.0,0.0
fit,2024-06-03,20,62,17000,68.944,15.0,25.0,41.0,61.0,88.0,123.0,171.0,0.0,53.834,40.0,44.0,49.0,54.0,59.0,63.0,68.0,0.0,67.652,52.0,57.0,62.0,67.5,73.0,78.0,84.0,0.0
fit,2024-06-03,21,22,17000,15.845,0.0,0.0,3.0,10.0,23.0,38.0,68.0,0.0,65.448,50.975,55.0,60.0,65.0,71.0,76.0,81.0,0.0,15.0985,8.0,10.0,12.0,15.0,18.0,20.0,23.0,0.0
fit,2024-06-03,22,364,17000,217.074,98.0,131.0,167.0,211.5,260.0,307.10000000000014,369.0499999999997,0.0,204.8215,176.0,187.0,195.0,205.0,214.0,224.0,234.0,0.0,216.8365,189.0,198.0,207.0,217.0,226.0,236.0,246.0,0.0
fit,2024-06-03,23,163,17000,170.9845,70.0,100.0,126.0,164.0,208.0,251.10000000000014,308.0,0.0,101.723,83.0,89.0,95.0,102.0,108.0,114.0,122.0,0.0,169.3335,146.0,152.0,161.0,169.0,178.0,186.10000000000014,196.0,0.0
fit,2024-06-03,24,329,17000,374.1985,217.0,266.0,309.0,367.0,434.0,491.0,569.0249999999999,0.0,154.813,132.0,139.0,147.0,155.0,162.0,170.0,180.0,0.0,375.934,338.0,351.0,362.0,376.0,389.0,401.0,414.0,0.0
fit,2024-06-03,25,243,17000,174.9695,75.975,101.0,132.0,169.0,212.0,256.0,308.02499999999986,0.0,226.657,198.0,207.0,217.0,227.0,237.0,246.0,256.0,0.0,174.4735,148.0,158.0,166.0,174.0,183.0,191.0,199.0,0.0
fit,2024-06-03,26,361,17000,311.413,183.0,216.0,253.0,305.0,361.0,414.10000000000014,480.0,0.0,179.8795,154.0,162.0,170.0,180.0,189.0,198.0,207.0,0.0,312.3955,279.0,290.0,301.0,312.0,324.0,335.0,346.0,0.0
fit,2024-06-03,27,147,17000,142.4295,54.0,78.0,102.0,135.0,176.0,219.0,264.0,0.0,127.546,107.0,114.0,120.0,127.0,135.0,141.0,149.0,0.0,142.013,119.0,127.0,134.0,142.0,150.0,157.0,166.0,0.0
fit,2024-06-03,28,283,17000,215.6635,105.0,136.0,167.0,209.0,256.0,303.0,368.0,0.0,110.6475,91.0,98.0,104.0,111.0,117.0,124.0,132.0,0.0,215.602,188.0,197.0,206.0,215.0,225.25,234.0,244.0,0.0
fit,2024-06-03,29,159,17000,223.7805,113.0,142.9,175.0,216.5,264.0,316.0,378.09999999999945,0.0,144.829,123.0,130.0,136.0,145.0,153.0,160.0,169.0,0.0,222.523,193.975,204.0,213.0,223.0,232.0,241.0,253.0,0.0
fit,2024-06-03,30,475,17000,349.115,202.975,243.0,285.0,341.0,405.25,466.0,532.0499999999997,0.0,343.181,307.0,319.0,330.0,343.0,356.0,367.0,380.0,0.0,351.2135,316.0,328.0,339.0,351.0,363.0,374.0,388.0,0.0
fit,2024-06-03,31,263,17000,215.391,102.975,134.0,167.0,210.0,257.0,302.0,365.0499999999997,0.0,127.9095,106.0,113.0,120.0,128.0,136.0,143.0,151.0,0.0,215.161,188.0,197.0,206.0,215.0,224.0,233.0,244.0,0.0
fit,2024-06-03,32,244,17000,269.973,139.0,176.0,214.0,262.0,317.0,377.0,443.02499999999986,0.0,144.6065,122.0,129.0,136.0,145.0,153.0,161.0,169.0,0.0,268.7695,237.0,248.0,257.0,269.0,280.0,290.0,301.0,0.0
fit,2024-06-03,33,220,17000,116.087,39.0,58.0,79.0,110.0,144.0,183.0,231.02499999999986,0.0,112.534,92.975,99.0,105.0,112.0,119.25,126.0,135.0,0.0,116.46,95.975,103.0,109.0,117.0,123.0,130.0,137.02499999999986,0.0
fit,2024-06-03,34,126,17000,90.351,27.0,41.0,58.0,81.0,113.0,150.0,201.0,0.0,104.339,84.0,91.0,97.0,104.0,111.0,118.0,125.0,0.0,89.4515,71.0,78.0,83.0,89.0,96.0,101.0,109.0,0.0
fit,2024-06-03,35,51,17000,62.486,12.0,22.0,35.0,56.0,81.0,112.0,153.0,0.0,46.148,33.0,37.0,41.0,46.0,51.0,55.0,60.0,0.0,62.3945,48.0,52.0,57.0,62.0,68.0,72.10000000000014,78.0,0.0
fit,2024-06-03,36,741,17000,780.803,555.975,621.0,692.0,774.0,867.0,950.0,1040.0249999999999,0.0,853.225,794.0,816.0,834.0,854.0,873.0,889.0,909.0249999999999,0.0,786.118,733.0,751.0,768.0,786.0,804.0,821.0,843.0249999999999,0.0
fit,2024-06-03,37,115,17000,251.3635,126.975,164.0,199.0,243.0,297.0,347.0,422.0,0.0,99.5955,80.0,87.0,92.0,99.0,107.0,113.0,119.0,0.0,251.8375,220.0,232.0,242.0,252.0,262.0,271.0,283.0,0.0
fit,2024-06-03,38,121,17000,129.638,45.0,68.0,92.0,123.0,160.0,200.0,247.0,0.0,100.7025,82.0,88.0,94.0,101.0,107.0,113.0,120.0,0.0,129.9155,109.0,115.0,122.0,130.0,137.0,144.0,153.0,0.0
fit,2024-06-03,39,184,17000,223.5345,103.975,139.0,174.0,216.0,267.0,317.0,384.02499999999986,0.0,135.346,113.0,120.0,127.0,135.0,143.0,151.0,159.0,0.0,222.1435,193.0,203.0,212.0,222.0,232.0,242.0,252.0,0.0
fit,2024-06-10,0,17,16519,32.435,2.0,7.0,14.0,26.0,43.0,64.0,100.0,0.0,29.9505,19.0,23.0,26.0,30.0,34.0,37.0,42.0,0.0,32.759,22.0,25.0,29.0,33.0,37.0,40.0,44.0,0.0
fit,2024-06-10,1,160,16519,276.8355,151.0,187.0,220.0,271.0,322.0,376.0,443.0499999999997,0.0,93.016,75.0,81.0,86.0,93.0,99.0,106.0,113.0,0.0,276.484,245.0,255.0,266.0,277.0,287.0,297.0,308.0,0.0
fit,2024-06-10,2,202,16519,155.638,63.0,88.0,114.0,148.0,190.0,231.0,291.0,0.0,131.305,109.0,116.0,123.0,131.0,139.0,147.0,155.0,0.0,155.707,131.0,140.0,148.0,156.0,164.0,171.0,180.0,0.0
fit,2024-06-10,3,524,16519,524.804,333.0,389.9,452.0,518.0,593.0,667.1000000000001,742.0,0.0,548.912,504.0,519.9,533.0,549.0,564.0,579.0,595.0,0.0,526.278,484.0,497.0,511.0,526.0,541.0,554.1000000000001,571.0,0.0
fit,2024-06-10,4,193,16519,172.3315,74.0,102.9,129.0,164.0,209.0,254.0,319.02499999999986,0.0,205.852,179.0,187.0,196.0,206.0,215.0,225.0,236.0,0.0,173.1735,147.0,156.0,165.0,173.0,182.0,191.0,199.0,0.0
fit,2024-06-10,5,150,16519,164.6945,74.0,98.0,124.0,157.5,198.0,244.0,294.0,0.0,146.609,123.0,132.0,139.0,147.0,155.0,162.0,170.0,0.0,168.032,144.0,152.0,159.0,168.0,177.0,185.0,193.0,0.0
fit,2024-06-10,6,202,16519,180.235,82.975,109.0,136.0,174.0,217.0,259.0,319.02499999999986,0.0,213.2585,186.0,195.0,203.0,213.0,223.0,232.0,244.0,0.0,180.4745,155.0,163.0,171.0,181.0,189.0,198.0,206.02499999999986,0.0
fit,2024-06-10,7,199,16519,198.0255,96.975,121.0,153.0,192.0,237.0,285.0,338.0,0.0,178.1085,153.0,161.0,169.0,178.0,187.0,196.0,205.0,0.0,197.2725,169.975,180.0,188.0,197.0,207.0,216.0,225.0,0.0
fit,2024-06-10,8,1544,16519,1584.8575,1260.85,1361.9,1465.0,1584.5,1697.0,1818.1000000000001,1940.0249999999999,0.0,1856.2435,1772.975,1802.0,1829.0,1857.0,1884.25,1910.1000000000001,1936.0249999999999,0.0,1586.2385,1513.0,1538.0,1561.0,1586.0,1612.0,1635.1000000000001,1661.0,0.0
fit,2024-06-10,9,51,16519,71.1825,15.0,28.0,44.0,66.0,94.0,120.0,155.0,0.0,41.2885,30.0,33.0,37.0,41.0,46.0,50.0,54.024999999999864,0.0,73.191,57.0,62.0,67.75,73.0,79.0,84.0,91.0,0.0
fit,2024-06-10,10,203,16519,152.7265,62.0,85.0,112.0,146.0,187.0,228.10000000000014,276.0749999999996,0.0,141.6835,119.0,127.0,133.0,141.0,150.0,157.0,166.02499999999986,0.0,153.7845,132.0,138.0,145.0,153.0,162.0,170.0,179.0,0.0
fit,2024-06-10,11,1206,16519,1145.4235,871.95,957.0,1040.0,1139.0,1242.0,1335.1000000000001,1454.0249999999999,0.0,1503.463,1432.0,1457.0,1479.0,1504.0,1527.0,1551.0,1574.0499999999997,0.0,1144.548,1079.975,1102.0,1123.0,1145.0,1166.0,1185.0,1209.0,0.0
fit,2024-06-10,12,1125,16519,1179.7165,896.975,979.0,1077.0,1176.0,1280.0,1374.2000000000003,1501.0,0.0,1336.094,1267.0,1288.0,1312.0,1336.0,1360.0,1383.0,1407.0249999999999,0.0,1181.4345,1120.0,1138.0,1158.0,1181.0,1203.25,1225.0,1248.0249999999999,0.0
fit,2024-06-10,13,1012,16519,1138.449,859.9,957.9,1038.0,1130.0,1234.0,1330.1000000000001,1450.0499999999997,0.0,1509.466,1437.0,1461.9,1485.0,1510.0,1535.0,1555.1000000000001,1578.0,0.0,1134.6375,1074.0,1094.0,1113.0,1135.0,1156.0,1176.0,1195.0,0.0
fit,2024-06-10,14,2498,16519,2575.8835,2163.925,2320.9,2437.0,2567.0,2719.0,2846.2000000000003,2999.0249999999996,0.0,2734.75,2643.0,2673.0,2704.0,2735.0,2767.0,2796.0,2830.0,0.0,2576.844,2486.975,2517.0,2545.0,2577.0,2607.0,2635.0,2670.0249999999996,0.0
fit,2024-06-10,15,98,16519,88.865,26.0,41.0,59.0,82.0,113.25,146.0,182.0,0.0,117.309,96.0,103.0,110.0,117.0,125.0,131.0,138.02499999999986,0.0,88.104,70.0,76.0,82.0,88.0,94.0,100.0,108.0,0.0
fit,2024-06-10,16,217,16519,183.5195,82.0,110.0,139.0,176.0,219.0,267.0,328.02499999999986,0.0,143.7805,121.0,129.0,136.0,144.0,152.0,159.0,168.0,0.0,182.7905,157.0,165.0,173.0,183.0,192.0,200.0,210.0,0.0
fit,2024-06-10,17,888,16519,914.662,668.975,744.9,821.0,911.0,1000.25,1086.1000000000001,1201.0499999999997,0.0,1101.9855,1039.0,1061.0,1080.0,1102.0,1123.0,1142.0,1168.0,0.0,915.6285,859.0,877.0,896.0,915.0,935.0,953.0,974.0,0.0
fit,2024-06-10,18,256,16519,343.5935,196.975,241.0,282.0,334.0,400.25,458.0,532.0499999999997,0.0,166.9605,142.0,150.0,158.0,167.0,176.0,184.0,193.0,0.0,340.7545,305.0,318.0,329.0,341.0,353.0,364.0,377.0,0.0
fit,2024-06-10,19,1031,16519,1078.4865,804.975,894.0,977.75,1075.0,1176.0,1266.0,1377.0249999999999,0.0,978.7695,919.0,940.0,959.0,978.0,999.0,1018.0,1040.0,0.0,1074.4095,1014.0,1033.0,1053.0,1074.0,1095.25,1114.0,1139.0249999999999,0.0
fit,2024-06-10,20,46,16519,64.779,13.975000000000001,25.0,37.0,58.0,85.0,114.0,150.02499999999986,0.0,52.1715,39.0,43.0,47.0,52.0,57.0,61.0,67.0,0.0,65.513,50.0,55.0,60.0,65.0,70.25,76.0,82.0,0.0
fit,2024-06-10,21,27,16519,19.0905,0.0,1.0,4.0,13.0,26.0,46.0,75.0,0.0,63.4245,48.0,53.0,58.0,63.0,69.0,74.0,80.0,0.0,18.719,10.0,13.0,16.0,19.0,22.0,24.0,27.0,0.0
fit,2024-06-10,22,255,16519,241.962,125.0,158.0,192.0,236.0,286.0,335.0,394.02499999999986,0.0,199.4415,172.0,181.0,190.0,199.0,209.0,218.0,228.0,0.0,241.1685,210.0,221.0,230.0,241.0,252.0,262.0,272.0,0.0
fit,2024-06-10,23,207,16519,169.033,73.975,100.0,125.0,163.0,202.0,248.10000000000014,313.0499999999997,0.0,98.9585,80.0,86.0,92.0,99.0,106.0,112.0,120.0,0.0,168.9775,145.0,152.0,160.0,169.0,177.25,185.0,194.02499999999986,0.0
fit,2024-06-10,24,242,16519,327.9805,181.975,228.0,270.0,322.0,380.25,438.0,498.0,0.0,149.8865,126.0,134.0,141.0,150.0,158.0,166.0,175.0,0.0,330.8175,295.0,308.0,318.0,330.0,343.0,355.0,369.0,0.0
fit,2024-06-10,25,219,16519,192.893,90.0,120.0,148.0,187.0,230.0,275.10000000000014,328.0,0.0,220.4945,193.0,202.0,211.0,220.0,230.0,239.0,249.0,0.0,193.423,166.0,176.0,184.0,193.0,203.0,211.0,221.0,0.0
fit,2024-06-10,26,338,16519,302.735,166.975,203.9,245.0,299.0,352.0,408.0,465.0,0.0,174.4405,148.0,157.0,165.0,174.0,184.0,191.0,202.0,0.0,300.1085,267.0,279.0,289.0,300.0,312.0,322.0,334.02499999999986,0.0
fit,2024-06-10,27,123,16519,142.042,56.975,78.0,104.0,134.0,174.0,217.10000000000014,267.0,0.0,123.628,102.0,109.0,116.0,124.0,131.0,138.0,147.0,0.0,141.4945,118.0,126.0,133.0,142.0,149.0,157.0,166.0,0.0
fit,2024-06-10,28,312,16519,231.603,116.975,149.0,185.0,226.0,271.0,319.10000000000014,386.0,0.0,107.2865,88.0,94.0,100.0,107.0,114.0,121.0,128.02499999999986,0.0,232.605,203.0,213.0,222.0,232.0,243.0,253.0,264.0,0.0
fit,2024-06-10,29,126,16519,186.3195,85.0,114.0,140.0,179.0,225.0,269.10000000000014,327.0,0.0,141.6745,118.0,127.0,134.0,142.0,150.0,157.0,165.02499999999986,0.0,185.4565,159.0,168.0,177.0,186.0,194.0,203.0,213.0,0.0
fit,2024-06-10,30,766,16519,381.465,229.0,276.0,319.0,378.0,437.0,490.0,576.0749999999996,0.0,334.0,298.0,310.0,321.0,334.0,346.0,357.0,373.0,0.0,385.243,347.975,361.0,372.0,384.5,399.0,410.0,425.0,0.0
fit,2024-06-10,31,128,16519,233.0055,120.975,150.0,184.0,228.0,274.0,322.0,381.02499999999986,0.0,124.9245,103.975,110.9,117.0,125.0,133.0,139.0,148.0,0.0,232.614,202.975,213.0,223.0,233.0,243.0,252.0,262.0,0.0
fit,2024-06-10,32,224,16519,255.173,133.0,169.0,203.75,247.0,299.0,351.0,413.0,0.0,140.1755,117.0,125.0,132.0,140.0,148.0,156.0,165.0,0.0,254.847,225.0,234.9,244.0,255.0,266.0,275.0,285.02499999999986,0.0
fit,2024-06-10,33,246,16519,154.9945,65.0,88.0,114.0,148.0,189.0,227.10000000000014,282.02499999999986,0.0,109.493,89.0,96.0,102.0,109.0,116.0,124.0,130.0,0.0,155.1585,131.0,139.0,147.0,155.0,163.0,170.0,180.0,0.0
fit,2024-06-10,34,111,16519,97.8695,30.0,45.0,66.0,92.0,125.0,158.0,201.02499999999986,0.0,101.1065,82.0,88.0,94.0,101.0,108.0,114.0,122.0,0.0,97.364,78.0,85.0,91.0,97.0,104.0,110.0,117.0,0.0
fit,2024-06-10,35,88,16519,55.757,10.0,19.0,31.0,49.0,74.0,103.0,136.02499999999986,0.0,45.099,33.0,37.0,41.0,45.0,49.0,54.0,59.0,0.0,55.9845,42.0,47.0,51.0,56.0,61.0,65.0,71.02499999999986,0.0
fit,2024-06-10,36,879,16519,775.5135,558.0,622.0,691.0,769.0,853.25,930.0,1041.0,0.0,828.6205,775.0,793.0,808.0,829.0,848.0,866.0,884.0249999999999,0.0,773.5915,721.0,739.0,754.0,773.0,792.25,809.0,829.0,0.0
fit,2024-06-10,37,110,16519,196.6555,95.975,121.0,153.0,189.0,235.0,279.10000000000014,330.02499999999986,0.0,96.708,78.0,84.0,90.0,97.0,103.0,109.0,116.0,0.0,197.55,169.0,179.0,188.0,197.0,207.0,216.0,228.0,0.0
fit,2024-06-10,38,135,16519,122.9535,42.0,64.0,85.0,116.0,154.0,192.0,242.02499999999986,0.0,97.9525,79.0,85.0,91.0,98.0,104.25,110.0,117.0,0.0,121.8115,101.0,107.0,114.0,122.0,129.0,136.0,144.0,0.0
fit,2024-06-10,39,161,16519,204.811,95.0,124.0,156.75,197.0,245.0,298.0,356.0,0.0,130.709,109.0,116.0,123.0,131.0,139.0,145.0,154.0,0.0,204.0075,176.0,187.0,194.0,204.0,213.0,221.10000000000014,232.0,0.0
fit,2024-06-17,0,48,16835,27.0495,1.0,4.0,9.0,20.0,38.0,59.0,89.02499999999986,0.0,30.981,20.0,24.0,27.0,31.0,35.0,38.0,42.0,0.0,26.994,17.975,21.0,23.0,27.0,30.0,34.0,37.0,0.0
fit,2024-06-17,1,94,16835,270.9655,143.975,176.9,217.0,265.0,318.0,371.0,443.02499999999986,0.0,94.393,76.0,82.0,88.0,94.0,100.0,107.0,115.0,0.0,268.8295,237.0,249.0,259.0,269.0,279.0,289.0,300.0,0.0
fit,2024-06-17,2,166,16835,169.9415,73.0,98.0,129.0,164.0,204.0,246.0,301.02499999999986,0.0,134.0855,112.0,120.0,126.0,134.0,142.0,149.0,157.0,0.0,171.122,146.0,155.0,162.0,171.0,180.0,188.0,197.0,0.0
fit,2024-06-17,3,575,16835,535.996,357.95,409.0,460.0,530.0,601.0,676.0,749.0249999999999,0.0,558.9235,514.0,530.0,544.0,559.0,573.0,589.0,606.0,0.0,539.13,499.0,511.0,523.0,539.0,554.0,568.0,583.0,0.0
fit,2024-06-17,4,227,16835,181.666,84.0,108.0,138.0,176.0,218.0,259.10000000000014,316.02499999999986,0.0,209.699,182.0,191.0,200.0,210.0,220.0,228.0,238.0,0.0,181.3725,155.0,164.9,172.0,181.0,191.0,198.0,206.0,0.0
fit,2024-06-17,5,165,16835,173.529,70.0,99.0,129.0,168.0,211.0,256.0,301.02499999999986,0.0,149.1505,126.975,134.0,141.0,149.0,157.0,165.0,175.0,0.0,173.425,148.0,156.0,165.0,173.0,182.0,190.0,198.0,0.0
fit,2024-06-17,6,125,16835,193.533,90.0,116.0,146.0,189.0,234.0,278.0,334.0,0.0,216.911,190.0,199.0,207.0,217.0,226.0,236.0,247.0,0.0,194.2345,169.0,177.0,185.0,194.0,203.0,211.0,221.0,0.0
fit,2024-06-17,7,245,16835,213.8275,101.0,132.0,163.0,207.0,256.0,303.0,367.0499999999997,0.0,181.647,156.0,165.0,172.0,181.0,191.0,199.0,208.0,0.0,214.377,186.975,196.0,205.0,214.0,224.0,233.0,242.0,0.0
fit,2024-06-17,8,1740,16835,1610.467,1281.0,1389.9,1493.75,1604.0,1722.0,1839.1000000000001,1983.0249999999999,0.0,1890.3715,1813.975,1841.0,1862.0,1889.0,1917.0,1944.1000000000001,1973.0,0.0,1605.0005,1528.975,1557.0,1580.0,1606.0,1631.0,1652.0,1679.0249999999999,0.0
fit,2024-06-17,9,39,16835,64.377,13.0,25.0,38.0,57.0,83.0,114.0,156.02499999999986,0.0,42.223,30.0,34.0,38.0,42.0,47.0,51.0,57.0,0.0,64.006,49.0,54.0,58.0,64.0,70.0,75.0,80.0,0.0
fit,2024-06-17,10,172,16835,169.217,75.0,100.0,127.75,164.0,206.0,246.0,300.02499999999986,0.0,145.226,122.0,129.0,137.0,145.0,154.0,161.0,170.0,0.0,171.808,147.0,155.0,163.0,172.0,181.0,189.0,198.0,0.0
fit,2024-06-17,11,1253,16835,1172.5725,894.95,977.0,1071.0,1167.0,1268.25,1370.1000000000001,1485.0,0.0,1534.234,1458.0,1485.0,1509.0,1535.0,1559.0,1583.0,1610.0,0.0,1169.569,1105.975,1127.0,1147.0,1169.0,1190.0,1212.0,1238.0249999999999,0.0
fit,2024-06-17,12,1028,16835,1170.63,906.0,985.9,1072.0,1165.5,1265.25,1362.3000000000004,1474.0249999999999,0.0,1363.308,1292.0,1317.0,1340.0,1363.0,1387.0,1409.0,1436.0,0.0,1170.1205,1104.975,1129.0,1148.0,1170.0,1192.0,1211.1000000000001,1236.0,0.0
fit,2024-06-17,13,1109,16835,1103.4815,841.0,923.0,999.0,1094.0,1197.0,1300.0,1408.0,0.0,1536.023,1466.0,1490.0,1512.0,1536.0,1560.0,1583.0,1606.0249999999999,0.0,1101.604,1037.0,1060.0,1081.0,1102.0,1123.0,1143.0,1164.0,0.0
fit,2024-06-17,14,2514,16835,2583.939,2188.875,2316.9,2446.0,2583.0,2717.0,2849.2000000000003,3010.1749999999993,0.0,2786.548,2690.0,2723.0,2752.0,2786.0,2819.25,2852.0,2886.0249999999996,0.0,2585.616,2497.0,2526.0,2555.0,2587.0,2617.0,2644.0,2671.0,0.0
fit,2024-06-17,15,106,16835,90.851,25.0,41.0,60.0,85.0,113.0,149.0,194.0,0.0,119.943,99.0,106.0,113.0,120.0,127.0,134.0,142.0,0.0,89.2455,71.0,78.0,83.0,89.0,95.0,102.0,108.0,0.0
fit,2024-06-17,16,234,16835,206.622,92.0,128.0,158.0,199.0,247.25,298.0,353.02499999999986,0.0,146.4705,123.0,131.0,138.0,146.0,154.0,162.0,170.0,0.0,204.9465,178.0,186.0,195.0,205.0,215.0,224.0,233.0,0.0
fit,2024-06-17,17,792,16835,946.592,695.0,771.0,855.0,940.0,1035.25,1125.0,1229.0499999999997,0.0,1122.0555,1057.0,1078.0,1100.0,1122.0,1144.0,1167.0,1190.0,0.0,942.646,882.0,904.0,922.0,942.0,964.0,981.1000000000001,1003.0,0.0
fit,2024-06-17,18,179,16835,329.221,187.0,228.0,272.0,323.0,383.0,435.0,500.02499999999986,0.0,170.126,146.0,154.0,161.0,170.0,178.0,187.0,196.0,0.0,331.3825,297.0,309.0,319.0,331.0,343.0,355.0,367.0,0.0
fit,2024-06-17,19,1165,16835,1065.534,806.0,883.0,962.0,1057.0,1160.0,1260.0,1378.0249999999999,0.0,997.4945,940.975,959.0,977.0,997.0,1018.0,1036.0,1057.0,0.0,1066.518,1007.0,1027.9,1046.0,1065.0,1087.0,1107.0,1129.0249999999999,0.0
fit,2024-06-17,20,63,16835,62.2525,12.0,21.0,34.75,55.0,82.0,114.0,150.0,0.0,52.899,39.0,44.0,48.0,53.0,58.0,62.0,68.0,0.0,62.445,47.0,52.0,57.0,62.0,68.0,73.0,79.0,0.0
fit,2024-06-17,21,43,16835,21.747,0.0,2.0,7.0,15.0,30.0,50.0,78.02499999999986,0.0,64.8625,49.0,54.0,59.0,65.0,70.0,76.0,81.0,0.0,22.2865,14.0,16.0,19.0,22.0,25.0,29.0,32.0,0.0
fit,2024-06-17,22,267,16835,265.1755,139.975,175.0,212.0,258.0,311.0,365.0,424.02499999999986,0.0,203.3155,176.0,185.0,193.0,204.0,213.0,222.0,231.0,0.0,267.4925,236.0,248.0,256.75,267.0,278.0,287.0,300.0,0.0
fit,2024-06-17,23,268,16835,178.9045,78.975,107.0,135.75,171.0,214.25,262.10000000000014,325.02499999999986,0.0,101.4155,80.0,89.0,95.0,101.0,108.0,115.0,122.0,0.0,178.345,152.0,161.0,169.0,178.0,188.0,196.0,205.0,0.0
fit,2024-06-17,24,230,16835,315.0385,175.975,216.0,259.0,307.5,365.0,421.0,492.0,0.0,152.7635,129.0,137.0,144.0,152.0,161.0,169.0,178.0,0.0,313.948,281.0,291.0,302.0,314.0,325.0,337.0,349.0,0.0
fit,2024-06-17,25,219,16835,211.353,103.0,133.0,166.0,207.0,251.0,297.0,352.02499999999986,0.0,224.342,197.0,205.0,214.0,224.0,234.0,244.0,255.02499999999986,0.0,213.928,186.0,195.0,204.0,214.0,223.0,233.0,243.0,0.0
fit,2024-06-17,26,301,16835,321.6755,182.0,224.0,264.0,315.0,371.0,428.10000000000014,509.0499999999997,0.0,177.559,152.975,161.0,169.0,177.0,186.0,195.0,204.0,0.0,325.41,290.0,303.0,313.0,325.0,337.0,348.0,362.0,0.0
fit,2024-06-17,27,85,16835,140.7015,52.975,75.0,102.0,133.5,171.0,216.10000000000014,270.0,0.0,126.569,105.0,112.9,119.0,126.0,134.0,141.0,148.02499999999986,0.0,141.822,119.0,127.0,134.0,141.0,150.0,157.0,165.0,0.0
fit,2024-06-17,28,191,16835,250.034,128.0,163.0,200.0,242.0,294.0,347.0,401.02499999999986,0.0,109.216,90.0,96.0,102.0,109.0,116.0,123.0,131.0,0.0,250.246,220.0,230.0,239.0,250.0,261.0,271.0,282.0,0.0
fit,2024-06-17,29,111,16835,175.953,75.975,101.0,132.0,168.0,215.0,259.0,315.0,0.0,144.0295,121.0,129.0,136.0,144.0,152.0,159.0,169.0,0.0,176.999,151.975,159.9,168.0,177.0,185.0,194.0,205.0,0.0
fit,2024-06-17,30,753,16835,503.1535,318.0,374.0,430.75,495.0,571.0,639.0,715.0249999999999,0.0,340.3215,304.0,316.0,327.0,340.0,354.0,364.0,377.0,0.0,499.851,457.0,472.0,484.0,499.0,515.0,528.0,544.0,0.0
fit,2024-06-17,31,183,16835,208.064,100.0,128.9,161.0,202.0,249.0,297.0,345.0,0.0,126.937,105.0,112.0,119.0,127.0,135.0,141.0,149.0,0.0,207.354,180.0,189.0,198.0,207.0,216.0,226.0,237.0,0.0
fit,2024-06-17,32,283,16835,254.8685,135.975,167.9,202.0,247.0,297.0,354.0,424.09999999999945,0.0,142.612,119.0,128.0,135.0,143.0,150.0,157.0,166.02499999999986,0.0,255.19,225.0,235.0,243.0,255.0,266.0,276.0,287.0,0.0
fit,2024-06-17,33,289,16835,206.3605,97.0,127.0,158.0,199.0,248.0,293.0,349.02499999999986,0.0,111.6425,92.975,98.0,104.0,111.0,119.0,125.0,134.0,0.0,207.7225,179.0,190.0,198.0,208.0,217.0,227.0,237.0,0.0
fit,2024-06-17,34,111,16835,108.553,36.975,54.0,72.0,101.0,138.0,171.0,220.0,0.0,102.8385,83.0,89.0,96.0,103.0,110.0,116.0,123.0,0.0,108.3005,88.0,95.9,101.0,108.0,115.0,121.0,129.0,0.0
fit,2024-06-17,35,78,16835,63.87,12.0,23.0,36.0,56.5,84.0,115.0,159.0,0.0,45.7335,33.0,37.0,41.0,46.0,50.0,55.0,59.0,0.0,61.6185,47.0,52.0,56.0,61.0,67.0,72.0,77.0,0.0
fit,2024-06-17,36,933,16835,775.536,547.95,617.9,687.0,769.5,854.0,942.0,1042.0249999999999,0.0,846.001,790.0,811.0,826.0,846.0,865.0,882.0,902.0,0.0,777.226,723.0,742.0,759.0,778.0,795.0,812.0,831.0,0.0
fit,2024-06-17,37,121,16835,160.009,70.0,93.0,119.0,153.0,193.0,238.0,290.0,0.0,98.7295,80.975,86.0,92.0,98.0,106.0,111.0,118.0,0.0,160.644,137.0,145.0,152.0,160.0,169.0,177.0,187.0,0.0
fit,2024-06-17,38,166,16835,132.287,48.975,72.0,94.0,126.0,163.0,202.0,250.02499999999986,0.0,99.626,80.975,86.0,93.0,99.0,107.0,114.0,121.0,0.0,132.4755,111.0,119.0,125.0,132.0,140.0,147.0,155.0,0.0
fit,2024-06-17,39,164,16835,199.4515,91.975,122.0,154.0,194.0,240.0,287.0,336.02499999999986,0.0,133.7735,112.0,119.0,126.0,134.0,141.0,149.0,156.0,0.0,199.749,172.975,181.0,190.0,200.0,209.0,218.0,227.02499999999986,0.0
fit,2024-06-24,0,27,15666,26.7455,1.0,4.0,9.0,20.0,37.0,57.0,89.0,0.0,28.535,19.0,21.0,25.0,28.0,32.0,35.0,40.0,0.0,26.952,17.0,20.0,23.0,27.0,30.0,33.0,38.0,0.0
fit,2024-06-24,1,80,15666,196.304,93.975,118.0,151.0,191.0,236.0,281.0,337.02499999999986,0.0,87.9425,69.0,76.0,81.0,88.0,94.0,101.0,107.0,0.0,196.4145,169.0,179.0,187.0,197.0,205.0,215.0,224.0,0.0
fit,2024-06-24,2,67,15666,162.375,69.0,97.0,122.0,155.0,195.0,238.0,295.02499999999986,0.0,124.9305,104.0,111.0,117.0,125.0,133.0,139.0,148.0,0.0,161.49,136.0,145.0,153.0,162.0,170.0,178.0,187.0,0.0
fit,2024-06-24,3,449,15666,506.0425,329.0,382.9,435.0,499.0,571.0,635.1000000000001,714.0249999999999,0.0,520.303,475.0,491.0,504.0,521.0,536.0,550.0,566.0,0.0,505.4765,462.0,478.0,491.0,505.0,520.0,533.0,548.0,0.0
fit,2024-06-24,4,187,15666,183.568,87.0,111.0,141.0,178.0,218.0,263.0,313.0,0.0,195.3675,167.975,178.0,186.0,195.0,205.0,214.0,222.0,0.0,184.3445,157.0,166.0,176.0,184.0,194.0,202.0,211.0,0.0
fit,2024-06-24,5,85,15666,146.194,61.0,84.0,108.0,139.0,177.0,217.0,270.02499999999986,0.0,138.574,116.975,124.0,131.0,139.0,147.0,153.10000000000014,162.0,0.0,146.698,123.0,131.0,139.0,147.0,155.0,163.0,170.02499999999986,0.0
fit,2024-06-24,6,129,15666,168.486,76.0,98.0,127.0,162.0,203.0,246.0,305.0,0.0,201.7135,175.0,184.0,192.0,202.0,211.0,220.0,230.0,0.0,166.4725,141.0,150.0,158.0,167.0,175.0,182.0,191.0,0.0
fit,2024-06-24,7,238,15666,208.6835,103.975,132.0,162.0,203.0,247.0,290.0,354.0499999999997,0.0,169.7005,146.0,154.0,161.0,169.0,178.0,186.0,195.0,0.0,209.895,183.0,191.0,200.0,210.0,219.0,229.0,239.0,0.0
fit,2024-06-24,8,1600,15666,1542.8265,1245.975,1334.0,1424.0,1534.0,1652.0,1757.1000000000001,1879.0499999999997,0.0,1758.4095,1680.975,1708.0,1732.75,1759.0,1785.0,1809.0,1835.0,0.0,1542.643,1468.0,1495.0,1517.0,1542.0,1568.0,1591.0,1615.0,0.0
fit,2024-06-24,9,30,15666,50.1885,8.0,16.0,26.0,44.0,67.0,91.0,125.0,0.0,39.313,27.0,31.0,35.0,39.0,44.0,47.0,52.0,0.0,49.19,36.0,41.0,45.0,49.0,54.0,58.0,63.0,0.0
fit,2024-06-24,10,174,15666,169.379,77.0,100.0,127.0,162.0,205.0,246.0,300.0,0.0,134.8325,112.0,120.0,127.0,135.0,143.0,150.0,158.0,0.0,169.118,144.0,152.0,160.0,169.0,178.0,186.0,196.0,0.0
fit,2024-06-24,11,1099,15666,1122.905,871.975,951.0,1027.0,1115.0,1215.0,1305.0,1425.0249999999999,0.0,1428.1875,1356.975,1379.0,1404.0,1430.0,1453.0,1474.0,1498.0,0.0,1118.2865,1056.0,1075.0,1097.0,1118.0,1141.0,1162.0,1184.0249999999999,0.0
fit,2024-06-24,12,1039,15666,1052.471,784.975,877.0,959.0,1052.0,1144.0,1231.1000000000001,1330.0,0.0,1267.966,1201.0,1224.0,1244.0,1267.0,1291.0,1313.0,1340.0,0.0,1052.3665,991.0,1012.0,1031.0,1053.0,1073.0,1093.0,1113.0,0.0
fit,2024-06-24,13,1159,15666,1029.4755,778.975,854.0,934.0,1022.0,1118.0,1211.1000000000001,1310.0249999999999,0.0,1431.4145,1361.0,1383.0,1406.0,1432.0,1455.0,1478.0,1507.0,0.0,1031.343,969.975,992.0,1011.0,1032.0,1052.0,1070.0,1093.0249999999999,0.0
fit,2024-06-24,14,2349,15666,2395.8295,2018.0,2144.9,2256.75,2390.0,2529.0,2657.1000000000004,2805.0,0.0,2593.093,2501.975,2532.9,2561.0,2593.0,2625.0,2654.0,2687.0,0.0,2386.0495,2299.975,2329.9,2356.0,2386.0,2416.0,2441.0,2471.0249999999996,0.0
fit,2024-06-24,15,78,15666,89.472,24.975,39.0,59.0,83.0,113.0,148.0,192.02499999999986,0.0,111.1505,91.0,98.0,104.0,111.0,119.0,125.0,132.0,0.0,89.1195,71.0,77.0,83.0,89.0,96.0,101.0,107.0,0.0
fit,2024-06-24,16,173,15666,208.369,104.975,131.0,161.0,204.0,248.0,294.0,347.02499999999986,0.0,136.4935,114.0,121.0,128.0,136.0,145.0,152.0,160.0,0.0,207.937,180.975,189.0,198.0,207.5,218.0,226.0,237.02499999999986,0.0
fit,2024-06-24,17,717,15666,838.336,600.975,677.9,754.0,833.0,917.0,998.0,1108.0499999999997,0.0,1042.8735,980.0,1003.0,1022.0,1044.0,1065.0,1082.0,1101.0,0.0,844.6125,789.975,808.0,824.0,844.0,864.0,881.0,903.0249999999999,0.0
fit,2024-06-24,18,216,15666,243.143,126.0,158.0,194.75,238.0,287.0,333.10000000000014,394.0,0.0,158.6335,136.0,142.0,149.0,158.0,167.25,175.0,183.02499999999986,0.0,239.886,209.0,220.0,229.0,240.0,250.0,260.0,270.02499999999986,0.0
fit,2024-06-24,19,1209,15666,992.465,739.95,824.0,899.0,987.5,1080.0,1167.0,1272.0249999999999,0.0,928.4295,868.0,891.0,908.0,929.0,948.0,967.1000000000001,992.0,0.0,994.301,936.975,955.0,974.0,994.0,1014.0,1034.0,1056.0,0.0
fit,2024-06-24,20,21,15666,55.687,10.0,19.0,31.0,50.0,71.0,99.0,144.02499999999986,0.0,49.5495,36.0,41.0,45.0,50.0,54.0,59.0,64.0,0.0,54.7565,40.0,45.0,50.0,55.0,60.0,64.0,70.0,0.0
fit,2024-06-24,21,51,15666,26.3465,1.0,4.0,10.0,20.0,37.0,55.100000000000136,84.02499999999986,0.0,60.206,46.0,51.0,55.0,60.0,65.0,70.0,76.0,0.0,26.484,17.0,20.0,23.0,26.0,30.0,33.0,37.0,0.0
fit,2024-06-24,22,268,15666,260.555,140.0,173.0,210.0,255.0,305.0,355.0,419.02499999999986,0.0,189.137,163.975,171.0,180.0,189.0,198.0,207.0,216.0,0.0,259.983,229.0,240.0,249.0,259.0,271.0,281.0,293.0,0.0
fit,2024-06-24,23,246,15666,197.27,96.0,124.0,153.0,190.0,233.0,279.10000000000014,338.02499999999986,0.0,94.3305,76.0,82.0,87.0,94.0,101.0,107.0,114.0,0.0,197.12,172.0,180.0,188.0,197.0,206.0,215.0,225.0,0.0
fit,2024-06-24,24,141,15666,239.84,121.975,154.0,190.0,234.0,283.0,334.0,396.0499999999997,0.0,142.304,119.0,127.0,134.0,142.0,150.0,158.10000000000014,167.0,0.0,239.9165,210.0,220.0,229.0,240.0,250.0,259.0,271.0,0.0
fit,2024-06-24,25,321,15666,197.9815,94.975,126.0,155.0,192.0,237.25,280.0,328.02499999999986,0.0,209.6155,181.0,191.0,199.0,209.0,220.0,229.0,239.0,0.0,199.63,172.0,181.0,190.0,200.0,209.0,218.0,227.0,0.0
fit,2024-06-24,26,257,15666,320.521,176.0,225.0,263.0,312.0,371.0,430.0,498.02499999999986,0.0,165.4445,140.0,149.0,157.0,165.0,174.0,182.0,192.0,0.0,321.388,287.0,299.0,310.0,321.0,333.0,344.0,355.0,0.0
fit,2024-06-24,27,65,15666,115.453,40.0,60.0,82.0,108.0,142.0,179.0,225.0,0.0,117.6245,97.0,103.0,110.0,118.0,125.0,132.0,140.0,0.0,115.292,95.0,102.0,108.0,115.0,122.0,129.0,137.0,0.0
fit,2024-06-24,28,236,15666,233.4245,124.0,156.0,186.0,227.0,273.0,323.0,377.02499999999986,0.0,101.876,82.0,89.0,95.0,102.0,108.0,115.0,121.0,0.0,233.8985,206.0,215.0,224.0,234.0,243.0,253.0,264.0,0.0
fit,2024-06-24,29,93,15666,127.7155,48.0,68.0,93.0,123.0,156.0,194.0,243.0,0.0,134.08,112.0,119.0,126.0,134.0,142.0,149.0,157.0,0.0,129.506,107.0,115.0,122.0,130.0,137.0,144.0,151.0,0.0
fit,2024-06-24,30,846,15666,546.8145,363.975,418.0,474.0,541.0,613.0,677.0,763.0749999999996,0.0,315.97,282.0,294.0,304.0,316.0,327.0,338.0,351.0,0.0,549.3125,504.975,520.0,533.0,549.0,565.0,579.0,595.0,0.0
fit,2024-06-24,31,186,15666,179.102,84.975,110.0,137.0,172.0,214.0,256.0,313.02499999999986,0.0,117.972,98.0,104.0,111.0,118.0,125.0,132.0,139.0,0.0,180.3815,155.0,164.0,172.0,181.0,189.0,197.0,205.0,0.0
fit,2024-06-24,32,354,15666,252.354,131.0,168.0,201.0,246.0,296.0,344.0,412.0,0.0,133.061,112.0,118.0,125.0,133.0,141.0,149.0,157.0,0.0,252.153,221.0,232.0,242.0,252.0,263.0,272.0,282.0,0.0
fit,2024-06-24,33,199,15666,233.2655,126.975,154.0,185.75,224.0,273.0,324.10000000000014,383.02499999999986,0.0,103.6915,84.0,91.0,97.0,103.0,111.0,117.0,125.0,0.0,235.544,206.0,215.0,226.0,235.0,246.0,255.0,265.0,0.0
fit,2024-06-24,34,60,15666,106.509,38.0,56.0,74.0,100.0,133.25,167.0,203.0,0.0,96.0225,77.0,84.0,89.0,96.0,103.0,109.0,115.0,0.0,107.0285,88.0,93.9,100.0,107.0,114.0,120.0,127.02499999999986,0.0
fit,2024-06-24,35,66,15666,64.868,14.0,25.0,39.0,59.0,85.0,112.0,148.0,0.0,42.4955,30.0,34.0,38.0,42.0,47.0,51.0,56.0,0.0,64.5295,49.0,54.0,59.0,64.0,70.0,75.0,81.0,0.0
fit,2024-06-24,36,730,15666,761.251,537.0,605.0,678.0,754.0,840.0,921.0,1021.0,0.0,785.8905,733.0,751.0,768.0,785.0,805.0,821.0,842.0,0.0,763.4365,709.0,729.0,746.0,764.0,782.0,797.0,817.0249999999999,0.0
fit,2024-06-24,37,112,15666,117.2245,42.975,62.0,82.0,111.0,144.0,182.0,236.0,0.0,91.7885,73.0,79.0,85.0,91.0,98.0,105.0,110.0,0.0,116.364,96.0,103.0,109.0,116.0,123.25,131.0,138.02499999999986,0.0
fit,2024-06-24,38,164,15666,133.7,52.0,73.0,97.0,128.0,163.0,200.0,256.02499999999986,0.0,92.9215,75.975,81.0,86.0,93.0,99.0,105.0,113.0,0.0,133.521,112.0,119.0,126.0,133.0,141.0,148.0,157.0,0.0
fit,2024-06-24,39,145,15666,162.859,70.0,97.0,122.0,156.0,200.0,239.0,283.0,0.0,124.1565,103.0,110.0,116.0,124.0,132.0,139.0,147.0,0.0,163.1595,138.0,147.0,154.0,163.0,172.0,179.0,188.02499999999986,0.0
fit,2024-07-01,0,3,15081,20.852,0.0,3.0,7.0,15.0,29.0,46.0,74.0,0.0,27.6005,18.0,21.0,24.0,27.0,31.0,34.0,38.0,0.0,21.2555,13.0,16.0,18.0,21.0,24.0,27.0,30.024999999999864,0.0
fit,2024-07-01,1,64,15081,153.964,66.975,91.0,115.75,148.0,187.0,225.0,274.0,0.0,84.8595,67.0,73.0,79.0,85.0,91.0,97.0,103.0,0.0,153.0565,131.0,138.0,145.0,153.0,161.0,169.0,178.0,0.0
fit,2024-07-01,2,94,15081,139.2425,61.0,80.9,101.75,132.0,168.0,206.10000000000014,253.0749999999996,0.0,120.222,98.0,106.0,113.0,120.0,127.0,134.0,142.0,0.0,138.7175,117.0,124.0,131.0,139.0,146.0,153.0,162.0,0.0
fit,2024-07-01,3,476,15081,483.129,310.975,365.0,415.75,475.0,544.0,608.1000000000001,683.0499999999997,0.0,501.903,456.975,473.0,487.0,502.0,517.0,531.0,545.0249999999999,0.0,482.5635,438.975,455.0,468.0,483.0,498.0,510.10000000000014,526.0,0.0
fit,2024-07-01,4,180,15081,180.2685,83.975,111.0,138.0,171.0,217.0,260.0,312.0,0.0,187.968,161.0,171.0,179.0,188.0,197.0,205.0,215.0,0.0,179.4545,155.0,162.0,171.0,179.0,188.0,196.0,206.0,0.0
fit,2024-07-01,5,119,15081,129.26,50.0,68.9,93.0,124.0,157.0,195.10000000000014,241.02499999999986,0.0,133.6805,112.0,120.0,126.0,133.0,141.0,149.0,156.0,0.0,127.0045,105.0,113.0,119.0,127.0,135.0,142.0,150.0,0.0
fit,2024-07-01,6,148,15081,145.793,61.0,83.9,108.0,141.5,179.0,215.0,260.02499999999986,0.0,194.2025,166.0,177.0,185.0,194.0,204.0,212.0,223.0,0.0,146.514,121.975,131.0,138.0,147.0,155.0,162.0,170.0,0.0
fit,2024-07-01,7,219,15081,196.399,97.975,124.0,153.75,189.5,232.0,277.0,331.0749999999996,0.0,163.3955,139.0,148.0,155.0,163.0,172.0,179.0,188.0,0.0,195.0865,168.975,178.0,186.0,195.0,204.0,212.0,221.02499999999986,0.0
fit,2024-07-01,8,1411,15081,1489.6595,1192.975,1291.0,1380.0,1479.0,1592.25,1703.1000000000001,1829.0,0.0,1694.1215,1617.0,1641.9,1668.0,1694.0,1722.0,1745.1000000000001,1770.0,0.0,1489.997,1421.0,1443.0,1468.0,1491.0,1513.25,1535.0,1556.0,0.0
fit,2024-07-01,9,28,15081,41.6395,4.0,11.0,20.0,36.0,56.0,82.0,115.0,0.0,37.7325,26.0,30.0,34.0,38.0,42.0,46.0,50.0,0.0,42.652,31.0,34.0,38.0,43.0,47.0,51.0,56.0,0.0
fit,2024-07-01,10,151,15081,163.549,72.0,99.0,122.0,158.0,197.0,239.0,286.0,0.0,129.714,107.975,114.0,122.0,130.0,138.0,145.0,154.0,0.0,162.213,138.0,146.0,154.0,162.0,171.0,179.0,187.0,0.0
fit,2024-07-01,11,1380,15081,1079.19,817.95,910.0,986.0,1073.0,1170.25,1253.0,1360.0999999999995,0.0,1373.194,1305.0,1329.0,1350.0,1373.0,1396.25,1418.0,1443.0249999999999,0.0,1075.4635,1014.0,1033.0,1053.0,1075.5,1096.0,1116.0,1140.0,0.0
fit,2024-07-01,12,1000,15081,985.83,747.0,821.0,897.0,981.0,1070.0,1155.1000000000001,1252.0249999999999,0.0,1220.347,1152.0,1177.0,1197.0,1220.0,1244.0,1264.0,1290.0,0.0,988.09,929.975,950.9,969.0,987.0,1009.0,1026.0,1046.0,0.0
fit,2024-07-01,13,958,15081,1012.281,770.975,845.9,918.0,1003.5,1098.0,1188.1000000000001,1295.0249999999999,0.0,1376.161,1307.0,1332.0,1352.0,1376.0,1399.0,1422.0,1451.0249999999999,0.0,1015.4405,957.0,976.0,996.0,1014.0,1036.0,1055.0,1075.0,0.0
fit,2024-07-01,14,2317,15081,2258.368,1895.95,2017.9,2130.0,2253.0,2381.0,2507.2000000000003,2644.0999999999995,0.0,2496.692,2404.0,2438.0,2467.0,2497.0,2529.0,2553.0,2585.0249999999996,0.0,2262.081,2179.975,2205.9,2233.0,2263.0,2291.0,2318.0,2344.0,0.0
fit,2024-07-01,15,77,15081,90.564,28.0,42.0,60.0,84.0,115.0,147.10000000000014,187.02499999999986,0.0,107.3005,87.0,94.0,100.0,107.0,114.0,120.10000000000014,128.0,0.0,91.6115,73.0,80.0,85.0,91.0,98.0,104.0,111.0,0.0
fit,2024-07-01,16,174,15081,200.9815,103.0,128.0,157.0,196.0,237.0,279.0,333.0,0.0,131.3235,107.0,117.0,123.0,131.0,139.0,146.0,154.0,0.0,199.4245,172.0,181.0,190.0,199.0,209.0,218.0,227.02499999999986,0.0
fit,2024-07-01,17,689,15081,764.8355,552.925,619.0,684.0,761.0,840.0,915.0,1006.1249999999993,0.0,1004.7805,944.0,965.0,983.0,1005.0,1026.0,1046.0,1066.0249999999999,0.0,764.6785,711.0,730.0,747.0,765.0,783.0,799.0,820.0249999999999,0.0
fit,2024-07-01,18,223,15081,212.014,108.975,136.9,167.0,207.0,250.0,292.0,357.0,0.0,152.757,129.0,136.9,144.0,153.0,161.0,168.0,178.0,0.0,213.7065,187.0,196.0,204.0,213.0,223.0,232.0,243.0,0.0
fit,2024-07-01,19,1089,15081,1028.606,779.975,854.9,930.0,1023.0,1120.0,1216.0,1311.0,0.0,893.7155,838.0,858.0,874.0,893.0,914.0,931.0,949.0,0.0,1027.2765,967.0,987.0,1006.0,1028.0,1047.25,1066.0,1088.0,0.0
fit,2024-07-01,20,57,15081,44.243,6.0,14.0,23.0,38.0,59.0,83.0,117.02499999999986,0.0,47.5055,34.0,39.0,43.0,47.0,52.0,56.0,62.0,0.0,43.9855,31.0,36.0,39.0,44.0,49.0,53.0,57.0,0.0
fit,2024-07-01,21,21,15081,32.6375,2.0,7.0,14.0,26.0,45.0,66.0,98.0,0.0,57.9645,43.975,48.0,53.0,58.0,63.0,68.0,73.02499999999986,0.0,32.9015,22.0,26.0,29.0,33.0,37.0,40.0,45.0,0.0
fit,2024-07-01,22,178,15081,264.3145,143.95,180.0,214.0,257.0,309.0,352.10000000000014,420.0749999999996,0.0,182.2045,156.0,165.0,173.0,182.0,191.0,200.10000000000014,211.0,0.0,263.5835,233.0,243.0,253.0,263.0,274.25,285.0,294.02499999999986,0.0
fit,2024-07-01,23,197,15081,200.7065,94.975,123.0,158.0,197.0,237.0,285.0,339.0,0.0,90.3165,72.0,78.0,84.0,90.0,96.0,102.0,109.02499999999986,0.0,202.2105,176.0,185.0,193.0,202.0,211.0,220.0,230.0,0.0
fit,2024-07-01,24,175,15081,216.5855,107.975,135.0,170.0,210.5,258.0,302.0,364.0499999999997,0.0,136.967,114.0,122.0,129.0,136.0,145.0,152.0,161.0,0.0,215.5005,187.975,197.0,206.0,215.0,225.0,234.0,244.0,0.0
fit,2024-07-01,25,253,15081,229.0285,121.0,147.0,183.0,225.0,271.0,312.0,375.02499999999986,0.0,201.099,174.0,183.0,192.0,201.0,210.0,219.0,230.0,0.0,228.945,201.0,209.0,218.0,229.0,239.0,249.0,260.02499999999986,0.0
fit,2024-07-01,26,209,15081,288.9985,164.0,202.0,236.0,282.0,336.0,390.0,443.02499999999986,0.0,159.3235,135.0,143.0,151.0,159.0,168.0,175.0,185.0,0.0,287.216,255.0,267.0,276.0,287.0,298.0,308.0,319.0,0.0
fit,2024-07-01,27,69,15081,95.634,32.0,46.900000000000006,65.0,90.0,119.0,153.10000000000014,198.0,0.0,113.0925,92.0,99.0,106.0,113.0,121.0,127.0,135.0,0.0,96.1925,77.0,84.0,89.0,96.0,103.0,109.0,116.02499999999986,0.0
fit,2024-07-01,28,137,15081,234.77,123.0,154.0,189.0,229.0,277.0,320.0,370.0,0.0,98.1845,80.0,85.0,91.0,98.0,105.0,111.0,119.0,0.0,233.534,205.0,214.0,223.0,234.0,244.0,252.0,264.0,0.0
fit,2024-07-01,29,191,15081,113.5595,40.0,58.0,79.0,108.0,141.0,176.10000000000014,224.0,0.0,129.246,108.0,115.0,121.0,129.0,137.0,144.0,151.02499999999986,0.0,111.7205,92.0,99.0,105.0,111.0,119.0,125.0,133.0,0.0
fit,2024-07-01,30,807,15081,646.428,445.0,510.0,573.0,640.0,713.25,787.1000000000001,886.0,0.0,304.7195,270.0,282.9,293.0,304.0,316.0,326.0,339.0,0.0,648.991,601.0,617.0,632.0,648.0,665.0,681.0,698.0,0.0
fit,2024-07-01,31,187,15081,170.505,78.0,104.0,129.0,164.0,207.0,246.10000000000014,295.0499999999997,0.0,113.571,94.0,100.0,106.0,113.0,121.0,127.0,134.0,0.0,173.426,147.0,157.0,165.0,173.0,182.0,191.0,199.0,0.0
fit,2024-07-01,32,322,15081,254.832,141.0,171.0,206.0,248.0,297.0,344.10000000000014,406.02499999999986,0.0,128.1385,107.0,114.0,120.0,128.0,135.0,142.0,150.0,0.0,252.709,221.975,232.0,242.0,253.0,264.0,273.0,284.0,0.0
fit,2024-07-01,33,139,15081,215.6715,106.975,138.0,166.0,211.0,257.0,301.10000000000014,360.0,0.0,99.666,81.0,87.0,93.0,99.0,106.0,112.0,120.0,0.0,218.471,190.0,200.0,209.0,218.0,228.0,236.0,247.0,0.0
fit,2024-07-01,34,91,15081,91.997,27.0,44.0,62.0,87.0,116.25,148.0,188.0,0.0,91.8955,73.975,79.0,85.0,92.0,98.0,105.0,111.0,0.0,93.226,75.0,81.0,87.0,93.0,100.0,105.0,112.0,0.0
fit,2024-07-01,35,68,15081,64.6225,14.0,25.0,38.0,59.0,84.0,112.0,149.02499999999986,0.0,40.8635,29.0,33.0,36.0,41.0,45.0,49.0,54.0,0.0,64.5905,50.0,55.0,59.0,64.0,70.0,75.0,81.0,0.0
fit,2024-07-01,36,736,15081,751.705,538.0,606.9,669.0,745.0,828.0,909.1000000000001,991.0,0.0,757.002,705.0,722.0,739.0,756.0,775.0,792.0,809.0,0.0,749.445,697.975,716.0,732.0,749.0,767.0,784.0,801.0,0.0
fit,2024-07-01,37,129,15081,104.2505,37.0,54.0,73.0,99.0,130.0,162.0,201.0,0.0,88.3865,71.0,76.0,82.0,88.0,95.0,101.0,108.0,0.0,104.412,85.0,91.0,97.0,105.0,111.0,118.0,125.0,0.0
fit,2024-07-01,38,163,15081,133.982,56.0,75.0,98.0,129.0,163.0,198.0,250.02499999999986,0.0,89.1195,71.0,77.0,83.0,89.0,95.0,102.0,109.0,0.0,134.01,113.0,120.0,126.0,134.0,141.0,148.0,156.0,0.0
fit,2024-07-01,39,152,15081,150.103,60.0,86.0,110.0,145.0,183.0,223.0,270.0,0.0,120.064,100.0,105.9,112.0,120.0,127.25,134.0,143.0,0.0,149.643,127.0,134.0,142.0,149.0,158.0,165.0,173.0,0.0
fit,2024-07-08,0,21,16522,23.9855,1.0,3.0,8.0,18.0,33.0,52.0,87.04999999999973,0.0,30.204,20.0,23.0,26.0,30.0,34.0,38.0,43.0,0.0,24.9265,15.0,19.0,21.0,25.0,28.0,32.0,35.0,0.0
fit,2024-07-08,1,82,16522,103.7095,34.975,50.0,69.0,96.0,133.25,165.0,209.02499999999986,0.0,93.0745,74.975,81.0,87.0,93.0,99.0,105.0,112.0,0.0,102.621,82.0,90.0,96.0,103.0,110.0,116.0,122.0,0.0
fit,2024-07-08,2,164,16522,136.94,54.0,74.0,98.0,130.0,168.0,208.0,263.02499999999986,0.0,131.0265,108.0,116.0,123.0,131.0,139.0,146.0,154.0,0.0,136.861,113.975,122.0,129.0,137.0,145.0,152.0,160.0,0.0
fit,2024-07-08,3,563,16522,516.7005,341.0,394.0,445.75,509.0,582.25,650.1000000000001,726.0499999999997,0.0,549.281,507.0,520.0,534.0,549.0,564.0,578.0,594.0,0.0,521.7615,477.0,493.0,507.0,522.0,536.0,550.0,566.0,0.0
fit,2024-07-08,4,163,16522,203.7325,95.0,124.0,157.0,198.0,242.0,292.0,346.0,0.0,205.93,176.975,188.0,196.0,206.0,215.0,225.0,236.0,0.0,202.7145,175.0,183.0,192.0,203.0,212.25,222.0,232.0,0.0
fit,2024-07-08,5,94,16522,134.7865,51.0,72.0,95.75,128.0,168.0,204.0,253.02499999999986,0.0,146.844,123.0,131.0,139.0,147.0,155.0,163.0,170.0,0.0,133.84,113.0,120.0,126.0,133.0,141.0,148.0,156.0,0.0
fit,2024-07-08,6,126,16522,155.5345,63.975,88.0,117.0,150.0,188.0,230.0,274.0,0.0,212.902,184.0,195.0,203.0,213.0,222.0,231.10000000000014,243.0,0.0,155.6295,132.0,140.0,147.0,155.0,164.0,172.0,180.0,0.0
fit,2024-07-08,7,188,16522,233.083,115.975,150.0,184.0,227.0,274.0,323.0,393.0,0.0,178.724,153.0,161.0,170.0,178.0,188.0,196.0,206.0,0.0,232.37,203.0,213.0,222.0,232.0,242.0,252.10000000000014,262.0,0.0
fit,2024-07-08,8,1639,16522,1625.2605,1293.975,1405.0,1503.0,1624.0,1739.25,1840.0,1984.0249999999999,0.0,1853.7235,1773.975,1803.0,1826.0,1854.0,1881.0,1907.0,1935.0249999999999,0.0,1621.041,1546.0,1571.0,1595.0,1621.0,1647.0,1669.0,1696.0249999999999,0.0
fit,2024-07-08,9,36,16522,38.7085,3.0,9.0,18.0,33.0,51.0,78.0,117.0,0.0,41.3535,30.0,33.0,37.0,41.0,46.0,50.0,55.0,0.0,38.7515,27.0,31.0,35.0,39.0,43.0,47.0,51.0,0.0
fit,2024-07-08,10,165,16522,178.487,77.0,103.9,134.0,172.0,216.0,263.0,306.02499999999986,0.0,141.8975,119.0,126.0,134.0,142.0,150.0,157.0,165.02499999999986,0.0,180.377,155.0,164.0,171.0,180.0,189.0,198.0,206.0,0.0
fit,2024-07-08,11,1367,16522,1275.002,985.925,1077.0,1170.0,1269.0,1374.0,1472.0,1596.0,0.0,1506.6395,1436.975,1460.0,1482.0,1506.0,1531.0,1555.0,1579.0,0.0,1272.2005,1204.0,1228.0,1250.0,1273.0,1296.0,1314.1000000000001,1338.0249999999999,0.0
fit,2024-07-08,12,1134,16522,1084.1685,815.0,911.9,985.75,1075.5,1177.25,1269.0,1390.0249999999999,0.0,1337.0535,1266.975,1291.0,1312.0,1337.0,1361.0,1383.0,1407.0,0.0,1080.5515,1021.0,1040.9,1060.0,1080.0,1101.0,1121.0,1143.0249999999999,0.0
fit,2024-07-08,13,1225,16522,1086.947,818.95,905.0,983.0,1079.0,1187.0,1280.1000000000001,1382.0,0.0,1507.845,1433.0,1461.0,1483.0,1508.0,1533.0,1557.0,1580.0249999999999,0.0,1091.516,1030.0,1051.0,1070.0,1092.0,1112.0,1131.1000000000001,1153.0249999999999,0.0
fit,2024-07-08,14,2608,16522,2496.8585,2101.875,2235.0,2354.0,2491.0,2642.25,2764.0,2923.0499999999997,0.0,2735.861,2643.975,2676.0,2705.0,2735.0,2767.0,2796.1000000000004,2827.0,0.0,2493.444,2403.0,2432.9,2462.0,2493.0,2523.0,2553.0,2585.0249999999996,0.0
fit,2024-07-08,15,124,16522,94.4415,27.0,44.0,62.0,86.0,118.0,155.0,202.02499999999986,0.0,117.4835,96.975,104.0,110.0,117.0,125.0,131.0,140.0,0.0,92.764,75.0,81.0,86.0,93.0,99.0,105.0,111.0,0.0
fit,2024-07-08,16,287,16522,206.5975,96.0,127.0,159.0,201.0,247.0,293.10000000000014,357.0,0.0,143.606,120.0,128.0,136.0,144.0,151.0,159.0,167.0,0.0,205.895,178.975,188.0,196.0,206.0,216.0,224.0,234.02499999999986,0.0
fit,2024-07-08,17,873,16522,792.686,570.0,638.9,703.0,783.0,875.0,955.0,1052.0,0.0,1101.931,1038.975,1061.0,1079.0,1101.0,1124.0,1145.0,1166.0,0.0,795.095,741.975,761.0,776.0,795.0,813.0,830.0,848.0,0.0
fit,2024-07-08,18,192,16522,224.386,114.975,143.9,176.0,217.0,265.0,316.0,374.02499999999986,0.0,166.823,143.0,151.0,157.0,166.0,176.0,184.0,192.0,0.0,225.947,197.0,207.0,215.0,226.0,236.0,245.0,257.0,0.0
fit,2024-07-08,19,1302,16522,1156.4875,879.0,964.0,1055.0,1151.0,1257.0,1344.1000000000001,1456.0749999999996,0.0,979.175,920.0,940.0,959.0,979.0,1000.0,1018.0,1038.0,0.0,1157.352,1095.0,1115.0,1136.0,1158.0,1178.25,1198.0,1219.0,0.0
fit,2024-07-08,20,86,16522,47.12,6.0,15.0,25.0,41.0,63.0,87.10000000000014,121.0,0.0,52.0145,39.0,43.0,47.0,52.0,57.0,61.0,67.0,0.0,48.413,35.0,39.900000000000006,44.0,48.0,53.0,58.0,62.0,0.0
fit,2024-07-08,21,50,16522,36.142,3.0,8.0,17.0,30.0,50.0,72.0,98.0,0.0,63.9355,49.0,54.0,59.0,64.0,69.0,74.0,79.0,0.0,37.005,26.0,29.0,33.0,37.0,41.0,45.0,49.0,0.0
fit,2024-07-08,22,201,16522,250.466,125.0,159.0,197.0,243.0,296.25,352.10000000000014,407.02499999999986,0.0,199.341,172.975,182.0,190.0,199.0,208.0,218.0,227.0,0.0,249.2785,218.975,229.0,239.0,249.0,259.0,270.0,280.02499999999986,0.0
fit,2024-07-08,23,190,16522,240.633,118.975,152.0,190.0,233.0,284.0,337.0,396.0,0.0,99.221,79.0,86.0,92.0,99.0,106.0,113.0,119.0,0.0,236.805,208.0,217.0,226.0,237.0,247.0,256.0,268.0,0.0
fit,2024-07-08,24,171,16522,202.4575,99.975,127.9,157.0,196.0,242.0,288.0,341.02499999999986,0.0,149.7155,125.975,134.0,141.0,150.0,158.0,165.0,174.0,0.0,203.035,176.0,185.0,193.75,203.0,212.0,221.0,231.0,0.0
fit,2024-07-08,25,212,16522,260.3985,138.975,172.0,207.0,253.0,307.0,361.0,421.0,0.0,220.2605,191.0,201.0,210.0,220.0,230.0,240.0,249.0,0.0,260.83,228.975,241.0,250.0,261.0,271.0,281.0,294.0,0.0
fit,2024-07-08,26,153,16522,286.526,150.975,195.0,232.0,279.0,333.0,392.0,460.0,0.0,173.7775,148.0,157.0,165.0,174.0,182.0,191.0,201.0,0.0,284.892,252.0,263.0,273.0,284.0,297.0,307.0,321.0,0.0
fit,2024-07-08,27,120,16522,87.0135,22.0,39.0,57.0,82.0,111.0,143.0,178.0,0.0,124.096,102.0,110.0,116.0,124.0,132.0,139.0,147.0,0.0,88.5405,71.0,77.0,83.0,89.0,95.0,100.0,106.0,0.0
fit,2024-07-08,28,60,16522,225.64,113.0,142.0,176.0,218.0,267.0,318.10000000000014,382.02499999999986,0.0,107.6365,87.0,94.0,101.0,108.0,115.0,121.0,128.0,0.0,225.9345,197.0,206.0,215.0,225.0,236.0,245.10000000000014,256.0,0.0
fit,2024-07-08,29,291,16522,134.3995,52.0,72.0,95.0,125.0,166.0,209.0,262.0499999999997,0.0,140.572,118.0,125.0,132.0,140.0,149.0,156.0,164.0,0.0,134.5145,112.0,120.0,127.0,134.0,142.0,149.0,158.0,0.0
fit,2024-07-08,30,747,16522,816.296,588.975,661.0,728.0,811.0,894.0,984.0,1084.0249999999999,0.0,334.0275,300.0,311.0,322.0,334.0,346.0,357.0,370.0,0.0,817.5425,765.0,782.0,798.0,817.0,836.0,853.0,874.0249999999999,0.0
fit,2024-07-08,31,151,16522,174.928,79.975,106.9,134.0,169.5,210.0,252.0,304.0,0.0,124.426,102.975,110.0,117.0,124.0,132.0,139.0,148.0,0.0,176.2385,151.0,159.0,167.0,176.0,185.0,194.0,203.0,0.0
fit,2024-07-08,32,191,16522,307.005,171.0,209.0,250.0,300.0,358.0,419.0,477.0,0.0,140.4955,118.0,125.0,132.0,140.0,148.0,156.0,165.0,0.0,304.3045,271.0,283.0,293.0,304.0,316.0,326.0,337.0,0.0
fit,2024-07-08,33,113,16522,224.429,108.0,145.0,177.0,218.0,266.0,313.0,372.0,0.0,109.407,89.0,96.0,102.0,109.0,116.0,123.0,130.0,0.0,225.441,197.0,207.0,216.0,225.0,235.0,244.0,255.0,0.0
fit,2024-07-08,34,86,16522,96.3525,29.0,45.0,63.0,90.5,122.0,156.10000000000014,206.02499999999986,0.0,101.233,82.0,88.0,95.0,101.0,107.0,114.0,121.0,0.0,96.693,78.975,84.0,90.0,96.5,103.0,109.0,116.0,0.0
fit,2024-07-08,35,100,16522,78.944,20.0,33.0,49.0,72.0,102.0,134.0,178.02499999999986,0.0,45.1705,32.0,37.0,41.0,45.0,50.0,54.0,58.0,0.0,77.4275,60.0,66.9,72.0,77.0,83.0,89.0,95.0,0.0
fit,2024-07-08,36,809,16522,839.74,607.975,675.9,748.0,835.0,928.0,1007.0,1104.0749999999996,0.0,829.6575,773.0,792.0,810.0,829.0,849.0,867.0,888.0,0.0,845.3535,794.0,811.0,827.0,845.0,863.0,881.0,901.0249999999999,0.0
fit,2024-07-08,37,140,16522,121.5845,43.0,64.0,86.0,114.0,150.0,189.0,237.0,0.0,96.4555,77.0,83.0,90.0,97.0,103.0,109.0,115.02499999999986,0.0,122.1675,101.0,108.0,115.0,122.0,129.0,136.0,143.0,0.0
fit,2024-07-08,38,162,16522,161.982,67.0,94.0,118.0,156.0,197.0,235.10000000000014,294.0,0.0,97.9265,79.0,86.0,91.0,98.0,104.0,111.0,117.0,0.0,161.8,138.0,146.0,153.0,162.0,170.0,178.0,187.0,0.0
fit,2024-07-08,39,136,16522,161.4405,64.0,92.0,117.0,156.0,198.0,238.10000000000014,291.0,0.0,131.253,110.0,117.0,124.0,131.0,139.0,146.0,154.0,0.0,160.1255,136.0,144.0,151.0,160.0,169.0,177.0,185.02499999999986,0.0
fit,2024-07-15,0,20,16597,26.7755,1.0,4.0,9.0,21.0,37.0,57.0,90.0,0.0,30.481,20.0,24.0,27.0,30.0,34.0,38.0,42.0,0.0,25.8265,16.975,20.0,22.0,26.0,29.0,33.0,36.0,0.0
fit,2024-07-15,1,97,16597,82.273,22.0,35.0,52.0,76.0,106.0,136.0,179.0,0.0,93.4975,75.975,82.0,87.0,93.0,100.0,106.0,113.0,0.0,83.296,66.0,72.0,77.0,83.0,90.0,95.0,101.0,0.0
fit,2024-07-15,2,223,16597,126.7215,48.0,68.0,89.0,119.5,156.0,193.10000000000014,243.02499999999986,0.0,132.062,109.0,117.0,124.75,132.0,140.0,147.0,156.0,0.0,127.2905,105.0,113.0,119.0,127.0,135.0,142.0,152.0,0.0
fit,2024-07-15,3,529,16597,530.997,343.0,404.0,456.0,525.0,597.0,665.1000000000001,761.0999999999995,0.0,550.79,506.0,521.0,535.0,551.0,566.0,580.0,597.0,0.0,533.5745,489.0,505.0,518.0,532.0,549.0,564.0,580.0,0.0
fit,2024-07-15,4,173,16597,196.6905,93.0,119.0,149.0,193.0,235.0,283.0,329.0499999999997,0.0,207.1365,180.0,189.0,197.0,207.0,216.0,226.0,235.0,0.0,196.153,169.0,178.9,186.0,196.0,206.0,214.0,223.0,0.0
fit,2024-07-15,5,89,16597,120.4605,43.0,63.0,85.0,114.0,147.0,185.10000000000014,243.02499999999986,0.0,147.0975,124.0,132.0,139.0,147.0,155.0,163.0,171.0,0.0,119.942,100.0,106.0,113.0,120.0,127.0,134.0,141.02499999999986,0.0
fit,2024-07-15,6,128,16597,136.971,53.0,73.0,98.0,130.0,169.0,206.0,264.0,0.0,214.7195,187.0,196.0,205.0,214.0,224.0,233.0,245.0,0.0,136.939,114.0,121.0,129.0,137.0,145.0,153.0,160.0,0.0
fit,2024-07-15,7,162,16597,229.8365,113.975,143.9,179.0,225.0,271.0,322.0,375.02499999999986,0.0,179.1495,152.0,162.0,170.0,179.0,189.0,197.0,206.02499999999986,0.0,230.734,200.975,211.0,220.0,231.0,241.0,250.0,260.0,0.0
fit,2024-07-15,8,1356,16597,1653.344,1335.925,1435.0,1531.0,1646.0,1768.25,1886.0,1999.0,0.0,1863.9915,1782.0,1810.9,1835.0,1863.5,1892.0,1917.0,1942.0,0.0,1652.9435,1575.0,1603.0,1628.0,1652.0,1677.0,1703.0,1731.0,0.0
fit,2024-07-15,9,31,16597,34.0485,3.0,7.0,15.0,27.0,48.0,69.0,104.0,0.0,41.8765,30.0,34.0,38.0,42.0,46.0,50.0,55.0,0.0,34.767,24.0,27.0,31.0,35.0,39.0,42.100000000000136,47.0,0.0
fit,2024-07-15,10,250,16597,172.9855,72.0,101.0,129.0,165.0,210.0,258.0,312.02499999999986,0.0,142.468,118.0,126.9,134.0,143.0,151.0,159.0,167.0,0.0,171.836,146.975,156.0,163.0,171.0,181.0,189.0,198.0,0.0
fit,2024-07-15,11,1353,16597,1317.778,1022.9,1120.0,1211.0,1307.0,1420.25,1531.2000000000003,1643.0,0.0,1513.166,1439.0,1463.0,1487.0,1514.0,1539.0,1562.0,1592.0,0.0,1319.3765,1251.0,1275.9,1296.0,1318.0,1343.0,1364.1000000000001,1386.0,0.0
fit,2024-07-15,12,1206,16597,1085.6115,808.0,900.0,982.0,1084.0,1184.0,1275.0,1381.0249999999999,0.0,1341.3645,1269.0,1296.0,1318.0,1343.0,1364.0,1388.0,1411.0,0.0,1087.172,1025.975,1046.0,1065.0,1087.5,1108.0,1130.0,1150.0249999999999,0.0
fit,2024-07-15,13,1209,16597,1158.1895,878.875,964.9,1052.0,1153.5,1258.0,1360.2000000000003,1482.0749999999996,0.0,1514.6785,1443.0,1465.0,1489.0,1515.0,1540.0,1563.0,1587.0249999999999,0.0,1152.264,1090.975,1112.0,1130.0,1152.0,1174.0,1193.0,1215.0,0.0
fit,2024-07-15,14,2528,16597,2533.511,2137.975,2265.0,2388.0,2521.0,2672.25,2804.1000000000004,2974.0499999999997,0.0,2748.825,2655.0,2687.0,2716.0,2749.0,2780.0,2810.0,2847.0,0.0,2533.8165,2446.0,2474.0,2503.0,2533.5,2564.0,2590.0,2624.0,0.0
fit,2024-07-15,15,98,16597,100.1645,30.0,47.0,66.0,95.0,126.0,160.10000000000014,207.02499999999986,0.0,118.0575,96.0,104.0,111.0,118.0,126.0,132.0,140.0,0.0,99.675,81.0,87.0,93.0,99.0,106.0,112.0,120.0,0.0
fit,2024-07-15,16,194,16597,228.376,111.0,144.0,177.0,222.0,270.0,320.0,392.0,0.0,144.5505,122.0,129.0,136.0,144.0,152.0,161.0,169.0,0.0,225.133,197.0,206.0,215.0,225.0,235.0,245.0,255.0,0.0
fit,2024-07-15,17,722,16597,789.393,550.0,627.0,703.0,788.0,872.0,953.1000000000001,1053.0249999999999,0.0,1104.809,1042.975,1064.0,1084.0,1105.0,1126.0,1144.0,1168.0249999999999,0.0,795.0445,741.0,760.0,776.0,795.0,814.0,830.0,851.0,0.0
fit,2024-07-15,18,206,16597,209.914,102.975,130.9,163.0,205.0,251.0,297.0,349.0,0.0,167.3705,143.0,151.0,158.0,167.0,176.0,184.0,194.0,0.0,209.9635,181.0,192.0,200.0,210.0,219.0,229.0,240.0,0.0
fit,2024-07-15,19,1374,16597,1232.4505,944.975,1043.0,1127.0,1229.0,1332.0,1434.0,1545.0,0.0,983.8645,925.975,943.9,963.0,984.0,1005.0,1022.0,1041.0,0.0,1232.676,1165.0,1190.0,1211.0,1233.0,1255.0,1277.0,1298.0,0.0
fit,2024-07-15,20,76,16597,59.725,12.0,21.0,34.0,54.0,79.0,106.0,147.0,0.0,52.298,39.0,43.0,47.0,52.0,57.0,62.0,67.0,0.0,58.6485,44.975,49.0,54.0,58.0,64.0,68.0,74.0,0.0
fit,2024-07-15,21,87,16597,42.5505,5.0,11.0,21.0,37.0,58.0,80.0,116.0,0.0,64.104,48.0,54.0,59.0,64.0,70.0,74.0,80.0,0.0,42.936,31.0,35.0,39.0,43.0,47.0,51.0,56.0,0.0
fit,2024-07-15,22,167,16597,237.53,121.0,151.9,189.75,230.0,280.0,333.0,390.0,0.0,200.533,174.0,183.0,191.0,201.0,209.25,218.0,230.0,0.0,237.0505,207.0,218.0,226.0,237.0,247.0,257.0,269.0,0.0
fit,2024-07-15,23,258,16597,233.6005,116.0,150.0,183.0,227.0,275.0,323.0,385.0,0.0,99.698,80.0,87.0,93.0,100.0,106.0,113.0,120.0,0.0,233.5375,203.0,214.0,223.0,233.0,244.0,254.0,264.0,0.0
fit,2024-07-15,24,179,16597,184.3095,84.0,111.0,140.0,178.0,220.0,265.10000000000014,322.02499999999986,0.0,150.8495,127.0,136.0,142.0,150.0,159.0,167.0,176.0,0.0,185.6665,159.0,168.0,177.0,185.5,195.0,203.0,212.0,0.0
fit,2024-07-15,25,292,16597,261.3725,136.95,173.0,208.75,256.0,305.0,357.0,421.02499999999986,0.0,221.1295,192.0,202.0,211.0,221.0,231.0,241.0,251.0,0.0,260.373,231.0,240.0,250.0,260.0,270.0,280.0,292.0,0.0
fit,2024-07-15,26,183,16597,238.016,119.0,151.0,185.75,231.0,282.0,333.0,395.0,0.0,174.5575,149.0,158.0,166.0,175.0,183.0,191.0,201.0,0.0,237.991,209.0,219.0,228.0,237.0,248.0,258.0,269.0,0.0
fit,2024-07-15,27,153,16597,88.446,26.975,41.0,56.0,81.0,113.0,149.0,189.02499999999986,0.0,124.7515,103.0,110.0,117.0,125.0,132.0,140.0,147.02499999999986,0.0,88.18,71.0,77.0,82.0,88.0,94.0,100.0,107.0,0.0
fit,2024-07-15,28,60,16597,162.47,70.975,95.0,121.0,155.0,197.0,238.0,299.02499999999986,0.0,108.2715,88.0,95.0,101.0,108.0,115.0,122.0,129.0,0.0,161.463,137.0,146.0,152.0,161.0,170.0,179.0,188.0,0.0
fit,2024-07-15,29,220,16597,177.1995,76.0,103.0,132.0,171.0,215.0,259.0,312.0,0.0,141.7405,118.0,127.0,134.0,142.0,149.0,157.0,166.0,0.0,177.6775,153.0,161.0,168.0,178.0,187.0,195.0,204.0,0.0
fit,2024-07-15,30,999,16597,813.1475,576.975,654.0,725.0,807.0,893.25,979.0,1098.0,0.0,334.5495,299.0,311.0,322.0,334.5,347.0,359.0,370.0,0.0,816.1635,761.975,782.0,798.0,815.0,835.0,851.0,868.0,0.0
fit,2024-07-15,31,357,16597,183.3665,83.975,113.0,140.0,176.0,220.0,263.0,321.0,0.0,124.8185,104.0,110.0,117.0,125.0,132.0,140.0,148.0,0.0,182.9545,158.0,166.0,173.0,182.0,192.0,201.0,211.0,0.0
fit,2024-07-15,32,138,16597,294.931,162.0,200.0,241.0,288.0,343.0,397.10000000000014,461.1249999999993,0.0,141.077,119.0,126.0,133.0,141.0,149.0,156.0,164.0,0.0,298.022,266.0,277.0,287.0,298.0,309.0,319.0,331.0,0.0
fit,2024-07-15,33,132,16597,191.257,89.0,117.0,147.0,186.0,230.0,272.0,326.02499999999986,0.0,109.8035,90.0,97.0,103.0,110.0,117.0,122.10000000000014,131.0,0.0,191.719,166.0,175.0,183.0,192.0,201.0,209.0,219.0,0.0
fit,2024-07-15,34,96,16597,89.197,23.975,41.0,58.0,83.0,113.0,146.0,190.0,0.0,101.595,82.0,89.0,95.0,101.0,109.0,115.0,122.0,0.0,90.3465,73.0,78.0,84.0,90.0,97.0,103.0,109.02499999999986,0.0
fit,2024-07-15,35,57,16597,82.229,20.975,34.0,50.0,74.0,106.0,141.0,191.02499999999986,0.0,45.3395,33.0,37.0,41.0,45.0,50.0,54.0,59.0,0.0,81.3025,64.0,70.0,75.0,81.0,87.0,93.0,99.0,0.0
fit,2024-07-15,36,689,16597,834.075,600.975,671.9,742.0,829.0,920.0,1005.0,1098.0249999999999,0.0,834.228,778.0,799.0,815.0,834.0,853.0,872.0,892.0249999999999,0.0,830.2725,778.0,793.0,811.0,830.0,849.0,867.0,886.0249999999999,0.0
fit,2024-07-15,37,131,16597,131.9935,48.0,70.0,94.0,125.0,165.0,202.0,253.04999999999973,0.0,97.682,80.0,85.0,91.0,98.0,104.0,111.0,117.0,0.0,130.5715,109.0,116.0,123.0,131.0,138.0,145.0,153.0,0.0
fit,2024-07-15,38,174,16597,170.8055,76.0,99.0,127.0,164.0,208.25,252.0,302.02499999999986,0.0,98.3105,80.0,86.0,92.0,98.0,105.0,111.0,119.0,0.0,169.29,145.0,152.0,160.0,169.0,178.0,186.0,195.02499999999986,0.0
fit,2024-07-15,39,201,16597,154.287,64.0,89.0,114.0,147.0,189.0,229.0,288.0,0.0,131.708,111.0,118.0,124.0,131.0,139.0,146.0,153.0,0.0,154.4115,131.0,139.0,145.0,154.0,163.0,171.0,180.0,0.0
fit,2024-07-22,0,49,16285,18.777,0.0,1.0,5.0,13.0,27.0,43.100000000000136,71.0,0.0,29.722,20.0,23.0,26.0,30.0,33.0,37.0,40.0,0.0,18.23,10.0,13.0,15.0,18.0,21.0,24.0,27.0,0.0
fit,2024-07-22,1,76,16285,82.175,24.0,36.0,52.0,74.0,105.0,137.0,179.0,0.0,91.8795,73.975,80.0,85.0,92.0,98.0,105.0,112.0,0.0,82.685,65.975,71.0,76.0,82.0,89.0,95.0,101.02499999999986,0.0
fit,2024-07-22,2,237,16285,140.728,57.95,78.0,101.0,136.0,172.0,209.0,262.0,0.0,129.372,108.975,115.0,121.0,129.0,137.0,144.0,152.0,0.0,140.1325,117.0,125.0,132.0,140.0,148.0,155.0,164.0,0.0
fit,2024-07-22,3,638,16285,517.3895,327.975,390.0,446.0,509.5,587.0,653.0,736.0499999999997,0.0,540.9065,497.0,510.0,525.0,540.0,557.0,572.0,586.0249999999999,0.0,514.1,471.975,486.0,499.75,514.0,529.0,542.0,555.0,0.0
fit,2024-07-22,4,211,16285,179.9855,79.0,106.0,137.0,174.0,216.0,257.0,322.0,0.0,202.9675,175.0,185.0,193.0,203.0,212.0,221.0,231.0,0.0,179.4315,153.0,162.0,170.0,179.0,189.0,197.0,206.0,0.0
fit,2024-07-22,5,105,16285,99.172,30.0,47.0,66.0,93.0,126.0,160.0,202.0,0.0,144.879,121.0,129.0,137.0,145.0,153.0,161.0,168.0,0.0,99.026,81.0,86.0,92.0,99.0,106.0,112.0,119.0,0.0
fit,2024-07-22,6,134,16285,135.9205,50.975,73.0,98.0,130.0,168.0,207.0,253.0,0.0,209.9795,182.0,192.0,200.0,210.0,220.0,229.0,239.0,0.0,135.864,113.975,121.0,128.0,136.0,144.0,151.0,159.0,0.0
fit,2024-07-22,7,230,16285,204.016,100.0,128.0,157.0,197.0,242.25,291.0,346.02499999999986,0.0,176.2465,150.0,159.0,167.0,176.0,185.0,193.0,203.0,0.0,206.533,178.0,188.0,197.0,207.0,216.0,225.0,235.0,0.0
fit,2024-07-22,8,1418,16285,1533.286,1223.0,1322.0,1417.0,1530.0,1646.0,1758.0,1876.0,0.0,1828.115,1747.0,1776.0,1800.0,1828.5,1856.0,1881.0,1909.0,0.0,1531.253,1460.0,1482.0,1506.0,1532.0,1557.0,1577.0,1603.0249999999999,0.0
fit,2024-07-22,9,25,16285,33.2235,2.0,7.0,14.0,27.0,45.0,69.0,105.04999999999973,0.0,40.873,29.0,33.0,36.0,41.0,45.0,49.0,54.0,0.0,32.185,22.0,25.0,28.0,32.0,36.0,39.0,44.0,0.0
fit,2024-07-22,10,200,16285,189.545,86.0,113.0,144.0,184.0,227.0,274.0,327.02499999999986,0.0,139.885,117.0,125.0,132.0,140.0,148.0,155.0,164.0,0.0,188.6135,162.0,171.0,180.0,189.0,197.0,207.0,214.02499999999986,0.0
fit,2024-07-22,11,1237,16285,1329.9765,1036.975,1127.9,1218.0,1324.0,1433.0,1544.0,1678.0,0.0,1483.8885,1408.0,1436.0,1459.0,1483.0,1510.0,1531.0,1557.0249999999999,0.0,1324.768,1259.975,1280.0,1301.0,1324.0,1348.0,1370.0,1394.0,0.0
fit,2024-07-22,12,1124,16285,1113.728,845.0,933.9,1008.0,1109.0,1206.0,1304.0,1406.0,0.0,1318.8835,1251.0,1274.0,1295.0,1318.0,1344.0,1366.0,1390.0,0.0,1115.0315,1053.0,1076.0,1094.0,1114.0,1136.0,1157.0,1179.0,0.0
fit,2024-07-22,13,1089,16285,1155.9675,880.875,970.0,1047.0,1148.0,1255.0,1355.0,1476.0249999999999,0.0,1485.617,1414.0,1437.0,1461.0,1486.0,1509.0,1533.0,1560.0,0.0,1160.178,1097.0,1119.0,1138.0,1160.0,1182.0,1202.0,1225.0,0.0
fit,2024-07-22,14,2864,16285,2495.4695,2113.975,2236.0,2348.75,2490.0,2626.25,2761.1000000000004,2935.075,0.0,2695.992,2601.0,2635.0,2665.0,2696.0,2727.25,2757.0,2793.0,0.0,2499.2425,2409.0,2439.0,2468.75,2500.0,2531.0,2557.0,2586.0249999999996,0.0
fit,2024-07-22,15,86,16285,94.8845,29.0,46.0,63.0,89.0,119.0,153.10000000000014,196.02499999999986,0.0,115.9415,95.0,102.0,109.0,116.0,123.0,129.0,136.0,0.0,96.2935,78.0,84.0,90.0,96.0,103.0,109.0,114.0,0.0
fit,2024-07-22,16,222,16285,211.497,103.0,132.9,164.0,203.0,252.0,300.0,364.0,0.0,141.6325,119.0,127.0,134.0,142.0,149.0,157.0,165.0,0.0,210.7735,183.0,193.0,201.0,211.0,221.0,230.0,239.02499999999986,0.0
fit,2024-07-22,17,690,16285,770.728,537.0,612.9,684.75,766.0,854.0,933.0,1027.0249999999999,0.0,1085.674,1026.0,1045.0,1063.0,1086.0,1107.0,1126.0,1148.0249999999999,0.0,764.3925,715.0,731.0,746.0,764.0,781.0,799.0,816.0,0.0
fit,2024-07-22,18,179,16285,214.4465,106.975,135.0,167.0,210.0,253.0,301.0,367.0,0.0,164.828,140.0,148.0,156.0,165.0,174.0,181.10000000000014,191.0,0.0,213.8615,186.0,196.0,204.0,214.0,223.0,232.0,243.0,0.0
fit,2024-07-22,19,1256,16285,1259.6005,974.0,1064.0,1152.0,1257.0,1361.0,1460.0,1567.0249999999999,0.0,964.4895,906.0,925.0,944.0,965.0,985.25,1003.0,1023.0,0.0,1267.2415,1200.0,1224.0,1245.0,1267.0,1290.0,1311.0,1334.0249999999999,0.0
fit,2024-07-22,20,65,16285,61.209,11.0,23.0,36.0,55.0,79.0,107.0,149.02499999999986,0.0,51.141,38.0,42.0,46.0,51.0,56.0,60.0,66.0,0.0,61.5335,47.0,52.0,56.0,61.0,67.0,71.0,77.0,0.0
fit,2024-07-22,21,36,16285,52.46,9.0,18.0,29.0,46.0,69.0,96.0,135.0,0.0,62.557,47.0,52.0,57.0,63.0,68.0,73.0,78.0,0.0,53.5625,40.0,44.0,49.0,53.0,58.0,63.0,68.0,0.0
fit,2024-07-22,22,173,16285,206.0715,97.0,127.0,158.0,199.0,248.0,290.0,353.0749999999996,0.0,196.183,168.0,178.0,186.0,196.0,206.0,215.0,224.0,0.0,207.392,180.0,189.0,198.0,207.0,217.0,226.0,236.0,0.0
fit,2024-07-22,23,179,16285,226.356,110.975,144.0,179.75,219.0,267.0,317.0,376.0,0.0,98.316,80.0,85.0,91.0,98.0,105.0,111.0,117.0,0.0,226.9775,198.0,207.0,217.0,228.0,238.0,246.0,256.0,0.0
fit,2024-07-22,24,194,16285,170.526,78.0,101.0,129.0,162.0,206.0,249.0,301.02499999999986,0.0,148.186,125.0,132.0,139.0,148.0,157.0,165.0,173.0,0.0,169.139,145.0,153.0,160.0,169.0,178.0,186.0,195.0,0.0
fit,2024-07-22,25,218,16285,274.5545,149.0,187.0,221.0,268.0,322.0,373.0,431.02499999999986,0.0,216.917,187.0,198.0,206.0,217.0,227.0,235.0,246.0,0.0,274.698,243.0,254.0,263.0,275.0,286.0,296.0,307.0,0.0
fit,2024-07-22,26,153,16285,204.912,97.0,125.0,159.0,199.0,243.0,293.0,355.0,0.0,171.8905,145.0,155.0,163.0,172.0,181.0,189.0,197.02499999999986,0.0,204.6765,177.0,186.9,195.0,204.0,214.0,223.0,233.0,0.0
fit,2024-07-22,27,200,16285,104.228,34.0,49.0,70.0,97.0,129.0,169.0,217.0,0.0,122.2515,101.0,108.0,115.0,122.0,130.0,136.0,144.0,0.0,104.3265,85.0,91.0,97.0,104.0,111.0,118.0,126.0,0.0
fit,2024-07-22,28,106,16285,128.789,47.0,71.0,92.0,121.0,158.0,201.10000000000014,251.0,0.0,106.146,87.0,94.0,99.0,106.0,113.0,119.0,126.0,0.0,125.743,104.0,111.0,118.0,126.0,133.0,140.0,147.02499999999986,0.0
fit,2024-07-22,29,188,16285,202.2855,95.975,126.0,158.0,196.0,239.0,285.0,341.0,0.0,139.4725,117.0,124.0,131.0,140.0,148.0,154.0,163.0,0.0,203.0305,176.0,185.0,193.0,203.0,213.0,222.0,232.0,0.0
fit,2024-07-22,30,714,16285,868.039,625.975,704.0,781.0,858.0,951.0,1035.0,1148.0249999999999,0.0,329.7815,295.0,307.0,317.0,330.0,342.0,352.0,364.0,0.0,866.733,811.0,831.0,847.0,866.0,885.0,904.0,923.0249999999999,0.0
fit,2024-07-22,31,372,16285,226.4755,110.0,141.9,180.0,219.5,266.0,320.10000000000014,387.0,0.0,122.2775,101.0,108.0,115.0,122.0,130.0,137.0,145.0,0.0,224.6125,196.0,206.0,215.0,224.0,235.0,244.0,253.0,0.0
fit,2024-07-22,32,184,16285,255.1125,133.0,166.0,205.0,250.0,299.0,348.0,413.02499999999986,0.0,138.169,116.0,123.0,130.0,138.0,146.0,154.0,162.0,0.0,256.5325,226.0,236.0,245.75,256.0,267.0,277.0,290.0,0.0
fit,2024-07-22,33,37,16285,147.9685,60.0,83.0,110.0,142.0,180.0,220.10000000000014,268.0,0.0,108.0995,88.0,94.0,101.0,108.0,115.0,122.0,129.0,0.0,148.493,126.0,133.0,140.0,148.0,157.0,165.0,173.0,0.0
fit,2024-07-22,34,98,16285,85.3295,23.0,38.900000000000006,55.75,78.0,109.0,144.0,181.0,0.0,99.81,81.0,87.0,93.0,100.0,106.0,113.0,120.0,0.0,85.2095,68.0,74.0,79.0,85.0,92.0,97.0,103.0,0.0
fit,2024-07-22,35,34,16285,74.53,17.975,31.900000000000006,46.0,67.0,96.0,127.0,170.02499999999986,0.0,44.1775,32.0,36.0,40.0,44.0,48.0,53.0,58.0,0.0,74.1725,58.0,63.0,68.0,74.0,80.0,85.0,92.0,0.0
fit,2024-07-22,36,799,16285,753.8895,536.975,597.9,667.75,747.5,834.0,907.1000000000001,999.0499999999997,0.0,816.4645,764.0,780.0,797.0,817.0,835.0,852.0,871.0,0.0,755.604,705.0,721.0,737.0,756.0,773.0,789.0,807.0,0.0
fit,2024-07-22,37,128,16285,131.872,50.0,71.0,94.0,124.5,163.0,201.0,246.02499999999986,0.0,95.5765,77.0,83.0,89.0,96.0,102.0,108.0,116.0,0.0,130.9955,110.975,117.0,123.0,131.0,138.0,145.0,153.0,0.0
fit,2024-07-22,38,168,16285,169.247,75.975,101.0,127.0,162.0,204.25,246.0,297.02499999999986,0.0,96.596,78.0,84.0,90.0,96.0,103.0,109.10000000000014,117.0,0.0,169.509,144.0,153.0,160.0,169.0,178.0,187.0,196.0,0.0
fit,2024-07-22,39,169,16285,160.629,64.975,90.0,120.0,155.5,195.0,237.0,292.0,0.0,129.2155,108.0,115.0,121.75,129.0,137.0,144.0,151.0,0.0,162.2235,138.0,147.0,153.0,162.0,170.0,179.0,188.0,0.0
fit,2024-07-29,0,20,16252,24.8755,0.0,3.0,9.0,18.0,35.0,56.0,81.0,0.0,29.7725,20.0,23.0,26.0,30.0,33.0,37.0,41.0,0.0,23.607,15.0,18.0,20.0,23.0,26.0,30.0,34.0,0.0
fit,2024-07-29,1,122,16252,80.13,20.0,34.0,51.0,74.0,101.25,136.0,175.0,0.0,91.471,72.0,79.0,85.0,91.0,98.0,104.0,111.0,0.0,80.447,63.0,69.0,74.0,80.0,86.0,92.0,100.0,0.0
fit,2024-07-29,2,194,16252,181.1495,78.0,106.9,138.0,172.0,217.0,263.0,329.0,0.0,129.3735,108.0,115.0,122.0,129.0,137.0,144.0,152.0,0.0,181.499,156.0,165.0,173.0,181.5,190.0,198.0,207.0,0.0
fit,2024-07-29,3,569,16252,556.8375,375.95,427.0,481.0,551.0,623.0,698.0,781.0499999999997,0.0,539.228,493.0,507.0,524.0,540.0,555.0,569.0,586.0,0.0,555.5215,509.0,525.0,539.0,556.0,572.0,585.1000000000001,603.0,0.0
fit,2024-07-29,4,207,16252,181.5025,84.975,112.0,137.0,172.0,219.0,262.0,322.0499999999997,0.0,202.4755,174.0,185.0,193.0,202.0,212.0,221.0,230.0,0.0,183.0675,156.0,166.0,174.0,183.0,192.0,200.0,209.0,0.0
fit,2024-07-29,5,88,16252,102.583,31.975,49.0,69.0,97.0,129.0,163.0,208.02499999999986,0.0,144.074,121.0,128.0,136.0,144.0,152.0,160.0,168.0,0.0,102.832,83.0,90.0,96.0,103.0,110.0,116.0,123.0,0.0
fit,2024-07-29,6,102,16252,135.472,54.0,74.0,98.0,129.0,164.0,205.10000000000014,254.04999999999973,0.0,209.0725,181.0,190.0,199.0,209.0,219.0,228.0,238.0,0.0,134.9115,112.0,120.0,127.0,135.0,142.0,149.0,157.0,0.0
fit,2024-07-29,7,286,16252,204.8785,98.975,127.0,158.0,197.0,245.25,292.0,349.0,0.0,175.487,149.0,159.0,166.0,175.0,184.0,193.0,203.0,0.0,201.7965,175.0,184.0,192.0,201.0,211.0,220.0,231.0,0.0
fit,2024-07-29,8,1382,16252,1467.8865,1149.0,1253.0,1351.0,1465.0,1579.25,1687.2000000000003,1811.0249999999999,0.0,1825.498,1747.0,1773.0,1798.0,1824.0,1853.0,1878.0,1908.0,0.0,1467.661,1399.0,1425.0,1444.0,1468.0,1490.0,1513.0,1538.0,0.0
fit,2024-07-29,9,88,16252,30.341,1.0,5.0,12.0,24.0,42.0,65.0,93.0,0.0,40.486,28.0,32.0,36.0,40.0,45.0,49.0,54.0,0.0,30.4695,20.0,24.0,27.0,30.0,34.0,38.0,42.0,0.0
fit,2024-07-29,10,143,16252,193.715,85.0,116.0,148.0,189.5,235.0,275.0,330.02499999999986,0.0,139.3315,117.0,124.0,131.0,139.0,148.0,154.0,162.02499999999986,0.0,193.2,168.0,176.0,184.0,193.0,202.0,210.10000000000014,222.0,0.0
fit,2024-07-29,11,1356,16252,1353.0215,1044.975,1144.0,1246.0,1350.0,1464.0,1561.1000000000001,1678.0,0.0,1480.578,1406.95,1434.0,1456.0,1481.0,1505.0,1528.0,1553.0,0.0,1344.609,1275.975,1298.9,1321.0,1345.0,1369.0,1388.0,1414.0,0.0
fit,2024-07-29,12,1071,16252,1122.1895,844.0,939.9,1021.0,1121.0,1217.0,1314.1000000000001,1428.0249999999999,0.0,1316.4775,1244.975,1270.9,1293.0,1317.0,1341.0,1361.0,1386.0,0.0,1124.7205,1061.0,1083.0,1102.0,1125.0,1147.0,1166.0,1189.0,0.0
fit,2024-07-29,13,1266,16252,1123.7035,848.975,929.0,1018.75,1119.0,1225.0,1319.1000000000001,1431.0499999999997,0.0,1482.1715,1413.975,1435.9,1457.0,1481.0,1507.0,1529.0,1558.0,0.0,1129.179,1068.0,1088.0,1107.0,1129.0,1151.0,1171.0,1193.0,0.0
fit,2024-07-29,14,2538,16252,2597.7295,2187.95,2335.0,2461.0,2592.0,2736.25,2862.2000000000003,3021.0,0.0,2691.224,2593.0,2629.0,2661.0,2691.0,2723.0,2753.0,2781.0249999999996,0.0,2599.8985,2507.975,2541.0,2569.0,2600.0,2631.0,2659.0,2690.0249999999996,0.0
fit,2024-07-29,15,92,16252,97.326,32.0,47.0,66.0,90.0,123.0,157.0,200.02499999999986,0.0,115.867,95.975,102.0,108.0,116.0,123.0,129.0,137.0,0.0,97.409,79.0,85.0,91.0,97.0,104.0,110.0,117.0,0.0
fit,2024-07-29,16,200,16252,221.1295,107.975,140.0,172.0,214.0,262.0,314.0,376.02499999999986,0.0,141.4205,118.0,125.0,133.0,141.0,150.0,157.0,166.0,0.0,221.303,193.0,203.0,211.0,221.0,231.0,240.0,250.0,0.0
fit,2024-07-29,17,814,16252,747.3925,529.9,592.0,660.0,744.0,831.0,907.0,995.0249999999999,0.0,1083.514,1023.0,1043.0,1063.0,1084.0,1105.0,1123.0,1146.0,0.0,748.564,696.975,714.0,731.0,749.0,767.0,783.0,800.0,0.0
fit,2024-07-29,18,188,16252,202.007,95.0,123.0,156.0,194.0,242.25,286.10000000000014,354.02499999999986,0.0,164.244,139.0,148.0,155.75,164.0,173.0,180.10000000000014,189.0,0.0,202.1975,175.0,184.0,193.0,202.0,212.0,220.0,229.0,0.0
fit,2024-07-29,19,1301,16252,1269.84,996.975,1082.0,1160.0,1261.0,1373.0,1473.0,1587.0499999999997,0.0,962.125,905.0,924.0,941.0,962.0,983.0,1001.0,1022.0249999999999,0.0,1264.786,1198.0,1221.0,1242.0,1265.0,1287.0,1308.0,1332.0249999999999,0.0
fit,2024-07-29,20,107,16252,71.249,17.0,29.0,44.0,65.0,92.0,123.0,164.0,0.0,51.499,38.0,43.0,47.0,51.0,56.0,61.0,66.0,0.0,71.932,56.0,61.0,66.0,71.0,78.0,83.0,89.0,0.0
fit,2024-07-29,21,59,16252,50.133,7.975000000000001,16.0,27.0,43.0,65.0,94.0,131.0,0.0,62.8455,48.0,53.0,57.0,63.0,68.0,73.0,79.0,0.0,49.071,37.0,41.0,44.0,49.0,54.0,58.0,63.0,0.0
fit,2024-07-29,22,116,16252,182.3005,81.0,109.0,138.75,175.0,221.0,267.0,318.02499999999986,0.0,196.025,169.0,178.0,187.0,196.0,205.0,213.0,224.02499999999986,0.0,180.8665,155.0,164.0,172.0,181.0,190.0,198.0,207.0,0.0
fit,2024-07-29,23,77,16252,206.3485,100.975,128.0,160.0,200.0,246.0,291.0,352.0,0.0,97.511,78.0,85.0,91.0,97.0,104.0,110.0,118.0,0.0,207.775,180.0,190.0,199.0,208.0,217.0,226.0,236.02499999999986,0.0
fit,2024-07-29,24,213,16252,181.313,80.975,107.0,135.0,173.5,219.0,265.0,322.02499999999986,0.0,147.261,123.975,132.0,139.0,147.0,156.0,163.0,171.0,0.0,181.203,156.0,165.0,172.0,181.0,190.0,198.0,208.02499999999986,0.0
fit,2024-07-29,25,286,16252,245.3025,130.0,162.0,196.0,238.0,285.25,338.0,405.0,0.0,216.9805,188.0,198.0,207.0,217.0,227.0,235.10000000000014,246.02499999999986,0.0,246.146,215.0,226.0,235.0,246.0,257.0,266.0,277.0,0.0
fit,2024-07-29,26,138,16252,174.0055,77.975,104.0,131.0,168.0,208.0,252.0,309.0,0.0,172.087,146.0,155.0,163.0,172.0,181.0,190.0,198.0,0.0,175.996,150.0,158.0,167.0,176.0,185.0,193.0,202.0,0.0
fit,2024-07-29,27,236,16252,136.2905,51.0,75.0,99.0,130.0,167.0,209.0,253.0,0.0,122.5155,101.0,109.0,115.0,122.0,130.0,137.0,144.0,0.0,136.8815,115.0,122.0,129.0,137.0,144.0,151.0,160.02499999999986,0.0
fit,2024-07-29,28,121,16252,91.053,29.975,43.0,60.0,85.0,113.0,149.0,193.0,0.0,105.6925,86.0,93.0,99.0,105.0,113.0,119.0,126.0,0.0,91.7445,74.0,79.0,85.0,91.0,98.0,104.0,111.02499999999986,0.0
fit,2024-07-29,29,304,16252,223.982,114.0,144.0,176.75,220.0,265.0,310.10000000000014,361.0499999999997,0.0,138.8065,116.0,123.0,131.0,139.0,147.0,154.0,164.0,0.0,224.035,195.0,205.0,214.0,224.0,234.0,243.0,253.02499999999986,0.0
fit,2024-07-29,30,577,16252,825.3005,591.925,673.9,738.0,817.0,908.0,992.1000000000001,1081.0249999999999,0.0,327.557,293.0,304.0,314.75,327.0,340.0,351.0,362.0,0.0,823.5545,767.0,786.0,805.0,824.0,843.0,859.0,876.0,0.0
fit,2024-07-29,31,202,16252,267.2245,143.0,180.9,215.0,261.0,310.0,364.0,424.02499999999986,0.0,122.625,102.0,109.0,115.0,122.0,130.0,137.0,145.0,0.0,268.803,238.0,248.0,258.0,269.0,279.0,289.10000000000014,301.0,0.0
fit,2024-07-29,32,135,16252,211.043,100.95,132.0,164.0,207.0,252.0,293.10000000000014,359.02499999999986,0.0,138.3835,116.0,123.0,130.0,138.0,146.0,154.0,161.02499999999986,0.0,210.4095,183.0,192.9,200.0,210.0,220.0,228.0,240.0,0.0
fit,2024-07-29,33,22,16252,105.9205,37.0,52.0,71.0,99.0,132.0,170.0,213.0,0.0,107.4735,88.0,94.0,100.0,107.0,114.0,121.0,128.02499999999986,0.0,105.6555,85.0,92.0,98.0,105.0,113.0,119.0,127.0,0.0
fit,2024-07-29,34,142,16252,93.9245,28.975,44.0,62.0,87.0,119.0,151.0,196.0,0.0,99.1395,80.0,87.0,92.0,99.0,106.0,111.0,119.0,0.0,93.911,75.0,81.0,88.0,94.0,100.0,106.10000000000014,114.0,0.0
fit,2024-07-29,35,41,16252,65.754,15.0,26.0,39.0,59.0,84.0,115.0,156.02499999999986,0.0,44.3,32.0,36.0,40.0,44.0,49.0,53.0,57.0,0.0,65.3855,50.0,55.0,60.0,65.0,71.0,76.0,82.0,0.0
fit,2024-07-29,36,862,16252,761.2065,539.95,610.9,676.0,751.0,839.25,922.1000000000001,1024.0249999999999,0.0,816.038,761.975,780.0,797.0,816.0,835.0,852.0,876.0,0.0,763.8165,710.975,729.0,746.0,764.0,782.0,799.0,816.0249999999999,0.0
fit,2024-07-29,37,191,16252,130.675,49.0,73.0,94.0,124.0,161.25,197.0,240.0,0.0,95.6105,76.0,83.0,89.0,95.0,102.0,108.0,116.0,0.0,132.9335,111.0,119.0,125.0,133.0,140.0,147.0,155.02499999999986,0.0
fit,2024-07-29,38,164,16252,168.476,75.0,99.0,126.0,162.0,203.0,245.0,297.0749999999996,0.0,96.4335,78.0,84.0,90.0,97.0,103.0,109.0,116.0,0.0,168.192,143.0,152.0,159.0,168.0,177.0,185.0,195.0,0.0
fit,2024-07-29,39,232,16252,166.788,73.0,97.0,124.0,160.0,204.0,243.10000000000014,301.02499999999986,0.0,129.325,108.0,115.0,121.0,129.0,137.0,145.0,153.0,0.0,166.0095,142.0,150.0,157.0,166.0,174.0,182.0,193.0,0.0
fit,2024-08-05,0,21,16752,28.8415,1.0,4.0,10.0,22.0,40.0,63.0,93.0,0.0,30.694,20.0,24.0,27.0,31.0,34.0,38.0,42.0,0.0,28.528,18.0,22.0,25.0,28.0,32.0,35.0,39.0,0.0
fit,2024-08-05,1,97,16752,97.349,31.0,47.0,65.0,92.0,122.0,157.0,203.02499999999986,0.0,94.351,76.0,82.0,88.0,94.0,101.0,106.0,113.0,0.0,96.7065,78.0,84.0,90.0,96.0,103.0,109.0,116.0,0.0
fit,2024-08-05,2,283,16752,209.7315,93.0,129.0,160.0,202.0,252.0,302.0,363.02499999999986,0.0,134.023,112.0,119.0,126.0,134.0,142.0,149.0,157.0,0.0,209.236,181.0,191.0,200.0,209.0,218.25,227.0,238.0,0.0
fit,2024-08-05,3,615,16752,591.335,391.975,453.0,514.0,585.0,661.0,736.1000000000001,823.1499999999992,0.0,557.0645,512.0,526.0,540.0,557.0,573.0,588.0,604.0,0.0,586.3905,540.975,556.0,570.0,586.0,602.0,616.0,631.0249999999999,0.0
fit,2024-08-05,4,221,16752,192.9065,86.0,117.0,147.0,186.0,232.0,277.0,341.02499999999986,0.0,209.031,180.0,190.0,199.0,209.0,219.0,228.0,237.0,0.0,192.5785,167.0,175.0,183.0,192.0,202.0,210.0,219.0,0.0
fit,2024-08-05,5,134,16752,94.93,28.0,44.900000000000006,61.0,87.0,119.0,156.0,203.0,0.0,148.716,125.0,133.0,141.0,149.0,157.0,165.0,173.0,0.0,96.398,77.0,84.0,90.0,96.0,103.0,109.0,116.0,0.0
fit,2024-08-05,6,174,16752,124.6585,45.975,64.0,87.0,118.0,154.0,192.10000000000014,241.0,0.0,215.6605,187.0,197.0,206.0,215.0,225.0,235.0,245.0,0.0,125.5965,105.0,111.0,118.0,125.0,133.0,140.0,148.0,0.0
fit,2024-08-05,7,203,16752,221.8565,114.0,141.0,172.0,215.0,263.0,310.0,379.0,0.0,181.126,155.0,164.0,172.0,181.0,190.0,199.0,207.0,0.0,220.7785,192.0,202.0,210.0,220.0,231.0,240.0,251.0,0.0
fit,2024-08-05,8,1439,16752,1478.551,1168.975,1268.9,1363.0,1474.0,1587.0,1701.0,1818.0749999999996,0.0,1881.255,1804.0,1829.0,1853.0,1880.0,1909.0,1937.0,1961.0249999999999,0.0,1477.021,1403.0,1429.0,1452.0,1476.0,1502.0,1526.0,1548.0249999999999,0.0
fit,2024-08-05,9,34,16752,45.7215,7.0,14.0,23.0,39.0,60.0,88.0,128.0,0.0,41.865,29.975,34.0,37.0,42.0,46.0,50.0,55.0,0.0,46.06,33.0,38.0,41.0,46.0,50.0,55.0,60.0,0.0
fit,2024-08-05,10,116,16752,192.334,90.0,117.0,146.0,184.0,231.25,276.0,332.02499999999986,0.0,144.0475,121.0,129.0,136.0,144.0,152.0,160.0,168.0,0.0,193.667,168.0,177.0,185.0,194.0,202.0,211.0,219.02499999999986,0.0
fit,2024-08-05,11,1371,16752,1349.876,1049.975,1142.0,1237.0,1347.0,1454.0,1556.0,1685.0249999999999,0.0,1526.006,1456.0,1478.0,1501.0,1526.0,1550.0,1575.0,1598.0249999999999,0.0,1354.622,1287.0,1310.0,1330.0,1354.0,1379.0,1400.0,1425.0,0.0
fit,2024-08-05,12,1100,16752,1153.2395,881.0,968.9,1050.0,1150.0,1244.25,1350.1000000000001,1462.0,0.0,1355.697,1284.975,1309.0,1332.0,1356.0,1380.0,1402.0,1425.0249999999999,0.0,1156.128,1091.975,1114.0,1134.0,1156.0,1178.0,1198.0,1219.0,0.0
fit,2024-08-05,13,1142,16752,1222.1575,931.95,1029.9,1114.0,1212.5,1324.0,1434.0,1539.0249999999999,0.0,1528.0725,1454.0,1481.0,1503.0,1528.0,1554.0,1576.0,1600.0,0.0,1222.1615,1156.0,1181.9,1200.0,1222.0,1244.0,1264.1000000000001,1286.0,0.0
fit,2024-08-05,14,2890,16752,2685.7465,2256.0,2404.0,2542.0,2683.5,2825.0,2965.1000000000004,3128.075,0.0,2773.0845,2677.975,2707.0,2739.0,2774.0,2807.0,2836.0,2866.0249999999996,0.0,2684.9435,2593.975,2622.0,2652.75,2685.0,2717.0,2748.0,2779.0249999999996,0.0
fit,2024-08-05,15,129,16752,102.6195,33.0,49.0,68.0,96.0,130.0,167.0,207.02499999999986,0.0,119.0515,98.0,105.0,111.0,119.0,126.0,134.0,141.0,0.0,102.2945,83.0,89.0,95.0,102.0,109.0,115.0,122.0,0.0
fit,2024-08-05,16,255,16752,230.6455,112.975,146.0,181.75,224.0,272.0,325.10000000000014,395.02499999999986,0.0,145.2385,123.0,130.0,137.0,145.0,153.0,160.0,169.0,0.0,231.0245,202.0,212.0,221.0,231.0,241.0,250.0,261.02499999999986,0.0
fit,2024-08-05,17,750,16752,789.3845,561.95,627.9,696.75,784.5,876.0,955.1000000000001,1048.0,0.0,1115.7575,1051.975,1074.9,1092.0,1116.0,1138.0,1158.0,1179.0,0.0,791.0725,738.0,756.0,772.0,790.0,809.0,826.0,846.0,0.0
fit,2024-08-05,18,124,16752,197.3695,90.0,120.0,151.0,190.5,235.0,279.10000000000014,341.0499999999997,0.0,169.891,144.0,154.0,161.0,169.0,179.0,187.0,196.0,0.0,195.9155,167.975,178.0,186.0,196.0,206.0,213.0,223.0,0.0
fit,2024-08-05,19,1309,16752,1333.226,1034.975,1128.9,1220.0,1328.0,1441.0,1543.0,1676.1499999999992,0.0,993.1865,935.0,953.0,973.0,993.0,1015.0,1032.0,1052.0,0.0,1334.272,1268.0,1291.0,1311.0,1334.0,1357.0,1378.0,1401.0,0.0
fit,2024-08-05,20,73,16752,84.923,22.0,38.0,54.0,77.0,110.0,138.10000000000014,189.0,0.0,52.6285,39.0,43.0,48.0,52.0,57.0,62.0,67.0,0.0,85.4845,69.0,74.0,79.0,85.0,91.0,97.0,104.0,0.0
fit,2024-08-05,21,61,16752,60.1785,12.0,21.0,33.0,53.0,80.0,108.0,152.02499999999986,0.0,64.484,49.0,54.0,59.0,64.0,70.0,75.0,80.0,0.0,59.2695,44.0,50.0,54.0,59.0,64.0,69.0,75.0,0.0
fit,2024-08-05,22,188,16752,169.589,72.0,97.0,125.75,163.0,208.0,251.10000000000014,307.02499999999986,0.0,202.022,174.0,184.0,192.0,202.0,212.0,220.0,231.0,0.0,168.002,144.0,151.0,159.0,168.0,176.0,185.0,194.0,0.0
fit,2024-08-05,23,101,16752,177.997,80.0,105.0,135.0,172.0,216.0,258.10000000000014,312.02499999999986,0.0,100.4795,82.0,88.0,94.0,100.0,107.0,113.0,121.0,0.0,179.6335,154.0,162.0,171.0,179.0,189.0,197.0,205.02499999999986,0.0
fit,2024-08-05,24,170,16752,196.3185,93.0,118.0,151.0,192.0,236.0,278.10000000000014,337.02499999999986,0.0,152.0765,127.0,136.0,144.0,152.0,160.0,168.0,177.0,0.0,193.1495,167.0,176.0,184.0,193.0,203.0,212.0,220.0,0.0
fit,2024-08-05,25,254,16752,255.146,130.0,166.9,204.0,252.0,301.0,346.10000000000014,409.0,0.0,223.415,194.0,205.0,213.0,223.0,233.0,242.0,253.0,0.0,257.632,228.0,237.9,246.0,258.0,269.0,278.0,287.0,0.0
fit,2024-08-05,26,134,16752,161.915,67.0,92.0,121.0,157.0,195.25,241.10000000000014,292.02499999999986,0.0,176.692,152.0,160.0,168.0,177.0,185.0,194.0,203.02499999999986,0.0,159.794,135.0,144.0,151.0,160.0,168.0,176.0,184.0,0.0
fit,2024-08-05,27,298,16752,181.368,83.0,107.0,137.0,174.0,218.0,262.0,324.0,0.0,126.0285,105.0,112.0,118.0,126.0,133.0,141.0,150.0,0.0,181.6185,156.0,165.0,173.0,182.0,190.25,198.0,207.0,0.0
fit,2024-08-05,28,90,16752,89.8785,25.0,40.0,57.0,82.0,115.0,148.0,193.0,0.0,109.156,88.975,96.0,102.0,109.0,116.0,123.0,131.0,0.0,88.7665,71.0,77.0,82.0,88.0,95.0,101.0,108.0,0.0
fit,2024-08-05,29,207,16752,255.9075,136.975,167.0,203.0,249.0,300.0,356.0,419.0,0.0,143.3205,120.0,128.0,135.0,143.0,151.0,159.0,167.0,0.0,256.009,225.0,236.0,245.0,256.0,267.0,277.0,287.0,0.0
fit,2024-08-05,30,684,16752,773.8665,542.95,618.0,687.0,766.5,858.0,939.0,1040.0499999999997,0.0,338.396,303.975,315.0,326.0,339.0,350.0,362.0,374.0,0.0,774.4465,723.0,740.0,755.0,774.0,792.0,809.1000000000001,827.0249999999999,0.0
fit,2024-08-05,31,366,16752,280.5275,146.975,187.0,225.0,275.0,329.0,384.0,448.02499999999986,0.0,126.192,104.0,112.0,119.0,126.0,133.0,141.0,149.0,0.0,276.623,243.0,255.0,266.0,277.0,288.0,297.0,308.02499999999986,0.0
fit,2024-08-05,32,130,16752,164.5665,67.0,94.0,122.0,159.0,199.0,247.0,294.02499999999986,0.0,141.8825,120.0,127.0,134.0,142.0,150.0,157.0,166.0,0.0,165.91,142.0,150.0,157.0,166.0,174.0,182.0,192.0,0.0
fit,2024-08-05,33,34,16752,79.228,19.0,32.0,48.0,71.0,101.0,137.0,182.02499999999986,0.0,111.2195,90.0,97.0,104.0,111.0,118.25,125.0,132.0,0.0,77.815,61.0,67.0,72.0,78.0,84.0,89.0,96.0,0.0
fit,2024-08-05,34,113,16752,106.008,36.0,52.0,72.0,99.0,135.0,165.0,210.0,0.0,102.5095,84.0,90.0,96.0,102.0,109.0,116.0,122.0,0.0,107.867,89.0,95.0,101.0,108.0,114.0,121.0,128.02499999999986,0.0
fit,2024-08-05,35,27,16752,59.2785,11.0,20.0,34.0,52.0,77.0,106.10000000000014,146.02499999999986,0.0,45.813,33.0,37.0,41.0,46.0,50.0,54.0,59.0,0.0,59.483,45.975,50.0,54.0,59.0,64.0,69.0,75.0,0.0
fit,2024-08-05,36,789,16752,802.555,580.0,645.0,716.0,797.0,883.0,966.0,1056.0,0.0,841.2225,788.0,804.0,822.0,841.0,861.0,877.1000000000001,899.0,0.0,805.663,750.975,769.0,786.0,806.0,825.0,841.0,859.0,0.0
fit,2024-08-05,37,242,16752,150.148,62.0,86.0,111.0,144.0,182.0,222.0,275.0,0.0,98.4015,80.0,86.0,92.0,98.0,105.0,111.0,119.0,0.0,150.3595,126.0,135.0,142.0,151.0,158.0,166.0,174.02499999999986,0.0
fit,2024-08-05,38,209,16752,171.455,73.0,100.9,128.0,167.0,205.0,248.0,305.02499999999986,0.0,98.7495,80.0,86.0,92.0,99.0,106.0,111.0,119.0,0.0,170.611,147.0,155.0,162.0,171.0,179.0,186.0,195.0,0.0
fit,2024-08-05,39,175,16752,188.6665,84.0,112.0,141.0,184.0,229.0,270.0,331.0,0.0,133.493,111.0,119.0,126.0,133.0,141.0,148.0,156.0,0.0,188.4685,163.0,171.0,179.0,188.0,198.0,206.0,216.02499999999986,0.0
fit,2024-08-12,0,21,17399,30.423,1.0,5.0,11.0,23.0,42.0,65.0,101.02499999999986,0.0,31.8645,21.0,25.0,28.0,32.0,36.0,39.0,44.0,0.0,29.139,19.0,22.0,25.0,29.0,33.0,36.0,40.0,0.0
fit,2024-08-12,1,101,17399,104.6205,31.0,49.0,70.0,97.0,130.0,171.10000000000014,229.0,0.0,97.852,79.0,85.0,91.0,98.0,104.0,111.0,117.0,0.0,103.5295,84.0,91.0,97.0,103.0,111.0,116.0,123.0,0.0
fit,2024-08-12,2,284,17399,247.5965,124.0,161.0,195.0,240.0,294.0,345.0,406.0,0.0,138.7915,115.0,124.0,131.0,138.0,147.0,154.0,163.0,0.0,247.68,218.0,229.0,237.0,247.0,258.0,268.0,278.0,0.0
fit,2024-08-12,3,732,17399,625.76,422.975,486.0,542.0,618.5,702.0,775.1000000000001,875.0,0.0,577.8335,533.0,548.0,562.0,577.0,594.0,608.0,625.0,0.0,620.9535,574.0,589.9,605.0,621.0,638.0,652.0,669.0,0.0
fit,2024-08-12,4,295,17399,211.8225,98.0,131.0,165.0,204.0,253.0,303.10000000000014,367.0,0.0,217.128,189.0,199.0,207.0,217.0,227.0,236.0,246.0,0.0,214.1305,186.975,196.0,205.0,214.0,223.0,233.0,243.0,0.0
fit,2024-08-12,5,154,17399,109.4905,35.975,53.0,74.0,102.0,138.0,175.10000000000014,220.0,0.0,154.444,131.0,139.0,147.0,154.0,163.0,170.0,180.0,0.0,110.1225,90.0,97.0,103.0,110.0,117.0,123.0,131.0,0.0
fit,2024-08-12,6,111,17399,143.298,50.0,78.0,103.75,137.0,176.0,217.0,270.0,0.0,224.7935,197.0,206.0,215.0,224.0,235.0,244.0,255.0,0.0,142.04,119.0,127.0,134.0,142.0,150.0,157.0,165.0,0.0
fit,2024-08-12,7,222,17399,231.4345,111.975,147.0,180.0,224.0,273.0,328.10000000000014,387.0,0.0,188.139,162.0,170.0,179.0,188.0,198.0,205.10000000000014,215.0,0.0,232.697,204.0,213.0,223.0,232.0,243.0,252.0,264.02499999999986,0.0
fit,2024-08-12,8,1520,17399,1473.796,1147.0,1259.9,1355.75,1469.0,1586.25,1694.0,1831.0249999999999,0.0,1954.07,1872.975,1901.0,1925.0,1953.0,1983.0,2009.0,2037.0499999999997,0.0,1477.7655,1404.0,1430.0,1452.0,1477.0,1503.0,1527.0,1550.0,0.0
fit,2024-08-12,9,51,17399,46.934,6.0,14.0,24.0,40.0,63.0,87.0,126.02499999999986,0.0,43.7185,31.0,35.0,39.0,44.0,48.0,52.0,57.0,0.0,47.331,35.0,38.0,43.0,47.0,52.0,56.0,61.0,0.0
fit,2024-08-12,10,117,17399,188.013,83.975,112.9,142.0,179.0,226.0,276.10000000000014,334.0749999999996,0.0,149.2725,126.0,134.0,141.0,149.0,157.0,165.0,174.0,0.0,187.709,160.0,171.0,178.0,188.0,197.0,205.0,216.0,0.0
fit,2024-08-12,11,1398,17399,1407.584,1106.0,1195.8,1288.75,1401.0,1515.0,1634.0,1763.0,0.0,1583.458,1511.975,1535.9,1558.0,1583.0,1608.0,1633.0,1658.0,0.0,1403.06,1333.95,1356.0,1378.0,1403.0,1428.0,1450.0,1470.0249999999999,0.0
fit,2024-08-12,12,1216,17399,1185.1575,898.975,989.0,1076.0,1184.0,1284.0,1383.1000000000001,1519.0,0.0,1407.9675,1340.975,1361.0,1383.0,1408.0,1432.0,1453.0,1481.0,0.0,1187.0145,1120.0,1143.0,1163.0,1188.0,1210.0,1229.1000000000001,1253.0249999999999,0.0
fit,2024-08-12,13,1225,17399,1237.912,944.975,1035.0,1129.0,1230.5,1345.0,1445.2000000000003,1559.0499999999997,0.0,1587.5065,1508.975,1537.0,1562.0,1588.0,1615.0,1637.0,1664.0,0.0,1242.287,1176.975,1200.0,1220.0,1242.0,1265.0,1286.0,1310.0,0.0
fit,2024-08-12,14,3153,17399,2850.289,2399.9,2560.0,2694.75,2850.0,3008.25,3140.0,3290.075,0.0,2881.2485,2790.0,2820.0,2846.0,2881.0,2914.0,2945.0,2980.0,0.0,2856.8535,2760.0,2793.0,2823.75,2856.0,2890.0,2920.0,2951.0,0.0
fit,2024-08-12,15,99,17399,107.172,33.0,51.0,72.0,100.0,135.0,173.0,223.0,0.0,123.97,102.0,109.0,116.0,124.0,132.0,138.0,146.0,0.0,107.479,87.0,94.0,100.0,108.0,115.0,121.0,127.0,0.0
fit,2024-08-12,16,249,17399,231.003,113.975,149.0,180.0,223.0,275.0,322.0,388.02499999999986,0.0,151.1255,128.0,135.0,143.0,151.0,159.0,167.0,177.0,0.0,230.143,200.0,210.0,219.0,230.0,241.0,250.0,261.0,0.0
fit,2024-08-12,17,775,17399,789.3845,552.0,628.0,698.0,780.0,871.0,961.1000000000001,1077.0,0.0,1161.0135,1098.0,1118.0,1137.0,1161.0,1183.0,1206.0,1226.0,0.0,785.1055,733.975,751.0,766.0,785.0,803.0,820.0,840.0249999999999,0.0
fit,2024-08-12,18,145,17399,186.5315,81.975,108.0,138.0,178.0,229.0,274.0,335.0,0.0,175.9865,150.0,160.0,167.0,176.0,185.0,193.0,202.0,0.0,184.2465,158.0,168.0,175.75,184.0,193.0,202.0,210.0,0.0
fit,2024-08-12,19,1440,17399,1377.476,1085.975,1172.0,1260.75,1369.0,1492.0,1590.1000000000001,1725.0499999999997,0.0,1030.129,969.0,992.0,1009.0,1030.0,1052.0,1069.0,1091.0,0.0,1384.099,1316.0,1338.0,1358.0,1385.0,1409.0,1430.0,1453.0249999999999,0.0
fit,2024-08-12,20,36,17399,85.2875,22.0,37.0,55.0,78.0,109.0,144.0,187.02499999999986,0.0,54.6885,41.0,45.0,50.0,55.0,59.0,64.0,70.0,0.0,84.7725,68.0,73.0,78.0,85.0,91.0,97.0,103.0,0.0
fit,2024-08-12,21,61,17399,63.045,12.0,23.0,36.0,56.5,83.0,112.0,152.04999999999973,0.0,67.124,52.0,57.0,62.0,67.0,73.0,77.0,84.0,0.0,64.431,50.0,54.0,59.0,64.0,70.0,74.0,81.0,0.0
fit,2024-08-12,22,183,17399,171.576,74.0,101.0,129.0,165.0,209.25,246.10000000000014,301.02499999999986,0.0,210.187,182.0,192.0,201.0,210.0,219.0,229.0,238.0,0.0,170.3985,144.0,154.0,162.0,170.0,179.0,187.0,197.0,0.0
fit,2024-08-12,23,101,17399,164.0815,70.0,93.9,121.0,157.0,200.0,241.10000000000014,308.02499999999986,0.0,104.719,84.0,91.0,97.0,105.0,112.0,118.0,125.0,0.0,162.5515,139.0,146.0,154.0,162.0,171.0,179.0,188.0,0.0
fit,2024-08-12,24,206,17399,199.3505,95.0,122.0,155.0,193.0,235.0,285.0,346.0,0.0,157.9525,134.0,142.0,149.0,158.0,166.0,174.0,183.0,0.0,199.4735,173.0,181.0,190.0,200.0,209.0,217.0,227.02499999999986,0.0
fit,2024-08-12,25,238,17399,280.1015,148.975,185.0,225.0,275.0,326.0,383.0,448.0,0.0,232.2385,203.0,213.0,221.0,232.0,242.0,252.0,263.0,0.0,277.39,245.0,257.0,266.0,277.0,288.0,299.0,311.0,0.0
fit,2024-08-12,26,148,17399,160.8805,66.0,89.9,117.0,155.0,196.0,240.0,296.02499999999986,0.0,183.525,158.975,167.0,175.0,183.0,192.0,201.0,210.0,0.0,160.5445,137.0,145.0,152.0,160.0,169.0,177.0,184.0,0.0
fit,2024-08-12,27,250,17399,235.486,120.0,150.0,184.0,229.0,278.0,329.0,393.0,0.0,130.676,108.0,115.0,123.0,131.0,138.0,146.0,153.02499999999986,0.0,234.5145,206.0,215.9,224.0,234.0,245.0,254.0,265.0,0.0
fit,2024-08-12,28,91,17399,100.742,30.0,46.0,64.0,94.0,127.0,166.0,216.02499999999986,0.0,113.07,92.0,99.0,106.0,113.0,120.0,127.0,136.0,0.0,99.635,81.0,87.0,92.0,99.0,107.0,113.0,120.0,0.0
fit,2024-08-12,29,214,17399,242.1475,118.0,153.0,190.0,235.0,287.0,337.0,414.0,0.0,148.863,126.0,133.0,141.0,149.0,157.0,164.0,173.0,0.0,242.7385,213.0,223.0,232.0,243.0,253.0,263.0,273.0,0.0
fit,2024-08-12,30,662,17399,786.8835,548.975,620.0,695.0,780.0,871.0,957.0,1060.0,0.0,352.0045,316.0,328.0,339.0,352.0,365.0,376.0,389.0,0.0,784.8735,732.0,750.0,766.0,785.0,804.0,819.0,838.0249999999999,0.0
fit,2024-08-12,31,331,17399,342.6475,196.0,238.0,281.0,332.0,398.0,459.0,535.0249999999999,0.0,131.324,111.0,117.0,123.0,131.0,139.0,146.0,154.0,0.0,342.661,307.0,319.0,330.0,343.0,355.0,366.0,379.0,0.0
fit,2024-08-12,32,117,17399,153.851,62.0,87.0,112.75,147.0,189.0,231.0,287.0,0.0,147.5455,123.975,132.0,139.0,147.0,156.0,163.10000000000014,172.0,0.0,155.051,130.975,139.0,146.0,155.0,163.0,171.0,180.0,0.0
fit,2024-08-12,33,41,17399,59.223,10.0,21.0,33.0,52.0,77.25,108.0,152.0,0.0,115.2725,94.975,101.0,108.0,115.0,123.0,129.0,136.0,0.0,59.723,45.0,50.0,54.0,60.0,65.0,70.0,76.0,0.0
fit,2024-08-12,34,47,17399,118.564,38.0,60.0,80.0,111.0,148.0,187.0,238.02499999999986,0.0,106.216,86.0,93.0,99.0,106.0,113.0,120.0,127.0,0.0,118.9075,98.0,105.0,112.0,118.0,127.0,133.0,140.0,0.0
fit,2024-08-12,35,34,17399,42.133,4.975000000000001,11.0,20.0,35.0,57.25,84.0,116.02499999999986,0.0,47.365,34.0,39.0,42.0,47.0,52.0,57.0,61.0,0.0,42.138,30.0,34.0,38.0,42.0,46.0,50.0,55.0,0.0
fit,2024-08-12,36,719,17399,830.14,594.975,669.0,743.0,824.5,912.0,994.0,1100.0249999999999,0.0,872.849,816.0,836.0,853.0,874.0,892.0,910.1000000000001,929.0249999999999,0.0,829.012,772.0,793.0,810.0,828.0,848.0,865.0,886.0,0.0
fit,2024-08-12,37,168,17399,183.195,79.0,108.0,137.0,176.0,222.25,268.0,320.02499999999986,0.0,102.413,83.0,89.9,95.0,102.0,109.0,116.0,123.0,0.0,183.08,158.0,166.0,174.0,183.0,192.0,201.0,211.0,0.0
fit,2024-08-12,38,273,17399,188.459,86.0,114.0,143.0,181.0,227.0,273.0,333.02499999999986,0.0,102.576,84.0,90.0,96.0,102.0,109.0,116.0,122.0,0.0,188.604,161.0,172.0,180.0,188.0,198.0,206.0,215.0,0.0
fit,2024-08-12,39,171,17399,205.508,100.0,127.0,159.0,200.0,245.0,290.0,344.0,0.0,138.079,116.0,123.0,130.0,138.0,146.0,153.0,162.0,0.0,205.115,176.0,186.0,195.0,205.0,215.0,224.0,234.0,0.0
fit,2024-08-19,0,12,16755,27.1095,1.0,4.0,10.0,20.0,38.0,59.0,89.02499999999986,0.0,30.6875,20.0,23.0,27.0,31.0,34.0,38.0,42.0,0.0,27.9425,18.0,21.0,24.0,28.0,31.0,35.0,39.0,0.0
fit,2024-08-19,1,82,16755,101.1965,30.0,47.0,67.0,95.0,128.0,163.0,214.02499999999986,0.0,93.9795,75.0,81.0,87.0,94.0,101.0,107.0,114.0,0.0,99.7255,81.0,87.0,93.0,100.0,106.0,112.0,120.0,0.0
fit,2024-08-19,2,203,16755,249.6245,128.975,162.0,195.0,244.0,295.0,349.0,405.0,0.0,133.382,110.0,118.0,126.0,133.0,141.0,148.0,156.02499999999986,0.0,251.1745,220.0,231.0,240.0,251.0,261.0,272.0,284.0,0.0
fit,2024-08-19,3,849,16755,641.9435,438.0,497.0,560.75,636.0,714.0,790.0,894.0249999999999,0.0,557.501,512.975,527.0,542.0,558.0,573.0,587.0,602.0,0.0,640.6605,593.0,610.0,625.0,641.0,657.0,672.0,689.0,0.0
fit,2024-08-19,4,201,16755,234.2775,116.0,148.0,184.0,229.0,275.0,328.0,388.0499999999997,0.0,208.7245,179.0,189.9,199.0,209.0,218.0,228.0,238.0,0.0,234.7815,204.0,215.0,224.0,235.0,245.0,255.0,265.0,0.0
fit,2024-08-19,5,123,16755,121.5665,42.0,61.0,83.0,114.0,153.25,191.10000000000014,244.0,0.0,148.3705,125.0,133.0,140.0,148.0,157.0,164.0,173.0,0.0,121.2905,100.0,107.0,114.0,121.0,129.0,136.0,144.0,0.0
fit,2024-08-19,6,158,16755,129.5855,46.0,70.0,92.0,123.0,159.0,200.0,251.02499999999986,0.0,215.8465,187.0,197.0,206.0,216.0,226.0,234.0,244.0,0.0,130.982,110.0,117.0,123.0,131.0,138.0,146.0,155.0,0.0
fit,2024-08-19,7,131,16755,238.5395,119.0,153.0,189.0,234.0,280.0,332.0,399.02499999999986,0.0,180.867,155.0,164.0,172.0,181.0,190.0,198.0,208.0,0.0,236.64,207.0,217.0,226.0,236.0,247.0,256.0,267.0,0.0
fit,2024-08-19,8,1361,16755,1443.3205,1137.95,1237.0,1330.0,1439.0,1547.0,1660.1000000000001,1787.0249999999999,0.0,1880.2025,1799.0,1828.0,1852.0,1880.0,1908.0,1933.0,1963.0,0.0,1446.8995,1378.0,1400.0,1423.0,1447.0,1471.0,1493.1000000000001,1517.0249999999999,0.0
fit,2024-08-19,9,45,16755,49.718,6.0,15.0,26.0,44.0,67.0,94.0,124.02499999999986,0.0,42.265,30.0,34.0,38.0,42.0,47.0,51.0,56.0,0.0,50.011,37.0,41.0,45.0,50.0,54.0,59.0,64.0,0.0
fit,2024-08-19,10,80,16755,144.8545,59.975,82.0,104.75,138.0,177.0,220.0,272.02499999999986,0.0,143.869,121.0,128.0,136.0,144.0,152.0,159.0,169.0,0.0,144.5805,122.975,130.0,136.0,144.0,152.0,160.0,169.0,0.0
fit,2024-08-19,11,1305,16755,1343.652,1048.975,1143.9,1230.0,1336.5,1447.25,1556.0,1680.0,0.0,1526.1495,1456.975,1478.0,1501.0,1527.0,1552.0,1573.1000000000001,1598.0249999999999,0.0,1346.946,1280.0,1303.0,1324.0,1347.0,1370.0,1391.0,1416.0,0.0
fit,2024-08-19,12,1452,16755,1138.9515,859.975,954.9,1036.0,1135.0,1234.0,1332.0,1435.0249999999999,0.0,1355.288,1284.0,1310.9,1331.0,1355.0,1380.0,1401.0,1427.0,0.0,1133.4885,1070.0,1093.0,1111.0,1133.0,1155.0,1176.0,1198.0249999999999,0.0
fit,2024-08-19,13,1225,16755,1185.81,903.0,987.0,1077.0,1181.0,1287.25,1383.1000000000001,1507.0,0.0,1530.266,1455.0,1481.9,1505.0,1530.0,1555.25,1579.0,1609.0,0.0,1184.21,1120.975,1141.0,1161.0,1185.0,1207.0,1227.1000000000001,1250.0,0.0
fit,2024-08-19,14,2770,16755,2870.169,2455.975,2587.0,2714.75,2866.5,3015.0,3153.1000000000004,3315.0,0.0,2774.9935,2678.975,2715.0,2744.0,2774.0,2807.0,2836.0,2868.0249999999996,0.0,2874.091,2781.975,2814.0,2841.75,2873.0,2906.0,2937.0,2969.0,0.0
fit,2024-08-19,15,142,16755,103.41,33.0,49.0,67.0,96.0,131.0,166.0,215.0,0.0,119.0865,99.0,105.0,111.0,119.0,126.0,133.0,141.0,0.0,102.5605,82.0,89.0,95.0,102.0,110.0,116.0,124.0,0.0
fit,2024-08-19,16,226,16755,233.027,114.0,148.0,183.0,225.5,275.0,327.10000000000014,389.0,0.0,146.069,123.0,131.0,138.0,146.0,154.0,162.0,170.0,0.0,233.04,203.0,213.0,223.0,233.0,244.0,253.0,263.02499999999986,0.0
fit,2024-08-19,17,739,16755,757.1995,527.975,600.0,669.0,753.0,834.0,921.0,1029.0499999999997,0.0,1115.7755,1056.0,1076.0,1094.0,1115.0,1137.0,1157.0,1180.0249999999999,0.0,760.557,708.975,727.0,743.0,761.0,778.0,794.0,813.0,0.0
fit,2024-08-19,18,139,16755,161.9725,70.0,92.0,119.0,155.0,197.0,237.0,298.0749999999996,0.0,169.06,143.975,152.9,160.0,169.0,178.0,186.0,196.0,0.0,160.2005,136.0,144.0,151.0,160.0,169.0,177.0,186.0,0.0
fit,2024-08-19,19,1126,16755,1331.081,1040.0,1134.0,1216.75,1324.0,1435.0,1535.2000000000003,1673.0,0.0,993.6765,930.0,953.0,973.0,993.0,1014.0,1034.0,1058.0,0.0,1331.772,1264.975,1287.0,1307.0,1332.0,1355.0,1378.0,1399.0,0.0
fit,2024-08-19,20,96,16755,72.0235,16.0,28.0,44.75,64.5,93.0,125.0,165.0,0.0,52.698,39.0,43.0,48.0,53.0,58.0,62.0,67.0,0.0,71.059,55.0,60.0,65.0,71.0,77.0,82.0,88.0,0.0
fit,2024-08-19,21,44,16755,53.9645,10.0,18.0,30.0,47.0,71.25,98.0,136.0,0.0,64.3455,49.0,54.0,59.0,64.0,70.0,75.0,81.0,0.0,54.578,41.0,45.0,50.0,54.0,59.0,64.0,70.0,0.0
fit,2024-08-19,22,146,16755,166.157,70.0,96.0,124.0,159.5,202.0,242.0,301.0,0.0,202.3145,174.0,184.0,193.0,202.0,212.0,221.0,231.0,0.0,165.809,141.0,150.0,157.0,166.0,174.0,182.0,190.02499999999986,0.0
fit,2024-08-19,23,65,16755,116.128,41.975,59.0,80.0,109.5,145.0,180.0,232.0,0.0,100.6255,81.0,88.0,93.0,101.0,107.0,114.0,121.0,0.0,115.271,95.0,102.0,108.0,115.0,122.0,129.0,136.0,0.0
fit,2024-08-19,24,231,16755,198.345,94.0,118.9,152.0,192.0,237.0,285.0,339.02499999999986,0.0,152.5,130.0,137.0,144.0,152.0,161.0,169.0,176.0,0.0,196.757,170.0,179.0,187.0,197.0,206.0,214.10000000000014,225.0,0.0
fit,2024-08-19,25,227,16755,250.2965,126.0,163.0,199.0,244.0,295.25,345.0,407.0,0.0,223.7905,194.0,205.0,213.0,224.0,234.0,243.0,254.0,0.0,250.465,220.0,230.0,240.0,251.0,261.0,270.0,281.0,0.0
fit,2024-08-19,26,198,16755,144.8165,58.0,78.0,105.0,137.0,179.0,220.0,262.09999999999945,0.0,176.503,153.0,160.0,168.0,176.0,185.0,193.0,202.0,0.0,143.396,121.0,128.0,135.0,143.0,152.0,159.0,167.0,0.0
fit,2024-08-19,27,192,16755,247.34,129.975,163.0,197.0,241.0,291.0,341.0,403.02499999999986,0.0,125.9605,105.0,111.0,118.0,126.0,133.0,141.0,149.0,0.0,247.709,218.0,227.0,237.0,247.0,258.0,268.0,280.0,0.0
fit,2024-08-19,28,99,16755,102.6825,34.0,51.0,69.0,96.0,128.0,164.10000000000014,216.02499999999986,0.0,109.475,89.0,96.0,102.0,109.0,117.0,123.0,131.0,0.0,102.9435,83.0,90.0,96.0,103.0,110.0,116.0,122.0,0.0
fit,2024-08-19,29,150,16755,230.8625,113.975,143.0,180.0,223.0,273.0,331.0,393.0,0.0,143.576,122.0,129.0,136.0,143.0,151.0,159.0,167.0,0.0,229.198,200.0,210.0,218.0,229.0,240.0,249.0,260.0,0.0
fit,2024-08-19,30,579,16755,664.3825,453.95,515.0,581.0,660.0,741.0,823.0,910.0999999999995,0.0,338.6565,304.0,315.0,326.0,339.0,351.0,362.0,375.0,0.0,662.6245,614.0,630.0,646.0,662.0,680.0,696.1000000000001,713.0,0.0
fit,2024-08-19,31,329,16755,316.93,174.0,219.0,260.0,311.0,367.0,425.10000000000014,493.02499999999986,0.0,126.593,105.0,112.0,119.0,126.0,134.0,142.0,150.0,0.0,319.8145,285.0,296.0,308.0,320.0,331.0,343.0,356.02499999999986,0.0
fit,2024-08-19,32,238,16755,144.2035,55.0,79.0,104.0,138.0,179.0,219.0,265.0,0.0,142.3735,119.0,128.0,134.0,142.0,150.0,157.0,167.0,0.0,142.6635,121.0,128.0,134.0,142.0,151.0,157.0,167.0,0.0
fit,2024-08-19,33,18,16755,33.1725,3.0,7.0,14.0,27.0,45.0,68.0,101.02499999999986,0.0,110.758,91.0,97.0,103.0,111.0,118.0,125.0,132.0,0.0,34.0805,23.0,27.0,30.0,34.0,38.0,42.0,46.0,0.0
fit,2024-08-19,34,139,16755,100.575,31.0,46.0,66.0,92.0,127.0,165.0,214.0,0.0,102.327,82.975,90.0,95.0,102.0,109.0,115.0,123.0,0.0,100.751,81.0,88.0,94.0,101.0,108.0,114.0,121.0,0.0
fit,2024-08-19,35,19,16755,33.8305,2.0,7.0,15.0,27.0,46.0,71.0,102.0,0.0,45.534,33.0,37.0,41.0,45.0,50.0,54.0,59.0,0.0,34.2725,23.0,26.0,30.0,34.0,39.0,42.0,47.0,0.0
fit,2024-08-19,36,952,16755,797.069,560.975,638.0,709.0,791.0,880.0,966.0,1080.0499999999997,0.0,840.9215,785.0,804.0,822.0,840.0,861.0,878.0,896.0249999999999,0.0,796.197,740.0,761.0,778.0,797.0,814.0,831.0,848.0,0.0
fit,2024-08-19,37,300,16755,182.495,81.975,108.0,138.75,178.0,220.0,264.0,320.0,0.0,98.233,79.0,86.0,91.0,98.0,105.0,111.0,118.0,0.0,183.555,158.0,167.0,174.0,184.0,192.0,200.0,210.0,0.0
fit,2024-08-19,38,151,16755,205.9365,94.975,126.0,159.0,200.0,244.0,293.0,350.02499999999986,0.0,99.17,80.0,86.0,92.0,99.0,106.0,112.0,119.0,0.0,204.7435,177.975,187.0,195.0,204.0,214.0,224.0,233.0,0.0
fit,2024-08-19,39,213,16755,186.781,84.0,112.0,142.75,181.0,224.0,270.0,326.0,0.0,132.5855,110.975,118.0,125.0,133.0,140.0,147.0,156.0,0.0,187.559,161.0,170.0,178.0,187.5,197.0,205.0,215.0,0.0
fit,2024-08-26,0,19,18085,19.8025,0.0,1.0,5.0,14.0,27.0,46.0,75.02499999999986,0.0,33.058,23.0,26.0,29.0,33.0,37.0,40.0,45.0,0.0,20.195,12.0,15.0,17.0,20.0,23.0,26.0,29.0,0.0
fit,2024-08-26,1,133,18085,109.388,32.0,51.0,71.0,101.0,140.0,181.0,235.0,0.0,101.8815,83.0,90.0,95.0,102.0,108.0,115.0,122.0,0.0,108.488,89.0,95.0,102.0,108.0,115.0,122.0,129.0,0.0
fit,2024-08-26,2,311,18085,258.4225,130.0,166.0,203.0,250.0,306.0,361.0,432.0,0.0,143.543,121.0,128.0,135.0,143.0,152.0,159.0,168.0,0.0,260.097,228.0,240.0,250.0,260.0,271.0,281.0,291.0,0.0
fit,2024-08-26,3,929,18085,744.7815,523.0,590.0,661.75,737.0,824.25,904.0,1014.0499999999997,0.0,601.129,553.0,571.0,585.0,601.0,617.0,632.0,649.0,0.0,744.0815,690.95,710.0,726.0,744.0,763.0,779.0,797.0,0.0
fit,2024-08-26,4,221,18085,248.646,125.0,156.0,193.0,241.0,293.0,351.0,417.02499999999986,0.0,225.2905,197.0,206.9,215.0,225.0,235.0,244.0,254.0,0.0,248.839,220.0,230.0,239.0,248.0,259.0,269.0,280.02499999999986,0.0
fit,2024-08-26,5,274,18085,134.3015,48.975,70.0,95.0,129.0,164.0,207.10000000000014,264.0,0.0,160.5495,136.0,145.0,152.0,160.0,169.0,177.0,187.0,0.0,134.4435,111.0,119.0,126.0,135.0,143.0,149.0,157.02499999999986,0.0
fit,2024-08-26,6,176,18085,144.9045,55.0,79.9,104.0,137.0,177.0,219.0,278.0,0.0,233.5385,206.0,214.0,223.0,233.0,243.0,253.0,264.0,0.0,147.031,123.0,132.0,139.0,147.0,155.0,162.0,171.0,0.0
fit,2024-08-26,7,240,18085,230.47,109.0,144.0,178.0,224.0,273.0,325.0,401.02499999999986,0.0,196.199,168.0,179.0,187.0,196.0,205.0,214.0,222.0,0.0,226.686,198.975,208.0,216.0,227.0,236.0,246.0,257.0,0.0
fit,2024-08-26,8,1361,18085,1536.3675,1203.975,1317.9,1408.75,1526.0,1658.25,1760.1000000000001,1916.0249999999999,0.0,2030.484,1945.975,1974.0,2001.75,2031.0,2059.0,2085.0,2114.0,0.0,1535.6125,1464.0,1486.0,1509.0,1535.0,1561.0,1585.0,1608.0,0.0
fit,2024-08-26,9,54,18085,58.1745,9.0,19.0,32.0,50.0,78.0,108.0,145.0,0.0,45.481,33.0,36.900000000000006,41.0,45.0,50.0,54.0,59.0,0.0,58.9225,44.0,49.0,54.0,59.0,64.0,69.0,75.0,0.0
fit,2024-08-26,10,65,18085,122.841,41.0,61.0,85.0,117.0,153.0,193.0,240.02499999999986,0.0,155.7455,132.0,140.0,148.0,156.0,164.0,171.0,180.0,0.0,123.254,102.0,109.0,116.0,123.0,131.0,138.0,146.0,0.0
fit,2024-08-26,11,1729,18085,1458.5235,1119.875,1241.9,1343.75,1452.5,1568.25,1681.1000000000001,1820.0499999999997,0.0,1647.779,1573.0,1597.0,1620.0,1648.0,1674.0,1698.0,1725.0499999999997,0.0,1461.7195,1391.0,1416.0,1436.0,1462.0,1486.0,1508.0,1536.0,0.0
fit,2024-08-26,12,1293,18085,1300.7865,986.0,1086.0,1177.0,1294.5,1413.0,1525.1000000000001,1636.0499999999997,0.0,1463.2445,1393.0,1414.9,1438.0,1463.0,1488.0,1512.0,1535.0,0.0,1303.2345,1235.975,1258.0,1279.0,1305.0,1327.0,1347.0,1367.0,0.0
fit,2024-08-26,13,1208,18085,1306.8805,982.975,1098.9,1191.0,1306.0,1417.0,1518.1000000000001,1649.0749999999996,0.0,1650.5185,1576.0,1600.0,1623.0,1651.0,1676.0,1701.0,1729.0249999999999,0.0,1307.4485,1240.975,1262.0,1282.0,1307.0,1331.0,1353.0,1379.0,0.0
fit,2024-08-26,14,2813,18085,3050.922,2600.975,2756.9,2883.0,3044.0,3203.0,3359.0,3528.0499999999997,0.0,2992.658,2893.975,2928.0,2958.0,2992.0,3026.0,3056.0,3091.0249999999996,0.0,3055.9415,2955.0,2991.9,3022.0,3054.0,3090.0,3124.0,3163.0,0.0
fit,2024-08-26,15,157,18085,125.7675,43.975,64.0,85.0,119.0,156.0,197.0,256.02499999999986,0.0,128.8,107.0,114.0,121.0,129.0,136.0,143.0,152.0,0.0,125.049,104.0,111.0,117.0,125.0,133.0,140.0,147.0,0.0
fit,2024-08-26,16,294,18085,248.937,122.975,159.9,196.0,242.0,296.0,348.0,409.02499999999986,0.0,156.7545,133.0,141.0,148.0,156.0,165.0,173.0,181.02499999999986,0.0,250.2005,219.975,230.0,240.0,250.0,261.0,271.0,281.0,0.0
fit,2024-08-26,17,703,18085,827.8165,579.95,655.0,732.75,824.0,921.0,1005.0,1090.0499999999997,0.0,1204.689,1139.975,1162.0,1182.0,1204.0,1227.0,1249.0,1269.0,0.0,828.9105,776.0,792.0,810.0,829.0,847.0,865.0,884.0,0.0
fit,2024-08-26,18,176,18085,161.4205,65.0,91.9,118.0,153.0,197.0,245.0,297.02499999999986,0.0,182.67,156.0,166.0,174.0,183.0,192.0,200.0,209.0,0.0,160.777,137.0,145.0,152.0,161.0,169.0,177.0,186.0,0.0
fit,2024-08-26,19,1290,18085,1399.272,1068.975,1178.0,1279.0,1394.0,1505.25,1624.0,1767.0499999999997,0.0,1071.748,1011.0,1031.0,1050.0,1071.0,1093.0,1113.0,1137.0,0.0,1392.0325,1320.0,1347.0,1368.0,1392.0,1416.0,1437.0,1462.0,0.0
fit,2024-08-26,20,92,18085,84.126,21.0,36.0,53.0,77.0,110.0,141.10000000000014,184.0,0.0,56.776,42.0,47.0,52.0,56.5,62.0,67.0,72.0,0.0,84.718,67.0,73.0,78.0,85.0,91.0,97.0,104.0,0.0
fit,2024-08-26,21,69,18085,60.641,11.0,20.0,33.0,52.0,81.0,112.0,153.0,0.0,69.576,53.975,59.0,64.0,69.0,75.0,81.0,87.0,0.0,60.523,46.0,51.0,55.0,60.0,66.0,71.0,77.0,0.0
fit,2024-08-26,22,188,18085,169.2685,70.0,94.0,124.0,163.0,207.0,254.0,309.0499999999997,0.0,218.724,191.975,200.0,208.0,218.0,228.0,237.0,248.0,0.0,170.6275,146.0,154.0,161.0,170.0,179.0,188.0,197.0,0.0
fit,2024-08-26,23,103,18085,94.6745,25.0,42.0,60.0,87.0,121.0,158.0,208.0,0.0,108.6315,87.0,96.0,102.0,109.0,116.0,122.0,129.0,0.0,92.7585,74.0,80.0,86.0,92.0,99.0,106.0,113.0,0.0
fit,2024-08-26,24,261,18085,223.7795,105.0,138.9,171.75,217.0,270.0,316.0,376.0,0.0,164.8905,139.0,149.0,156.0,165.0,174.0,181.0,190.0,0.0,221.057,194.0,202.0,211.0,221.0,231.0,240.0,250.0,0.0
fit,2024-08-26,25,199,18085,271.167,140.0,177.0,216.0,263.0,317.0,374.0,447.02499999999986,0.0,240.557,211.0,220.0,230.0,240.0,251.0,260.10000000000014,273.02499999999986,0.0,271.327,240.0,251.0,260.0,271.0,281.0,293.0,306.0,0.0
fit,2024-08-26,26,188,18085,167.6695,65.975,92.0,121.0,160.5,207.0,253.0,308.02499999999986,0.0,191.1025,164.0,174.0,182.0,191.0,200.0,209.0,219.0,0.0,166.8145,143.0,151.0,158.0,167.0,175.0,183.0,191.0,0.0
fit,2024-08-26,27,215,18085,260.947,134.95,169.0,206.0,253.0,309.0,364.0,431.0499999999997,0.0,136.0455,113.0,121.0,128.0,136.0,144.0,151.0,161.0,0.0,262.715,233.0,242.0,252.0,263.0,273.0,283.0,294.0,0.0
fit,2024-08-26,28,114,18085,107.7145,34.0,52.0,72.0,101.0,136.0,172.0,223.0,0.0,117.775,97.0,103.0,110.0,118.0,125.0,132.0,141.0,0.0,107.9375,88.975,95.0,101.0,108.0,115.0,121.0,129.0,0.0
fit,2024-08-26,29,264,18085,235.2655,112.0,145.0,182.0,227.5,280.0,332.0,408.0,0.0,154.6905,130.0,138.0,146.0,154.0,163.25,171.0,179.0,0.0,235.9055,206.0,216.0,226.0,236.0,246.0,256.0,268.02499999999986,0.0
fit,2024-08-26,30,526,18085,676.5855,462.975,526.0,590.0,671.0,754.0,839.0,942.0249999999999,0.0,365.257,327.0,341.0,352.0,365.0,378.0,390.0,404.0,0.0,672.867,623.975,642.0,656.0,673.0,689.0,705.0,720.0249999999999,0.0
fit,2024-08-26,31,406,18085,329.7365,187.0,230.0,270.0,323.0,383.0,441.0,507.02499999999986,0.0,135.522,113.0,121.0,127.0,135.0,144.0,151.0,158.0,0.0,330.3125,295.0,307.9,318.0,330.0,343.0,353.0,365.0,0.0
fit,2024-08-26,32,225,18085,166.0965,67.0,92.0,122.0,158.0,203.0,248.0,310.0499999999997,0.0,153.6505,129.0,138.0,145.0,154.0,162.0,170.0,178.0,0.0,166.812,142.0,151.0,158.0,167.0,175.0,183.0,193.0,0.0
fit,2024-08-26,33,17,18085,31.013,1.0,5.0,11.0,24.0,43.0,66.0,100.04999999999973,0.0,119.8415,99.0,106.0,112.0,119.0,127.0,134.0,142.0,0.0,31.2185,21.0,24.0,27.0,31.0,35.0,39.0,43.0,0.0
fit,2024-08-26,34,116,18085,119.3985,40.0,58.0,81.0,113.0,150.0,189.0,246.0,0.0,110.644,90.0,97.0,103.75,110.0,118.0,124.0,131.0,0.0,119.1315,98.0,105.0,111.0,119.0,127.0,133.10000000000014,142.0,0.0
fit,2024-08-26,35,36,18085,32.326,1.9750000000000014,6.0,12.0,25.0,44.0,68.0,106.0,0.0,49.169,36.0,40.0,44.0,49.0,54.0,58.0,63.0,0.0,32.898,22.0,26.0,29.0,33.0,37.0,40.0,45.0,0.0
fit,2024-08-26,36,930,18085,893.0465,637.975,717.9,796.0,889.0,982.25,1076.1000000000001,1181.0,0.0,908.7005,850.0,870.0,888.0,909.0,929.0,947.0,968.0,0.0,893.67,840.0,856.0,873.0,893.0,912.0,933.0,956.0,0.0
fit,2024-08-26,37,266,18085,246.086,122.0,157.0,190.75,236.0,292.0,348.0,409.02499999999986,0.0,106.159,86.0,93.0,99.0,106.0,113.0,119.0,127.0,0.0,242.902,214.0,224.0,233.0,243.0,252.0,263.0,274.0,0.0
fit,2024-08-26,38,223,18085,213.9215,99.975,131.0,163.75,206.0,255.25,308.0,373.0,0.0,107.3565,88.0,94.0,100.0,107.0,114.0,121.0,129.0,0.0,214.2655,187.0,196.0,204.0,214.0,224.0,234.0,244.0,0.0
fit,2024-08-26,39,201,18085,213.1115,101.0,129.0,162.0,207.0,257.0,306.0,366.02499999999986,0.0,144.1705,122.0,128.9,136.0,144.0,153.0,159.10000000000014,168.0,0.0,213.576,185.0,194.9,204.0,213.0,223.0,233.0,242.0,0.0
fit,2024-09-02,0,9,17320,18.108,0.0,1.0,4.0,12.0,26.0,44.0,70.0,0.0,31.616,21.0,24.0,28.0,31.0,35.0,39.0,43.0,0.0,18.6035,11.0,13.0,16.0,18.0,21.0,24.0,27.0,0.0
fit,2024-09-02,1,116,17320,104.284,32.975,50.0,70.0,97.0,133.0,166.0,209.09999999999945,0.0,97.6895,80.0,85.0,91.0,97.0,104.0,110.0,118.0,0.0,103.835,85.0,91.0,97.0,103.0,110.0,117.0,125.0,0.0
fit,2024-09-02,2,353,17320,271.384,145.975,178.0,216.0,264.0,321.0,375.0,432.02499999999986,0.0,138.011,115.0,123.0,129.0,138.0,146.0,154.0,162.0,0.0,271.16,240.0,250.0,260.0,271.0,282.0,292.0,303.0,0.0
fit,2024-09-02,3,823,17320,783.858,553.0,625.0,691.0,779.0,868.0,955.0,1049.0999999999995,0.0,575.0475,526.0,543.0,558.0,575.0,592.0,606.0,623.0,0.0,784.587,731.975,751.0,767.0,784.0,802.0,819.0,840.0,0.0
fit,2024-09-02,4,177,17320,234.135,118.975,146.0,183.0,226.0,277.0,330.0,401.0,0.0,216.1195,186.0,197.0,206.0,216.0,226.0,236.0,245.02499999999986,0.0,235.7405,207.0,216.0,226.0,235.0,246.0,255.0,265.0,0.0
fit,2024-09-02,5,325,17320,171.9045,77.0,103.0,131.0,165.0,206.25,249.0,303.0,0.0,153.4585,129.0,139.0,145.0,153.0,161.0,169.10000000000014,178.0,0.0,172.5515,147.0,156.0,164.0,172.0,182.0,189.0,199.0,0.0
fit,2024-09-02,6,150,17320,155.6315,62.975,87.0,115.0,149.0,189.0,231.0,291.02499999999986,0.0,223.0515,195.0,204.0,212.75,223.0,233.0,242.0,252.0,0.0,155.6325,133.0,140.0,147.0,156.0,164.0,172.0,181.0,0.0
fit,2024-09-02,7,174,17320,199.864,91.0,121.0,151.0,193.5,240.0,286.0,352.0,0.0,186.9345,161.0,169.0,177.0,187.0,196.0,205.0,215.0,0.0,200.168,172.0,182.0,191.0,200.0,210.0,218.0,228.0,0.0
fit,2024-09-02,8,1294,17320,1426.6795,1104.975,1213.0,1302.0,1420.5,1539.0,1653.1000000000001,1783.0249999999999,0.0,1946.1095,1863.0,1891.9,1918.0,1945.0,1976.0,2002.0,2030.0249999999999,0.0,1424.5985,1352.975,1377.9,1399.0,1424.0,1450.0,1473.0,1499.0,0.0
fit,2024-09-02,9,60,17320,48.5135,6.0,14.0,25.0,41.0,65.0,93.0,130.0,0.0,43.241,31.0,35.0,39.0,43.0,47.0,52.0,57.0,0.0,46.328,34.0,38.0,42.0,46.0,51.0,55.0,61.0,0.0
fit,2024-09-02,10,170,17320,96.0195,26.975,43.0,62.0,89.0,123.0,159.0,208.0,0.0,148.4585,125.0,133.0,140.0,148.0,157.0,164.0,173.0,0.0,95.129,77.0,83.0,88.0,95.0,102.0,108.0,115.0,0.0
fit,2024-09-02,11,1598,17320,1467.3665,1164.0,1243.0,1353.0,1466.0,1577.25,1687.0,1800.0499999999997,0.0,1578.352,1504.975,1531.0,1554.0,1577.0,1603.0,1627.0,1651.0249999999999,0.0,1456.6955,1384.975,1408.0,1433.0,1457.0,1481.0,1504.0,1526.0249999999999,0.0
fit,2024-09-02,12,1265,17320,1266.2085,963.975,1060.9,1150.0,1259.5,1374.0,1478.0,1614.0249999999999,0.0,1401.8525,1331.0,1356.0,1376.0,1401.0,1427.0,1448.0,1475.0,0.0,1270.934,1206.0,1228.9,1249.0,1271.0,1293.0,1313.0,1336.0,0.0
fit,2024-09-02,13,1146,17320,1205.519,909.975,1008.9,1095.0,1202.0,1310.0,1408.0,1520.0249999999999,0.0,1580.5495,1509.0,1533.0,1555.0,1581.0,1605.0,1629.0,1655.0,0.0,1203.682,1141.0,1161.0,1181.0,1203.0,1225.0,1248.0,1269.0,0.0
fit,2024-09-02,14,2915,17320,2910.093,2497.95,2632.9,2747.75,2904.0,3061.0,3212.0,3375.0,0.0,2866.137,2774.0,2804.0,2832.0,2865.0,2900.0,2929.1000000000004,2962.0,0.0,2915.659,2822.975,2853.9,2881.75,2916.0,2949.0,2978.0,3008.0,0.0
fit,2024-09-02,15,127,17320,132.107,49.0,70.0,92.75,126.0,165.25,202.0,253.02499999999986,0.0,123.0545,102.0,108.0,115.0,123.0,130.0,137.0,146.0,0.0,132.386,111.0,118.0,124.0,132.0,140.0,148.0,156.0,0.0
fit,2024-09-02,16,291,17320,259.222,134.0,169.0,206.0,250.0,306.0,361.0,429.02499999999986,0.0,150.542,127.0,134.0,142.0,151.0,159.0,167.0,175.0,0.0,256.9435,227.0,236.0,246.0,257.0,268.0,278.0,289.0,0.0
fit,2024-09-02,17,590,17320,744.6715,520.975,589.9,659.0,737.5,821.25,911.0,1019.0499999999997,0.0,1154.9345,1093.0,1114.0,1133.0,1155.0,1176.0,1196.0,1218.0,0.0,744.7415,693.0,711.0,727.0,745.0,763.0,779.0,797.0,0.0
fit,2024-09-02,18,167,17320,145.656,56.0,81.0,104.0,139.0,181.0,221.0,268.0,0.0,175.9815,150.0,159.0,167.0,175.0,185.0,193.0,201.0,0.0,146.823,123.0,132.0,139.0,147.0,155.0,163.0,171.0,0.0
fit,2024-09-02,19,1212,17320,1300.366,1023.0,1100.0,1182.0,1289.5,1401.0,1515.0,1651.0749999999996,0.0,1026.634,964.975,986.0,1005.75,1028.0,1048.0,1068.0,1088.0,0.0,1295.389,1225.0,1252.0,1271.0,1294.0,1319.0,1341.0,1367.0,0.0
fit,2024-09-02,20,115,17320,74.292,16.0,29.0,44.0,68.0,96.0,127.0,173.0,0.0,54.3255,40.0,45.0,49.0,54.0,59.0,64.0,69.0,0.0,75.122,59.0,64.0,69.0,75.0,81.0,86.0,93.0,0.0
fit,2024-09-02,21,67,17320,59.8395,10.0,20.0,33.75,52.0,79.0,105.0,151.02499999999986,0.0,66.657,51.0,56.0,61.0,66.0,72.0,78.0,84.0,0.0,59.2,44.0,50.0,54.0,59.0,64.0,69.0,75.0,0.0
fit,2024-09-02,22,189,17320,177.1015,77.0,104.0,132.0,169.0,212.0,260.10000000000014,322.0,0.0,208.72,181.0,190.0,199.0,209.0,218.0,227.10000000000014,239.0,0.0,176.596,150.0,160.0,168.0,177.0,185.0,193.0,204.0,0.0
fit,2024-09-02,23,87,17320,92.0125,27.975,41.0,58.75,84.0,115.25,153.0,198.0,0.0,104.084,84.0,91.0,97.0,104.0,111.0,117.0,124.0,0.0,93.186,74.975,81.0,87.0,93.0,100.0,105.0,113.0,0.0
fit,2024-09-02,24,196,17320,216.6,101.0,135.0,169.0,208.0,256.0,308.0,383.0,0.0,157.1665,132.975,141.0,149.0,157.0,165.0,173.0,182.0,0.0,217.987,191.0,199.0,208.0,218.0,227.0,236.0,248.0,0.0
fit,2024-09-02,25,299,17320,230.9105,113.0,147.0,179.0,221.0,275.0,325.0,392.02499999999986,0.0,231.18,202.0,212.0,221.0,231.0,241.0,251.0,263.02499999999986,0.0,231.3655,201.975,212.0,221.0,231.0,242.0,251.0,262.0,0.0
fit,2024-09-02,26,323,17320,167.195,69.975,95.0,124.0,160.0,202.25,249.0,309.02499999999986,0.0,182.731,156.975,166.0,174.0,182.0,192.0,200.0,211.0,0.0,168.611,144.0,152.0,160.0,169.0,177.0,185.0,194.0,0.0
fit,2024-09-02,27,120,17320,240.837,118.0,151.0,188.0,236.0,284.25,337.0,396.02499999999986,0.0,130.186,107.0,115.0,122.0,130.0,138.0,145.0,153.0,0.0,239.5295,211.0,220.0,229.0,239.0,249.0,259.0,269.02499999999986,0.0
fit,2024-09-02,28,116,17320,99.163,30.0,47.0,65.0,91.0,124.0,162.10000000000014,211.02499999999986,0.0,112.867,91.975,100.0,106.0,113.0,120.0,126.0,134.0,0.0,99.149,80.0,86.0,92.0,99.0,106.0,112.0,119.0,0.0
fit,2024-09-02,29,377,17320,209.5525,94.975,126.9,162.0,203.0,251.0,300.10000000000014,356.0,0.0,148.2845,125.0,133.0,140.0,148.0,156.0,163.0,172.02499999999986,0.0,209.536,182.0,192.0,200.0,209.0,219.0,228.0,236.0,0.0
fit,2024-09-02,30,492,17320,613.213,406.0,477.9,539.0,608.5,682.0,754.2000000000003,842.0749999999996,0.0,349.8625,315.0,326.0,337.0,350.0,362.0,374.0,388.0,0.0,616.05,567.0,583.0,599.0,617.0,633.0,648.0,664.0,0.0
fit,2024-09-02,31,283,17320,357.6145,212.975,254.0,295.0,352.0,412.0,472.0,549.0,0.0,130.4625,109.0,116.0,123.0,130.0,138.0,145.0,153.0,0.0,359.9275,323.0,337.0,348.0,359.0,373.0,384.0,399.0,0.0
fit,2024-09-02,32,172,17320,176.4095,81.975,106.0,132.75,169.0,211.25,258.10000000000014,312.02499999999986,0.0,147.5855,124.0,132.0,139.0,147.0,156.0,163.0,172.0,0.0,178.6635,154.0,162.0,170.0,178.0,187.0,196.0,205.0,0.0
fit,2024-09-02,33,20,17320,26.944,1.0,4.0,9.0,21.0,37.0,58.0,90.02499999999986,0.0,114.7145,95.0,101.0,107.0,115.0,122.0,129.0,136.0,0.0,27.8595,18.0,21.0,24.0,28.0,31.0,35.0,39.0,0.0
fit,2024-09-02,34,139,17320,104.2795,34.0,49.900000000000006,69.0,98.0,132.0,168.0,206.02499999999986,0.0,105.6695,86.0,92.0,99.0,105.0,113.0,119.0,127.0,0.0,104.4785,85.0,92.0,98.0,104.0,111.0,118.0,125.0,0.0
fit,2024-09-02,35,13,17320,30.307,1.0,5.0,11.0,23.0,42.25,65.10000000000014,99.02499999999986,0.0,46.939,34.0,38.0,42.0,47.0,52.0,56.0,61.0,0.0,29.4415,20.0,23.0,26.0,29.0,33.0,36.0,40.024999999999864,0.0
fit,2024-09-02,36,792,17320,849.9165,606.9,682.9,755.0,847.0,942.0,1023.0,1111.0249999999999,0.0,869.514,812.975,832.0,849.0,870.0,890.0,906.0,926.0,0.0,850.1615,794.975,815.0,832.0,850.0,868.0,885.0,903.0249999999999,0.0
fit,2024-09-02,37,163,17320,246.958,123.0,161.9,194.75,239.0,292.0,341.0,409.0749999999996,0.0,101.6525,81.0,88.0,94.0,102.0,109.0,115.0,122.0,0.0,245.2045,215.0,224.0,234.0,246.0,256.0,265.0,276.0,0.0
fit,2024-09-02,38,197,17320,214.1965,101.0,133.0,166.0,206.0,256.0,304.0,367.02499999999986,0.0,102.3475,82.0,89.0,96.0,102.0,109.0,115.0,123.0,0.0,215.0215,187.0,196.0,205.0,215.0,225.0,234.0,245.0,0.0
fit,2024-09-02,39,198,17320,191.067,83.975,115.9,143.0,185.0,228.0,277.0,346.0,0.0,137.2765,115.0,122.0,129.0,137.0,145.0,152.0,161.0,0.0,191.323,164.975,173.9,182.0,191.0,201.0,209.0,220.0,0.0
fit,2024-09-09,0,5,17388,15.557,0.0,1.0,3.0,10.0,22.0,38.0,63.0,0.0,31.682,21.0,24.0,28.0,32.0,35.0,39.0,43.0,0.0,15.4835,8.0,11.0,13.0,15.0,18.0,21.0,23.0,0.0
fit,2024-09-09,1,88,17388,104.891,30.0,50.0,70.0,98.0,133.0,168.0,216.0,0.0,97.798,79.0,85.0,91.0,98.0,104.0,111.0,118.0,0.0,108.462,89.0,96.0,102.0,108.0,115.0,121.10000000000014,128.0,0.0
fit,2024-09-09,2,320,17388,287.1815,153.0,194.0,233.0,279.0,334.25,388.10000000000014,468.0,0.0,138.168,115.0,122.0,130.0,138.0,146.0,154.0,163.0,0.0,288.256,256.0,267.0,277.0,288.0,299.0,309.0,321.0,0.0
fit,2024-09-09,3,959,17388,831.279,581.95,667.0,736.0,826.0,916.0,1000.2000000000003,1120.0749999999996,0.0,578.2785,529.975,547.0,563.0,578.0,595.0,609.0,624.0,0.0,833.2805,780.0,797.0,815.0,833.0,851.0,870.0,886.0249999999999,0.0
fit,2024-09-09,4,177,17388,221.751,109.0,141.0,171.0,215.0,264.0,312.10000000000014,371.0499999999997,0.0,216.5845,189.0,198.0,206.0,216.0,227.0,235.0,247.0,0.0,224.059,196.0,205.0,214.0,224.0,234.0,243.0,253.0,0.0
fit,2024-09-09,5,225,17388,217.1855,101.0,136.0,169.0,208.0,260.25,310.0,368.0,0.0,154.7015,132.0,139.0,146.0,155.0,163.0,170.0,179.0,0.0,219.2605,192.0,200.0,209.0,219.0,229.0,238.0,249.0,0.0
fit,2024-09-09,6,263,17388,148.635,56.975,83.0,108.0,141.0,183.0,223.0,281.0,0.0,223.847,195.0,205.0,214.0,223.0,234.0,244.0,254.02499999999986,0.0,149.037,126.0,133.0,141.0,149.0,157.0,164.10000000000014,173.0,0.0
fit,2024-09-09,7,136,17388,194.142,85.975,115.0,146.0,189.0,236.0,283.0,332.0,0.0,187.612,161.0,170.0,178.0,187.0,197.0,205.0,215.0,0.0,192.0755,165.0,174.9,183.0,192.0,201.0,210.0,221.0,0.0
fit,2024-09-09,8,1368,17388,1385.4725,1084.0,1171.0,1269.0,1378.0,1498.0,1603.1000000000001,1748.0,0.0,1955.244,1875.0,1903.0,1926.0,1957.0,1983.0,2008.0,2035.0,0.0,1384.744,1315.0,1338.0,1359.0,1385.0,1410.0,1431.0,1452.0499999999997,0.0
fit,2024-09-09,9,31,17388,53.705,8.0,16.0,27.0,46.0,73.0,100.0,146.0,0.0,43.7635,31.0,35.0,39.0,43.0,48.0,53.0,58.0,0.0,52.8875,40.0,44.0,48.0,53.0,58.0,62.0,67.0,0.0
fit,2024-09-09,10,165,17388,107.604,33.0,53.0,72.0,102.0,136.0,170.0,216.0,0.0,149.4735,126.0,134.0,141.0,149.0,158.0,166.0,174.0,0.0,108.233,88.0,95.0,101.0,108.0,115.0,122.0,129.0,0.0
fit,2024-09-09,11,1432,17388,1506.5765,1186.925,1291.0,1391.0,1498.0,1616.0,1723.1000000000001,1866.0,0.0,1583.732,1508.0,1535.0,1559.0,1585.0,1609.0,1632.0,1656.0249999999999,0.0,1506.1495,1431.0,1457.0,1481.0,1507.0,1531.0,1555.0,1582.0,0.0
fit,2024-09-09,12,1295,17388,1307.7175,1007.975,1096.9,1199.0,1303.0,1414.25,1518.0,1628.0499999999997,0.0,1408.1975,1338.975,1362.0,1384.0,1407.5,1433.0,1455.0,1480.0,0.0,1304.6325,1235.0,1260.9,1282.0,1304.0,1327.0,1350.0,1376.0,0.0
fit,2024-09-09,13,1288,17388,1198.9375,909.975,1000.9,1091.0,1191.0,1300.0,1402.1000000000001,1529.0749999999996,0.0,1586.2475,1512.0,1537.0,1561.0,1587.0,1611.0,1633.0,1660.0,0.0,1200.6025,1134.0,1156.0,1177.75,1200.5,1223.0,1244.0,1269.0,0.0
fit,2024-09-09,14,3037,17388,2908.409,2474.975,2619.8,2741.0,2900.5,3064.25,3210.1000000000004,3385.0,0.0,2878.7765,2778.975,2815.0,2846.0,2878.0,2911.0,2944.0,2977.0,0.0,2910.6155,2813.975,2848.0,2877.0,2911.0,2945.0,2972.0,3005.0,0.0
fit,2024-09-09,15,103,17388,130.064,46.975,67.0,90.0,122.0,162.0,200.0,260.02499999999986,0.0,123.535,102.0,109.0,116.0,123.0,131.0,138.0,146.0,0.0,131.7775,110.0,118.0,124.0,132.0,139.0,147.0,155.0,0.0
fit,2024-09-09,16,214,17388,265.384,139.0,174.0,212.0,258.0,308.0,366.10000000000014,436.0,0.0,150.769,127.0,135.0,142.0,150.0,159.0,166.0,175.0,0.0,265.0545,235.0,245.0,254.0,265.0,275.25,286.0,297.02499999999986,0.0
fit,2024-09-09,17,664,17388,702.8955,482.975,549.0,615.0,697.0,781.0,863.2000000000003,963.1999999999989,0.0,1158.23,1094.0,1116.0,1136.0,1158.0,1179.0,1202.0,1221.0249999999999,0.0,701.42,651.0,669.0,684.0,701.0,719.0,735.0,753.0,0.0
fit,2024-09-09,18,139,17388,156.291,66.0,88.0,116.0,150.0,190.0,232.0,284.0,0.0,175.3745,149.0,158.0,166.0,175.0,184.0,193.0,203.0,0.0,156.7385,133.975,141.0,148.0,157.0,165.0,172.0,181.0,0.0
fit,2024-09-09,19,1287,17388,1267.9085,961.95,1064.0,1152.0,1265.0,1377.0,1478.1000000000001,1600.0499999999997,0.0,1030.5105,971.0,992.0,1009.0,1030.0,1052.0,1069.0,1093.0249999999999,0.0,1266.395,1199.0,1221.0,1243.0,1266.0,1290.0,1312.0,1334.0,0.0
fit,2024-09-09,20,54,17388,85.2135,22.0,35.0,53.0,78.0,110.0,143.0,193.0,0.0,55.0715,41.0,45.0,50.0,55.0,60.0,65.0,70.0,0.0,84.759,67.0,73.0,78.0,84.0,91.0,97.0,103.02499999999986,0.0
fit,2024-09-09,21,47,17388,59.8175,10.975000000000001,20.0,34.0,53.0,78.25,106.0,149.0,0.0,66.8525,51.0,57.0,61.0,67.0,72.0,78.0,84.0,0.0,60.0745,45.0,51.0,55.0,60.0,65.0,70.0,74.0,0.0
fit,2024-09-09,22,234,17388,176.5495,76.0,101.0,130.0,168.0,215.0,261.0,324.0,0.0,210.124,182.975,191.0,200.0,210.0,220.0,228.0,239.0,0.0,176.3105,152.0,160.0,168.0,176.0,185.0,193.0,202.0,0.0
fit,2024-09-09,23,107,17388,90.15,24.0,41.0,59.0,83.0,116.0,150.0,193.0,0.0,104.3915,85.0,91.0,98.0,104.0,111.0,118.0,126.0,0.0,88.843,70.0,77.0,82.0,89.0,95.0,101.0,107.0,0.0
fit,2024-09-09,24,198,17388,224.119,104.975,139.0,174.0,218.0,267.0,317.0,380.0499999999997,0.0,157.825,134.0,142.0,149.0,158.0,166.0,174.0,182.0,0.0,223.725,195.0,204.0,214.0,223.5,234.0,243.0,254.0,0.0
fit,2024-09-09,25,196,17388,242.2485,118.0,153.9,190.0,234.0,288.0,341.0,410.0,0.0,231.795,202.0,212.0,221.0,232.0,242.0,251.0,262.0,0.0,240.427,209.975,220.0,230.0,241.0,251.0,260.0,269.0,0.0
fit,2024-09-09,26,178,17388,213.5665,97.0,129.0,163.0,206.0,258.0,305.10000000000014,363.02499999999986,0.0,183.6745,158.0,166.0,175.0,184.0,192.0,201.0,210.0,0.0,214.459,187.0,197.0,205.0,214.0,224.0,234.0,245.0,0.0
fit,2024-09-09,27,75,17388,195.4135,89.0,117.0,150.0,188.0,233.0,285.0,344.0499999999997,0.0,130.836,109.0,116.0,123.0,131.0,139.0,146.0,153.02499999999986,0.0,194.6735,167.975,177.0,185.0,195.0,205.0,212.0,223.0,0.0
fit,2024-09-09,28,191,17388,104.427,33.0,52.0,70.0,97.0,130.0,165.0,216.0,0.0,113.0,92.0,99.0,106.0,113.0,120.0,127.0,135.0,0.0,105.34,86.0,93.0,98.0,105.0,112.0,119.0,126.0,0.0
fit,2024-09-09,29,370,17388,250.7245,129.975,161.9,198.0,243.0,299.0,346.0,410.0,0.0,148.3345,125.0,133.0,140.0,148.0,156.0,164.0,172.02499999999986,0.0,250.789,220.0,230.0,240.0,251.0,261.0,272.0,281.0,0.0
fit,2024-09-09,30,585,17388,566.181,369.0,427.0,488.0,561.0,637.0,713.1000000000001,800.0499999999997,0.0,350.7235,315.0,327.0,338.0,351.0,364.0,375.0,387.0,0.0,564.5655,519.0,534.0,549.0,565.0,580.0,594.0,609.0,0.0
fit,2024-09-09,31,343,17388,337.989,196.0,236.0,276.0,330.0,392.0,450.0,522.0,0.0,130.8835,109.0,116.0,123.0,131.0,138.0,145.0,152.02499999999986,0.0,336.8115,302.0,314.0,325.0,337.0,349.0,360.0,373.0,0.0
fit,2024-09-09,32,152,17388,187.9475,84.0,114.0,139.0,180.0,226.0,275.0,334.0,0.0,147.775,124.0,133.0,139.0,147.0,156.0,164.0,173.0,0.0,188.7235,164.0,172.0,180.0,188.0,198.0,206.0,215.0,0.0
fit,2024-09-09,33,19,17388,23.601,0.0,3.0,8.0,17.0,33.0,53.0,83.02499999999986,0.0,114.989,94.0,101.0,108.0,115.0,122.0,130.0,136.02499999999986,0.0,24.3065,15.0,18.0,21.0,24.0,27.0,31.0,34.0,0.0
fit,2024-09-09,34,65,17388,109.7685,35.0,53.0,74.0,103.5,139.25,175.0,224.0,0.0,106.24,86.975,93.0,99.0,106.0,113.0,119.0,127.0,0.0,110.4115,90.975,97.0,103.0,110.0,118.0,124.0,131.0,0.0
fit,2024-09-09,35,31,17388,26.1905,1.0,3.0,9.0,20.0,37.0,58.100000000000136,89.02499999999986,0.0,47.1905,34.0,38.0,42.0,47.0,52.0,56.0,61.0,0.0,25.785,16.0,19.0,22.0,26.0,29.0,32.0,36.0,0.0
fit,2024-09-09,36,720,17388,850.716,602.0,686.0,754.0,843.0,935.0,1033.0,1136.0499999999997,0.0,872.768,819.0,837.0,853.0,873.0,891.0,907.0,928.0,0.0,847.766,792.0,811.0,829.0,848.0,867.0,884.0,902.0,0.0
fit,2024-09-09,37,155,17388,225.9045,108.0,143.0,177.0,221.0,269.0,314.0,375.0,0.0,101.926,82.0,89.0,95.0,102.0,109.0,115.0,122.0,0.0,224.152,195.975,205.0,214.0,224.0,234.0,244.0,254.0,0.0
fit,2024-09-09,38,259,17388,210.219,99.0,129.0,159.0,201.0,253.0,303.0,367.02499999999986,0.0,102.969,84.0,90.0,96.0,103.0,110.0,116.0,123.0,0.0,210.9435,184.0,193.0,201.0,211.0,221.0,229.10000000000014,241.0,0.0
fit,2024-09-09,39,213,17388,195.6665,89.0,116.0,148.0,190.0,237.0,282.0,339.0,0.0,138.106,115.0,123.0,130.0,138.0,146.0,154.0,162.0,0.0,195.9705,169.0,178.0,186.0,195.0,206.0,214.0,225.0,0.0
fit,2024-09-16,0,7,17738,11.375,0.0,0.0,1.0,5.0,16.0,31.0,53.0,0.0,32.336,22.0,25.0,28.0,32.0,36.0,40.0,44.0,0.0,11.6585,6.0,7.0,9.0,11.0,14.0,16.0,19.0,0.0
fit,2024-09-16,1,100,17738,107.6235,33.0,52.0,72.0,100.0,135.0,174.0,226.0,0.0,100.02,81.0,87.0,93.0,100.0,107.0,113.0,120.0,0.0,106.8255,87.0,93.0,100.0,107.0,114.0,121.0,127.0,0.0
fit,2024-09-16,2,371,17738,299.9015,165.975,205.0,240.0,292.0,351.0,403.0,474.0,0.0,141.385,119.0,126.0,133.0,141.0,149.0,157.0,166.0,0.0,302.778,270.0,280.0,291.0,302.0,315.0,325.0,337.0,0.0
fit,2024-09-16,3,1025,17738,907.916,662.975,741.0,813.75,899.5,998.0,1080.1000000000001,1176.1249999999993,0.0,588.7945,542.0,558.0,572.0,588.0,605.0,620.0,636.0,0.0,907.4565,849.0,870.0,888.0,907.0,927.0,946.0,964.0,0.0
fit,2024-09-16,4,181,17738,197.3325,90.975,119.0,149.75,189.0,238.0,288.10000000000014,342.0,0.0,221.383,192.975,202.0,211.0,221.0,232.0,241.0,249.02499999999986,0.0,197.9625,171.0,179.9,188.0,198.0,207.0,216.0,225.0,0.0
fit,2024-09-16,5,262,17738,238.945,119.0,149.0,187.0,230.0,284.0,340.0,398.0,0.0,157.4725,133.0,142.0,149.0,157.0,166.0,174.0,182.0,0.0,241.864,211.975,222.0,231.0,242.0,252.0,262.0,275.0,0.0
fit,2024-09-16,6,179,17738,191.362,85.0,115.0,144.0,185.0,230.0,276.0,336.02499999999986,0.0,229.096,199.0,209.0,218.0,229.0,240.0,249.0,260.0,0.0,190.865,164.975,174.0,181.0,191.0,200.0,208.0,218.0,0.0
fit,2024-09-16,7,146,17738,170.4425,74.0,99.0,126.0,164.0,203.0,251.0,312.0,0.0,191.642,164.0,174.0,182.0,192.0,201.0,209.0,219.0,0.0,173.5325,148.0,157.0,165.0,174.0,182.0,190.0,199.0,0.0
fit,2024-09-16,8,1347,17738,1370.557,1054.975,1162.0,1255.0,1366.0,1478.0,1585.0,1719.0999999999995,0.0,1992.0145,1912.0,1937.0,1963.0,1992.0,2020.0,2045.1000000000001,2076.0,0.0,1371.7155,1301.0,1326.0,1348.0,1373.0,1396.0,1416.0,1438.0,0.0
fit,2024-09-16,9,33,17738,47.3565,5.0,13.0,24.0,40.0,64.0,90.10000000000014,128.0,0.0,44.3985,32.0,36.0,40.0,44.0,49.0,53.0,58.0,0.0,48.5045,36.0,40.0,43.0,48.0,53.0,58.0,62.0,0.0
fit,2024-09-16,10,209,17738,119.282,36.0,57.0,82.0,114.0,150.0,190.0,231.0,0.0,152.1795,128.0,136.0,144.0,152.0,160.25,168.0,178.0,0.0,122.313,101.0,108.0,115.0,122.0,130.0,136.0,145.0,0.0
fit,2024-09-16,11,1284,17738,1542.803,1206.975,1322.9,1424.75,1531.0,1653.0,1782.0,1917.0,0.0,1615.532,1543.975,1566.0,1590.0,1616.0,1642.0,1664.0,1691.0249999999999,0.0,1546.4525,1473.975,1498.9,1521.0,1546.5,1571.0,1595.0,1622.0249999999999,0.0
fit,2024-09-16,12,1374,17738,1346.5335,1035.0,1146.0,1233.0,1337.5,1451.25,1566.0,1697.0499999999997,0.0,1437.201,1369.0,1390.0,1413.0,1437.0,1462.0,1484.0,1509.0,0.0,1351.7165,1283.0,1307.9,1329.0,1352.0,1375.0,1395.1000000000001,1420.0249999999999,0.0
fit,2024-09-16,13,1376,17738,1248.0975,951.95,1042.9,1134.0,1241.0,1355.0,1467.0,1582.0499999999997,0.0,1617.4255,1541.0,1568.0,1592.0,1617.0,1644.0,1667.0,1694.0249999999999,0.0,1241.9015,1175.0,1198.0,1218.0,1241.0,1266.0,1285.0,1312.0249999999999,0.0
fit,2024-09-16,14,3172,17738,2947.5705,2478.95,2631.0,2782.0,2945.0,3101.25,3268.0,3444.0499999999997,0.0,2937.3205,2843.0,2876.0,2904.0,2937.0,2971.0,2998.1000000000004,3035.0,0.0,2940.805,2841.975,2877.0,2906.75,2941.0,2974.0,3006.0,3040.0249999999996,0.0
fit,2024-09-16,15,104,17738,135.431,50.975,73.0,95.0,127.0,165.25,211.0,263.0,0.0,125.956,104.0,111.0,118.0,126.0,134.0,141.0,149.0,0.0,134.856,112.975,120.0,127.0,135.0,143.0,150.0,157.0,0.0
fit,2024-09-16,16,244,17738,263.359,134.975,171.0,208.0,257.0,310.25,364.10000000000014,426.0,0.0,154.809,131.975,139.0,146.0,155.0,164.0,171.0,180.0,0.0,260.967,229.0,240.0,250.0,261.0,271.25,281.0,293.02499999999986,0.0
fit,2024-09-16,17,772,17738,687.023,468.975,537.9,604.0,678.0,764.25,846.1000000000001,944.0499999999997,0.0,1182.4045,1117.0,1140.9,1162.0,1182.0,1204.0,1225.0,1251.0,0.0,687.4075,640.0,655.9,670.0,687.0,704.0,721.0,737.0,0.0
fit,2024-09-16,18,116,17738,158.185,66.975,91.0,116.0,151.0,193.25,235.0,281.0499999999997,0.0,179.2085,154.0,162.0,170.0,179.0,188.0,197.0,206.0,0.0,158.6665,134.0,142.0,150.0,159.0,167.0,175.0,183.0,0.0
fit,2024-09-16,19,1231,17738,1254.895,952.9,1049.0,1152.0,1246.0,1352.0,1468.0,1592.0499999999997,0.0,1051.509,990.0,1011.0,1031.0,1052.0,1073.25,1090.0,1113.0,0.0,1252.871,1188.0,1210.0,1230.0,1253.0,1276.0,1295.0,1322.0249999999999,0.0
fit,2024-09-16,20,45,17738,92.671,24.975,41.0,60.75,87.0,118.0,150.0,204.0,0.0,55.9475,42.975,47.0,50.0,56.0,61.0,66.0,71.0,0.0,91.4415,72.0,79.0,85.0,92.0,98.0,104.0,110.0,0.0
fit,2024-09-16,21,78,17738,58.3545,11.0,20.0,32.75,51.0,77.0,106.0,147.02499999999986,0.0,68.089,52.0,57.0,62.0,68.0,74.0,79.0,85.0,0.0,58.223,44.0,49.0,53.0,58.0,63.0,68.0,75.0,0.0
fit,2024-09-16,22,224,17738,197.5905,87.0,117.9,150.0,193.0,236.0,285.0,343.02499999999986,0.0,213.841,186.0,195.0,204.0,214.0,224.0,233.0,242.0,0.0,192.8985,166.0,174.0,184.0,193.0,202.0,211.0,220.0,0.0
fit,2024-09-16,23,91,17738,92.1615,24.0,41.0,58.0,85.0,117.25,156.0,202.0,0.0,106.8115,88.0,94.0,100.0,107.0,113.0,120.0,128.0,0.0,92.461,74.0,80.0,86.0,92.0,99.0,105.0,112.0,0.0
fit,2024-09-16,24,230,17738,227.2465,109.0,141.0,175.0,220.0,272.0,324.10000000000014,392.02499999999986,0.0,160.832,135.0,144.0,152.0,161.0,169.0,177.10000000000014,187.0,0.0,226.3425,198.975,208.0,216.0,226.0,236.0,245.0,256.02499999999986,0.0
fit,2024-09-16,25,219,17738,236.898,116.0,148.0,185.0,229.0,284.0,334.0,391.02499999999986,0.0,236.093,205.0,216.0,226.0,236.0,246.0,255.10000000000014,269.0,0.0,235.48,207.975,217.0,225.0,235.0,246.0,255.0,265.02499999999986,0.0
fit,2024-09-16,26,142,17738,226.728,108.95,142.0,175.0,219.0,270.0,322.0,384.02499999999986,0.0,187.187,160.0,170.0,178.0,187.0,196.0,205.0,215.0,0.0,226.7355,198.0,208.0,216.0,227.0,236.0,246.0,256.02499999999986,0.0
fit,2024-09-16,27,154,17738,153.114,62.0,85.9,111.0,146.0,188.0,230.0,281.02499999999986,0.0,133.268,111.975,119.0,125.0,133.0,141.0,148.0,157.0,0.0,153.8215,131.0,139.0,145.0,153.0,162.0,170.0,178.0,0.0
fit,2024-09-16,28,107,17738,132.9525,46.0,70.0,93.0,125.0,164.0,209.0,262.0,0.0,115.2625,95.0,102.0,108.0,115.0,123.0,129.0,137.02499999999986,0.0,132.5625,110.0,118.0,125.0,133.0,140.0,147.0,154.0,0.0
fit,2024-09-16,29,340,17738,295.6975,156.0,195.0,237.0,289.0,346.0,406.10000000000014,480.02499999999986,0.0,151.9635,129.0,136.0,143.0,152.0,161.0,168.10000000000014,177.0,0.0,295.815,262.0,274.0,284.0,296.0,308.0,319.0,329.0,0.0
fit,2024-09-16,30,429,17738,555.015,358.975,422.9,476.0,549.5,625.0,703.0,782.0249999999999,0.0,358.01,320.975,334.0,345.0,358.0,371.0,383.0,394.02499999999986,0.0,556.0345,509.0,526.0,540.0,556.0,572.0,586.0,603.0,0.0
fit,2024-09-16,31,300,17738,348.908,192.0,241.0,286.0,342.0,405.0,463.10000000000014,542.0,0.0,133.426,111.975,119.0,125.0,133.0,141.0,149.0,157.0,0.0,347.205,313.0,323.0,335.0,347.0,359.0,371.0,383.0,0.0
fit,2024-09-16,32,284,17738,200.599,90.0,122.0,151.0,192.0,244.25,291.0,348.02499999999986,0.0,150.1855,127.0,134.0,142.0,150.0,158.0,166.0,175.0,0.0,201.5095,173.0,183.0,192.0,201.0,211.0,220.0,230.0,0.0
fit,2024-09-16,33,11,17738,18.4765,0.0,1.0,4.0,12.0,27.0,44.0,74.0,0.0,117.814,97.0,103.0,110.0,118.0,125.0,132.0,140.0,0.0,19.1535,11.0,14.0,16.0,19.0,22.0,25.0,28.0,0.0
fit,2024-09-16,34,76,17738,118.665,41.0,59.0,82.0,111.0,147.0,189.0,246.02499999999986,0.0,108.2745,89.0,95.0,101.0,108.0,115.0,122.0,129.0,0.0,117.3605,97.975,104.0,110.0,117.0,125.0,131.0,139.0,0.0
fit,2024-09-16,35,28,17738,26.058,1.0,4.0,9.0,19.0,37.0,57.0,90.02499999999986,0.0,48.2095,35.0,39.0,43.0,48.0,53.0,57.0,62.0,0.0,25.5155,16.0,19.0,22.0,25.0,29.0,32.0,36.0,0.0
fit,2024-09-16,36,749,17738,861.6795,624.0,695.0,771.0,854.5,940.0,1038.1000000000001,1149.0,0.0,890.87,833.0,854.0,871.75,891.0,910.0,929.0,948.0249999999999,0.0,865.5765,809.975,829.0,847.0,865.0,885.0,902.0,920.0,0.0
fit,2024-09-16,37,255,17738,228.6825,110.0,139.0,176.0,221.5,274.0,325.0,394.0,0.0,103.8605,84.0,91.0,97.0,104.0,111.0,117.0,125.0,0.0,226.162,197.975,208.0,216.0,227.0,235.0,245.0,255.0,0.0
fit,2024-09-16,38,215,17738,211.154,102.0,131.9,164.0,204.0,251.0,299.0,354.0,0.0,104.7375,86.0,92.0,97.0,105.0,111.0,118.0,126.0,0.0,212.396,184.975,193.0,202.0,212.0,222.0,231.10000000000014,242.0,0.0
fit,2024-09-16,39,228,17738,209.3575,93.975,128.0,162.0,204.0,250.0,297.0,365.02499999999986,0.0,141.23,118.975,126.0,133.0,141.0,149.0,157.0,165.0,0.0,210.187,183.0,192.0,201.0,210.0,219.0,228.0,239.0,0.0
fit,2024-09-23,0,10,18271,10.315,0.0,0.0,1.0,4.0,13.0,28.0,59.024999999999864,0.0,33.293,22.0,26.0,29.0,33.0,37.0,41.0,45.0,0.0,10.6455,5.0,7.0,8.0,10.5,13.0,15.0,17.024999999999864,0.0
fit,2024-09-23,1,99,18271,114.6815,33.0,54.0,77.0,105.0,146.0,187.0,241.0,0.0,102.997,83.0,90.0,96.0,103.0,110.0,116.0,124.0,0.0,113.451,93.0,100.0,106.0,113.0,121.0,127.0,134.0,0.0
fit,2024-09-23,2,285,18271,354.1335,200.0,242.0,290.0,348.0,410.0,473.0,547.0499999999997,0.0,145.3395,121.0,130.0,137.0,145.0,154.0,161.0,170.0,0.0,351.6445,315.0,327.0,339.0,352.0,364.0,375.0,391.0,0.0
fit,2024-09-23,3,1154,18271,961.8355,694.95,779.0,855.0,953.0,1058.0,1157.1000000000001,1272.0,0.0,606.8395,560.0,575.0,590.0,606.0,623.0,639.0,654.0,0.0,967.546,907.0,929.0,946.0,967.0,989.0,1007.0,1027.0,0.0
fit,2024-09-23,4,183,18271,197.0275,90.0,118.0,149.0,190.0,238.0,284.0,351.0499999999997,0.0,226.6655,196.0,208.0,216.0,226.0,237.0,246.0,257.0,0.0,195.8935,170.0,179.0,187.0,196.0,205.0,213.0,222.0,0.0
fit,2024-09-23,5,313,18271,282.4185,148.0,186.0,227.0,276.0,330.0,388.0,456.0499999999997,0.0,161.802,138.0,145.0,153.0,161.0,170.0,178.10000000000014,188.0,0.0,281.8025,248.0,260.0,270.0,282.0,293.0,303.0,314.0,0.0
fit,2024-09-23,6,196,18271,201.8005,87.0,121.9,156.0,195.0,241.0,290.2000000000003,356.0,0.0,235.7475,207.0,216.0,226.0,235.0,246.0,256.0,265.02499999999986,0.0,199.258,172.0,181.0,189.0,199.0,209.0,218.0,227.0,0.0
fit,2024-09-23,7,132,18271,181.116,78.0,106.9,136.0,175.0,218.0,264.0,325.0499999999997,0.0,197.368,170.0,180.0,188.0,197.0,207.0,215.0,226.0,0.0,180.7205,155.0,164.0,172.0,180.0,190.0,198.0,208.0,0.0
fit,2024-09-23,8,1339,18271,1387.863,1089.95,1179.0,1270.0,1382.0,1502.0,1603.1000000000001,1726.0249999999999,0.0,2051.119,1968.975,1998.0,2022.0,2051.0,2080.0,2107.0,2134.0,0.0,1389.834,1319.975,1345.0,1365.0,1390.0,1415.0,1436.0,1456.0,0.0
fit,2024-09-23,9,19,18271,46.067,5.0,12.0,22.0,39.0,61.25,90.10000000000014,126.02499999999986,0.0,45.822,33.0,37.0,41.0,46.0,50.0,55.0,60.0,0.0,46.3755,33.0,38.0,42.0,46.0,51.0,55.0,60.024999999999864,0.0
fit,2024-09-23,10,112,18271,157.6115,61.0,86.0,113.0,151.0,195.0,238.10000000000014,291.0499999999997,0.0,157.1365,133.0,140.0,149.0,157.0,165.0,173.0,183.0,0.0,157.892,134.0,142.0,149.0,158.0,166.0,174.0,183.02499999999986,0.0
fit,2024-09-23,11,1525,18271,1562.984,1244.975,1338.0,1440.75,1556.5,1677.25,1792.1000000000001,1927.0,0.0,1665.442,1592.0,1615.0,1639.0,1665.0,1692.0,1716.0,1741.0,0.0,1565.567,1493.975,1517.9,1540.0,1566.0,1591.25,1614.0,1638.0,0.0
fit,2024-09-23,12,1319,18271,1353.3165,1037.975,1138.9,1232.75,1346.0,1470.0,1580.2000000000003,1704.0249999999999,0.0,1480.9535,1409.0,1433.9,1455.0,1481.0,1505.0,1528.0,1556.0249999999999,0.0,1354.42,1287.0,1311.0,1331.0,1354.5,1377.0,1398.0,1421.0249999999999,0.0
fit,2024-09-23,13,1272,18271,1295.8045,995.95,1087.8,1182.0,1293.0,1401.0,1503.0,1638.0,0.0,1666.615,1593.0,1615.0,1639.0,1665.0,1693.0,1718.0,1744.0249999999999,0.0,1298.4805,1234.0,1254.0,1275.0,1298.0,1321.0,1344.0,1367.0,0.0
fit,2024-09-23,14,3568,18271,3088.779,2643.0,2784.9,2922.0,3088.0,3247.0,3397.1000000000004,3566.0249999999996,0.0,3026.0275,2927.0,2960.0,2992.0,3027.0,3060.0,3090.0,3125.0,0.0,3089.5715,2993.975,3026.0,3058.0,3089.0,3123.0,3154.0,3186.0,0.0
fit,2024-09-23,15,93,18271,127.517,42.0,64.0,88.0,120.0,158.25,199.10000000000014,260.0,0.0,130.252,108.975,116.0,122.0,130.0,138.0,145.0,154.0,0.0,127.3575,106.0,113.0,120.0,127.0,135.0,141.0,149.0,0.0
fit,2024-09-23,16,373,18271,271.8055,139.975,176.0,215.0,265.0,322.0,373.10000000000014,440.0499999999997,0.0,158.265,134.0,142.0,150.0,158.0,167.0,174.0,183.02499999999986,0.0,271.083,240.0,250.0,260.0,271.0,282.0,292.0,303.0,0.0
fit,2024-09-23,17,772,18271,705.142,477.975,547.9,616.75,696.0,787.0,872.1000000000001,975.0249999999999,0.0,1217.706,1152.0,1174.0,1195.0,1216.5,1241.0,1262.0,1283.0249999999999,0.0,706.786,657.975,674.0,690.0,707.0,724.0,741.0,758.0,0.0
fit,2024-09-23,18,97,18271,155.7605,60.0,87.0,115.0,149.0,190.0,234.0,286.0,0.0,184.962,160.0,168.0,176.0,185.0,194.0,202.0,212.0,0.0,154.645,131.0,139.0,146.0,154.0,163.0,171.0,180.0,0.0
fit,2024-09-23,19,1217,18271,1302.9925,997.975,1097.0,1188.0,1297.0,1411.25,1515.0,1652.0749999999996,0.0,1082.421,1022.0,1042.0,1060.0,1082.5,1104.0,1122.0,1144.0249999999999,0.0,1300.8885,1238.0,1257.9,1277.0,1300.0,1324.0,1346.0,1371.0,0.0
fit,2024-09-23,20,52,18271,79.968,20.975,33.0,48.0,72.0,103.0,137.10000000000014,186.0,0.0,57.779,43.0,48.0,53.0,58.0,63.0,68.0,73.0,0.0,79.822,62.975,68.0,74.0,80.0,86.0,91.0,97.0,0.0
fit,2024-09-23,21,67,18271,68.0515,12.975000000000001,24.0,39.75,61.0,89.0,123.0,167.0,0.0,70.207,55.0,60.0,64.0,70.0,76.0,81.0,88.0,0.0,68.0945,53.0,58.0,63.0,68.0,73.0,78.10000000000014,84.0,0.0
fit,2024-09-23,22,199,18271,217.318,106.0,132.9,166.0,210.5,261.0,310.0,374.0,0.0,220.3945,192.0,201.0,210.0,220.0,230.0,239.10000000000014,250.0,0.0,216.7925,188.0,198.0,207.0,217.0,226.25,236.0,246.0,0.0
fit,2024-09-23,23,110,18271,99.9855,30.0,46.0,65.0,92.0,125.0,162.0,217.0,0.0,110.241,89.0,97.0,103.0,110.0,117.0,124.0,132.0,0.0,101.0765,82.0,88.0,94.0,101.0,108.0,114.0,121.0,0.0
fit,2024-09-23,24,184,18271,232.241,111.0,142.9,178.0,226.0,278.0,331.0,390.0,0.0,165.862,141.975,150.0,157.0,166.0,174.0,184.0,192.02499999999986,0.0,229.758,200.0,210.0,219.0,230.0,240.0,250.0,261.0,0.0
fit,2024-09-23,25,261,18271,237.0555,114.0,147.0,181.0,229.0,283.25,338.10000000000014,408.0499999999997,0.0,244.0065,213.0,225.0,233.0,243.0,254.0,265.0,275.0,0.0,236.657,207.0,217.0,226.0,236.0,247.0,257.0,269.0,0.0
fit,2024-09-23,26,175,18271,217.0335,99.0,129.0,163.0,208.0,262.0,315.0,389.0499999999997,0.0,192.8825,164.975,175.0,183.0,193.0,202.0,211.0,221.0,0.0,214.4995,186.0,196.0,204.0,215.0,224.0,234.0,244.02499999999986,0.0
fit,2024-09-23,27,205,18271,147.3855,54.975,80.0,104.0,139.0,180.0,226.0,284.0,0.0,137.076,115.0,122.0,129.0,137.0,145.0,152.0,160.0,0.0,146.6015,124.0,131.0,138.0,146.0,155.0,163.0,172.0,0.0
fit,2024-09-23,28,248,18271,134.632,49.975,71.0,95.0,127.0,167.0,206.0,258.0,0.0,118.7305,98.0,105.0,111.75,119.0,126.0,132.0,140.0,0.0,136.805,114.0,122.0,129.0,137.0,145.0,152.0,160.0,0.0
fit,2024-09-23,29,174,18271,346.9305,198.975,237.9,281.0,340.0,405.0,466.0,543.0249999999999,0.0,156.5675,132.0,141.0,149.0,157.0,165.0,172.0,181.0,0.0,350.022,314.0,327.0,337.0,349.0,362.0,374.0,387.0,0.0
fit,2024-09-23,30,496,18271,530.908,340.975,398.9,456.0,525.0,596.0,680.0,764.0249999999999,0.0,368.612,332.0,344.0,355.0,368.0,382.0,393.0,406.02499999999986,0.0,526.211,482.0,497.0,510.0,526.0,542.0,556.0,574.0,0.0
fit,2024-09-23,31,244,18271,344.056,189.975,231.0,276.0,337.5,400.25,469.0,543.0499999999997,0.0,137.94,116.0,123.0,130.0,138.0,146.0,153.0,161.0,0.0,344.8955,309.0,320.0,332.0,345.0,358.0,369.0,381.0,0.0
fit,2024-09-23,32,249,18271,213.846,102.0,131.0,164.0,207.0,254.25,310.0,364.0,0.0,154.5625,130.0,139.0,146.0,154.0,163.0,171.0,179.0,0.0,215.5735,189.0,197.0,205.0,216.0,225.0,234.0,244.0,0.0
fit,2024-09-23,33,14,18271,17.032,0.0,1.0,4.0,11.0,23.25,42.0,66.0,0.0,120.791,99.0,107.0,113.0,121.0,128.0,135.0,143.0,0.0,17.579,10.0,12.0,15.0,17.0,20.0,23.0,27.0,0.0
fit,2024-09-23,34,73,18271,104.6395,30.975,49.900000000000006,70.0,98.0,132.0,167.0,226.0,0.0,111.63,92.0,97.9,105.0,112.0,118.0,125.0,132.0,0.0,102.3925,84.0,90.0,95.0,102.0,109.0,115.0,122.0,0.0
fit,2024-09-23,35,17,18271,27.935,1.0,4.0,10.0,21.0,39.0,62.0,91.04999999999973,0.0,49.733,36.0,40.0,45.0,50.0,54.25,59.0,64.0,0.0,27.924,18.0,21.0,24.0,28.0,31.0,35.0,39.0,0.0
fit,2024-09-23,36,860,18271,827.1555,590.975,656.0,731.75,819.5,912.25,1010.0,1108.0,0.0,916.6035,859.975,879.0,896.0,916.5,936.0,955.0,974.0249999999999,0.0,826.0635,772.0,791.0,808.0,825.0,844.0,861.0,884.0,0.0
fit,2024-09-23,37,166,18271,217.531,100.0,133.0,168.0,210.0,257.0,312.10000000000014,382.02499999999986,0.0,107.248,87.0,93.0,100.0,108.0,114.0,120.0,128.0,0.0,217.1535,189.0,198.0,207.0,217.0,227.0,236.0,247.0,0.0
fit,2024-09-23,38,174,18271,230.636,107.0,143.0,179.0,224.5,274.0,327.10000000000014,392.02499999999986,0.0,107.719,87.0,94.0,101.0,107.0,115.0,122.0,129.0,0.0,231.759,202.0,213.0,222.0,232.0,242.0,251.0,261.0,0.0
fit,2024-09-23,39,225,18271,217.689,96.975,134.0,169.0,211.0,260.0,308.10000000000014,380.02499999999986,0.0,145.641,122.975,130.0,137.0,145.0,154.0,161.0,169.0,0.0,217.458,189.975,199.0,207.0,217.0,227.0,236.0,247.0,0.0
calibration,2024-10-07,0,23,18288,8.0345,0.0,0.0,0.0,3.0,11.0,23.0,45.0,0.0,33.63,23.0,26.0,30.0,33.0,38.0,41.0,45.0,0.0,8.2895,3.0,5.0,6.0,8.0,10.0,12.0,14.024999999999864,0.0
calibration,2024-10-07,1,161,18288,103.9645,32.975,49.0,69.0,97.0,132.0,167.0,212.0,0.0,103.231,85.0,90.0,96.0,103.0,110.0,117.0,123.0,0.0,104.8385,84.0,91.0,98.0,105.0,112.0,118.0,126.0,0.0
calibration,2024-10-07,2,431,18288,342.8525,189.975,238.0,281.0,337.0,395.0,460.0,529.0,0.0,145.4575,123.0,130.0,137.0,145.0,154.0,161.0,169.0,0.0,344.207,309.0,320.0,331.0,344.0,356.0,368.0,381.0,0.0
calibration,2024-10-07,3,1314,18288,1025.0625,749.0,831.0,919.0,1014.0,1124.0,1230.1000000000001,1351.0,0.0,607.056,558.0,576.0,591.0,607.0,622.0,638.0,655.0,0.0,1023.0215,964.0,984.0,1002.0,1023.0,1045.0,1063.0,1085.0,0.0
calibration,2024-10-07,4,148,18288,186.1975,81.975,108.0,138.0,179.5,226.0,276.0,332.0499999999997,0.0,228.2915,200.0,209.0,218.0,228.0,238.0,248.0,258.02499999999986,0.0,186.241,160.0,169.0,177.0,186.0,195.0,204.0,213.0,0.0
calibration,2024-10-07,5,217,18288,291.3325,153.0,196.9,233.0,283.0,341.25,399.0,466.0499999999997,0.0,162.662,138.0,146.0,154.0,163.0,172.0,180.0,188.0,0.0,290.9285,258.0,269.0,279.0,291.0,302.0,313.0,324.0,0.0
calibration,2024-10-07,6,160,18288,202.8025,92.975,123.0,154.0,194.0,245.0,293.10000000000014,362.0,0.0,236.3355,206.0,216.0,225.75,236.0,247.0,257.0,267.0,0.0,204.1695,177.0,186.0,194.0,204.0,214.0,222.0,232.0,0.0
calibration,2024-10-07,7,260,18288,152.086,57.975,82.0,109.0,145.0,189.0,230.0,284.0,0.0,197.6755,171.0,179.0,188.0,198.0,207.0,216.0,226.0,0.0,151.9715,129.0,137.0,144.0,152.0,160.0,168.0,176.02499999999986,0.0
calibration,2024-10-07,8,1475,18288,1385.1945,1058.975,1165.0,1265.0,1376.0,1497.0,1613.1000000000001,1755.0499999999997,0.0,2053.185,1970.0,1998.0,2024.0,2053.0,2082.0,2110.0,2142.0,0.0,1383.648,1316.975,1338.0,1360.0,1383.0,1407.0,1429.0,1454.0,0.0
calibration,2024-10-07,9,24,18288,36.593,3.0,8.0,16.0,30.0,50.0,73.0,109.0,0.0,45.6775,33.0,37.0,41.0,45.0,50.0,55.0,60.0,0.0,37.1625,26.0,29.0,33.0,37.0,41.0,45.0,50.0,0.0
calibration,2024-10-07,10,64,18288,169.468,68.975,93.0,123.75,162.0,208.0,255.0,309.0,0.0,156.9825,134.0,141.0,148.0,157.0,166.0,173.0,182.0,0.0,169.7815,145.0,153.0,161.0,170.0,178.0,187.0,194.0,0.0
calibration,2024-10-07,11,1270,18288,1512.208,1185.925,1282.0,1389.0,1506.0,1627.0,1741.0,1870.0249999999999,0.0,1665.695,1587.0,1614.0,1639.0,1666.0,1693.0,1717.0,1742.0,0.0,1509.8685,1439.0,1461.9,1484.75,1510.0,1536.0,1558.0,1580.0,0.0
calibration,2024-10-07,12,1345,18288,1355.8515,1048.0,1139.9,1239.0,1352.0,1470.0,1572.1000000000001,1692.0499999999997,0.0,1480.555,1404.0,1432.0,1456.0,1481.0,1504.0,1529.0,1556.0,0.0,1357.728,1286.975,1312.0,1334.0,1358.0,1382.0,1404.0,1427.0249999999999,0.0
calibration,2024-10-07,13,1179,18288,1314.8255,1012.975,1108.0,1199.75,1310.0,1420.0,1528.0,1669.0249999999999,0.0,1668.46,1589.975,1616.0,1643.0,1668.0,1694.0,1721.0,1748.0,0.0,1313.567,1248.975,1269.0,1290.0,1313.0,1337.0,1358.0,1381.0249999999999,0.0
calibration,2024-10-07,14,3228,18288,3284.5335,2798.9,2960.8,3115.75,3278.5,3451.0,3607.1000000000004,3783.0499999999997,0.0,3028.5945,2929.975,2963.0,2993.75,3029.0,3063.0,3095.0,3128.0,0.0,3281.2765,3184.0,3215.0,3246.0,3280.0,3316.0,3346.0,3381.0,0.0
calibration,2024-10-07,15,110,18288,110.7905,35.975,53.0,74.0,104.0,139.25,177.0,225.02499999999986,0.0,129.546,107.0,115.0,122.0,130.0,137.0,144.0,152.0,0.0,110.542,91.0,97.0,103.0,110.0,118.0,124.0,131.0,0.0
calibration,2024-10-07,16,296,18288,292.339,154.975,191.0,233.0,284.0,344.25,402.0,470.0,0.0,158.7295,134.0,143.0,150.0,158.0,167.0,175.0,183.0,0.0,290.4655,258.0,269.0,279.0,290.0,302.0,312.0,323.0,0.0
calibration,2024-10-07,17,642,18288,723.319,499.0,564.0,636.75,717.0,804.0,887.0,985.0249999999999,0.0,1218.4225,1151.0,1177.0,1196.0,1218.0,1241.0,1263.0,1283.0249999999999,0.0,723.487,671.0,689.0,706.0,723.0,742.0,757.0,775.0,0.0
calibration,2024-10-07,18,257,18288,132.5585,51.0,69.0,90.0,125.0,165.0,206.0,258.02499999999986,0.0,184.894,160.0,168.0,176.0,185.0,194.0,201.10000000000014,212.0,0.0,134.7965,113.0,120.9,127.0,135.0,142.0,150.0,157.0,0.0
calibration,2024-10-07,19,1373,18288,1280.5535,987.975,1077.9,1163.0,1274.5,1387.0,1495.0,1623.0249999999999,0.0,1082.991,1018.0,1042.0,1061.0,1083.0,1105.0,1124.0,1146.0,0.0,1278.9805,1213.0,1234.0,1255.0,1280.0,1302.0,1324.0,1346.0,0.0
calibration,2024-10-07,20,83,18288,69.164,13.0,25.0,39.75,61.0,89.0,122.10000000000014,172.0,0.0,57.5565,43.0,48.0,52.0,58.0,63.0,68.0,73.0,0.0,69.027,53.975,58.0,63.0,69.0,75.0,80.0,85.0,0.0
calibration,2024-10-07,21,79,18288,66.426,12.0,24.0,37.0,60.0,86.0,119.0,162.0,0.0,70.423,55.0,60.0,65.0,70.0,76.0,81.0,88.0,0.0,66.884,51.0,56.0,61.0,67.0,72.0,78.0,83.0,0.0
calibration,2024-10-07,22,246,18288,218.2105,98.0,132.9,168.0,211.0,263.0,311.0,378.0,0.0,220.9505,194.0,202.0,211.0,221.0,231.0,240.0,249.0,0.0,218.706,191.0,200.0,209.0,218.0,229.0,238.0,248.0,0.0
calibration,2024-10-07,23,147,18288,101.7235,28.0,46.0,66.0,95.0,130.0,168.0,215.02499999999986,0.0,109.8135,89.0,97.0,103.0,110.0,117.0,122.0,130.0,0.0,102.2275,83.0,89.0,96.0,102.0,109.0,115.0,122.0,0.0
calibration,2024-10-07,24,216,18288,208.3755,97.975,127.0,160.0,203.0,247.25,298.0,362.0,0.0,166.954,142.0,151.0,158.0,167.0,175.0,184.0,194.02499999999986,0.0,209.225,181.0,191.0,199.0,209.0,219.0,227.0,237.0,0.0
calibration,2024-10-07,25,206,18288,250.868,128.0,163.0,196.0,242.0,297.0,353.2000000000003,419.02499999999986,0.0,244.172,212.975,224.0,234.0,244.0,255.0,265.0,275.0,0.0,252.3825,221.0,231.0,242.0,252.0,263.0,273.0,284.0,0.0
calibration,2024-10-07,26,210,18288,213.0065,100.0,131.0,162.0,204.0,256.0,308.0,367.0499999999997,0.0,192.846,167.0,174.0,183.0,193.0,202.0,211.0,222.0,0.0,211.652,184.0,193.0,202.0,211.0,221.0,231.0,241.0,0.0
calibration,2024-10-07,27,212,18288,143.0745,52.0,74.0,101.0,135.0,176.25,221.0,284.0,0.0,137.8985,115.0,123.0,130.0,138.0,146.0,153.0,162.0,0.0,143.1355,120.0,128.0,135.0,143.0,151.0,159.0,167.0,0.0
calibration,2024-10-07,28,224,18288,171.5315,69.975,97.0,125.0,166.0,206.0,255.10000000000014,327.0499999999997,0.0,119.383,98.0,105.0,112.0,119.0,127.0,134.0,142.0,0.0,171.6565,146.0,155.0,163.0,172.0,180.0,189.0,199.0,0.0
calibration,2024-10-07,29,154,18288,326.9255,179.0,221.0,265.0,319.0,383.25,443.0,510.02499999999986,0.0,156.7605,132.0,140.0,148.0,156.0,165.0,173.0,182.02499999999986,0.0,326.386,290.0,303.9,315.0,326.0,338.0,349.0,363.0,0.0
calibration,2024-10-07,30,470,18288,517.0935,316.975,380.0,438.75,512.0,587.0,659.0,751.0,0.0,369.4845,331.975,345.0,357.0,370.0,382.0,393.0,407.0,0.0,516.6415,472.0,489.0,502.0,517.0,531.0,544.0,561.0,0.0
calibration,2024-10-07,31,352,18288,303.007,159.0,197.0,245.0,295.0,357.0,419.0,486.02499999999986,0.0,137.6455,115.0,123.0,130.0,138.0,146.0,153.0,160.0,0.0,302.5955,269.0,282.0,291.0,302.0,314.0,325.0,337.0,0.0
calibration,2024-10-07,32,246,18288,222.17,105.0,139.0,172.0,216.0,267.0,314.10000000000014,378.0499999999997,0.0,155.28,131.0,139.0,146.0,155.0,164.0,172.0,182.0,0.0,221.508,194.0,203.0,212.0,221.0,231.0,241.0,250.0,0.0
calibration,2024-10-07,33,18,18288,16.992,0.0,1.0,3.0,10.0,24.0,43.0,70.0,0.0,120.9595,99.0,107.0,113.0,121.0,128.0,135.0,143.0,0.0,16.7975,9.0,12.0,14.0,17.0,20.0,22.0,25.0,0.0
calibration,2024-10-07,34,96,18288,92.0175,26.0,40.0,59.0,84.0,118.0,153.0,202.0749999999996,0.0,111.8825,91.0,98.0,105.0,112.0,119.0,126.0,133.0,0.0,91.674,73.0,80.0,85.0,92.0,98.0,104.0,110.0,0.0
calibration,2024-10-07,35,26,18288,24.159,0.0,3.0,7.0,17.0,33.0,55.0,90.02499999999986,0.0,49.4715,36.0,41.0,45.0,49.0,54.0,58.0,63.0,0.0,23.2625,14.0,17.0,20.0,23.0,26.0,30.0,33.0,0.0
calibration,2024-10-07,36,601,18288,805.7195,561.0,646.0,712.0,796.5,893.0,980.1000000000001,1094.0,0.0,918.207,862.975,879.0,896.0,918.0,938.0,957.1000000000001,979.0249999999999,0.0,805.8415,754.0,771.0,787.0,805.0,824.0,843.0,863.0,0.0
calibration,2024-10-07,37,247,18288,189.2325,83.0,111.0,142.0,182.0,228.0,277.0,343.0,0.0,107.4,87.0,94.0,100.0,107.0,114.0,121.0,128.0,0.0,191.485,165.0,174.0,182.0,191.0,201.0,209.0,220.02499999999986,0.0
calibration,2024-10-07,38,231,18288,215.872,101.0,134.0,168.0,209.5,258.0,307.0,369.0499999999997,0.0,107.838,88.0,95.0,101.0,108.0,115.0,121.0,128.0,0.0,218.4405,189.0,200.0,209.0,218.0,228.0,237.0,247.0,0.0
calibration,2024-10-07,39,247,18288,221.8645,101.0,135.9,171.0,216.0,264.0,318.0,376.0,0.0,145.0025,121.0,129.9,137.0,145.0,153.0,161.0,169.0,0.0,223.5015,195.0,204.0,213.0,223.0,233.0,243.0,253.02499999999986,0.0
calibration,2024-10-14,0,15,16930,11.441,0.0,0.0,1.0,5.0,15.0,32.0,57.0,0.0,30.9235,21.0,24.0,27.0,31.0,34.0,38.0,43.0,0.0,10.908,5.0,7.0,9.0,11.0,13.0,15.0,18.0,0.0
calibration,2024-10-14,1,130,16930,103.996,32.0,49.0,70.0,97.5,133.0,169.0,215.0,0.0,95.316,76.0,83.0,89.0,95.0,102.0,108.0,115.0,0.0,106.012,86.0,93.0,99.0,106.0,113.0,119.0,126.0,0.0
calibration,2024-10-14,2,329,16930,332.19,193.0,232.0,275.0,325.0,386.0,439.0,516.0249999999999,0.0,134.87,114.0,121.0,127.0,134.5,142.0,149.0,158.0,0.0,332.27,296.0,308.0,319.0,332.0,345.0,355.10000000000014,368.0,0.0
calibration,2024-10-14,3,1142,16930,1052.6225,787.975,875.9,952.0,1048.0,1142.0,1240.1000000000001,1358.0,0.0,562.903,519.975,534.0,547.0,563.0,578.0,593.0,610.0,0.0,1051.4685,989.0,1010.0,1030.0,1051.0,1073.25,1092.0,1114.0,0.0
calibration,2024-10-14,4,164,16930,160.536,66.975,92.0,120.0,155.0,194.0,233.10000000000014,294.02499999999986,0.0,210.632,183.0,192.0,201.0,210.0,220.0,230.0,238.0,0.0,162.5875,138.0,146.0,154.0,163.0,171.0,179.0,188.0,0.0
calibration,2024-10-14,5,227,16930,239.271,118.0,152.0,187.0,230.0,282.25,340.0,407.02499999999986,0.0,149.987,126.0,134.0,142.0,150.0,158.0,166.0,175.0,0.0,240.42,211.0,221.0,230.0,240.0,251.0,261.0,271.0,0.0
calibration,2024-10-14,6,176,16930,187.627,85.975,114.9,142.75,181.0,225.0,271.10000000000014,326.0,0.0,218.2655,190.0,199.0,209.0,218.0,228.0,237.0,248.0,0.0,188.7205,164.0,171.0,179.0,188.0,198.0,207.0,217.0,0.0
calibration,2024-10-14,7,270,16930,160.123,65.0,89.0,116.0,153.0,196.0,243.0,294.02499999999986,0.0,183.234,157.0,166.0,175.0,184.0,192.0,200.0,209.0,0.0,159.741,136.0,144.0,151.0,160.0,168.0,176.0,185.0,0.0
calibration,2024-10-14,8,1303,16930,1303.9555,1008.0,1095.9,1190.75,1298.0,1413.0,1515.0,1625.0499999999997,0.0,1902.4135,1823.0,1852.0,1876.0,1902.0,1930.0,1953.1000000000001,1980.0249999999999,0.0,1305.5565,1237.975,1263.0,1282.0,1305.0,1328.0,1350.0,1375.0249999999999,0.0
calibration,2024-10-14,9,21,16930,26.0905,0.0,3.0,9.0,19.0,37.0,57.0,88.02499999999986,0.0,42.3955,30.0,34.0,38.0,42.0,47.0,51.0,56.0,0.0,25.6305,16.0,19.0,22.0,26.0,29.0,32.0,35.0,0.0
calibration,2024-10-14,10,144,16930,130.3085,47.0,68.0,92.0,124.0,161.0,203.0,249.02499999999986,0.0,146.076,124.0,131.0,138.0,146.0,154.0,162.0,170.0,0.0,130.171,108.975,116.0,123.0,130.0,138.0,144.0,152.0,0.0
calibration,2024-10-14,11,1460,16930,1306.269,1010.975,1108.0,1193.75,1298.0,1412.25,1512.1000000000001,1632.0249999999999,0.0,1542.375,1468.975,1492.0,1516.0,1542.0,1569.0,1593.0,1615.0,0.0,1300.3685,1234.0,1254.0,1277.0,1300.0,1324.0,1345.1000000000001,1364.0249999999999,0.0
calibration,2024-10-14,12,1296,16930,1259.8385,963.95,1062.0,1154.0,1251.0,1362.0,1466.0,1590.0,0.0,1370.32,1298.0,1325.0,1345.0,1370.0,1396.0,1417.0,1443.0,0.0,1259.6095,1196.0,1216.0,1237.0,1258.0,1282.0,1304.0,1328.0,0.0
calibration,2024-10-14,13,1272,16930,1205.9785,922.0,1009.0,1095.0,1199.0,1309.0,1413.0,1526.0499999999997,0.0,1544.9155,1470.0,1495.9,1520.0,1544.5,1571.0,1594.0,1620.0,0.0,1208.0455,1142.0,1164.0,1184.0,1208.0,1230.0,1252.1000000000001,1276.0,0.0
calibration,2024-10-14,14,3069,16930,3069.347,2649.0,2766.0,2896.75,3062.5,3232.0,3369.0,3538.0249999999996,0.0,2802.984,2716.0,2743.0,2770.0,2802.0,2834.25,2863.0,2895.0,0.0,3067.892,2971.0,3005.0,3034.0,3067.0,3101.0,3134.0,3165.0249999999996,0.0
calibration,2024-10-14,15,78,16930,98.4375,29.0,45.0,63.0,90.0,125.0,164.0,213.02499999999986,0.0,120.083,99.0,106.0,112.0,120.0,127.25,134.0,142.0,0.0,97.561,79.0,85.0,91.0,97.0,104.0,110.0,118.0,0.0
calibration,2024-10-14,16,348,16930,263.6315,138.0,175.9,213.75,258.0,310.0,355.0,411.02499999999986,0.0,146.8865,124.0,132.0,139.0,147.0,155.0,162.0,171.0,0.0,265.7655,235.0,246.0,255.0,266.0,276.0,285.10000000000014,299.0,0.0
calibration,2024-10-14,17,643,16930,672.388,464.975,529.0,593.0,665.5,744.25,827.0,911.0,0.0,1128.958,1065.0,1087.0,1108.0,1128.0,1151.0,1172.0,1194.0249999999999,0.0,674.287,626.0,642.0,657.0,674.0,691.0,707.0,727.0,0.0
calibration,2024-10-14,18,91,16930,145.5015,56.0,80.0,107.0,139.0,178.0,216.0,273.0,0.0,171.0935,146.0,154.0,163.0,171.0,180.0,188.0,197.0,0.0,143.958,120.0,129.0,136.0,144.0,152.0,160.0,169.0,0.0
calibration,2024-10-14,19,1212,16930,1204.6015,915.975,1006.9,1096.0,1198.0,1302.25,1405.2000000000003,1543.1249999999993,0.0,1002.728,944.0,963.0,982.0,1003.0,1024.0,1043.0,1061.0249999999999,0.0,1205.192,1141.0,1161.0,1182.0,1206.0,1228.0,1248.0,1272.0249999999999,0.0
calibration,2024-10-14,20,46,16930,55.737,10.0,18.0,30.0,48.0,73.25,104.0,141.0,0.0,53.2315,39.0,44.0,48.0,53.0,58.0,63.0,68.0,0.0,55.6735,42.0,47.0,51.0,55.0,61.0,66.0,71.0,0.0
calibration,2024-10-14,21,79,16930,64.3045,13.0,23.0,37.0,58.0,84.0,113.10000000000014,152.02499999999986,0.0,65.21,50.975,55.0,60.0,65.0,71.0,76.0,81.0,0.0,64.0815,49.0,54.0,59.0,64.0,69.0,74.0,81.0,0.0
calibration,2024-10-14,22,236,16930,211.9795,105.0,132.0,161.0,206.0,255.0,298.0,353.02499999999986,0.0,203.8155,175.975,185.0,194.0,204.0,214.0,223.0,234.0,0.0,213.7045,186.0,195.0,204.0,214.0,223.0,233.0,243.0,0.0
calibration,2024-10-14,23,112,16930,107.635,37.0,53.0,74.0,101.0,133.0,170.0,219.0,0.0,101.8305,82.0,89.0,95.0,102.0,108.0,114.0,123.0,0.0,107.8075,87.0,95.0,101.0,108.0,115.0,121.0,129.0,0.0
calibration,2024-10-14,24,186,16930,197.411,91.0,118.0,149.0,190.0,238.0,286.0,342.02499999999986,0.0,153.3145,129.975,138.0,145.0,153.0,162.0,169.0,176.0,0.0,195.9535,169.975,178.0,186.0,196.0,205.0,214.0,224.0,0.0
calibration,2024-10-14,25,168,16930,208.733,100.0,131.0,163.0,203.0,248.0,293.0,353.0,0.0,225.5405,197.0,207.0,216.0,225.0,235.0,245.0,255.0,0.0,207.9095,180.0,189.0,197.0,208.0,217.0,226.0,237.02499999999986,0.0
calibration,2024-10-14,26,154,16930,165.1665,70.975,95.0,122.0,158.0,200.0,245.0,301.02499999999986,0.0,179.0975,153.0,162.0,170.0,178.0,188.0,196.0,207.02499999999986,0.0,166.138,141.0,150.0,157.0,166.0,175.0,183.0,192.0,0.0
calibration,2024-10-14,27,116,16930,153.3445,61.975,85.0,110.75,145.0,189.0,233.10000000000014,292.02499999999986,0.0,126.897,105.0,113.0,119.0,127.0,134.0,141.0,149.0,0.0,152.798,129.0,137.0,144.0,152.5,161.0,169.0,178.0,0.0
calibration,2024-10-14,28,219,16930,181.929,80.0,107.0,133.0,174.0,220.0,266.0,328.0,0.0,110.139,90.0,97.0,103.0,110.0,117.0,124.0,130.0,0.0,182.239,156.0,165.0,173.0,182.0,191.0,199.0,210.0,0.0
calibration,2024-10-14,29,62,16930,246.907,126.0,160.0,195.0,239.0,292.0,344.10000000000014,404.0,0.0,145.0185,122.0,129.0,136.0,145.0,153.0,161.0,170.0,0.0,245.1925,214.0,225.0,234.75,245.0,256.0,265.10000000000014,277.0,0.0
calibration,2024-10-14,30,468,16930,470.592,293.0,350.0,397.0,461.0,536.0,609.0,686.0499999999997,0.0,342.088,305.0,318.0,329.0,341.0,354.0,367.0,378.02499999999986,0.0,467.737,428.0,441.0,453.0,467.0,481.0,496.0,509.0,0.0
calibration,2024-10-14,31,205,16930,292.6595,162.0,195.0,237.0,287.0,342.0,397.10000000000014,461.02499999999986,0.0,127.623,106.0,114.0,120.0,128.0,135.0,141.0,150.0,0.0,292.635,260.0,271.0,281.0,292.0,304.0,314.0,326.02499999999986,0.0
calibration,2024-10-14,32,206,16930,217.3265,105.975,135.0,166.0,209.5,259.0,312.10000000000014,367.02499999999986,0.0,143.947,120.0,129.9,136.0,143.0,152.0,160.0,168.0,0.0,220.6425,191.0,202.0,211.0,221.0,230.0,239.0,248.0,0.0
calibration,2024-10-14,33,16,16930,14.6225,0.0,1.0,3.0,9.0,20.0,38.0,63.024999999999864,0.0,112.0905,91.0,98.0,105.0,112.0,119.0,127.0,133.0,0.0,14.8775,8.0,10.0,12.0,15.0,17.0,19.0,23.0,0.0
calibration,2024-10-14,34,52,16930,74.3495,18.0,30.0,45.0,66.0,96.0,129.0,172.04999999999973,0.0,103.4785,84.0,91.0,97.0,103.0,110.0,117.0,123.0,0.0,73.243,57.0,63.0,67.0,73.0,79.0,84.0,90.0,0.0
calibration,2024-10-14,35,55,16930,23.81,1.0,3.0,7.75,17.0,33.0,53.0,84.0,0.0,46.1085,33.0,38.0,41.0,46.0,51.0,55.0,60.0,0.0,24.228,15.0,18.0,21.0,24.0,28.0,31.0,34.024999999999864,0.0
calibration,2024-10-14,36,592,16930,688.3315,479.95,542.0,610.0,685.0,760.0,837.0,932.0,0.0,850.264,794.0,814.0,831.75,850.0,869.0,888.0,910.0,0.0,691.4555,642.0,659.0,673.75,690.5,709.0,725.1000000000001,747.0,0.0
calibration,2024-10-14,37,149,16930,195.236,89.0,117.0,148.75,188.0,234.25,284.0,339.0499999999997,0.0,99.1565,80.0,86.0,92.0,99.0,106.0,112.0,120.0,0.0,194.293,168.0,176.0,185.0,194.0,204.0,212.0,223.0,0.0
calibration,2024-10-14,38,215,16930,209.07,98.95,129.0,159.0,201.5,247.0,303.10000000000014,368.09999999999945,0.0,99.463,80.0,87.0,92.0,99.0,106.0,112.0,120.0,0.0,207.629,180.0,189.0,198.0,208.0,218.0,226.0,237.0,0.0
calibration,2024-10-14,39,204,16930,216.7015,106.0,136.0,166.0,212.0,258.0,305.10000000000014,370.0499999999997,0.0,134.327,112.0,119.0,126.0,134.0,142.0,149.0,157.0,0.0,215.5975,187.0,197.0,205.0,215.0,226.0,235.0,246.0,0.0
calibration,2024-10-21,0,25,17421,13.869,0.0,0.0,2.0,7.0,19.0,36.0,63.024999999999864,0.0,31.8595,21.0,25.0,28.0,32.0,36.0,39.0,44.0,0.0,13.828,7.0,9.0,11.0,14.0,16.0,19.0,22.0,0.0
calibration,2024-10-21,1,59,17421,120.7215,43.0,61.0,83.0,114.0,151.0,192.0,238.02499999999986,0.0,97.748,78.0,85.0,91.0,98.0,104.0,111.0,118.0,0.0,119.9345,101.0,107.0,112.0,120.0,127.0,134.0,142.0,0.0
calibration,2024-10-21,2,312,17421,344.8275,198.975,243.0,286.0,338.0,396.0,458.10000000000014,519.0,0.0,138.6715,116.0,123.9,130.0,139.0,147.0,154.0,162.0,0.0,346.0485,310.975,323.0,333.0,346.0,359.0,369.0,382.0,0.0
calibration,2024-10-21,3,1101,17421,1133.582,845.0,940.0,1027.0,1127.0,1232.0,1336.1000000000001,1452.0499999999997,0.0,579.3265,535.975,550.0,563.0,579.0,595.0,610.0,627.0,0.0,1134.125,1070.0,1092.0,1112.75,1134.0,1156.0,1176.0,1195.0249999999999,0.0
calibration,2024-10-21,4,133,17421,166.0465,73.0,95.0,123.0,159.0,201.0,247.0,306.02499999999986,0.0,217.056,190.0,199.0,207.0,217.0,226.0,236.0,248.0,0.0,165.1355,141.0,149.9,157.0,165.0,173.0,181.0,190.0,0.0
calibration,2024-10-21,5,382,17421,253.416,126.0,162.0,199.0,248.0,302.0,352.0,418.02499999999986,0.0,154.3285,130.0,138.0,146.0,154.0,163.0,171.0,180.0,0.0,249.8405,218.0,230.0,239.0,250.0,260.0,270.0,281.02499999999986,0.0
calibration,2024-10-21,6,172,17421,174.7575,76.975,102.0,130.0,167.0,211.0,258.0,319.02499999999986,0.0,225.059,196.0,206.0,215.0,225.0,235.0,245.0,255.0,0.0,174.085,149.0,157.0,165.0,174.0,183.0,191.0,199.02499999999986,0.0
calibration,2024-10-21,7,187,17421,199.5615,91.0,120.0,152.0,192.0,239.0,290.0,344.02499999999986,0.0,188.1255,161.0,171.0,179.0,188.0,198.0,206.0,215.0,0.0,197.5585,171.0,179.0,188.0,197.0,207.0,216.0,225.02499999999986,0.0
calibration,2024-10-21,8,1455,17421,1341.0185,1035.975,1131.9,1222.0,1336.5,1452.0,1555.2000000000003,1682.0749999999996,0.0,1956.423,1876.0,1902.9,1926.0,1957.0,1985.0,2010.0,2038.0249999999999,0.0,1336.49,1270.975,1293.0,1313.0,1335.0,1360.0,1383.0,1407.0,0.0
calibration,2024-10-21,9,17,17421,24.254,0.0,3.0,7.0,17.0,34.0,55.100000000000136,88.0,0.0,43.608,30.0,35.0,39.0,43.5,48.0,52.0,57.0,0.0,24.015,15.0,18.0,21.0,24.0,27.0,31.0,34.024999999999864,0.0
calibration,2024-10-21,10,177,17421,128.021,44.975,65.0,90.0,121.0,157.0,198.10000000000014,252.02499999999986,0.0,149.313,126.0,133.0,141.0,149.0,157.0,165.0,174.0,0.0,129.6245,109.0,115.0,122.0,129.0,137.0,144.0,152.0,0.0
calibration,2024-10-21,11,1408,17421,1354.282,1048.95,1149.0,1237.75,1350.0,1467.0,1565.1000000000001,1689.0499999999997,0.0,1586.909,1513.0,1537.0,1563.0,1587.0,1612.0,1636.0,1660.0,0.0,1354.7625,1289.0,1309.0,1330.0,1354.0,1379.0,1400.0,1423.0,0.0
calibration,2024-10-21,12,1282,17421,1307.365,1011.0,1102.0,1196.0,1302.0,1410.0,1519.1000000000001,1648.0249999999999,0.0,1409.8285,1339.975,1365.0,1385.0,1410.0,1433.0,1456.0,1479.0,0.0,1304.771,1234.975,1261.0,1282.0,1304.0,1329.0,1349.0,1374.0,0.0
calibration,2024-10-21,13,1331,17421,1247.19,956.925,1057.9,1144.0,1237.0,1350.0,1449.0,1564.0249999999999,0.0,1590.0365,1518.0,1542.0,1565.0,1590.0,1614.25,1638.0,1670.0,0.0,1246.041,1180.975,1203.0,1223.0,1245.0,1268.0,1290.0,1314.0249999999999,0.0
calibration,2024-10-21,14,3915,17421,3186.0315,2732.0,2877.0,3016.0,3187.5,3345.25,3503.1000000000004,3663.075,0.0,2883.674,2784.975,2819.0,2850.0,2883.0,2918.0,2948.0,2982.0,0.0,3187.947,3085.0,3121.0,3155.0,3188.0,3221.0,3253.1000000000004,3290.0,0.0
calibration,2024-10-21,15,72,17421,94.768,27.0,44.0,62.0,89.0,121.0,154.10000000000014,195.02499999999986,0.0,124.4275,103.0,110.0,117.0,124.0,132.0,139.0,147.0,0.0,93.9925,75.0,82.0,88.0,94.0,101.0,106.0,113.0,0.0
calibration,2024-10-21,16,360,17421,307.4915,164.975,207.0,249.0,302.0,359.0,416.10000000000014,490.0499999999997,0.0,151.4855,127.0,136.0,143.0,151.0,160.0,167.10000000000014,176.02499999999986,0.0,308.837,274.0,286.0,297.0,309.0,321.0,332.0,343.0,0.0
calibration,2024-10-21,17,619,17421,688.6655,482.0,546.0,605.0,676.0,768.0,847.0,947.0499999999997,0.0,1161.666,1099.0,1120.0,1139.0,1161.0,1185.0,1204.0,1225.0,0.0,692.2205,641.0,659.0,674.0,692.0,710.0,726.0,744.0,0.0
calibration,2024-10-21,18,77,17421,135.807,54.0,75.0,97.0,126.0,168.0,213.0,261.0,0.0,176.8155,151.0,160.0,168.0,177.0,186.0,193.10000000000014,204.0,0.0,137.4995,115.0,123.0,130.0,137.0,145.0,153.0,160.02499999999986,0.0
calibration,2024-10-21,19,1299,17421,1228.666,929.0,1026.0,1115.0,1225.5,1335.25,1433.0,1559.0,0.0,1031.992,972.0,992.0,1011.0,1031.0,1052.0,1072.1000000000001,1096.0,0.0,1228.921,1163.975,1185.0,1205.0,1229.0,1252.0,1272.0,1296.0,0.0
calibration,2024-10-21,20,52,17421,55.1735,9.0,18.0,30.0,49.0,73.0,100.0,140.0,0.0,55.089,41.0,46.0,50.0,55.0,60.0,65.0,70.0,0.0,55.599,41.0,46.0,50.0,55.0,60.0,65.0,71.0,0.0
calibration,2024-10-21,21,55,17421,74.023,16.975,30.0,46.0,66.0,95.0,128.0,171.0,0.0,67.0375,51.0,56.0,61.0,67.0,72.0,78.0,84.0,0.0,74.294,58.0,63.0,68.0,74.0,80.0,85.0,92.0,0.0
calibration,2024-10-21,22,230,17421,223.893,107.0,139.0,174.0,218.0,267.25,316.0,384.0,0.0,210.3315,182.0,191.0,200.0,210.0,220.0,229.0,239.0,0.0,221.2155,192.0,203.0,211.0,221.0,231.0,240.0,251.0,0.0
calibration,2024-10-21,23,97,17421,113.4285,34.0,55.0,76.0,106.0,144.0,182.0,223.04999999999973,0.0,104.9085,85.0,92.0,98.0,104.0,112.0,119.0,126.0,0.0,112.7775,92.0,100.0,106.0,113.0,120.0,126.0,134.0,0.0
calibration,2024-10-21,24,169,17421,198.845,91.975,120.0,151.0,193.0,238.25,289.0,339.0499999999997,0.0,158.258,133.0,142.0,150.0,158.0,167.0,174.0,183.0,0.0,199.8035,173.0,182.0,190.0,200.0,209.0,218.0,229.0,0.0
calibration,2024-10-21,25,136,17421,207.1595,95.0,127.0,158.0,200.0,248.0,293.0,363.0,0.0,232.651,202.0,213.0,222.0,232.0,243.0,253.0,264.0,0.0,208.63,181.0,190.0,199.0,209.0,218.0,227.0,237.0,0.0
calibration,2024-10-21,26,157,17421,166.685,70.0,93.0,122.0,159.0,204.0,248.0,306.0,0.0,184.034,157.0,167.0,175.0,184.0,193.0,201.0,211.0,0.0,166.574,142.0,150.0,158.0,167.0,175.0,183.0,192.0,0.0
calibration,2024-10-21,27,48,17421,168.0275,73.975,98.0,125.0,162.0,202.0,245.10000000000014,302.02499999999986,0.0,130.672,108.0,116.0,123.0,131.0,138.0,145.0,154.0,0.0,168.0475,144.0,152.0,160.0,168.0,176.0,185.0,193.0,0.0
calibration,2024-10-21,28,233,17421,194.9315,85.975,116.0,146.0,189.0,234.0,282.0,351.0499999999997,0.0,113.5105,93.0,100.0,106.0,114.0,121.0,127.0,135.0,0.0,195.379,167.0,177.0,186.0,195.0,204.0,214.0,223.0,0.0
calibration,2024-10-21,29,73,17421,178.1065,77.0,104.0,134.0,172.0,216.0,258.0,319.0499999999997,0.0,149.2005,126.0,134.0,141.0,149.0,158.0,165.0,174.0,0.0,178.9715,154.0,162.0,170.0,179.0,187.0,196.0,205.0,0.0
calibration,2024-10-21,30,400,17421,452.163,275.975,327.9,383.0,445.0,515.0,583.0,671.0,0.0,351.545,314.0,327.0,339.0,351.0,364.0,376.0,389.0,0.0,454.9705,413.0,427.9,440.0,455.0,469.0,483.0,498.0,0.0
calibration,2024-10-21,31,224,17421,266.6645,136.975,173.0,213.0,260.0,315.0,366.10000000000014,430.0,0.0,130.8345,110.0,117.0,123.0,130.0,138.0,145.10000000000014,154.0,0.0,269.6705,238.0,249.0,259.0,269.0,280.0,291.0,304.0,0.0
calibration,2024-10-21,32,76,17421,242.371,121.975,155.0,189.0,236.0,287.0,340.0,400.02499999999986,0.0,148.0095,124.0,132.0,140.0,148.0,156.0,163.0,172.02499999999986,0.0,240.6725,211.0,221.0,230.0,240.0,251.0,260.0,270.0,0.0
calibration,2024-10-21,33,9,17421,15.2115,0.0,0.0,2.0,8.0,21.0,38.0,66.0,0.0,115.419,94.0,102.0,108.0,115.0,123.0,129.0,137.0,0.0,14.7785,7.0,10.0,12.0,15.0,17.0,20.0,23.0,0.0
calibration,2024-10-21,34,29,17421,72.88,16.0,28.0,44.0,66.0,94.0,125.0,169.02499999999986,0.0,106.456,86.975,94.0,99.0,106.0,113.0,120.0,127.0,0.0,72.5815,56.0,61.900000000000006,67.0,73.0,78.0,83.0,89.0,0.0
calibration,2024-10-21,35,29,17421,32.351,1.0,5.0,12.0,25.0,45.0,70.0,104.0,0.0,47.0345,35.0,39.0,43.0,47.0,51.0,55.0,61.0,0.0,30.9515,21.0,24.0,27.0,31.0,35.0,38.0,43.0,0.0
calibration,2024-10-21,36,564,17421,685.569,470.975,540.9,602.75,677.0,761.0,844.0,936.0499999999997,0.0,874.071,815.0,836.0,854.0,873.0,894.0,914.0,932.0,0.0,684.4885,635.0,652.0,667.0,683.0,702.0,718.1000000000001,734.0249999999999,0.0
calibration,2024-10-21,37,58,17421,199.463,91.0,122.0,153.0,192.0,239.0,288.0,346.0749999999996,0.0,102.412,82.0,90.0,96.0,103.0,110.0,115.0,122.0,0.0,199.997,173.0,182.0,190.0,200.0,210.0,218.0,228.0,0.0
calibration,2024-10-21,38,248,17421,203.018,94.0,124.0,154.0,196.0,245.0,289.10000000000014,350.0,0.0,102.976,83.0,90.0,96.0,103.0,110.0,116.10000000000014,122.0,0.0,204.0215,178.0,186.0,194.0,204.0,213.0,222.0,233.0,0.0
calibration,2024-10-21,39,151,17421,220.6945,102.975,137.0,167.75,213.0,264.0,314.0,367.02499999999986,0.0,138.197,115.0,123.0,130.0,138.0,146.0,153.0,162.0,0.0,221.8995,194.0,203.0,212.0,222.0,232.0,241.0,251.0,0.0
calibration,2024-10-28,0,4,16490,16.9575,0.0,1.0,4.0,11.0,24.0,41.0,65.02499999999986,0.0,30.16,20.0,23.0,26.0,30.0,34.0,38.0,42.0,0.0,17.1475,9.0,12.0,14.0,17.0,20.0,23.0,26.0,0.0
calibration,2024-10-28,1,57,16490,103.9195,36.0,51.0,70.0,97.0,131.0,165.0,210.02499999999986,0.0,92.7535,74.0,81.0,86.0,93.0,99.0,105.0,112.0,0.0,104.631,86.0,92.0,97.0,104.0,111.0,118.0,126.0,0.0
calibration,2024-10-28,2,242,16490,316.1235,180.0,219.0,256.0,309.0,365.0,424.0,497.0,0.0,130.819,109.0,116.0,123.0,131.0,139.0,146.0,154.0,0.0,316.0955,284.0,294.0,304.0,316.0,329.0,338.0,350.0,0.0
calibration,2024-10-28,3,1119,16490,1096.506,825.975,915.9,990.0,1090.0,1191.0,1293.0,1403.0249999999999,0.0,547.4415,503.0,518.0,532.0,547.0,562.0,577.0,595.0,0.0,1093.1605,1031.975,1053.0,1073.0,1093.0,1113.0,1133.0,1154.0,0.0
calibration,2024-10-28,4,110,16490,147.4315,58.0,82.0,107.75,140.5,180.25,222.0,270.02499999999986,0.0,205.333,177.0,188.0,196.0,205.0,215.0,223.0,234.0,0.0,146.2695,124.0,131.0,138.0,146.0,154.0,162.0,168.0,0.0
calibration,2024-10-28,5,363,16490,265.266,143.0,177.0,215.0,257.5,312.0,364.10000000000014,420.0,0.0,145.757,123.0,131.0,137.0,146.0,154.0,161.0,170.0,0.0,264.977,233.0,244.0,255.0,265.0,276.0,285.0,296.0,0.0
calibration,2024-10-28,6,118,16490,162.612,70.0,95.0,120.0,157.0,199.0,236.10000000000014,293.0,0.0,213.1965,185.0,195.0,204.0,213.0,222.0,232.0,242.0,0.0,163.639,140.0,147.0,155.0,163.0,172.0,180.0,189.0,0.0
calibration,2024-10-28,7,167,16490,197.6005,95.0,120.0,151.0,192.0,236.0,282.0,337.02499999999986,0.0,177.9825,154.0,161.9,169.0,178.0,187.0,195.0,205.0,0.0,197.127,170.0,179.0,188.0,197.0,207.0,215.0,224.0,0.0
calibration,2024-10-28,8,1414,16490,1300.1465,1012.95,1105.0,1190.0,1294.0,1407.0,1500.1000000000001,1616.0499999999997,0.0,1851.3825,1774.0,1800.0,1824.75,1851.0,1878.25,1902.0,1929.0249999999999,0.0,1294.2135,1226.975,1250.0,1270.0,1294.0,1318.0,1339.0,1362.0249999999999,0.0
calibration,2024-10-28,9,17,16490,19.0025,0.0,1.0,5.0,13.0,27.0,45.0,71.02499999999986,0.0,41.52,29.0,33.0,37.0,41.0,46.0,50.0,55.0,0.0,19.1445,11.0,14.0,16.0,19.0,22.0,25.0,28.0,0.0
calibration,2024-10-28,10,133,16490,115.122,40.975,58.900000000000006,80.0,107.5,145.0,181.0,229.02499999999986,0.0,141.919,118.975,126.0,134.0,142.0,150.0,158.0,165.0,0.0,116.0415,95.0,102.0,109.0,116.0,123.0,130.0,138.0,0.0
calibration,2024-10-28,11,1187,16490,1313.358,1030.95,1112.0,1198.0,1307.0,1418.0,1528.0,1647.0,0.0,1505.2795,1430.0,1457.0,1481.0,1505.0,1531.0,1553.1000000000001,1577.0,0.0,1315.7185,1246.0,1270.0,1290.75,1316.0,1340.0,1361.0,1389.0,0.0
calibration,2024-10-28,12,1215,16490,1216.4995,913.0,1021.0,1111.0,1210.0,1318.25,1420.2000000000003,1547.0249999999999,0.0,1335.0025,1270.975,1290.0,1311.0,1335.0,1358.0,1379.0,1404.0,0.0,1218.9535,1155.975,1177.0,1195.0,1219.0,1242.0,1262.0,1284.0,0.0
calibration,2024-10-28,13,1305,16490,1172.826,907.0,987.9,1068.75,1165.5,1275.0,1362.1000000000001,1475.0,0.0,1504.5335,1435.975,1459.0,1480.0,1503.0,1530.0,1553.0,1577.0,0.0,1174.925,1105.0,1131.0,1152.0,1175.0,1197.0,1218.0,1240.0,0.0
calibration,2024-10-28,14,3596,16490,3209.199,2783.975,2906.8,3048.0,3208.0,3365.0,3506.1000000000004,3665.0,0.0,2729.607,2638.0,2668.0,2697.0,2731.0,2761.0,2790.0,2825.0,0.0,3204.343,3102.0,3140.0,3169.0,3203.0,3239.0,3271.0,3305.0,0.0
calibration,2024-10-28,15,64,16490,81.9195,22.975,34.0,51.0,75.0,105.0,137.0,183.02499999999986,0.0,117.4825,97.0,104.0,110.0,117.0,125.0,131.0,139.0,0.0,82.6565,65.0,71.0,77.0,82.0,89.0,94.0,101.0,0.0
calibration,2024-10-28,16,328,16490,322.0845,184.975,224.0,261.0,315.0,375.0,432.0,498.0,0.0,143.043,120.0,127.0,135.0,143.0,151.0,159.0,169.0,0.0,320.192,286.0,298.0,308.0,320.0,332.0,343.0,353.02499999999986,0.0
calibration,2024-10-28,17,549,16490,619.094,418.975,480.9,540.0,612.0,689.0,768.0,861.0,0.0,1097.9865,1036.0,1057.0,1076.0,1097.0,1121.0,1140.0,1162.0,0.0,622.761,575.975,591.0,605.0,623.0,639.0,655.0,671.0,0.0
calibration,2024-10-28,18,71,16490,120.619,42.0,62.0,85.0,113.0,151.0,187.0,238.0,0.0,166.733,142.0,151.0,158.0,166.0,176.0,184.0,191.0,0.0,121.48,101.0,108.0,114.0,121.5,129.0,136.0,143.0,0.0
calibration,2024-10-28,19,1563,16490,1179.0035,901.975,987.9,1071.75,1170.0,1280.0,1377.1000000000001,1492.0499999999997,0.0,978.3565,919.0,938.0,957.0,978.0,998.0,1018.0,1040.0,0.0,1186.4025,1121.975,1147.0,1164.0,1186.0,1207.0,1230.0,1254.0,0.0
calibration,2024-10-28,20,32,16490,55.1895,9.0,18.0,30.0,49.0,73.0,101.0,135.0,0.0,52.192,39.0,43.0,47.0,52.0,57.0,61.0,66.0,0.0,54.6,42.0,45.0,50.0,54.0,59.0,64.0,69.0,0.0
calibration,2024-10-28,21,49,16490,66.116,13.0,25.0,39.0,59.0,86.0,116.10000000000014,158.02499999999986,0.0,63.528,49.0,53.0,58.0,63.0,69.0,74.0,80.0,0.0,65.215,50.0,55.0,60.0,65.0,71.0,76.0,81.0,0.0
calibration,2024-10-28,22,174,16490,213.6135,101.0,133.0,166.0,206.0,254.0,303.0,361.0499999999997,0.0,198.9685,172.0,181.0,189.0,199.0,208.0,218.0,227.0,0.0,211.9095,184.0,194.0,202.0,212.0,222.0,230.0,240.0,0.0
calibration,2024-10-28,23,75,16490,106.8035,36.0,54.0,73.0,101.0,133.0,169.0,215.0,0.0,98.791,80.0,86.0,92.0,99.0,105.0,112.0,119.0,0.0,108.1395,88.0,95.0,101.0,108.0,115.0,121.10000000000014,129.02499999999986,0.0
calibration,2024-10-28,24,164,16490,176.4025,80.0,104.0,132.0,172.0,213.0,257.0,308.0499999999997,0.0,150.098,125.0,134.0,142.0,150.0,158.0,166.0,174.0,0.0,175.7315,150.0,159.0,167.0,175.0,185.0,193.0,202.0,0.0
calibration,2024-10-28,25,185,16490,181.585,86.0,110.9,137.0,177.0,216.0,260.0,321.0749999999996,0.0,219.4965,190.0,200.0,209.0,219.0,230.0,240.0,249.02499999999986,0.0,179.4185,153.0,162.0,170.0,179.0,188.0,196.0,207.0,0.0
calibration,2024-10-28,26,116,16490,161.322,66.0,92.0,119.0,154.0,198.0,239.0,291.02499999999986,0.0,173.749,148.0,156.9,165.0,173.0,183.0,191.0,200.0,0.0,161.885,138.0,146.0,153.0,162.0,170.0,178.0,189.0,0.0
calibration,2024-10-28,27,43,16490,136.1245,52.0,74.0,98.0,131.0,168.0,204.0,256.0,0.0,124.1325,102.0,110.0,117.0,124.0,131.0,138.0,145.0,0.0,134.9075,113.975,120.0,127.0,135.0,143.0,150.0,158.0,0.0
calibration,2024-10-28,28,198,16490,212.6655,102.0,131.9,165.0,206.0,251.0,304.10000000000014,360.0,0.0,107.252,87.0,94.0,100.0,107.0,114.0,120.0,128.0,0.0,214.8035,187.0,196.0,205.0,214.0,225.0,233.0,244.0,0.0
calibration,2024-10-28,29,72,16490,107.6455,33.0,49.0,73.0,100.0,137.0,173.10000000000014,217.0,0.0,140.908,119.0,126.0,133.0,141.0,149.0,156.0,163.02499999999986,0.0,107.784,88.0,95.0,101.0,107.0,115.0,121.0,129.0,0.0
calibration,2024-10-28,30,319,16490,429.6775,260.0,311.0,363.0,426.0,488.0,555.1000000000001,622.0249999999999,0.0,332.4655,298.0,310.0,320.0,332.0,344.0,355.0,368.0,0.0,426.7005,387.0,401.0,413.0,427.0,440.0,452.0,466.0,0.0
calibration,2024-10-28,31,249,16490,241.603,125.0,159.0,192.0,234.5,287.0,334.0,387.0,0.0,124.8585,104.0,110.9,118.0,125.0,132.0,139.0,147.0,0.0,238.704,208.0,219.0,228.0,238.5,249.0,259.0,269.0,0.0
calibration,2024-10-28,32,119,16490,179.73,82.0,108.0,135.0,172.0,219.0,260.0,312.0,0.0,139.6905,116.975,125.0,131.0,139.0,148.0,155.0,164.0,0.0,180.837,155.0,164.0,172.0,181.0,190.0,198.0,207.0,0.0
calibration,2024-10-28,33,14,16490,13.219,0.0,0.0,2.0,7.0,18.0,35.0,58.0,0.0,109.06,89.0,96.0,102.0,109.0,116.0,123.0,130.0,0.0,13.509,7.0,9.0,11.0,13.0,16.0,18.0,21.0,0.0
calibration,2024-10-28,34,31,16490,59.341,11.0,20.0,32.75,53.0,79.0,107.0,146.04999999999973,0.0,100.9805,82.0,88.0,94.0,101.0,107.0,114.0,122.0,0.0,58.482,44.0,49.0,53.0,58.0,63.25,68.0,74.0,0.0
calibration,2024-10-28,35,24,16490,29.525,2.0,5.0,11.0,22.0,41.0,63.100000000000136,93.02499999999986,0.0,44.8235,32.0,37.0,41.0,45.0,49.0,53.0,58.0,0.0,29.799,19.0,23.0,26.0,30.0,33.0,37.0,41.0,0.0
calibration,2024-10-28,36,618,16490,607.5475,406.975,467.0,530.0,606.0,679.0,755.0,835.0249999999999,0.0,827.049,774.0,793.0,809.0,827.0,845.0,864.0,882.0,0.0,609.1525,562.0,577.0,593.0,609.0,627.0,640.0,656.0249999999999,0.0
calibration,2024-10-28,37,32,16490,143.2595,54.975,77.0,104.0,137.0,174.0,216.0,272.0499999999997,0.0,96.9655,78.0,85.0,90.0,97.0,103.0,110.0,117.0,0.0,144.3835,121.0,129.0,137.0,144.0,153.0,160.0,167.0,0.0
calibration,2024-10-28,38,222,16490,202.168,98.0,126.0,156.0,196.0,242.0,288.0,341.0,0.0,97.686,78.975,85.0,91.0,98.0,104.0,110.0,117.0,0.0,201.9995,175.0,183.0,192.0,202.0,212.0,220.0,230.0,0.0
calibration,2024-10-28,39,132,16490,191.1715,86.975,119.0,148.0,185.0,227.0,270.10000000000014,329.0,0.0,131.017,108.975,117.0,124.0,131.0,138.0,146.0,154.0,0.0,192.1605,164.975,175.0,183.0,192.0,201.0,210.0,220.0,0.0
calibration,2024-11-04,0,13,17683,18.2285,0.0,1.0,4.0,11.0,25.0,44.0,74.0,0.0,32.598,22.0,25.0,29.0,32.0,36.0,40.0,44.0,0.0,17.2645,9.0,12.0,14.0,17.0,20.0,23.0,26.0,0.0
calibration,2024-11-04,1,46,17683,104.205,31.975,50.0,68.0,96.0,131.0,171.0,222.0,0.0,99.9285,80.0,87.0,93.0,100.0,106.0,112.0,119.02499999999986,0.0,104.609,85.0,91.0,98.0,104.0,112.0,118.0,124.02499999999986,0.0
calibration,2024-11-04,2,340,17683,334.905,181.0,224.0,274.0,328.0,387.0,448.0,527.0499999999997,0.0,140.9775,118.0,126.0,133.0,141.0,149.0,156.0,164.0,0.0,336.9035,303.0,314.0,324.0,337.0,349.0,361.0,375.0,0.0
calibration,2024-11-04,3,1215,17683,1197.5585,907.0,1005.0,1092.0,1191.5,1296.0,1402.0,1515.1249999999993,0.0,587.252,541.0,558.0,571.0,587.0,603.0,617.0,635.0,0.0,1196.278,1129.0,1153.9,1175.0,1196.0,1219.0,1237.0,1257.0,0.0
calibration,2024-11-04,4,195,17683,139.854,50.0,73.0,100.0,132.0,173.0,217.0,268.02499999999986,0.0,220.085,191.0,201.0,210.0,220.0,230.0,239.0,249.0,0.0,141.987,119.0,127.0,134.0,142.0,150.0,158.0,166.0,0.0
calibration,2024-11-04,5,293,17683,303.845,163.0,204.0,246.0,297.0,354.0,413.10000000000014,474.02499999999986,0.0,156.672,132.0,141.0,148.0,157.0,165.0,173.0,180.0,0.0,304.265,271.0,282.0,292.0,305.0,316.0,327.0,338.02499999999986,0.0
calibration,2024-11-04,6,155,17683,160.28,61.0,91.0,116.0,152.0,196.0,240.0,299.02499999999986,0.0,228.559,199.0,209.0,218.0,229.0,239.0,248.0,259.0,0.0,160.265,136.0,144.9,152.0,160.0,168.0,176.0,186.0,0.0
calibration,2024-11-04,7,168,17683,226.404,107.975,142.0,174.0,220.0,269.0,327.0,386.0,0.0,190.7505,162.975,173.0,182.0,191.0,200.0,208.0,219.0,0.0,226.446,198.0,207.0,217.0,226.0,236.0,246.0,256.0,0.0
calibration,2024-11-04,8,1542,17683,1447.5175,1123.925,1235.9,1331.0,1442.0,1558.25,1671.1000000000001,1806.1249999999993,0.0,1986.1615,1910.975,1934.0,1957.0,1984.5,2014.0,2041.0,2070.0249999999996,0.0,1444.2385,1378.95,1398.0,1419.0,1444.0,1468.0,1490.0,1519.0,0.0
calibration,2024-11-04,9,17,17683,20.6975,0.0,2.0,5.0,14.0,30.0,49.0,76.0,0.0,44.208,32.0,36.0,39.0,44.0,49.0,53.0,57.0,0.0,20.5105,13.0,15.0,17.0,20.0,24.0,26.0,30.0,0.0
calibration,2024-11-04,10,200,17683,134.3845,49.0,70.0,95.0,127.0,168.0,206.0,257.02499999999986,0.0,151.1445,127.0,136.0,143.0,151.0,159.0,167.0,175.02499999999986,0.0,132.912,111.0,118.0,125.0,133.0,141.0,148.0,156.0,0.0
calibration,2024-11-04,11,1366,17683,1360.707,1054.9,1151.0,1244.0,1356.0,1469.25,1576.0,1712.0249999999999,0.0,1611.367,1540.0,1561.0,1585.75,1610.0,1639.0,1663.0,1686.0,0.0,1361.485,1291.0,1314.9,1339.0,1362.0,1386.0,1408.0,1432.0,0.0
calibration,2024-11-04,12,1338,17683,1316.563,1012.975,1118.0,1203.0,1313.0,1421.0,1524.1000000000001,1650.0249999999999,0.0,1432.2895,1361.975,1384.0,1406.0,1431.0,1458.25,1480.0,1508.0,0.0,1313.656,1243.0,1269.0,1290.0,1314.0,1337.0,1358.0,1379.0,0.0
calibration,2024-11-04,13,1279,17683,1302.0135,998.975,1090.0,1186.75,1296.0,1412.0,1516.1000000000001,1652.0499999999997,0.0,1613.465,1539.0,1566.0,1587.75,1614.0,1638.0,1662.0,1690.0,0.0,1299.9615,1231.0,1256.0,1276.0,1301.0,1323.0,1345.0,1368.0249999999999,0.0
calibration,2024-11-04,14,3644,17683,3533.2055,3040.975,3217.9,3368.0,3528.0,3703.25,3853.2000000000003,4049.124999999999,0.0,2926.42,2832.0,2865.0,2893.0,2925.0,2959.0,2990.0,3030.0249999999996,0.0,3531.6825,3433.0,3464.0,3496.0,3531.0,3566.0,3597.0,3639.0,0.0
calibration,2024-11-04,15,79,17683,81.964,20.0,35.0,52.0,74.5,106.0,138.0,183.02499999999986,0.0,125.5035,104.0,111.0,118.0,125.0,133.0,140.0,148.0,0.0,83.042,66.0,72.0,77.0,83.0,89.0,95.0,102.0,0.0
calibration,2024-11-04,16,261,17683,341.952,190.95,236.0,281.75,335.0,396.0,452.10000000000014,535.0,0.0,154.1005,130.0,139.0,145.0,154.0,162.0,170.0,180.0,0.0,340.5385,305.975,317.0,328.0,341.0,352.0,364.0,376.0,0.0
calibration,2024-11-04,17,624,17683,623.3905,431.975,482.0,543.75,617.0,694.0,775.0,852.0749999999996,0.0,1178.0325,1114.975,1136.0,1156.0,1179.0,1200.0,1219.0,1242.0,0.0,627.5995,580.95,597.0,612.0,627.0,644.0,660.0,673.0,0.0
calibration,2024-11-04,18,97,17683,126.595,46.0,65.0,88.0,120.0,157.0,197.0,245.02499999999986,0.0,178.569,153.0,162.0,169.0,178.0,188.0,196.0,205.0,0.0,126.9595,104.0,113.0,120.0,127.0,134.25,141.0,148.02499999999986,0.0
calibration,2024-11-04,19,1818,17683,1398.154,1074.975,1176.0,1279.0,1394.0,1508.0,1614.1000000000001,1761.0499999999997,0.0,1047.4135,986.975,1008.0,1026.0,1047.0,1068.0,1088.0,1108.0249999999999,0.0,1391.294,1320.975,1344.9,1365.0,1391.0,1417.0,1439.0,1460.0,0.0
calibration,2024-11-04,20,43,17683,55.263,8.975000000000001,17.0,29.0,47.0,75.0,102.0,142.04999999999973,0.0,55.628,42.0,47.0,50.0,55.0,61.0,65.0,71.0,0.0,54.494,40.0,45.0,50.0,54.0,59.0,64.0,69.0,0.0
calibration,2024-11-04,21,49,17683,67.5805,14.0,25.0,40.0,60.0,90.0,119.0,156.02499999999986,0.0,68.3255,53.0,58.0,63.0,68.0,74.0,79.0,85.0,0.0,67.206,52.0,57.0,62.0,67.0,72.25,78.0,83.0,0.0
calibration,2024-11-04,22,203,17683,224.785,108.0,139.0,176.0,218.0,268.0,316.0,377.02499999999986,0.0,213.838,186.0,195.0,203.0,214.0,224.0,233.0,244.0,0.0,227.033,199.0,208.0,217.0,227.0,237.0,246.0,256.0,0.0
calibration,2024-11-04,23,78,17683,109.6145,33.975,52.900000000000006,72.75,104.0,141.0,174.0,222.0,0.0,106.1595,86.0,92.0,99.0,106.0,113.0,119.0,127.0,0.0,110.5435,91.0,97.0,104.0,110.0,117.25,123.0,131.0,0.0
calibration,2024-11-04,24,208,17683,187.7805,83.0,111.0,142.0,182.0,225.25,270.10000000000014,339.02499999999986,0.0,160.98,137.0,144.9,152.0,161.0,169.0,177.0,186.0,0.0,188.1615,163.0,171.0,179.0,188.0,197.0,206.0,215.0,0.0
calibration,2024-11-04,25,161,17683,177.105,75.0,102.9,132.0,171.0,214.0,260.10000000000014,323.02499999999986,0.0,235.8635,206.0,216.0,226.0,236.0,246.0,255.0,265.0,0.0,177.765,153.0,161.0,169.0,177.0,186.25,195.0,203.0,0.0
calibration,2024-11-04,26,108,17683,164.304,64.975,94.0,119.0,155.0,200.0,248.0,309.0,0.0,186.7965,161.0,170.0,177.0,186.0,196.0,205.0,215.02499999999986,0.0,162.927,139.0,147.0,154.0,163.0,172.0,179.0,188.0,0.0
calibration,2024-11-04,27,50,17683,108.3005,33.0,52.0,72.0,101.0,138.0,174.0,222.02499999999986,0.0,132.873,112.0,119.0,125.0,132.0,141.0,148.0,156.0,0.0,107.46,88.0,94.0,100.0,107.0,115.0,121.0,128.0,0.0
calibration,2024-11-04,28,227,17683,221.8885,103.0,140.0,173.0,213.0,264.0,312.0,387.0,0.0,114.9865,94.0,101.9,108.0,115.0,122.0,129.0,137.0,0.0,223.3155,195.0,205.0,214.0,223.0,233.0,242.0,253.0,0.0
calibration,2024-11-04,29,65,17683,92.054,26.0,42.0,59.0,84.0,116.0,152.10000000000014,204.0,0.0,151.2855,128.0,136.0,143.0,151.0,159.0,168.0,176.0,0.0,92.379,74.0,80.0,85.0,92.0,99.0,106.0,112.02499999999986,0.0
calibration,2024-11-04,30,396,17683,421.309,253.975,307.9,354.0,411.5,481.0,551.0,633.0,0.0,357.4105,321.0,333.0,345.0,357.0,370.0,382.0,396.0,0.0,422.9635,384.0,398.0,410.0,423.0,436.0,449.0,464.02499999999986,0.0
calibration,2024-11-04,31,188,17683,262.897,131.975,169.0,208.0,258.0,310.0,365.0,426.0499999999997,0.0,133.0045,111.0,118.0,125.0,133.0,141.0,148.0,156.0,0.0,263.878,233.0,243.0,253.0,263.5,275.0,285.0,296.0,0.0
calibration,2024-11-04,32,45,17683,166.4155,69.0,97.0,122.0,160.0,201.0,246.0,302.0,0.0,149.8955,125.975,134.0,141.0,150.0,158.0,167.0,175.0,0.0,165.9935,141.0,150.0,157.0,166.0,175.0,183.0,191.0,0.0
calibration,2024-11-04,33,15,17683,15.1085,0.0,0.0,3.0,9.0,21.0,40.0,65.02499999999986,0.0,117.289,96.0,104.0,110.0,117.0,125.0,131.0,139.0,0.0,14.9605,8.0,10.0,12.0,15.0,17.0,20.0,23.0,0.0
calibration,2024-11-04,34,54,17683,53.7765,8.0,17.0,28.0,47.0,72.0,101.0,134.0,0.0,108.2525,88.0,95.0,101.0,108.0,115.0,122.0,130.0,0.0,53.3485,40.0,44.0,48.0,53.0,58.0,63.0,68.0,0.0
calibration,2024-11-04,35,26,17683,33.7925,2.0,7.0,14.0,27.0,46.25,68.0,103.02499999999986,0.0,47.9745,35.0,39.0,43.0,48.0,53.0,57.0,63.0,0.0,34.5355,24.0,27.0,30.0,34.0,38.0,42.0,47.0,0.0
calibration,2024-11-04,36,614,17683,604.7805,405.0,462.0,523.0,601.0,675.0,749.0,854.0,0.0,887.689,830.0,852.0,868.0,887.0,907.0,927.0,946.0249999999999,0.0,607.1485,560.0,575.0,590.0,607.0,624.0,638.1000000000001,655.0,0.0
calibration,2024-11-04,37,62,17683,123.2625,44.0,64.0,86.0,115.0,153.0,191.0,245.0,0.0,103.8265,84.0,91.0,97.0,104.0,111.0,117.0,125.0,0.0,124.7145,103.0,111.0,117.0,125.0,132.0,139.0,148.0,0.0
calibration,2024-11-04,38,286,17683,233.765,112.975,148.0,183.0,227.5,275.0,330.0,396.02499999999986,0.0,104.843,85.0,92.0,98.0,105.0,112.0,118.0,125.0,0.0,235.1925,205.0,216.0,225.0,235.0,246.0,255.0,266.0,0.0
calibration,2024-11-04,39,115,17683,186.7935,80.0,109.0,140.0,181.0,226.0,272.0,337.0,0.0,140.582,117.0,125.0,133.0,141.0,148.0,156.0,165.0,0.0,187.083,160.0,170.0,178.0,187.0,196.0,204.0,214.0,0.0
calibration,2024-11-11,0,16,17582,14.5575,0.0,0.0,3.0,9.0,20.25,38.0,62.0,0.0,32.206,21.0,25.0,28.0,32.0,36.0,40.0,44.0,0.0,14.8745,8.0,10.0,12.0,15.0,17.0,20.0,23.0,0.0
calibration,2024-11-11,1,37,17582,75.475,18.0,30.0,46.0,69.0,96.0,132.0,167.04999999999973,0.0,99.1425,80.0,86.0,92.0,99.0,106.0,112.0,119.0,0.0,75.1055,58.0,64.0,69.0,75.0,81.0,86.0,93.0,0.0
calibration,2024-11-11,2,187,17582,313.092,172.0,211.0,254.75,305.0,365.0,426.0,498.02499999999986,0.0,139.8185,117.0,125.0,132.0,139.0,148.0,155.0,163.0,0.0,313.7155,280.0,292.0,302.0,314.0,325.0,336.0,346.0,0.0
calibration,2024-11-11,3,982,17582,1172.7685,878.0,981.9,1061.0,1168.0,1275.25,1378.0,1502.0749999999996,0.0,583.9205,538.0,553.0,568.0,583.5,600.0,615.0,631.0,0.0,1174.5725,1111.0,1133.9,1152.0,1174.0,1197.0,1217.0,1240.0,0.0
calibration,2024-11-11,4,114,17582,154.5385,62.975,86.0,113.0,149.0,189.0,230.0,284.0499999999997,0.0,218.985,191.0,200.0,209.0,219.0,228.0,238.0,249.0,0.0,154.505,131.0,139.0,147.0,154.0,163.0,170.0,178.0,0.0
calibration,2024-11-11,5,311,17582,324.7135,183.95,226.0,267.0,315.5,376.0,436.0,507.02499999999986,0.0,155.622,130.975,140.0,147.0,156.0,164.0,172.0,181.0,0.0,324.097,290.0,301.0,312.0,323.0,337.0,347.10000000000014,359.02499999999986,0.0
calibration,2024-11-11,6,105,17582,155.98,60.0,88.0,113.0,149.0,190.0,237.0,287.0,0.0,226.78,197.0,208.0,217.0,226.0,237.0,246.0,257.02499999999986,0.0,159.888,135.0,144.0,151.0,160.0,168.0,176.0,184.0,0.0
calibration,2024-11-11,7,166,17582,207.2585,91.0,123.0,158.0,202.0,249.0,298.10000000000014,366.0,0.0,189.6555,163.0,172.0,180.0,189.0,199.0,208.0,217.0,0.0,202.9445,176.0,185.0,193.0,203.0,213.0,221.0,231.0,0.0
calibration,2024-11-11,8,1797,17582,1466.9645,1141.925,1241.9,1351.0,1465.5,1578.0,1685.0,1813.174999999999,0.0,1974.7985,1892.0,1920.9,1945.0,1973.0,2003.0,2032.0,2063.0,0.0,1465.638,1395.0,1418.0,1442.0,1465.0,1489.0,1513.0,1535.0249999999999,0.0
calibration,2024-11-11,9,18,17582,18.474,0.0,1.0,4.0,12.0,25.0,43.0,78.02499999999986,0.0,44.156,32.0,36.0,39.0,44.0,49.0,53.0,57.0,0.0,18.756,11.0,13.0,16.0,19.0,22.0,24.0,28.0,0.0
calibration,2024-11-11,10,198,17582,167.1175,67.0,95.9,123.0,161.5,203.0,246.0,305.0,0.0,150.591,127.0,135.0,142.0,151.0,159.0,167.0,177.0,0.0,169.089,144.0,153.0,160.0,169.0,178.0,186.0,195.0,0.0
calibration,2024-11-11,11,1485,17582,1396.348,1090.925,1183.0,1278.75,1386.5,1503.25,1617.1000000000001,1760.0499999999997,0.0,1603.085,1531.0,1554.0,1576.0,1603.0,1629.0,1650.0,1676.0,0.0,1391.221,1317.0,1345.0,1367.0,1392.0,1415.0,1436.0,1460.0,0.0
calibration,2024-11-11,12,1395,17582,1318.717,1010.875,1100.0,1206.0,1315.0,1428.0,1539.0,1668.0249999999999,0.0,1422.9765,1356.0,1378.0,1399.0,1422.0,1446.0,1470.0,1493.0249999999999,0.0,1316.863,1247.0,1271.0,1294.0,1316.0,1342.0,1361.0,1388.0,0.0
calibration,2024-11-11,13,1385,17582,1329.12,1012.95,1117.0,1216.0,1323.0,1441.0,1547.0,1655.0749999999996,0.0,1605.2295,1532.975,1555.0,1579.0,1604.0,1632.0,1655.0,1679.0,0.0,1328.914,1260.0,1284.0,1306.0,1330.0,1352.25,1374.0,1396.0,0.0
calibration,2024-11-11,14,4178,17582,3640.113,3172.975,3335.9,3471.75,3629.5,3801.0,3965.0,4165.049999999999,0.0,2911.074,2815.0,2848.0,2877.0,2909.0,2945.0,2977.1000000000004,3013.0,0.0,3648.298,3546.975,3578.0,3612.0,3648.0,3684.0,3717.0,3756.0,0.0
calibration,2024-11-11,15,58,17582,75.8025,17.0,30.0,46.0,68.0,97.0,131.0,173.04999999999973,0.0,124.8085,103.0,110.0,117.0,125.0,132.0,139.0,147.0,0.0,75.773,58.975,65.0,70.0,75.0,82.0,87.0,93.02499999999986,0.0
calibration,2024-11-11,16,291,17582,335.066,187.0,230.0,275.0,329.0,388.0,451.0,524.0249999999999,0.0,152.9085,129.0,137.0,144.0,152.0,161.25,169.0,179.0,0.0,332.8885,298.0,310.0,320.0,332.0,345.0,356.0,369.0,0.0
calibration,2024-11-11,17,702,17582,626.368,409.975,479.0,545.0,619.0,701.25,779.0,885.0,0.0,1172.273,1109.0,1130.0,1149.0,1171.0,1195.0,1217.0,1241.0,0.0,624.6865,576.0,594.0,608.0,624.0,641.0,657.0,675.0,0.0
calibration,2024-11-11,18,71,17582,85.202,22.975,37.0,53.0,78.5,110.0,143.0,187.0,0.0,178.229,152.0,161.0,169.0,178.0,187.0,196.0,205.0,0.0,86.4395,69.0,74.0,80.0,87.0,93.0,98.0,104.02499999999986,0.0
calibration,2024-11-11,19,1563,17582,1509.7255,1191.0,1295.9,1392.0,1505.0,1622.0,1729.1000000000001,1859.0,0.0,1040.7715,978.0,1000.0,1019.0,1041.0,1063.0,1083.0,1105.0,0.0,1510.537,1435.975,1464.0,1486.0,1511.0,1535.0,1558.0,1585.0,0.0
calibration,2024-11-11,20,12,17582,45.0535,4.0,12.0,21.0,38.0,60.0,88.0,128.04999999999973,0.0,55.2275,41.975,46.0,50.0,55.0,60.0,65.0,70.0,0.0,44.4365,32.0,36.0,40.0,44.0,49.0,53.0,57.024999999999864,0.0
calibration,2024-11-11,21,30,17582,59.0685,10.0,20.0,32.0,52.0,77.0,108.0,148.02499999999986,0.0,67.5375,52.0,57.0,62.0,67.0,73.0,78.0,84.0,0.0,59.716,45.0,50.0,55.0,60.0,65.0,70.0,75.0,0.0
calibration,2024-11-11,22,159,17582,217.08,102.0,134.0,168.0,209.5,260.0,310.0,371.0499999999997,0.0,211.473,183.0,192.0,201.0,212.0,221.0,231.0,242.0,0.0,216.472,188.0,198.0,207.0,216.0,226.0,235.0,246.0,0.0
calibration,2024-11-11,23,70,17582,94.859,26.975,41.0,61.0,88.0,121.0,156.10000000000014,201.02499999999986,0.0,105.35,86.0,93.0,98.0,105.0,112.0,118.0,126.0,0.0,93.349,75.0,81.0,86.0,93.0,100.0,106.0,112.0,0.0
calibration,2024-11-11,24,139,17582,186.83,83.0,111.0,143.0,182.0,222.0,269.10000000000014,326.0,0.0,159.5115,136.0,144.0,151.0,159.0,168.0,176.0,185.0,0.0,186.281,161.0,169.9,177.0,186.0,195.0,204.0,214.0,0.0
calibration,2024-11-11,25,196,17582,165.8695,67.0,92.0,122.0,159.0,203.0,250.0,307.02499999999986,0.0,234.519,204.0,215.0,224.0,234.0,245.0,255.0,265.02499999999986,0.0,167.014,142.0,150.0,158.0,167.0,176.0,184.0,193.0,0.0
calibration,2024-11-11,26,90,17582,136.131,52.0,72.0,96.0,130.0,169.0,204.0,263.02499999999986,0.0,185.9355,159.0,168.0,177.0,186.0,195.0,203.0,213.02499999999986,0.0,137.2215,114.0,123.0,129.0,137.0,145.0,152.0,161.0,0.0
calibration,2024-11-11,27,48,17582,66.2875,14.0,24.0,39.0,60.0,86.0,118.0,153.02499999999986,0.0,132.1385,111.0,118.0,124.0,132.0,140.0,147.0,155.0,0.0,66.277,50.0,56.0,61.0,66.0,72.0,77.0,83.0,0.0
calibration,2024-11-11,28,68,17582,225.1505,113.0,138.0,175.0,217.0,269.0,316.10000000000014,381.0,0.0,114.91,95.0,101.0,107.0,115.0,122.0,129.0,136.0,0.0,224.989,198.0,206.0,214.0,225.0,235.0,245.0,255.0,0.0
calibration,2024-11-11,29,41,17582,68.6405,16.0,26.0,40.0,61.0,89.0,121.0,164.0,0.0,150.092,125.0,134.0,141.0,150.0,159.0,166.0,175.0,0.0,69.846,55.0,59.0,64.0,70.0,75.0,80.0,87.0,0.0
calibration,2024-11-11,30,343,17582,403.182,239.0,287.9,334.0,397.0,465.0,528.1000000000001,605.0249999999999,0.0,356.144,319.0,331.0,343.0,356.0,369.0,381.0,394.02499999999986,0.0,406.1415,370.0,381.0,392.0,406.0,419.0,433.0,445.0,0.0
calibration,2024-11-11,31,155,17582,221.151,106.0,136.0,170.0,212.5,265.0,315.0,373.02499999999986,0.0,132.198,111.0,118.0,124.0,132.0,140.0,148.0,155.0,0.0,222.414,193.0,203.0,213.0,223.0,232.0,241.0,252.0,0.0
calibration,2024-11-11,32,63,17582,113.2475,35.975,57.0,77.0,107.0,142.0,176.0,227.04999999999973,0.0,149.282,126.0,134.0,141.0,149.0,157.0,165.0,173.0,0.0,114.833,95.0,100.0,108.0,115.0,122.0,129.0,137.0,0.0
calibration,2024-11-11,33,17,17582,14.0485,0.0,0.0,2.0,8.0,19.0,37.0,62.0,0.0,116.777,96.0,103.0,109.0,117.0,124.0,131.0,137.0,0.0,14.0085,7.0,9.0,11.0,14.0,16.0,19.0,22.0,0.0
calibration,2024-11-11,34,29,17582,42.555,4.0,11.0,20.0,35.0,58.0,83.0,122.0,0.0,107.7025,88.0,94.0,101.0,108.0,114.0,121.0,129.0,0.0,42.6105,31.0,34.0,38.0,42.0,47.0,51.0,55.0,0.0
calibration,2024-11-11,35,15,17582,34.7565,1.0,6.0,15.0,28.0,47.0,72.0,112.02499999999986,0.0,47.6005,34.0,38.0,42.0,48.0,52.0,57.0,62.0,0.0,34.608,23.0,27.0,31.0,35.0,38.0,42.0,46.0,0.0
calibration,2024-11-11,36,724,17582,619.7855,407.925,473.9,540.0,615.0,692.0,767.0,873.0249999999999,0.0,881.6165,825.0,846.0,862.0,881.0,901.0,918.0,940.0,0.0,612.056,563.975,581.0,596.0,612.0,629.0,643.0,660.0249999999999,0.0
calibration,2024-11-11,37,34,17582,77.978,19.0,32.0,47.0,72.0,100.25,134.10000000000014,182.0,0.0,103.3485,84.975,91.0,96.0,103.0,110.0,117.0,125.0,0.0,77.39,61.0,66.0,71.0,77.0,83.0,89.0,95.0,0.0
calibration,2024-11-11,38,163,17582,247.158,122.0,157.0,195.0,240.0,290.0,349.0,406.0,0.0,104.097,84.0,91.0,97.0,104.0,111.0,117.0,124.02499999999986,0.0,249.0745,217.975,229.0,238.0,249.0,260.0,269.0,280.0,0.0
calibration,2024-11-11,39,127,17582,155.7665,63.0,88.0,113.0,149.0,191.0,233.0,293.0,0.0,139.5085,117.0,124.0,131.0,139.0,148.0,155.0,163.0,0.0,154.456,131.0,139.0,146.0,155.0,163.0,170.0,178.0,0.0
calibration,2024-11-18,0,32,18827,16.291,0.0,0.9000000000000057,3.0,10.0,23.0,42.0,70.0,0.0,34.526,24.0,27.0,31.0,34.0,38.25,42.0,47.0,0.0,15.948,9.0,11.0,13.0,16.0,19.0,21.0,24.0,0.0
calibration,2024-11-18,1,43,18827,54.084,8.0,17.0,28.0,46.0,71.0,102.10000000000014,145.04999999999973,0.0,105.924,86.0,93.0,99.0,105.0,112.0,120.0,128.0,0.0,54.6815,41.0,46.0,50.0,55.0,60.0,64.0,69.0,0.0
calibration,2024-11-18,2,338,18827,296.6425,155.0,198.0,236.0,288.0,347.0,411.0,492.02499999999986,0.0,150.021,126.975,134.0,142.0,149.0,158.25,166.0,175.0,0.0,293.9845,262.0,273.0,282.0,294.0,306.0,316.0,327.02499999999986,0.0
calibration,2024-11-18,3,1385,18827,1206.428,903.0,997.0,1090.0,1201.0,1309.25,1421.3000000000004,1561.0499999999997,0.0,625.259,578.0,593.0,608.0,626.0,642.0,658.0,674.0,0.0,1201.1535,1132.0,1157.0,1179.0,1202.0,1223.0,1245.0,1267.0249999999999,0.0
calibration,2024-11-18,4,119,18827,150.035,56.975,83.0,109.0,143.5,183.0,227.0,282.02499999999986,0.0,234.814,207.0,216.0,225.0,235.0,245.0,255.0,264.0,0.0,150.7665,127.0,135.0,143.0,151.0,159.0,166.0,175.0,0.0
calibration,2024-11-18,5,358,18827,361.594,212.975,249.0,297.0,354.0,418.0,483.10000000000014,560.0249999999999,0.0,167.077,142.0,151.0,158.0,167.0,176.0,184.0,193.0,0.0,367.3285,330.975,344.0,354.0,367.0,380.0,392.0,404.0,0.0
calibration,2024-11-18,6,212,18827,149.6345,59.0,79.0,107.0,141.0,185.0,228.0,282.02499999999986,0.0,242.6325,212.0,222.0,232.0,243.0,253.0,263.0,274.0,0.0,150.057,126.0,135.0,141.0,150.0,159.0,166.0,175.0,0.0
calibration,2024-11-18,7,234,18827,189.324,80.0,109.0,142.75,183.0,227.0,278.0,342.02499999999986,0.0,203.0325,176.0,185.0,193.0,203.0,212.0,222.0,232.0,0.0,186.896,160.0,170.0,177.75,187.0,196.0,204.0,213.0,0.0
calibration,2024-11-18,8,1594,18827,1693.2725,1342.0,1456.0,1564.75,1686.0,1815.0,1938.1000000000001,2093.0249999999996,0.0,2115.676,2036.0,2059.0,2087.0,2114.0,2145.0,2172.0,2200.0,0.0,1689.4315,1610.975,1638.0,1664.0,1689.0,1715.0,1741.0,1766.0,0.0
calibration,2024-11-18,9,26,18827,19.019,0.0,1.0,5.0,12.5,26.0,45.0,77.04999999999973,0.0,47.1345,35.0,38.0,42.0,47.0,52.0,56.0,61.0,0.0,18.9295,11.0,13.0,16.0,19.0,22.0,25.0,28.0,0.0
calibration,2024-11-18,10,396,18827,191.449,84.0,113.0,143.0,181.0,233.0,282.0,347.02499999999986,0.0,161.9985,137.0,145.0,154.0,162.0,170.0,178.0,187.0,0.0,193.0175,166.0,175.0,184.0,193.0,203.0,211.0,220.0,0.0
calibration,2024-11-18,11,1555,18827,1478.8255,1137.0,1260.9,1358.0,1474.0,1593.25,1707.0,1829.0499999999997,0.0,1715.111,1640.975,1665.0,1690.0,1715.0,1741.0,1765.0,1792.0249999999999,0.0,1480.3045,1410.0,1434.0,1456.0,1481.0,1504.0,1526.0,1552.0,0.0
calibration,2024-11-18,12,1400,18827,1420.705,1096.975,1208.0,1294.0,1414.0,1537.25,1649.0,1782.0249999999999,0.0,1524.643,1449.0,1477.0,1499.75,1524.0,1550.0,1572.0,1600.0,0.0,1423.7175,1354.0,1378.0,1399.0,1423.0,1450.0,1471.0,1495.0,0.0
calibration,2024-11-18,13,1350,18827,1436.8575,1107.0,1207.0,1310.0,1434.5,1553.0,1664.0,1818.0,0.0,1718.324,1642.0,1669.0,1691.0,1717.5,1745.0,1770.0,1797.0,0.0,1441.327,1374.975,1396.0,1416.0,1441.0,1466.0,1487.0,1513.0,0.0
calibration,2024-11-18,14,4334,18827,4169.9175,3655.875,3817.8,3974.0,4166.0,4355.0,4538.1,4735.025,0.0,3116.3935,3012.975,3051.0,3081.0,3116.0,3150.0,3185.0,3226.0,0.0,4169.97,4054.0,4095.0,4131.0,4171.0,4208.25,4243.1,4286.0,0.0
calibration,2024-11-18,15,43,18827,73.3025,15.0,26.0,42.0,66.0,96.25,130.0,171.0,0.0,134.4635,112.0,119.0,127.0,134.0,142.0,149.0,157.0,0.0,74.518,58.0,64.0,69.0,74.0,80.0,86.0,92.0,0.0
calibration,2024-11-18,16,200,18827,343.517,185.0,236.0,281.0,337.5,398.0,459.10000000000014,529.0,0.0,163.9925,139.0,148.0,155.0,164.0,172.0,181.0,190.0,0.0,337.373,303.0,314.0,324.0,337.0,350.0,362.0,374.02499999999986,0.0
calibration,2024-11-18,17,497,18827,674.4075,443.0,519.0,585.75,666.0,757.0,844.1000000000001,940.0499999999997,0.0,1253.599,1185.0,1209.9,1231.0,1253.0,1277.0,1298.0,1320.0249999999999,0.0,678.672,628.0,647.0,661.0,678.5,696.0,712.0,727.0,0.0
calibration,2024-11-18,18,143,18827,87.9205,20.0,36.0,55.75,80.5,113.0,148.0,196.02499999999986,0.0,190.239,164.0,173.0,181.0,190.0,199.0,208.0,217.0,0.0,85.986,69.0,74.0,80.0,86.0,92.0,98.0,104.0,0.0
calibration,2024-11-18,19,1342,18827,1695.327,1347.975,1450.0,1558.0,1691.0,1829.0,1934.0,2065.0249999999996,0.0,1114.759,1052.0,1075.0,1093.0,1114.0,1137.0,1156.0,1178.0,0.0,1699.048,1619.0,1648.0,1672.75,1700.0,1725.0,1750.0,1776.0,0.0
calibration,2024-11-18,20,17,18827,37.8485,2.0,8.0,16.75,30.0,51.0,78.0,116.02499999999986,0.0,59.289,44.0,49.0,53.0,59.0,65.0,70.0,75.0,0.0,38.0635,27.0,30.0,34.0,38.0,42.0,46.0,50.0,0.0
calibration,2024-11-18,21,58,18827,49.667,6.0,13.0,24.0,42.0,67.0,97.0,137.02499999999986,0.0,72.5055,56.0,62.0,67.0,72.0,78.0,83.0,90.0,0.0,49.9115,36.0,41.0,45.0,50.0,55.0,59.0,64.02499999999986,0.0
calibration,2024-11-18,22,198,18827,209.586,96.0,125.0,159.0,203.0,251.0,303.10000000000014,358.02499999999986,0.0,227.3815,198.975,208.0,217.0,227.0,237.0,248.0,258.02499999999986,0.0,208.7765,181.0,190.0,199.0,209.0,218.0,227.0,237.0,0.0
calibration,2024-11-18,23,133,18827,86.743,22.0,37.0,55.0,79.0,110.0,144.0,193.0,0.0,112.9215,91.975,99.0,106.0,113.0,120.0,127.0,134.0,0.0,87.463,70.0,76.0,81.0,87.0,93.0,99.0,105.0,0.0
calibration,2024-11-18,24,152,18827,183.7045,79.975,106.0,138.0,177.0,222.0,269.0,335.0,0.0,170.8575,144.975,154.0,162.0,171.0,179.0,188.0,197.0,0.0,185.6315,159.0,168.0,176.0,186.0,195.0,203.0,212.02499999999986,0.0
calibration,2024-11-18,25,210,18827,183.0945,78.975,106.0,136.0,176.0,223.0,270.10000000000014,328.02499999999986,0.0,250.743,219.0,230.0,240.0,250.0,261.0,271.0,283.0,0.0,185.116,160.0,168.0,176.0,184.0,194.0,203.0,212.0,0.0
calibration,2024-11-18,26,139,18827,129.1885,43.0,65.0,88.0,122.0,162.0,203.0,260.0,0.0,198.78,172.0,181.0,190.0,198.0,208.0,217.0,227.0,0.0,128.5135,108.0,114.0,121.0,128.0,136.0,143.0,151.0,0.0
calibration,2024-11-18,27,51,18827,52.8195,7.0,15.0,26.0,45.0,71.0,101.0,141.0,0.0,141.5545,118.0,127.0,133.0,141.0,149.25,157.0,165.0,0.0,51.7315,38.0,43.0,47.0,52.0,57.0,61.0,66.0,0.0
calibration,2024-11-18,28,222,18827,196.6535,87.0,114.0,146.0,187.5,240.0,289.0,352.02499999999986,0.0,122.3465,101.975,108.0,115.0,122.0,130.0,137.0,145.0,0.0,197.6665,172.0,180.9,188.0,197.0,207.0,215.0,226.0,0.0
calibration,2024-11-18,29,140,18827,68.0505,13.0,25.0,38.75,61.0,89.0,120.0,167.0,0.0,160.7195,136.0,145.0,152.0,161.0,169.0,177.0,184.02499999999986,0.0,68.6545,53.0,58.0,63.0,69.0,74.0,79.0,85.02499999999986,0.0
calibration,2024-11-18,30,475,18827,398.781,240.0,288.0,331.75,389.0,457.0,527.0,605.0,0.0,379.9595,342.0,355.0,367.0,381.0,394.0,404.0,418.0,0.0,397.533,359.0,372.0,384.0,398.0,411.0,422.0,436.0,0.0
calibration,2024-11-18,31,280,18827,223.1755,98.0,137.0,171.0,215.0,268.0,320.0,387.09999999999945,0.0,142.1195,118.0,127.0,134.0,142.0,151.0,158.0,166.0,0.0,222.2205,193.975,203.0,211.0,222.0,232.0,242.0,253.0,0.0
calibration,2024-11-18,32,60,18827,84.3845,19.0,35.0,52.0,77.5,108.0,144.0,191.0,0.0,159.696,136.0,144.0,151.0,159.0,168.0,176.0,184.02499999999986,0.0,82.3095,64.0,70.9,76.0,82.0,88.0,94.0,100.02499999999986,0.0
calibration,2024-11-18,33,11,18827,14.65,0.0,0.0,2.0,9.0,20.0,38.0,69.0,0.0,124.7605,103.0,110.0,117.0,125.0,133.0,140.0,147.0,0.0,15.31,8.0,11.0,13.0,15.0,18.0,20.0,23.0,0.0
calibration,2024-11-18,34,22,18827,39.9035,3.0,9.0,17.0,33.0,53.25,81.0,119.02499999999986,0.0,115.3695,94.0,101.9,108.0,115.0,123.0,130.0,137.0,0.0,39.3425,27.0,32.0,35.0,39.0,43.0,48.0,52.0,0.0
calibration,2024-11-18,35,57,18827,26.72,0.0,3.0,8.0,19.0,38.0,60.100000000000136,97.0,0.0,51.069,37.0,42.0,46.0,51.0,56.0,60.0,66.0,0.0,25.9455,17.0,20.0,22.0,26.0,29.0,33.0,36.024999999999864,0.0
calibration,2024-11-18,36,591,18827,690.515,460.925,536.0,603.0,682.0,767.0,854.0,949.0,0.0,946.7005,888.0,908.9,926.0,946.0,967.0,986.0,1006.0,0.0,685.246,635.0,653.0,667.0,685.0,702.0,719.0,739.0249999999999,0.0
calibration,2024-11-18,37,32,18827,49.8935,6.0,13.900000000000006,25.0,42.0,67.0,95.0,138.0,0.0,110.0415,90.0,97.0,103.0,110.0,117.0,123.0,130.0,0.0,51.2775,38.0,42.0,46.0,51.0,56.0,61.0,66.0,0.0
calibration,2024-11-18,38,233,18827,249.9375,121.0,159.0,198.0,242.5,297.0,350.0,415.0,0.0,111.036,92.0,98.0,104.0,111.0,118.0,125.0,132.0,0.0,250.184,220.0,230.0,240.0,250.0,261.0,270.0,281.0,0.0
calibration,2024-11-18,39,145,18827,143.1305,49.975,75.0,101.0,137.0,176.0,218.0,275.0,0.0,149.53,126.0,134.0,141.0,149.0,158.0,165.0,174.0,0.0,142.9935,120.0,128.0,135.0,143.0,151.0,159.0,166.02499999999986,0.0
calibration,2024-11-25,0,48,16032,15.525,0.0,0.0,3.0,10.0,22.0,37.0,67.04999999999973,0.0,29.239,19.0,23.0,25.0,29.0,33.0,36.0,41.0,0.0,15.077,8.0,10.0,12.0,15.0,18.0,20.0,23.0,0.0
calibration,2024-11-25,1,82,16032,42.0315,5.0,11.0,20.0,35.0,57.0,82.0,114.0,0.0,90.4215,74.0,79.0,84.0,90.0,97.0,102.0,109.0,0.0,41.807,30.0,33.0,37.0,42.0,46.0,50.0,55.0,0.0
calibration,2024-11-25,2,307,16032,253.9995,131.975,166.0,205.0,249.0,296.0,345.0,414.02499999999986,0.0,127.989,107.0,114.0,120.0,128.0,136.0,142.0,150.0,0.0,251.7475,223.0,232.0,241.0,251.0,262.0,272.0,282.02499999999986,0.0
calibration,2024-11-25,3,1132,16032,1065.6145,799.975,880.0,966.0,1059.0,1161.25,1249.0,1358.0249999999999,0.0,532.418,489.0,503.0,517.0,532.0,548.0,562.0,577.0249999999999,0.0,1068.8025,1008.975,1027.0,1047.0,1069.0,1090.0,1109.0,1129.0249999999999,0.0
calibration,2024-11-25,4,94,16032,122.326,43.0,62.900000000000006,85.0,115.0,152.0,191.0,247.0,0.0,199.8105,171.0,182.0,191.0,200.0,210.0,218.0,227.0,0.0,122.7105,101.0,108.0,115.0,123.0,130.0,137.0,144.0,0.0
calibration,2024-11-25,5,300,16032,301.966,169.975,208.0,246.0,295.0,349.0,404.10000000000014,471.02499999999986,0.0,142.1895,119.0,126.0,134.0,142.0,150.0,158.0,166.0,0.0,300.748,266.0,280.0,290.0,301.0,313.0,323.0,335.0,0.0
calibration,2024-11-25,6,176,16032,136.3955,50.0,75.0,99.0,131.0,167.0,203.0,254.02499999999986,0.0,206.841,179.0,188.0,197.0,207.0,217.0,225.0,236.02499999999986,0.0,134.419,113.0,120.0,127.0,134.0,142.0,149.0,156.0,0.0
calibration,2024-11-25,7,214,16032,166.0885,72.0,96.0,124.0,160.0,201.0,243.0,300.02499999999986,0.0,173.345,147.0,156.0,164.0,174.0,182.0,190.0,200.02499999999986,0.0,166.6845,141.0,150.0,158.0,167.0,176.0,183.0,192.0,0.0
calibration,2024-11-25,8,1284,16032,1442.3085,1134.975,1232.0,1332.0,1438.0,1547.0,1654.0,1772.0249999999999,0.0,1800.5175,1721.0,1748.0,1772.0,1800.0,1828.0,1853.0,1882.0,0.0,1442.0575,1371.975,1395.0,1418.75,1443.0,1467.0,1489.0,1512.0,0.0
calibration,2024-11-25,9,25,16032,18.3845,0.0,1.0,5.0,12.0,25.0,45.0,72.0,0.0,39.9595,27.975,32.0,36.0,40.0,44.0,48.0,52.024999999999864,0.0,18.0125,10.0,13.0,15.0,18.0,21.0,24.0,27.0,0.0
calibration,2024-11-25,10,237,16032,210.531,101.0,131.0,165.0,204.0,248.0,295.0,359.02499999999986,0.0,138.127,115.0,123.0,130.0,138.0,146.0,153.0,162.0,0.0,210.321,184.0,193.0,201.0,210.0,220.0,229.0,240.0,0.0
calibration,2024-11-25,11,1136,16032,1269.225,991.975,1076.0,1161.75,1261.0,1376.0,1477.0,1587.0999999999995,0.0,1460.609,1393.0,1414.0,1435.0,1461.0,1485.0,1507.0,1533.0249999999999,0.0,1269.3925,1203.0,1226.0,1245.0,1269.0,1293.0,1313.0,1334.0499999999997,0.0
calibration,2024-11-25,12,1104,16032,1215.87,936.975,1028.9,1110.0,1211.0,1312.0,1415.2000000000003,1510.0249999999999,0.0,1297.3095,1229.975,1253.0,1273.0,1297.0,1321.0,1342.0,1369.0,0.0,1213.178,1147.975,1171.0,1192.0,1213.0,1234.0,1257.0,1276.0249999999999,0.0
calibration,2024-11-25,13,1044,16032,1209.426,932.95,1018.0,1105.75,1205.0,1312.0,1410.0,1517.0499999999997,0.0,1463.772,1391.975,1418.0,1439.0,1464.0,1489.0,1511.0,1538.0,0.0,1208.487,1141.0,1166.0,1187.0,1209.0,1231.0,1250.0,1273.0,0.0
calibration,2024-11-25,14,4073,16032,3581.327,3119.85,3265.9,3413.75,3578.0,3744.25,3893.1000000000004,4077.1749999999993,0.0,2655.3695,2565.975,2594.0,2624.0,2655.0,2687.0,2716.0,2751.0,0.0,3575.0685,3468.0,3508.9,3540.0,3576.0,3610.0,3642.1000000000004,3677.0,0.0
calibration,2024-11-25,15,35,16032,56.424,11.0,20.900000000000006,32.0,50.0,74.0,100.0,137.0,0.0,114.065,94.0,101.0,107.0,114.0,121.0,128.0,136.0,0.0,55.4615,41.0,46.0,50.0,55.0,61.0,65.0,70.0,0.0
calibration,2024-11-25,16,221,16032,243.157,121.975,157.0,191.0,236.0,286.0,340.0,405.0,0.0,139.4295,116.0,124.0,131.0,139.0,147.0,155.0,164.0,0.0,244.939,216.0,225.0,234.0,245.0,256.0,265.0,275.0,0.0
calibration,2024-11-25,17,474,16032,537.5025,352.925,414.9,465.0,532.0,601.0,674.0,752.0249999999999,0.0,1067.5425,1007.0,1028.0,1045.0,1068.0,1089.0,1108.0,1129.0249999999999,0.0,538.871,495.0,510.0,523.0,539.0,554.0,568.0,583.0249999999999,0.0
calibration,2024-11-25,18,109,16032,88.934,26.0,40.0,57.0,82.0,113.0,147.10000000000014,195.02499999999986,0.0,161.9785,137.0,145.0,153.0,162.0,171.0,179.0,188.0,0.0,86.9965,70.0,75.0,81.0,87.0,93.0,99.0,105.0,0.0
calibration,2024-11-25,19,1079,16032,1420.0815,1114.85,1210.0,1309.0,1417.5,1527.0,1630.1000000000001,1749.0499999999997,0.0,949.78,891.975,910.0,929.75,950.0,970.0,990.0,1007.0249999999999,0.0,1426.5705,1359.0,1380.0,1401.75,1427.0,1451.0,1473.0,1496.0,0.0
calibration,2024-11-25,20,15,16032,23.9515,0.0,3.0,8.0,18.0,33.0,54.0,81.0,0.0,50.7665,37.0,41.0,46.0,50.0,56.0,60.0,66.0,0.0,23.922,15.0,18.0,21.0,24.0,27.0,30.0,34.0,0.0
calibration,2024-11-25,21,20,16032,42.7155,5.0,11.0,20.0,37.0,57.0,81.0,118.02499999999986,0.0,61.983,47.0,52.0,56.0,62.0,67.0,72.0,78.0,0.0,42.2575,30.0,34.0,38.0,42.0,47.0,51.0,56.0,0.0
calibration,2024-11-25,22,153,16032,167.1585,69.0,93.9,124.0,160.0,202.0,247.0,310.02499999999986,0.0,193.296,167.0,176.0,184.0,193.0,203.0,211.0,221.0,0.0,166.85,142.0,151.0,159.0,167.0,175.0,183.0,192.0,0.0
calibration,2024-11-25,23,94,16032,80.294,21.0,35.0,51.0,74.0,104.0,132.10000000000014,175.0,0.0,96.1235,77.0,83.0,89.0,96.0,103.0,109.0,116.0,0.0,81.2915,64.0,70.0,75.0,81.0,87.0,93.0,100.0,0.0
calibration,2024-11-25,24,129,16032,152.1105,62.0,87.0,110.0,145.0,186.0,229.0,275.0,0.0,145.346,122.0,130.0,137.0,145.0,153.0,161.0,169.0,0.0,150.9735,128.0,135.0,143.0,151.0,159.0,166.0,175.0,0.0
calibration,2024-11-25,25,100,16032,170.9655,76.0,100.0,128.0,164.0,206.0,250.10000000000014,304.0,0.0,213.8585,186.0,195.0,204.0,214.0,224.0,233.0,243.0,0.0,171.124,146.975,154.0,162.0,171.0,180.0,188.0,197.0,0.0
calibration,2024-11-25,26,109,16032,101.671,32.0,49.0,67.0,96.0,131.0,162.10000000000014,207.0,0.0,169.2925,143.975,153.0,160.0,169.0,177.0,187.0,197.0,0.0,103.1585,83.975,90.0,96.0,103.0,110.0,116.0,123.02499999999986,0.0
calibration,2024-11-25,27,46,16032,43.5275,6.0,12.900000000000006,22.0,36.5,59.0,82.10000000000014,115.02499999999986,0.0,120.4355,99.0,107.0,113.0,120.0,128.0,135.0,143.0,0.0,43.945,32.0,36.0,40.0,44.0,48.0,52.0,58.0,0.0
calibration,2024-11-25,28,251,16032,162.377,71.0,97.0,123.0,154.0,196.0,237.0,290.0,0.0,104.425,83.0,91.0,97.0,104.0,112.0,118.0,125.0,0.0,162.301,138.0,147.0,154.0,162.0,171.0,179.0,187.0,0.0
calibration,2024-11-25,29,95,16032,73.2855,21.0,31.0,46.0,67.0,94.0,124.0,163.0,0.0,137.119,115.0,122.0,129.0,137.0,145.0,152.0,161.0,0.0,72.4325,56.0,61.0,67.0,72.0,78.0,83.0,90.0,0.0
calibration,2024-11-25,30,399,16032,347.222,201.0,244.0,287.0,340.0,403.0,457.0,522.0249999999999,0.0,323.3355,289.0,301.0,312.0,323.0,335.0,347.0,358.0,0.0,348.4435,313.0,325.0,336.0,348.0,360.0,373.0,385.0,0.0
calibration,2024-11-25,31,274,16032,197.342,93.0,122.0,151.0,192.0,235.0,279.10000000000014,343.0,0.0,120.6885,101.0,107.0,113.0,120.0,128.0,135.0,143.0,0.0,198.343,170.975,181.0,190.0,198.0,207.0,216.0,225.0,0.0
calibration,2024-11-25,32,41,16032,65.934,14.0,25.0,39.0,59.0,86.25,115.0,153.0,0.0,135.9265,113.0,121.0,128.0,136.0,144.0,151.0,159.0,0.0,65.426,50.0,55.0,60.0,66.0,71.0,76.0,81.02499999999986,0.0
calibration,2024-11-25,33,17,16032,12.8125,0.0,0.0,2.0,7.0,18.0,33.100000000000136,55.0,0.0,106.3185,87.0,93.0,99.0,106.0,113.0,120.0,127.0,0.0,13.157,6.0,8.0,11.0,13.0,16.0,18.0,21.0,0.0
calibration,2024-11-25,34,18,16032,29.554,2.0,6.0,12.0,23.0,40.0,61.0,90.02499999999986,0.0,98.3245,80.0,86.0,91.0,98.0,105.0,111.0,118.0,0.0,31.271,21.0,24.0,27.0,31.0,35.0,39.0,43.0,0.0
calibration,2024-11-25,35,10,16032,28.059,1.0,4.0,10.0,22.0,39.0,59.0,93.02499999999986,0.0,43.5005,31.0,35.0,39.0,43.0,48.0,53.0,57.0,0.0,27.9975,18.0,21.0,24.0,28.0,31.0,35.0,39.0,0.0
calibration,2024-11-25,36,743,16032,578.695,379.975,441.9,505.0,571.0,648.25,719.1000000000001,815.0249999999999,0.0,804.6805,749.0,768.9,786.0,805.0,823.0,840.0,857.0,0.0,577.9115,533.0,548.0,562.0,578.0,593.0,608.1000000000001,624.0249999999999,0.0
calibration,2024-11-25,37,39,16032,36.6905,3.0,8.0,16.0,29.0,51.0,75.0,104.0,0.0,93.7355,75.0,81.0,87.0,94.0,100.0,107.0,113.0,0.0,36.602,25.0,29.0,32.0,36.0,41.0,45.0,49.0,0.0
calibration,2024-11-25,38,203,16032,202.9255,101.0,130.0,159.0,195.0,240.0,285.0,341.0,0.0,94.878,77.0,83.0,89.0,95.0,101.0,107.0,113.02499999999986,0.0,205.239,177.0,187.0,196.0,205.0,215.0,223.0,233.02499999999986,0.0
calibration,2024-11-25,39,102,16032,117.5915,42.0,61.0,82.0,113.0,146.0,178.10000000000014,221.02499999999986,0.0,127.2535,104.0,112.0,119.0,127.0,135.0,143.0,151.0,0.0,118.0025,98.0,104.0,111.0,118.0,125.0,132.0,138.0,0.0
calibration,2024-12-02,0,40,20267,31.907,1.0,5.0,12.0,24.0,44.0,69.0,106.0,0.0,37.1565,26.0,30.0,33.0,37.0,41.0,45.0,49.0,0.0,31.6995,21.0,24.0,28.0,32.0,35.0,39.0,43.024999999999864,0.0
calibration,2024-12-02,1,62,20267,59.83,8.0,18.0,31.0,51.0,80.0,114.0,155.02499999999986,0.0,114.243,93.0,101.0,107.0,114.0,121.0,128.0,136.0,0.0,60.377,45.975,50.0,55.0,60.0,66.0,70.10000000000014,76.0,0.0
calibration,2024-12-02,2,246,20267,335.827,177.975,222.0,269.0,327.5,393.0,456.10000000000014,533.0249999999999,0.0,160.653,135.0,144.0,152.0,161.0,170.0,177.0,186.0,0.0,339.351,303.0,315.0,327.0,339.0,352.0,363.0,377.02499999999986,0.0
calibration,2024-12-02,3,1574,20267,1362.325,1036.925,1138.9,1234.0,1351.0,1481.0,1612.0,1753.0,0.0,673.1685,622.0,640.0,656.0,673.0,690.0,705.0,724.0,0.0,1362.6785,1293.0,1316.0,1340.0,1363.0,1386.0,1408.0,1432.0,0.0
calibration,2024-12-02,4,114,20267,150.467,53.975,80.0,107.0,143.0,186.0,232.0,297.0,0.0,252.5025,221.0,233.0,241.0,252.0,263.0,273.0,284.0,0.0,150.93,128.975,136.0,143.0,151.0,159.0,166.0,175.0,0.0
calibration,2024-12-02,5,373,20267,362.956,198.0,250.0,297.0,353.0,418.0,490.10000000000014,569.0,0.0,179.7065,153.0,162.0,170.0,180.0,189.0,197.0,207.0,0.0,364.4005,329.0,340.0,352.0,364.0,377.0,389.0,401.0,0.0
calibration,2024-12-02,6,144,20267,185.238,75.0,104.0,135.0,178.0,227.0,280.0,335.0,0.0,261.5055,230.0,241.0,250.0,261.0,273.0,283.0,295.0,0.0,187.605,162.0,171.0,179.0,187.0,197.0,204.0,215.0,0.0
calibration,2024-12-02,7,297,20267,226.9745,101.975,136.9,171.0,219.0,272.0,330.0,399.0,0.0,219.0025,190.0,200.0,209.0,219.0,229.0,238.0,248.0,0.0,225.475,197.0,207.0,216.0,226.0,235.0,244.0,254.0,0.0
calibration,2024-12-02,8,1726,20267,1795.4595,1414.975,1540.0,1653.0,1789.5,1930.25,2062.1000000000004,2230.0249999999996,0.0,2274.8615,2185.975,2219.0,2245.0,2275.0,2304.0,2335.0,2362.0249999999996,0.0,1796.869,1719.975,1746.0,1771.0,1797.0,1823.0,1847.0,1876.0249999999999,0.0
calibration,2024-12-02,9,19,20267,24.6355,0.0,2.0,7.0,17.0,34.0,58.100000000000136,88.0,0.0,50.9205,38.0,42.0,46.0,51.0,56.0,61.0,66.0,0.0,25.1175,16.0,19.0,22.0,25.0,28.0,32.0,35.0,0.0
calibration,2024-12-02,10,449,20267,298.629,150.975,190.9,235.0,291.0,355.0,412.10000000000014,499.0749999999996,0.0,174.2255,149.0,158.0,165.0,174.0,183.0,191.0,200.0,0.0,297.893,264.0,275.0,286.0,298.0,310.0,320.0,332.0,0.0
calibration,2024-12-02,11,1560,20267,1601.0805,1251.925,1367.0,1458.0,1586.5,1730.0,1854.1000000000001,2017.0499999999997,0.0,1848.263,1770.0,1795.0,1820.0,1848.0,1876.0,1903.0,1931.0,0.0,1600.9985,1525.0,1552.0,1575.0,1601.0,1627.0,1649.0,1673.0249999999999,0.0
calibration,2024-12-02,12,1345,20267,1514.8245,1172.95,1279.9,1378.0,1508.0,1646.0,1769.0,1893.0999999999995,0.0,1641.0145,1563.975,1591.0,1613.0,1641.0,1668.0,1691.1000000000001,1717.0249999999999,0.0,1513.07,1443.0,1466.0,1487.75,1512.0,1538.0,1560.0,1590.0249999999999,0.0
calibration,2024-12-02,13,1524,20267,1457.68,1118.975,1214.9,1328.0,1449.0,1584.0,1701.0,1843.0249999999999,0.0,1848.2795,1763.95,1794.0,1820.0,1848.0,1877.0,1902.0,1928.0499999999997,0.0,1460.497,1390.975,1414.0,1436.0,1461.0,1485.0,1507.0,1530.0249999999999,0.0
calibration,2024-12-02,14,4891,20267,4688.8005,4099.95,4300.7,4484.0,4686.0,4892.0,5096.1,5287.124999999999,0.0,3356.6845,3250.95,3290.0,3322.0,3357.0,3393.0,3423.0,3462.0,0.0,4688.2615,4574.0,4613.0,4649.0,4689.0,4727.0,4763.0,4808.049999999999,0.0
calibration,2024-12-02,15,22,20267,61.7425,10.0,20.0,33.0,54.0,84.0,113.0,155.0,0.0,144.4095,121.0,129.0,136.0,144.0,152.0,160.0,170.0,0.0,62.7325,48.0,53.0,57.0,63.0,68.0,72.10000000000014,79.0,0.0
calibration,2024-12-02,16,205,20267,283.175,142.975,182.0,221.0,275.0,337.0,395.10000000000014,473.0499999999997,0.0,175.823,151.0,159.0,166.75,176.0,185.0,193.0,202.0,0.0,281.508,250.0,259.0,269.0,282.0,293.0,303.0,315.0,0.0
calibration,2024-12-02,17,722,20267,663.796,433.95,504.9,570.0,656.0,745.0,838.0,938.0499999999997,0.0,1350.5475,1285.0,1306.0,1327.0,1350.0,1373.0,1396.0,1422.0,0.0,663.6535,616.0,631.0,647.0,664.0,681.0,696.0,712.0,0.0
calibration,2024-12-02,18,196,20267,122.5335,38.0,56.0,80.0,115.0,154.0,201.0,258.0499999999997,0.0,204.7675,176.0,186.0,195.0,205.0,215.0,224.0,235.0,0.0,121.79,100.0,107.0,114.0,122.0,129.0,136.0,144.0,0.0
calibration,2024-12-02,19,1463,20267,1674.5055,1300.975,1413.0,1533.0,1668.5,1809.0,1934.0,2081.0,0.0,1199.8175,1135.0,1154.0,1178.0,1199.5,1222.0,1244.0,1269.0,0.0,1675.6615,1597.975,1626.0,1647.0,1675.0,1702.0,1728.0,1758.0,0.0
calibration,2024-12-02,20,14,20267,25.454,0.0,3.0,7.0,18.0,35.0,60.0,93.0,0.0,64.114,49.0,54.0,58.0,64.0,70.0,75.0,81.0,0.0,25.4225,16.0,19.0,22.0,25.0,29.0,32.0,35.0,0.0
calibration,2024-12-02,21,51,20267,46.547,4.0,10.0,20.0,38.0,63.0,94.0,143.0,0.0,78.153,61.0,66.0,72.0,78.0,84.0,90.0,96.0,0.0,45.5405,33.0,37.0,41.0,45.0,50.0,54.0,59.0,0.0
calibration,2024-12-02,22,155,20267,207.359,90.0,120.9,156.0,199.0,247.0,301.0,377.0,0.0,244.365,214.0,224.0,233.0,244.0,255.0,265.0,276.0,0.0,206.5695,179.0,188.9,196.0,206.0,216.0,226.0,234.0,0.0
calibration,2024-12-02,23,106,20267,111.1915,31.0,51.0,72.0,104.0,140.0,182.0,237.0,0.0,121.012,100.0,107.0,113.0,121.0,129.0,136.0,144.0,0.0,108.2865,88.0,95.0,101.0,108.0,116.0,122.0,130.0,0.0
calibration,2024-12-02,24,177,20267,180.756,73.0,100.9,128.0,170.0,221.0,276.0,344.0499999999997,0.0,184.7055,160.0,167.0,175.0,184.0,194.0,202.0,212.0,0.0,181.7595,155.0,165.0,173.0,182.0,190.0,199.0,209.0,0.0
calibration,2024-12-02,25,210,20267,193.77,76.0,108.0,142.75,187.0,237.0,286.0,349.0499999999997,0.0,270.1865,240.0,250.0,259.0,270.0,281.0,290.0,301.02499999999986,0.0,192.867,166.0,175.0,183.0,192.0,202.0,212.0,221.0,0.0
calibration,2024-12-02,26,109,20267,128.8485,42.0,64.0,88.0,120.0,161.0,204.0,261.02499999999986,0.0,214.2755,187.0,195.0,204.0,214.0,224.0,233.0,244.0,0.0,128.524,106.0,114.0,121.0,129.0,136.0,143.0,151.0,0.0
calibration,2024-12-02,27,42,20267,56.668,7.0,17.0,29.0,49.0,76.0,107.10000000000014,149.02499999999986,0.0,152.015,127.0,136.0,143.0,152.0,160.0,169.0,177.0,0.0,56.6735,43.0,47.0,52.0,57.0,62.0,66.0,72.02499999999986,0.0
calibration,2024-12-02,28,274,20267,220.1485,95.0,130.0,165.0,213.0,267.0,320.10000000000014,378.02499999999986,0.0,131.938,109.975,117.0,124.0,132.0,140.0,146.0,154.0,0.0,221.7425,193.975,202.0,212.0,222.0,232.0,241.0,251.0,0.0
calibration,2024-12-02,29,161,20267,98.8165,26.0,44.0,62.0,91.0,126.0,165.10000000000014,218.0,0.0,173.628,149.0,157.0,165.0,173.0,182.0,190.10000000000014,201.0,0.0,98.871,79.0,86.0,92.0,98.0,106.0,112.0,119.0,0.0
calibration,2024-12-02,30,423,20267,466.203,273.0,329.9,387.0,458.0,536.0,616.0,722.0249999999999,0.0,409.199,370.0,383.0,395.0,409.0,423.0,435.0,450.02499999999986,0.0,466.194,425.0,439.0,451.0,466.0,480.0,495.0,510.0,0.0
calibration,2024-12-02,31,242,20267,259.6315,128.0,163.0,201.0,252.0,311.25,366.0,437.02499999999986,0.0,152.5255,128.0,136.0,144.0,153.0,161.0,169.0,177.0,0.0,259.949,228.975,239.0,249.0,260.0,270.0,281.0,293.0,0.0
calibration,2024-12-02,32,50,20267,60.5415,9.0,19.0,31.0,55.0,81.0,111.0,153.02499999999986,0.0,172.143,147.0,156.0,163.0,172.0,181.0,189.0,198.0,0.0,60.5085,46.0,51.0,55.0,60.0,66.0,71.0,77.0,0.0
calibration,2024-12-02,33,11,20267,17.7035,0.0,1.0,3.0,10.0,24.0,45.0,73.0,0.0,134.122,112.0,119.0,126.0,134.0,142.0,149.0,157.0,0.0,17.7085,10.0,13.0,15.0,17.0,20.0,23.0,26.0,0.0
calibration,2024-12-02,34,25,20267,36.0955,2.0,7.0,14.75,28.0,50.0,73.0,115.0,0.0,124.5255,103.0,110.0,117.0,124.0,132.0,140.0,147.02499999999986,0.0,35.8195,25.0,28.0,32.0,36.0,40.0,43.0,48.0,0.0
calibration,2024-12-02,35,22,20267,32.5365,1.0,4.0,11.0,25.0,46.0,72.0,108.0,0.0,55.118,41.0,46.0,50.0,55.0,60.0,65.0,71.0,0.0,31.4985,21.0,25.0,28.0,31.0,35.0,39.0,43.0,0.0
calibration,2024-12-02,36,689,20267,775.843,533.0,610.9,677.0,769.0,864.0,957.1000000000001,1056.0499999999997,0.0,1017.8625,956.975,978.0,997.0,1017.0,1039.25,1058.0,1078.0,0.0,772.6875,720.0,738.0,755.0,772.0,790.0,808.0,826.0,0.0
calibration,2024-12-02,37,46,20267,48.673,5.0,12.900000000000006,23.0,39.0,66.0,96.0,143.0,0.0,119.0045,98.0,105.0,111.0,119.0,127.0,134.0,141.0,0.0,48.2175,35.0,40.0,43.0,48.0,53.0,57.0,62.0,0.0
calibration,2024-12-02,38,316,20267,254.656,122.975,160.0,197.0,245.0,304.0,361.0,419.02499999999986,0.0,119.757,99.0,106.0,113.0,120.0,127.0,134.0,141.0,0.0,255.817,227.0,235.0,245.0,255.5,266.0,276.0,289.0,0.0
calibration,2024-12-02,39,172,20267,143.171,52.0,73.0,99.0,134.0,180.0,225.0,276.02499999999986,0.0,160.7985,136.0,144.0,152.0,160.0,169.0,177.0,187.0,0.0,141.775,119.0,126.0,133.0,141.0,150.0,157.0,166.0,0.0
calibration,2024-12-09,0,21,20179,38.269,3.0,7.0,15.0,30.0,52.0,83.0,122.02499999999986,0.0,36.956,26.0,29.0,33.0,37.0,41.0,45.0,50.0,0.0,37.946,27.0,30.0,34.0,38.0,42.0,46.0,50.0,0.0
calibration,2024-12-09,1,86,20179,63.0475,10.0,19.900000000000006,33.0,55.0,84.0,117.0,162.02499999999986,0.0,113.3175,93.0,99.0,106.0,113.0,121.0,127.0,135.0,0.0,62.2485,47.0,52.0,57.0,62.0,68.0,73.0,79.0,0.0
calibration,2024-12-09,2,265,20179,298.8,150.975,193.9,237.0,291.0,351.0,419.10000000000014,492.02499999999986,0.0,161.093,136.0,145.0,152.0,161.0,169.0,177.0,188.0,0.0,299.653,267.0,279.0,288.0,299.0,311.0,321.0,333.0,0.0
calibration,2024-12-09,3,1301,20179,1410.0445,1072.975,1184.9,1288.0,1401.0,1527.0,1649.1000000000001,1789.0,0.0,670.1545,617.975,637.0,653.75,670.0,687.0,703.0,720.0,0.0,1407.7095,1340.0,1364.0,1384.0,1406.5,1432.0,1454.0,1479.0249999999999,0.0
calibration,2024-12-09,4,118,20179,122.6695,37.975,59.0,82.0,115.0,153.0,196.0,255.04999999999973,0.0,251.544,222.975,231.0,241.0,251.0,262.0,271.0,282.0,0.0,122.903,102.0,109.0,115.0,123.0,130.0,137.0,146.0,0.0
calibration,2024-12-09,5,344,20179,376.3445,208.975,262.0,305.0,369.0,437.0,505.0,582.0,0.0,178.6185,152.975,161.0,169.0,178.0,187.0,196.0,206.0,0.0,372.586,334.975,348.0,360.0,372.0,385.0,397.0,410.0,0.0
calibration,2024-12-09,6,211,20179,178.6435,74.0,99.0,129.0,168.0,219.0,270.0,332.02499999999986,0.0,260.289,229.0,239.0,249.0,261.0,272.0,281.0,292.0,0.0,176.8955,152.0,160.0,168.0,177.0,185.0,194.0,203.0,0.0
calibration,2024-12-09,7,243,20179,253.7495,120.0,159.0,199.0,244.0,303.0,359.0,422.0749999999996,0.0,218.3005,189.975,200.0,209.0,218.0,228.0,237.0,246.0,0.0,252.8525,221.0,232.0,242.0,253.0,264.0,273.0,284.0,0.0
calibration,2024-12-09,8,1661,20179,1771.186,1409.0,1526.0,1633.75,1764.0,1895.25,2028.2000000000003,2174.0,0.0,2265.597,2175.975,2209.0,2234.0,2265.0,2295.0,2323.0,2355.0,0.0,1774.942,1696.975,1724.0,1748.0,1775.0,1801.25,1827.0,1856.0,0.0
calibration,2024-12-09,9,32,20179,24.6705,0.0,2.0,7.0,17.0,35.0,55.0,91.0,0.0,50.6455,38.0,42.0,46.0,51.0,55.0,60.0,65.0,0.0,24.707,16.0,18.0,21.0,25.0,28.0,31.0,35.0,0.0
calibration,2024-12-09,10,390,20179,353.894,190.0,238.0,288.0,347.0,413.0,474.0,561.0,0.0,174.1565,148.975,157.0,166.0,174.0,183.0,191.0,201.0,0.0,355.871,321.0,332.0,343.0,356.0,368.0,379.0,393.02499999999986,0.0
calibration,2024-12-09,11,1599,20179,1594.933,1245.9,1354.0,1461.0,1589.0,1724.25,1841.0,1972.0249999999999,0.0,1838.287,1761.0,1786.0,1811.0,1838.0,1865.25,1891.0,1916.0,0.0,1591.671,1522.0,1544.9,1566.0,1591.0,1616.0,1641.0,1667.0,0.0
calibration,2024-12-09,12,1368,20179,1449.8615,1101.925,1218.9,1325.0,1448.5,1567.0,1686.0,1850.0999999999995,0.0,1634.4535,1559.0,1585.0,1608.0,1634.0,1661.25,1684.0,1713.0,0.0,1454.212,1384.0,1408.0,1430.0,1453.0,1478.0,1502.0,1530.0249999999999,0.0
calibration,2024-12-09,13,1421,20179,1463.827,1122.95,1230.0,1335.0,1461.0,1584.25,1706.0,1826.0,0.0,1841.1605,1759.0,1789.0,1813.0,1841.0,1868.0,1894.0,1924.0249999999999,0.0,1471.8915,1397.0,1423.0,1446.0,1472.0,1497.0,1521.0,1546.0,0.0
calibration,2024-12-09,14,5168,20179,4856.1855,4256.925,4451.8,4658.0,4850.0,5061.0,5259.1,5461.049999999999,0.0,3340.1195,3238.0,3271.0,3304.0,3340.0,3376.25,3407.1000000000004,3444.0249999999996,0.0,4846.2695,4727.0,4768.9,4806.0,4846.0,4888.0,4923.0,4971.025,0.0
calibration,2024-12-09,15,30,20179,43.7095,4.0,10.0,19.0,36.0,59.0,90.0,133.0,0.0,143.242,120.975,128.0,135.0,143.0,152.0,159.0,168.0,0.0,44.0625,32.0,36.0,40.0,44.0,48.0,52.0,57.0,0.0
calibration,2024-12-09,16,313,20179,252.5515,116.975,156.0,196.0,245.0,301.25,357.0,427.02499999999986,0.0,175.2095,149.0,158.0,166.0,175.0,184.0,193.0,203.02499999999986,0.0,254.7775,223.0,234.0,243.0,255.0,265.0,276.0,286.0,0.0
calibration,2024-12-09,17,701,20179,668.1115,438.0,507.0,578.0,660.0,751.0,832.0,948.0249999999999,0.0,1344.6525,1275.0,1299.0,1320.0,1345.0,1369.25,1389.0,1411.0499999999997,0.0,665.265,617.0,633.0,648.0,664.0,682.0,698.1000000000001,714.0,0.0
calibration,2024-12-09,18,167,20179,144.3195,52.0,73.0,100.0,135.0,180.25,225.10000000000014,290.0,0.0,203.884,177.0,186.0,194.0,204.0,213.0,222.0,232.0,0.0,143.9685,120.975,129.0,136.0,144.0,152.0,159.0,167.0,0.0
calibration,2024-12-09,19,1230,20179,1509.9845,1157.95,1269.0,1374.75,1500.0,1630.0,1759.0,1911.0499999999997,0.0,1196.198,1130.0,1153.0,1174.0,1197.0,1219.0,1240.0,1262.0,0.0,1510.735,1440.975,1463.0,1486.0,1510.5,1537.0,1558.0,1583.0249999999999,0.0
calibration,2024-12-09,20,29,20179,16.2945,0.0,0.0,3.0,9.0,22.0,43.0,73.04999999999973,0.0,63.7215,48.0,53.0,58.0,63.0,69.0,74.0,80.0,0.0,16.371,9.0,11.0,14.0,16.0,19.0,22.0,25.0,0.0
calibration,2024-12-09,21,42,20179,43.685,4.0,10.0,19.0,36.0,61.0,88.0,126.0,0.0,77.5925,61.0,66.0,71.0,77.0,84.0,89.0,96.0,0.0,44.2155,32.0,36.0,40.0,44.0,48.0,53.0,58.0,0.0
calibration,2024-12-09,22,173,20179,186.5855,75.0,104.0,136.0,180.0,228.0,278.0,346.02499999999986,0.0,243.2055,212.0,223.0,232.0,243.0,253.0,263.0,277.0,0.0,184.248,158.0,167.0,175.0,185.0,194.0,201.0,211.0,0.0
calibration,2024-12-09,23,153,20179,112.1515,30.0,51.0,72.0,104.0,143.0,182.10000000000014,245.0,0.0,121.087,100.0,106.0,114.0,121.0,128.25,135.0,144.0,0.0,111.9345,92.0,99.0,104.0,112.0,119.0,126.0,134.0,0.0
calibration,2024-12-09,24,148,20179,166.2485,60.0,90.0,119.0,157.0,205.0,256.0,315.02499999999986,0.0,183.3605,157.0,166.0,174.0,183.0,192.0,201.0,211.0,0.0,165.5255,140.0,149.0,156.0,166.0,174.0,182.0,192.02499999999986,0.0
calibration,2024-12-09,25,160,20179,200.8505,84.975,117.9,150.0,192.0,241.0,294.10000000000014,356.0499999999997,0.0,268.934,237.0,248.0,258.0,269.0,280.0,291.0,300.0,0.0,199.321,173.0,182.0,190.0,199.0,208.0,218.0,227.0,0.0
calibration,2024-12-09,26,130,20179,123.45,42.0,61.0,84.0,115.0,154.0,195.0,256.09999999999945,0.0,212.896,185.0,194.0,203.0,212.0,223.0,232.0,244.0,0.0,124.0755,102.0,110.0,116.0,124.0,131.0,138.0,146.02499999999986,0.0
calibration,2024-12-09,27,40,20179,51.9735,6.0,14.0,25.0,44.0,70.0,103.0,140.0,0.0,151.552,127.0,135.0,143.0,151.0,160.0,168.0,177.0,0.0,52.269,39.0,43.0,47.0,52.0,57.0,62.0,67.0,0.0
calibration,2024-12-09,28,230,20179,228.1895,101.0,135.9,172.0,222.5,275.0,326.10000000000014,412.02499999999986,0.0,131.032,109.0,116.0,123.0,131.0,139.0,146.0,154.0,0.0,226.3575,196.0,207.0,216.0,226.0,236.0,246.0,257.0,0.0
calibration,2024-12-09,29,222,20179,121.6135,37.975,57.0,81.0,114.0,154.0,195.10000000000014,254.0,0.0,172.543,146.0,155.0,164.0,172.0,181.0,190.0,199.0,0.0,121.578,101.0,107.0,114.0,122.0,129.0,135.0,143.0,0.0
calibration,2024-12-09,30,435,20179,455.72,270.0,322.9,378.75,444.5,525.0,599.1000000000001,696.174999999999,0.0,408.1795,368.0,382.0,394.0,408.0,421.0,435.0,448.0,0.0,455.5985,416.0,429.0,442.0,455.0,469.0,483.0,498.0,0.0
calibration,2024-12-09,31,296,20179,262.804,127.975,165.9,204.0,254.5,312.0,372.2000000000003,440.02499999999986,0.0,152.1815,128.0,137.0,144.0,152.0,160.0,168.0,177.0,0.0,263.7485,233.0,243.0,252.75,263.0,274.0,285.0,297.0,0.0
calibration,2024-12-09,32,67,20179,58.704,9.0,18.0,31.0,51.0,78.0,108.10000000000014,149.0,0.0,170.9395,145.0,154.0,162.0,171.0,180.0,188.0,198.0,0.0,59.6755,45.0,50.0,55.0,60.0,65.0,69.0,75.0,0.0
calibration,2024-12-09,33,18,20179,15.871,0.0,0.0,2.0,9.0,22.0,41.0,66.02499999999986,0.0,133.6495,110.0,118.0,126.0,134.0,141.0,148.0,157.0,0.0,15.844,9.0,11.0,13.0,16.0,18.0,21.0,24.0,0.0
calibration,2024-12-09,34,32,20179,25.9105,0.0,3.0,8.0,18.0,37.0,60.0,93.0,0.0,123.7355,102.0,110.0,116.0,124.0,131.0,138.0,146.0,0.0,26.3995,17.0,20.0,23.0,26.0,30.0,33.0,37.0,0.0
calibration,2024-12-09,35,28,20179,29.833,1.0,4.0,10.0,22.0,42.0,66.0,100.02499999999986,0.0,54.8185,40.0,45.0,50.0,54.0,60.0,65.0,70.02499999999986,0.0,29.3165,19.0,22.0,26.0,29.0,33.0,37.0,41.0,0.0
calibration,2024-12-09,36,681,20179,756.267,520.0,587.0,662.0,747.5,846.0,937.1000000000001,1047.0,0.0,1014.3195,954.0,975.0,992.75,1015.0,1035.0,1055.0,1075.0249999999999,0.0,763.5345,709.0,729.0,745.0,764.0,782.0,798.0,818.0,0.0
calibration,2024-12-09,37,56,20179,42.563,4.0,9.0,19.0,35.0,58.0,87.10000000000014,127.02499999999986,0.0,118.0685,97.0,104.0,111.0,118.0,125.0,132.0,140.0,0.0,42.0265,30.0,34.0,38.0,42.0,46.0,50.0,54.0,0.0
calibration,2024-12-09,38,404,20179,253.0855,122.0,153.0,194.0,245.0,302.0,359.0,443.0749999999996,0.0,119.375,98.0,105.0,112.0,119.0,127.0,134.0,140.0,0.0,254.2355,224.975,234.0,243.0,254.0,265.0,275.0,287.0,0.0
calibration,2024-12-09,39,166,20179,152.398,55.0,80.9,104.0,143.0,189.0,241.0,302.02499999999986,0.0,159.9305,136.0,144.0,151.0,160.0,169.0,176.0,185.0,0.0,151.559,128.975,136.0,143.0,151.0,160.0,168.0,177.0,0.0
calibration,2024-12-16,0,14,19112,36.373,2.0,7.0,14.75,29.0,51.0,74.0,110.0,0.0,35.041,24.0,28.0,31.0,35.0,39.0,43.0,47.0,0.0,35.949,25.0,28.0,32.0,36.0,40.0,44.0,48.0,0.0
calibration,2024-12-16,1,127,19112,68.5505,13.0,25.0,38.0,62.0,91.0,123.10000000000014,164.0,0.0,107.644,88.0,95.0,101.0,107.0,114.0,121.0,129.0,0.0,69.1565,53.975,58.0,63.75,69.0,75.0,80.0,85.0,0.0
calibration,2024-12-16,2,222,19112,292.324,157.0,192.0,231.0,285.0,344.0,405.10000000000014,483.0,0.0,152.5195,128.0,136.0,144.0,153.0,161.0,169.0,177.0,0.0,293.2375,261.975,272.0,282.0,292.0,304.0,316.0,328.0,0.0
calibration,2024-12-16,3,1277,19112,1371.907,1055.975,1154.0,1250.75,1364.0,1485.25,1599.3000000000004,1737.0249999999999,0.0,634.914,586.0,602.9,618.0,635.0,651.0,667.0,685.0,0.0,1366.9925,1299.975,1321.0,1341.0,1367.0,1391.0,1414.0,1440.0,0.0
calibration,2024-12-16,4,112,19112,114.4555,35.0,53.0,74.0,106.0,145.25,186.10000000000014,236.02499999999986,0.0,238.3145,207.975,217.0,228.0,238.0,249.0,259.0,270.0,0.0,113.11,93.0,100.0,106.0,113.0,120.0,127.0,134.0,0.0
calibration,2024-12-16,5,299,19112,347.695,193.95,231.0,281.0,340.0,404.0,473.0,552.0,0.0,170.3315,146.0,153.0,162.0,170.0,179.0,187.10000000000014,196.0,0.0,349.331,312.0,326.0,337.0,350.0,361.0,372.0,385.0,0.0
calibration,2024-12-16,6,175,19112,189.5155,81.0,111.0,140.0,182.0,229.0,279.0,347.02499999999986,0.0,246.3395,215.0,227.0,236.0,246.0,257.0,267.0,278.0,0.0,189.4075,163.0,172.0,180.0,189.0,199.0,207.0,215.0,0.0
calibration,2024-12-16,7,182,19112,251.2255,119.0,159.0,197.0,244.0,298.0,353.10000000000014,422.0499999999997,0.0,206.6475,181.0,189.0,197.0,206.0,216.0,224.10000000000014,236.0,0.0,251.1165,221.0,231.0,241.0,251.0,261.0,270.0,282.0,0.0
calibration,2024-12-16,8,1805,19112,1592.9035,1246.975,1351.9,1462.0,1586.5,1719.0,1842.1000000000001,1966.0249999999999,0.0,2145.514,2055.0,2090.0,2118.0,2145.0,2175.0,2203.0,2232.0,0.0,1590.2005,1514.0,1540.0,1563.0,1590.0,1618.0,1642.0,1668.0,0.0
calibration,2024-12-16,9,17,19112,25.676,0.0,3.0,8.0,18.0,34.0,59.0,94.0,0.0,48.0905,35.0,39.0,43.0,48.0,53.0,57.100000000000136,62.0,0.0,25.9925,16.0,19.0,22.0,26.0,29.0,33.0,37.0,0.0
calibration,2024-12-16,10,354,19112,374.1925,209.975,260.0,306.0,366.0,435.0,500.0,582.0,0.0,164.472,141.0,148.0,156.0,164.0,173.0,181.0,189.0,0.0,373.596,338.0,349.0,360.0,374.0,387.0,397.0,410.02499999999986,0.0
calibration,2024-12-16,11,1429,19112,1485.0725,1162.95,1255.0,1356.0,1476.0,1604.0,1723.2000000000003,1862.0249999999999,0.0,1741.855,1664.975,1690.9,1716.0,1741.5,1768.0,1794.1000000000001,1823.0,0.0,1483.663,1413.0,1436.0,1459.0,1482.5,1510.0,1531.0,1556.0,0.0
calibration,2024-12-16,12,1506,19112,1320.2345,1006.0,1100.0,1202.0,1310.0,1439.0,1547.0,1673.0499999999997,0.0,1546.515,1476.0,1499.0,1522.0,1546.0,1572.0,1596.0,1622.0,0.0,1323.9665,1257.975,1280.0,1299.0,1324.0,1348.25,1368.1000000000001,1393.0,0.0
calibration,2024-12-16,13,1399,19112,1347.293,1032.0,1137.8,1228.75,1343.0,1453.0,1567.0,1696.0,0.0,1744.8595,1669.0,1694.0,1718.0,1744.0,1770.0,1796.0,1827.0,0.0,1354.6005,1287.0,1310.0,1331.0,1354.0,1378.0,1398.0,1422.0,0.0
calibration,2024-12-16,14,4681,19112,4687.3885,4120.85,4302.0,4476.5,4683.5,4891.0,5084.0,5304.099999999999,0.0,3163.6315,3064.0,3097.0,3127.0,3164.0,3199.0,3230.0,3263.0,0.0,4682.8195,4566.975,4608.0,4642.0,4682.0,4723.0,4760.1,4798.0,0.0
calibration,2024-12-16,15,37,19112,33.229,2.0,6.0,13.0,25.0,46.0,69.10000000000014,109.0,0.0,135.452,112.0,120.0,128.0,135.0,143.0,150.0,159.0,0.0,33.299,22.0,26.0,29.0,33.0,37.0,41.0,45.0,0.0
calibration,2024-12-16,16,177,19112,239.4655,116.975,150.0,185.0,231.0,286.0,338.0,410.02499999999986,0.0,166.155,140.0,150.0,157.0,166.0,175.0,183.0,192.0,0.0,239.038,209.0,219.0,229.0,239.0,249.0,259.0,269.02499999999986,0.0
calibration,2024-12-16,17,669,19112,606.605,404.975,463.9,522.0,598.0,681.0,762.1000000000001,852.0249999999999,0.0,1274.8355,1204.0,1229.0,1251.0,1273.0,1300.0,1322.0,1349.0,0.0,606.7795,558.975,575.0,590.0,607.0,623.0,639.0,655.0,0.0
calibration,2024-12-16,18,135,19112,156.663,61.0,85.0,113.0,148.0,192.25,236.10000000000014,292.02499999999986,0.0,193.167,168.0,176.0,184.0,193.0,203.0,211.0,220.0,0.0,156.5355,133.0,141.0,148.0,156.0,165.0,173.0,181.0,0.0
calibration,2024-12-16,19,1354,19112,1300.212,996.95,1089.0,1180.0,1291.0,1414.25,1524.1000000000001,1661.0249999999999,0.0,1130.94,1068.0,1089.0,1109.0,1131.0,1152.0,1173.0,1195.0,0.0,1298.718,1230.0,1253.0,1275.0,1299.0,1322.0,1342.0,1369.0,0.0
calibration,2024-12-16,20,21,19112,18.7765,0.0,1.0,4.0,12.0,27.0,45.100000000000136,77.0,0.0,60.406,45.0,50.0,55.0,60.0,66.0,71.0,77.0,0.0,19.226,11.0,14.0,16.0,19.0,22.0,25.0,28.0,0.0
calibration,2024-12-16,21,49,19112,43.778,5.0,11.0,20.0,36.0,59.0,86.10000000000014,124.02499999999986,0.0,73.328,57.0,62.900000000000006,67.0,73.0,79.0,84.0,91.0,0.0,43.468,31.0,35.0,39.0,43.0,48.0,52.0,57.0,0.0
calibration,2024-12-16,22,186,19112,173.9815,69.95,96.0,126.0,167.0,216.0,263.0,322.0,0.0,230.726,202.0,211.0,220.0,230.0,241.0,250.0,261.0,0.0,172.4525,147.975,156.0,163.0,172.0,181.0,189.0,199.0,0.0
calibration,2024-12-16,23,143,19112,124.1655,41.0,62.0,87.0,118.0,154.25,195.0,243.0,0.0,114.706,95.0,102.0,107.0,114.0,122.0,129.0,137.0,0.0,123.4865,102.0,109.0,116.0,123.0,131.0,138.0,146.0,0.0
calibration,2024-12-16,24,185,19112,152.615,56.0,82.0,110.0,144.0,188.0,234.0,288.0,0.0,173.6845,148.0,157.0,165.0,174.0,182.0,191.0,199.0,0.0,153.45,129.0,138.0,145.0,153.0,162.0,169.0,178.0,0.0
calibration,2024-12-16,25,97,19112,171.388,67.975,95.0,126.0,165.5,210.0,254.0,322.02499999999986,0.0,254.4335,223.0,234.0,243.0,254.0,266.0,275.0,287.0,0.0,172.534,147.0,156.0,163.0,172.0,182.0,190.0,200.02499999999986,0.0
calibration,2024-12-16,26,118,19112,122.2,41.975,63.0,84.0,113.0,152.0,194.10000000000014,253.02499999999986,0.0,202.129,174.975,184.0,193.0,202.0,212.0,221.0,229.02499999999986,0.0,123.5295,103.0,109.0,116.0,123.0,131.0,138.0,145.0,0.0
calibration,2024-12-16,27,29,19112,45.866,4.0,11.0,22.0,38.0,63.0,89.0,129.0,0.0,143.579,121.0,129.0,136.0,143.0,151.0,158.0,167.0,0.0,45.8035,33.0,37.0,41.0,46.0,50.0,55.0,60.0,0.0
calibration,2024-12-16,28,194,19112,243.6985,119.0,152.0,186.0,236.5,292.0,347.0,412.02499999999986,0.0,124.578,103.0,110.0,117.0,124.5,132.0,140.0,148.02499999999986,0.0,247.8325,218.0,227.0,237.0,248.0,259.0,269.0,278.0,0.0
calibration,2024-12-16,29,144,19112,157.8375,62.0,87.0,115.0,152.0,192.25,238.10000000000014,289.0,0.0,163.059,138.0,147.0,154.0,163.0,172.0,180.0,190.0,0.0,156.9875,134.0,142.0,148.0,156.0,165.0,173.0,183.0,0.0
calibration,2024-12-16,30,415,19112,441.7945,268.975,318.0,369.0,435.0,509.25,576.0,654.0,0.0,386.9745,349.0,362.0,373.0,387.0,400.0,413.0,428.0,0.0,439.5485,399.0,414.0,426.0,439.0,453.0,466.0,482.0,0.0
calibration,2024-12-16,31,257,19112,277.3185,142.975,178.0,217.0,269.0,328.0,387.10000000000014,463.0,0.0,143.919,121.0,129.0,135.0,143.0,152.0,160.0,168.0,0.0,277.7665,247.0,257.0,267.0,278.0,289.0,298.0,308.02499999999986,0.0
calibration,2024-12-16,32,147,19112,53.7105,8.0,16.0,27.0,46.0,72.0,100.0,144.02499999999986,0.0,162.761,138.0,146.0,154.0,163.0,171.0,180.0,188.0,0.0,55.5365,41.0,46.0,50.0,55.5,61.0,65.0,71.0,0.0
calibration,2024-12-16,33,15,19112,14.136,0.0,0.0,2.0,7.0,19.0,37.0,66.0,0.0,126.6205,105.0,112.0,119.0,126.0,134.0,141.0,150.0,0.0,14.7465,8.0,10.0,12.0,15.0,17.0,20.0,23.0,0.0
calibration,2024-12-16,34,12,19112,25.022,0.0,2.9000000000000057,7.0,18.0,36.0,56.0,88.0,0.0,116.714,96.0,104.0,109.0,116.0,124.0,131.0,137.0,0.0,24.834,16.0,19.0,21.0,25.0,28.0,31.0,35.0,0.0
calibration,2024-12-16,35,30,19112,30.81,1.0,4.0,10.0,23.0,43.0,68.0,105.0,0.0,51.5945,38.0,42.0,47.0,52.0,56.0,61.0,67.0,0.0,29.7965,20.0,23.0,26.0,30.0,33.0,37.0,41.0,0.0
calibration,2024-12-16,36,541,19112,689.602,464.0,532.0,597.0,682.0,770.0,855.0,967.0249999999999,0.0,959.969,901.0,921.0,939.0,960.0,981.0,999.0,1018.0,0.0,686.9625,637.0,654.0,670.0,687.0,704.0,721.0,738.0249999999999,0.0
calibration,2024-12-16,37,136,19112,45.249,4.0,11.0,21.0,38.0,61.0,90.0,129.04999999999973,0.0,111.748,91.0,98.0,104.75,112.0,119.0,125.0,132.0,0.0,43.9855,31.0,35.0,39.0,44.0,48.0,52.0,58.0,0.0
calibration,2024-12-16,38,217,19112,291.613,151.975,194.0,234.0,282.0,342.0,402.0,471.0,0.0,112.512,92.0,99.0,106.0,112.0,120.0,126.0,133.02499999999986,0.0,293.7005,259.0,272.0,283.0,293.5,305.0,316.0,326.0,0.0
calibration,2024-12-16,39,205,19112,147.457,54.0,78.0,103.0,139.0,184.0,229.0,290.02499999999986,0.0,151.32,129.0,136.0,143.0,151.0,159.0,168.0,176.0,0.0,148.844,126.0,133.9,141.0,148.0,157.0,165.0,173.0,0.0
calibration,2024-12-23,0,21,15816,24.906,1.0,4.0,8.0,19.0,35.0,55.0,80.02499999999986,0.0,28.921,19.0,22.0,25.0,29.0,32.0,36.0,40.0,0.0,25.886,17.0,20.0,22.0,26.0,29.0,32.0,36.0,0.0
calibration,2024-12-23,1,165,15816,74.716,19.0,31.0,46.75,68.0,95.0,125.0,170.02499999999986,0.0,88.9515,72.0,78.0,83.0,89.0,95.0,101.0,108.0,0.0,74.721,59.0,64.0,68.0,75.0,81.0,86.0,92.0,0.0
calibration,2024-12-23,2,157,15816,217.619,104.975,138.0,171.0,211.0,258.0,306.0,363.02499999999986,0.0,125.6005,105.0,111.0,118.0,126.0,133.0,140.0,147.0,0.0,217.844,189.0,198.9,208.0,218.0,228.0,237.0,247.0,0.0
calibration,2024-12-23,3,937,15816,1113.9255,851.0,934.0,1012.0,1106.0,1212.25,1307.0,1412.0249999999999,0.0,525.4105,479.975,496.0,511.0,525.0,540.0,554.0,568.0,0.0,1104.4215,1043.0,1063.9,1082.0,1104.0,1126.0,1146.0,1171.0249999999999,0.0
calibration,2024-12-23,4,54,15816,92.0755,28.0,41.0,60.0,85.0,118.0,151.0,191.04999999999973,0.0,197.5245,170.975,180.0,188.0,198.0,207.0,215.0,226.0,0.0,92.007,74.0,80.0,86.0,92.0,98.0,104.0,111.0,0.0
calibration,2024-12-23,5,265,15816,276.2095,149.975,185.0,221.0,269.0,323.0,374.0,440.02499999999986,0.0,140.2385,116.0,124.0,132.0,140.0,149.0,155.0,164.0,0.0,274.94,242.975,253.0,264.0,275.0,286.0,296.0,307.02499999999986,0.0
calibration,2024-12-23,6,157,15816,145.975,61.0,84.0,106.0,139.5,178.0,220.10000000000014,269.02499999999986,0.0,204.2465,176.975,187.0,195.0,204.0,214.0,222.0,232.0,0.0,147.3755,124.0,132.0,139.0,147.0,155.0,163.0,172.02499999999986,0.0
calibration,2024-12-23,7,142,15816,196.696,92.975,124.0,151.0,191.0,235.0,277.0,335.0,0.0,171.097,145.0,154.0,162.0,171.0,180.0,187.0,196.0,0.0,196.16,169.0,178.0,187.0,196.0,206.0,214.0,223.0,0.0
calibration,2024-12-23,8,1471,15816,1353.2785,1044.975,1142.9,1244.75,1353.0,1456.25,1564.2000000000003,1676.0749999999996,0.0,1776.6855,1697.0,1725.0,1749.0,1778.0,1803.0,1828.0,1857.0,0.0,1353.8715,1287.0,1308.9,1330.0,1354.0,1377.0,1398.0,1425.0249999999999,0.0
calibration,2024-12-23,9,14,15816,19.9685,0.0,2.0,6.0,14.0,28.0,47.0,73.02499999999986,0.0,39.4045,28.0,31.0,35.0,39.0,43.0,48.0,52.0,0.0,19.5735,11.975000000000001,14.0,17.0,19.0,22.0,25.0,29.0,0.0
calibration,2024-12-23,10,290,15816,301.3235,171.975,206.0,247.0,294.0,347.0,403.0,478.0499999999997,0.0,136.223,113.0,121.0,128.0,136.0,144.0,151.0,159.0,0.0,299.57,266.0,278.0,288.0,300.0,312.0,321.0,333.0,0.0
calibration,2024-12-23,11,1020,15816,1198.502,932.975,1008.0,1096.5,1189.0,1296.0,1397.1000000000001,1518.0249999999999,0.0,1439.8815,1365.975,1394.0,1416.0,1440.0,1464.0,1487.0,1512.0,0.0,1196.6415,1131.0,1153.0,1173.0,1197.0,1220.0,1240.0,1262.0,0.0
calibration,2024-12-23,12,1297,15816,1104.7285,843.975,929.0,1005.0,1099.0,1200.0,1293.0,1396.0,0.0,1279.4125,1209.0,1234.0,1257.0,1278.0,1303.25,1325.0,1346.0,0.0,1113.785,1054.975,1073.0,1093.0,1114.0,1134.0,1155.0,1176.0249999999999,0.0
calibration,2024-12-23,13,1135,15816,1124.5425,857.95,946.0,1025.0,1121.5,1219.0,1315.1000000000001,1415.0749999999996,0.0,1444.1655,1377.975,1399.0,1419.0,1444.0,1467.0,1491.0,1514.0,0.0,1126.6675,1062.975,1086.0,1106.0,1126.0,1149.0,1168.0,1187.0249999999999,0.0
calibration,2024-12-23,14,3727,15816,3931.675,3447.875,3618.9,3760.75,3927.5,4095.0,4241.0,4416.025,0.0,2619.9795,2529.0,2559.0,2588.0,2620.0,2651.0,2682.1000000000004,2713.0,0.0,3934.4315,3831.0,3865.0,3896.0,3934.0,3970.0,4005.1000000000004,4046.0249999999996,0.0
calibration,2024-12-23,15,45,15816,25.895,1.0,4.0,10.0,20.0,36.0,55.0,86.0,0.0,112.372,92.0,98.0,105.0,113.0,120.0,126.0,133.0,0.0,26.1535,17.0,20.0,22.0,26.0,29.0,33.0,37.0,0.0
calibration,2024-12-23,16,130,15816,193.071,87.0,120.0,149.0,187.0,231.0,277.0,329.02499999999986,0.0,137.603,116.0,123.0,129.0,137.0,145.0,153.0,162.0,0.0,192.214,166.0,176.0,183.0,192.0,201.0,210.0,220.0,0.0
calibration,2024-12-23,17,420,15816,535.1835,357.95,411.0,465.0,528.5,599.0,664.0,741.0249999999999,0.0,1054.1025,994.975,1014.9,1033.0,1054.0,1075.0,1093.1000000000001,1118.0,0.0,537.738,493.0,508.0,522.0,537.0,554.0,568.0,584.0249999999999,0.0
calibration,2024-12-23,18,79,15816,126.4975,48.975,67.0,90.0,122.0,156.0,191.0,241.0,0.0,160.113,135.0,143.9,152.0,160.0,168.0,177.0,187.0,0.0,127.3485,105.975,113.0,119.0,128.0,135.0,142.0,150.0,0.0
calibration,2024-12-23,19,1240,15816,1073.7105,807.0,894.0,978.0,1065.5,1164.0,1251.1000000000001,1384.0249999999999,0.0,936.5395,879.975,900.0,918.0,937.0,955.0,973.0,993.0,0.0,1072.5405,1009.0,1033.0,1052.0,1072.0,1093.0,1113.0,1135.0249999999999,0.0
calibration,2024-12-23,20,18,15816,16.1585,0.0,1.0,4.0,10.0,23.0,39.0,63.0,0.0,49.977,36.0,41.0,45.0,50.0,55.0,59.0,65.0,0.0,16.732,9.0,12.0,14.0,17.0,19.0,22.0,25.0,0.0
calibration,2024-12-23,21,33,15816,33.429,3.0,7.900000000000006,15.0,27.0,46.0,67.0,101.0,0.0,60.91,46.0,51.0,56.0,61.0,66.0,71.0,76.0,0.0,33.9635,23.0,27.0,30.0,34.0,38.0,41.0,46.0,0.0
calibration,2024-12-23,22,164,15816,141.2425,54.0,79.0,103.0,134.0,174.0,213.10000000000014,262.0,0.0,190.43,163.0,173.0,181.0,190.0,200.0,208.0,219.0,0.0,140.1325,117.975,125.0,132.0,140.0,148.0,155.0,164.0,0.0
calibration,2024-12-23,23,87,15816,104.64,33.0,51.0,72.0,98.0,133.0,165.0,209.02499999999986,0.0,95.1685,76.0,83.0,88.0,95.0,102.0,108.0,115.0,0.0,103.9595,83.0,91.0,97.0,104.0,111.0,117.0,125.0,0.0
calibration,2024-12-23,24,127,15816,133.629,51.975,71.0,95.0,128.0,165.0,202.0,251.02499999999986,0.0,143.6225,120.0,129.0,135.0,143.0,152.0,159.0,168.0,0.0,133.321,111.0,118.0,125.0,133.0,142.0,149.0,156.0,0.0
calibration,2024-12-23,25,134,15816,119.061,42.0,61.0,82.0,112.0,149.0,183.0,233.02499999999986,0.0,210.68,182.0,192.0,201.0,211.0,220.0,230.0,239.0,0.0,119.1535,99.0,105.0,111.0,119.0,127.0,134.0,142.0,0.0
calibration,2024-12-23,26,72,15816,97.068,31.0,47.0,64.0,91.0,121.0,158.0,207.0,0.0,167.1495,142.0,150.0,158.0,167.0,176.0,184.0,194.0,0.0,97.602,80.0,85.0,91.0,97.0,104.0,110.0,117.0,0.0
calibration,2024-12-23,27,33,15816,33.644,3.0,7.0,14.0,27.0,47.0,69.0,99.0,0.0,118.753,97.975,105.0,111.75,119.0,126.0,132.0,141.0,0.0,33.0375,22.0,26.0,29.0,33.0,37.0,40.0,45.0,0.0
calibration,2024-12-23,28,159,15816,196.6915,94.0,123.0,154.0,192.0,234.0,278.0,334.02499999999986,0.0,103.01,83.0,90.0,96.0,103.0,110.0,116.0,124.0,0.0,198.5835,172.0,181.0,189.0,198.0,208.0,217.0,228.0,0.0
calibration,2024-12-23,29,153,15816,129.1475,49.0,70.0,92.0,122.0,159.0,199.0,246.02499999999986,0.0,134.9585,113.0,120.0,127.0,135.0,143.0,150.0,158.0,0.0,130.884,110.0,116.0,123.0,131.0,139.0,145.0,153.0,0.0
calibration,2024-12-23,30,335,15816,348.9005,209.0,245.9,291.0,339.0,402.0,461.0,533.0249999999999,0.0,319.654,286.0,297.0,308.0,319.0,332.0,343.0,354.0,0.0,350.0265,314.975,328.0,338.0,349.5,362.0,374.0,386.02499999999986,0.0
calibration,2024-12-23,31,275,15816,222.4875,109.975,142.0,175.0,216.0,263.0,311.10000000000014,372.0,0.0,119.151,98.0,106.0,112.0,119.0,126.0,133.0,142.0,0.0,223.5875,195.0,204.0,213.0,224.0,233.0,242.0,253.0,0.0
calibration,2024-12-23,32,171,15816,64.789,13.975000000000001,24.0,39.0,58.0,83.0,115.0,154.02499999999986,0.0,133.812,112.0,119.0,126.0,133.0,141.0,149.0,158.0,0.0,64.0135,48.0,53.0,58.0,64.0,69.0,74.0,80.0,0.0
calibration,2024-12-23,33,14,15816,12.831,0.0,0.0,2.0,7.0,17.0,33.0,58.0,0.0,104.353,84.0,92.0,98.0,104.0,111.0,117.0,125.0,0.0,12.9625,6.0,8.0,10.0,13.0,15.0,18.0,20.0,0.0
calibration,2024-12-23,34,15,15816,18.2185,0.0,1.0,5.0,12.0,26.0,43.0,72.0,0.0,96.4835,78.0,84.0,90.0,96.0,103.0,109.0,116.0,0.0,18.411,10.0,13.0,15.0,18.0,21.0,24.0,28.0,0.0
calibration,2024-12-23,35,17,15816,19.1185,0.0,2.0,5.0,13.0,27.0,43.0,74.0,0.0,43.005,30.0,35.0,39.0,43.0,47.0,52.0,56.0,0.0,19.0535,11.0,14.0,16.0,19.0,22.0,25.0,28.0,0.0
calibration,2024-12-23,36,640,15816,561.7755,376.0,430.0,491.75,556.0,625.0,703.0,787.0249999999999,0.0,794.7395,742.0,760.0,775.0,795.0,813.0,829.0,849.0,0.0,554.8335,509.0,525.0,539.0,554.0,571.0,585.0,601.0,0.0
calibration,2024-12-23,37,171,15816,58.4725,10.975000000000001,20.0,33.0,52.0,77.0,105.0,142.0,0.0,92.5975,74.0,80.0,86.0,93.0,99.0,105.0,113.0,0.0,57.9165,43.0,48.0,53.0,58.0,63.0,67.0,73.0,0.0
calibration,2024-12-23,38,207,15816,238.802,121.975,155.0,191.0,233.0,280.0,328.0,393.02499999999986,0.0,93.8585,76.0,81.0,87.0,94.0,100.0,106.0,114.0,0.0,238.819,210.0,219.0,228.0,238.0,249.25,259.0,270.0,0.0
calibration,2024-12-23,39,225,15816,135.3955,57.0,76.0,99.0,129.0,164.0,205.10000000000014,257.02499999999986,0.0,125.215,104.0,111.0,117.0,125.0,133.0,140.0,149.0,0.0,135.1175,111.975,120.0,127.0,135.0,143.0,150.0,159.0,0.0
validation,2025-01-06,0,9,23771,30.199,0.0,3.0,9.0,21.0,42.0,69.0,106.02499999999986,0.0,43.427,31.0,35.0,39.0,43.0,48.0,52.0,56.0,0.0,30.5985,20.975,24.0,27.0,30.0,34.0,37.0,42.0,0.0
validation,2025-01-06,1,300,23771,138.097,44.0,65.0,92.0,128.0,174.0,225.0,287.0,0.0,134.1245,112.0,119.0,125.0,134.0,142.0,150.0,159.0,0.0,139.541,118.0,125.0,132.0,139.0,147.0,154.0,163.0,0.0
validation,2025-01-06,2,361,23771,281.082,127.975,169.0,217.0,275.0,337.0,395.0,484.0,0.0,189.1305,161.0,171.0,180.0,189.0,199.0,207.0,217.0,0.0,281.1935,248.0,260.0,270.0,281.0,292.0,302.0,314.02499999999986,0.0
validation,2025-01-06,3,1270,23771,1599.78,1208.0,1344.0,1453.0,1592.0,1731.0,1878.0,2018.0249999999999,0.0,788.647,733.975,752.9,770.0,789.0,808.0,825.0,842.0,0.0,1604.256,1529.0,1554.0,1579.0,1604.0,1630.0,1654.0,1679.0,0.0
validation,2025-01-06,4,102,23771,127.9125,37.0,56.0,83.0,120.0,162.25,208.10000000000014,268.02499999999986,0.0,297.4405,265.0,275.0,285.0,297.0,310.0,320.0,332.0,0.0,125.562,104.0,111.0,118.0,125.0,133.0,140.0,149.0,0.0
validation,2025-01-06,5,329,23771,404.4155,219.0,272.9,326.0,399.0,475.25,548.0,650.0,0.0,210.468,183.0,192.0,201.0,210.0,220.0,229.0,239.0,0.0,404.0125,366.0,378.0,390.0,404.0,417.0,430.0,445.0,0.0
validation,2025-01-06,6,198,23771,217.719,89.0,124.0,158.75,207.5,265.0,326.0,395.0,0.0,306.658,273.975,285.0,295.0,307.0,318.0,330.0,342.0,0.0,216.619,188.0,197.0,206.0,217.0,227.0,236.0,245.0,0.0
validation,2025-01-06,7,203,23771,274.202,124.975,165.9,210.0,263.5,330.0,391.0,474.02499999999986,0.0,257.221,227.0,238.0,246.0,257.0,268.0,277.0,288.0,0.0,272.3875,241.0,251.0,261.0,272.0,283.0,294.0,306.0,0.0
validation,2025-01-06,8,1749,23771,2098.3605,1639.95,1801.7,1935.0,2085.0,2252.0,2415.1000000000004,2609.0,0.0,2667.467,2572.0,2604.0,2636.0,2668.0,2700.0,2732.0,2765.0249999999996,0.0,2100.457,2019.0,2044.0,2070.0,2100.0,2130.0,2157.1000000000004,2187.0,0.0
validation,2025-01-06,9,18,23771,26.7,0.0,2.0,6.0,18.0,38.0,63.0,99.02499999999986,0.0,59.624,45.0,50.0,54.0,59.0,65.0,69.0,75.0,0.0,26.129,17.0,20.0,23.0,26.0,30.0,33.0,36.0,0.0
validation,2025-01-06,10,461,23771,464.9615,268.0,325.9,385.0,457.0,534.0,616.1000000000001,721.0,0.0,204.2455,177.0,187.0,194.0,204.0,214.0,223.0,232.02499999999986,0.0,467.216,426.975,439.0,452.0,467.0,482.0,496.0,510.0,0.0
validation,2025-01-06,11,1569,23771,1773.301,1373.0,1491.0,1620.75,1769.0,1918.0,2058.0,2213.0999999999995,0.0,2167.8185,2080.975,2110.0,2138.0,2168.0,2197.0,2224.0,2252.0,0.0,1768.31,1689.0,1717.9,1742.0,1768.0,1795.0,1820.0,1848.0249999999999,0.0
validation,2025-01-06,12,1893,23771,1734.5395,1345.975,1463.0,1574.0,1727.0,1878.25,2026.2000000000003,2201.075,0.0,1923.703,1839.0,1869.0,1894.0,1923.0,1954.0,1977.0,2006.0249999999999,0.0,1739.493,1658.975,1690.0,1712.0,1739.0,1766.0,1791.1000000000001,1821.0,0.0
validation,2025-01-06,13,1761,23771,1725.6945,1322.975,1454.8,1577.75,1714.0,1869.0,2002.2000000000003,2193.075,0.0,2168.454,2079.0,2112.0,2138.0,2167.0,2198.0,2225.0,2257.0,0.0,1726.352,1648.0,1676.0,1700.0,1727.0,1752.0,1776.0,1803.0,0.0
validation,2025-01-06,14,6552,23771,5823.795,5119.975,5386.9,5579.0,5810.0,6064.0,6274.1,6528.025,0.0,3935.2985,3818.975,3859.9,3898.75,3936.0,3973.0,4009.0,4043.0249999999996,0.0,5820.5505,5688.0,5734.0,5774.0,5823.0,5866.25,5904.0,5951.025,0.0
validation,2025-01-06,15,51,23771,42.5365,2.0,8.0,16.75,33.0,58.0,92.0,135.0,0.0,169.2435,145.0,153.0,160.0,169.0,178.0,186.0,196.0,0.0,42.7935,30.0,34.0,38.0,43.0,47.0,51.0,56.0,0.0
validation,2025-01-06,16,223,23771,261.505,108.975,156.0,197.0,253.0,316.25,381.0,463.02499999999986,0.0,206.916,179.0,189.0,197.0,207.0,217.0,226.0,236.0,0.0,260.737,229.0,240.0,250.0,261.0,271.0,281.0,292.0,0.0
validation,2025-01-06,17,697,23771,792.222,522.975,604.0,684.0,781.0,891.0,996.0,1118.0249999999999,0.0,1583.967,1513.0,1535.0,1558.0,1583.0,1610.0,1633.0,1658.0,0.0,792.293,739.0,757.0,774.0,792.0,811.0,827.0,846.0,0.0
validation,2025-01-06,18,79,23771,182.5055,68.0,96.0,129.0,173.0,225.0,277.0,350.0,0.0,240.613,210.0,221.0,230.0,241.0,251.0,260.0,271.0,0.0,182.2365,157.0,165.0,173.0,182.0,191.0,200.0,209.0,0.0
validation,2025-01-06,19,1751,23771,1667.455,1286.85,1396.0,1512.0,1660.5,1800.0,1955.1000000000001,2119.0249999999996,0.0,1408.266,1336.0,1362.0,1383.0,1408.0,1433.0,1456.0,1482.0,0.0,1666.641,1590.0,1616.0,1640.0,1666.0,1693.0,1717.1000000000001,1749.0249999999999,0.0
validation,2025-01-06,20,14,23771,26.455,0.0,2.0,6.0,17.5,37.0,64.0,107.0,0.0,75.2435,59.0,64.0,69.0,75.0,81.0,87.0,93.0,0.0,26.4155,16.0,20.0,23.0,26.0,30.0,33.0,37.0,0.0
validation,2025-01-06,21,28,23771,53.916,5.0,13.0,24.0,44.0,74.0,107.0,160.04999999999973,0.0,91.694,73.0,79.0,85.0,91.0,98.0,105.0,111.0,0.0,55.651,41.0,46.0,50.0,55.0,61.0,65.0,70.0,0.0
validation,2025-01-06,22,171,23771,214.3745,87.0,120.0,153.0,201.0,265.0,324.0,400.02499999999986,0.0,286.995,255.0,266.0,276.0,286.0,298.0,309.0,320.0,0.0,213.9655,186.0,196.0,204.0,214.0,223.0,233.0,243.0,0.0
validation,2025-01-06,23,118,23771,153.1955,49.0,74.0,105.0,143.5,191.25,248.0,309.0749999999996,0.0,142.3275,120.0,127.0,134.0,142.0,150.0,157.0,167.0,0.0,155.12,129.0,140.0,147.0,155.0,163.0,171.0,180.0,0.0
validation,2025-01-06,24,222,23771,201.0975,79.0,108.0,144.0,192.0,248.25,304.0,376.02499999999986,0.0,215.398,187.0,197.0,205.0,215.0,225.0,234.0,246.0,0.0,200.9685,175.0,183.0,191.0,201.0,211.0,219.0,230.0,0.0
validation,2025-01-06,25,187,23771,190.246,71.0,106.0,138.0,181.0,231.0,289.0,357.02499999999986,0.0,316.944,282.0,294.0,305.0,317.0,329.0,339.0,352.0,0.0,189.45,162.975,171.0,180.0,190.0,198.25,207.0,217.0,0.0
validation,2025-01-06,26,119,23771,136.6315,44.0,66.0,91.0,128.0,170.25,220.0,284.0,0.0,250.7815,221.0,230.0,240.0,250.0,262.0,272.0,282.02499999999986,0.0,135.8195,113.0,121.0,128.0,136.0,144.0,151.0,159.0,0.0
validation,2025-01-06,27,31,23771,45.262,3.0,9.0,18.75,36.0,61.0,92.10000000000014,140.0,0.0,178.568,152.0,161.0,169.0,179.0,187.0,196.0,206.0,0.0,45.6235,33.0,37.0,41.0,45.0,50.0,55.0,59.0,0.0
validation,2025-01-06,28,122,23771,270.588,125.0,160.9,206.0,259.0,324.0,391.0,478.0,0.0,154.5425,130.0,139.0,146.0,154.0,163.0,171.0,180.0,0.0,270.449,238.0,250.0,259.0,271.0,281.0,291.0,302.0,0.0
validation,2025-01-06,29,199,23771,214.2215,91.975,120.0,157.75,207.0,259.0,320.0,391.0499999999997,0.0,203.7745,176.0,185.0,194.0,204.0,214.0,223.0,233.0,0.0,215.915,187.0,197.0,206.0,216.0,226.0,236.0,246.0,0.0
validation,2025-01-06,30,375,23771,506.443,298.975,364.0,420.75,495.5,582.25,664.1000000000001,764.0749999999996,0.0,481.3285,439.0,453.0,467.0,481.0,497.0,508.0,524.0249999999999,0.0,506.4695,463.0,477.0,490.0,506.0,522.0,536.0,554.0,0.0
validation,2025-01-06,31,357,23771,338.266,167.0,212.0,261.0,328.0,404.0,479.0,568.0249999999999,0.0,178.8625,153.0,161.0,170.0,179.0,188.0,196.0,205.0,0.0,336.6845,302.0,313.9,324.0,336.0,349.0,360.10000000000014,374.0,0.0
validation,2025-01-06,32,386,23771,138.493,42.975,66.0,91.0,129.0,176.0,222.0,291.02499999999986,0.0,201.5545,172.975,183.0,192.0,201.5,211.0,220.0,230.0,0.0,137.272,115.0,123.0,129.0,137.0,145.0,153.0,161.0,0.0
validation,2025-01-06,33,18,23771,18.988,0.0,0.9000000000000057,3.0,10.0,27.0,47.0,84.04999999999973,0.0,157.138,133.0,142.0,149.0,157.0,165.0,173.0,183.02499999999986,0.0,18.527,11.0,13.0,15.0,19.0,21.0,24.0,27.0,0.0
validation,2025-01-06,34,32,23771,26.0995,0.0,2.0,7.0,18.0,37.0,61.0,97.0,0.0,145.462,122.0,130.0,137.0,145.0,154.0,161.0,169.0,0.0,26.9495,17.0,20.0,23.0,27.0,30.0,34.0,38.0,0.0
validation,2025-01-06,35,11,23771,31.083,1.0,4.0,9.0,22.0,45.0,71.0,106.02499999999986,0.0,64.189,49.0,54.0,59.0,64.0,70.0,74.0,81.0,0.0,30.818,20.0,24.0,27.0,31.0,34.0,38.0,42.0,0.0
validation,2025-01-06,36,772,23771,808.1775,535.0,623.0,703.0,798.0,906.0,1002.0,1122.0249999999999,0.0,1193.9665,1125.975,1150.0,1171.0,1194.0,1217.0,1237.0,1261.0,0.0,804.7665,748.0,768.0,787.0,806.0,824.0,842.0,858.0,0.0
validation,2025-01-06,37,398,23771,127.791,37.0,59.0,84.0,120.0,162.0,206.0,264.0499999999997,0.0,139.669,117.0,124.0,131.0,140.0,148.0,155.0,163.0,0.0,129.2515,107.975,115.0,122.0,129.0,137.0,144.0,153.0,0.0
validation,2025-01-06,38,257,23771,365.056,184.0,238.0,291.0,356.0,428.0,503.10000000000014,597.0249999999999,0.0,140.936,117.0,126.0,133.0,141.0,149.0,157.0,165.0,0.0,361.091,324.0,337.0,348.75,361.0,374.0,385.0,399.0,0.0
validation,2025-01-06,39,378,23771,237.6325,108.0,139.0,178.0,227.0,286.25,348.10000000000014,433.02499999999986,0.0,188.893,161.0,171.0,179.0,189.0,198.0,207.0,216.02499999999986,0.0,242.4145,212.0,222.0,232.0,242.0,253.0,262.0,274.0,0.0
validation,2025-01-13,0,4,68406,56.534,0.0,2.0,10.0,31.0,76.0,145.10000000000014,251.0,0.0,125.4365,103.0,110.0,117.75,125.0,133.0,141.0,149.0,0.0,57.46,43.0,48.0,52.0,57.0,62.0,67.0,73.0,0.0
validation,2025-01-13,1,302,68406,586.5685,238.975,327.9,425.0,558.5,717.25,889.2000000000003,1073.0,0.0,384.891,347.0,360.0,372.0,384.0,398.0,411.0,426.0,0.0,588.2235,542.0,558.0,572.75,588.0,604.0,618.0,634.0249999999999,0.0
validation,2025-01-13,2,300,68406,876.9285,438.975,556.0,685.0,848.0,1034.75,1256.0,1452.0,0.0,544.2895,497.0,513.0,529.0,544.0,560.25,575.0,592.0,0.0,871.4675,815.0,833.0,852.0,871.0,891.0,909.0,930.0,0.0
validation,2025-01-13,3,1327,68406,4151.687,3084.9,3437.0,3777.0,4124.0,4528.25,4876.800000000001,5373.049999999999,0.0,2271.838,2176.975,2209.0,2239.0,2271.0,2305.25,2334.1000000000004,2368.0,0.0,4149.563,4028.0,4071.0,4107.0,4149.5,4192.0,4229.0,4274.0,0.0
validation,2025-01-13,4,133,68406,334.1005,88.0,142.0,213.0,309.0,429.0,548.0,740.0249999999999,0.0,852.3135,794.0,814.0,832.0,852.0,873.0,891.0,912.0,0.0,335.2075,301.0,313.0,323.0,334.0,347.0,359.0,372.02499999999986,0.0
validation,2025-01-13,5,287,68406,1077.733,585.925,720.0,877.75,1053.0,1252.25,1471.1000000000001,1748.1249999999993,0.0,608.137,559.0,575.0,591.0,608.0,625.0,641.0,657.0,0.0,1072.1215,1007.0,1030.0,1050.0,1072.0,1094.0,1115.0,1135.0,0.0
validation,2025-01-13,6,139,68406,641.9015,275.975,369.0,477.0,618.0,776.0,938.1000000000001,1154.0,0.0,881.7185,824.0,841.0,860.0,882.0,902.0,922.0,941.0249999999999,0.0,643.1785,594.0,610.0,626.0,643.0,660.0,676.1000000000001,695.0,0.0
validation,2025-01-13,7,212,68406,666.095,296.0,392.0,499.0,643.0,799.0,976.2000000000003,1210.0249999999999,0.0,739.3295,686.975,704.0,720.0,740.0,759.0,774.0,796.0,0.0,669.2455,619.0,637.0,651.0,670.0,686.0,703.0,721.0,0.0
validation,2025-01-13,8,39844,68406,5805.0165,4547.8,4954.2,5333.75,5775.0,6222.5,6678.3,7240.099999999999,0.0,7686.6685,7526.0,7578.0,7628.0,7685.0,7746.0,7796.0,7853.0,0.0,5794.179,5647.0,5699.0,5744.0,5795.0,5843.0,5888.1,5937.025,0.0
validation,2025-01-13,9,27,68406,69.011,0.0,4.0,15.0,45.0,96.25,167.0,264.02499999999986,0.0,171.4465,145.0,155.0,162.0,171.0,180.0,189.0,198.0,0.0,71.0385,55.0,60.0,65.0,71.0,77.0,82.0,89.0,0.0
validation,2025-01-13,10,267,68406,1300.17,737.875,892.0,1071.75,1278.0,1507.25,1728.2000000000003,1982.0999999999995,0.0,588.4575,539.975,557.0,571.0,588.5,604.0,620.0,639.0,0.0,1296.8445,1225.975,1251.9,1273.0,1297.0,1321.0,1343.0,1369.0249999999999,0.0
validation,2025-01-13,11,1766,68406,4870.3345,3712.9,4086.9,4449.0,4846.0,5277.75,5683.1,6088.15,0.0,6231.1645,6076.975,6131.0,6177.0,6229.0,6287.0,6334.0,6388.0,0.0,4868.0705,4737.975,4784.0,4821.75,4868.0,4912.0,4954.0,4997.025,0.0
validation,2025-01-13,12,2466,68406,5243.5955,4099.8,4447.5,4802.5,5226.0,5657.0,6051.200000000001,6574.0,0.0,5538.959,5396.0,5443.0,5491.0,5541.0,5588.0,5630.1,5678.0,0.0,5258.3305,5123.925,5170.0,5214.0,5260.0,5304.0,5341.1,5397.0,0.0
validation,2025-01-13,13,2339,68406,4991.3795,3870.95,4221.0,4558.0,4962.5,5405.0,5787.400000000001,6254.049999999999,0.0,6242.6375,6090.0,6144.0,6189.0,6241.0,6295.25,6344.0,6398.025,0.0,4955.2655,4817.95,4864.0,4908.0,4956.0,5002.0,5046.0,5093.0,0.0
validation,2025-01-13,14,11579,68406,17444.2615,15417.9,16129.9,16730.75,17408.0,18210.0,18803.4,19437.0,0.0,11322.2385,11127.975,11193.9,11253.0,11320.0,11394.0,11455.0,11513.025,0.0,17450.5695,17230.0,17311.0,17376.0,17450.5,17527.0,17591.0,17665.025,0.0
validation,2025-01-13,15,36,68406,142.5045,11.0,29.0,58.0,113.0,198.0,288.10000000000014,437.0499999999997,0.0,486.722,445.0,458.0,471.0,487.0,502.0,516.0,531.0,0.0,142.19,119.975,127.0,134.0,142.0,150.0,157.0,166.0,0.0
validation,2025-01-13,16,123,68406,738.4125,341.0,437.0,559.75,714.5,888.25,1070.0,1302.0749999999996,0.0,594.867,547.0,564.0,578.0,594.0,611.0,627.0,646.0,0.0,731.4075,678.975,697.0,714.0,731.0,749.25,767.0,783.0,0.0
validation,2025-01-13,17,577,68406,2167.6195,1438.875,1657.9,1880.75,2142.5,2426.0,2725.0,3054.149999999999,0.0,4558.6205,4424.975,4472.0,4512.0,4557.0,4606.0,4647.0,4698.0,0.0,2156.85,2065.0,2097.0,2126.0,2159.0,2188.0,2213.0,2245.0,0.0
validation,2025-01-13,18,131,68406,402.9355,133.975,197.0,271.0,379.0,508.0,640.0,787.174999999999,0.0,691.374,641.0,656.0,672.0,691.0,710.0,726.0,745.0249999999999,0.0,400.2155,361.975,374.0,387.0,399.0,415.0,426.0,441.0,0.0
validation,2025-01-13,19,2290,68406,4798.3,3665.8,4024.8,4353.0,4780.5,5211.0,5627.200000000001,6052.274999999999,0.0,4051.3695,3926.0,3968.0,4008.0,4051.0,4096.0,4133.0,4175.0,0.0,4834.1685,4701.0,4747.9,4789.0,4834.0,4880.0,4917.0,4971.025,0.0
validation,2025-01-13,20,26,68406,71.786,1.0,5.0,15.0,46.0,99.0,181.10000000000014,291.0,0.0,216.2725,188.0,197.0,206.0,216.0,226.0,236.0,246.0,0.0,71.9375,55.0,61.0,66.0,72.0,78.0,83.0,89.0,0.0
validation,2025-01-13,21,46,68406,129.238,9.0,25.0,52.0,102.0,175.25,272.0,408.0499999999997,0.0,263.809,232.0,243.0,252.0,264.0,275.0,285.0,297.0,0.0,132.6465,111.0,118.0,125.0,132.0,140.0,147.0,155.0,0.0
validation,2025-01-13,22,116,68406,597.686,254.975,349.0,440.0,567.0,727.25,885.0,1104.0499999999997,0.0,825.722,766.0,788.0,804.0,825.0,847.0,865.0,884.0249999999999,0.0,601.726,554.0,571.0,584.75,601.0,618.0,634.1000000000001,651.0,0.0
validation,2025-01-13,23,84,68406,433.2815,145.975,215.0,297.0,404.0,539.25,682.1000000000001,877.0499999999997,0.0,410.9345,371.0,385.0,397.0,411.0,425.0,437.10000000000014,452.0,0.0,435.004,397.0,409.0,421.0,435.0,449.0,461.0,473.0,0.0
validation,2025-01-13,24,183,68406,581.4145,237.0,329.9,418.75,552.0,714.0,872.1000000000001,1068.0249999999999,0.0,621.041,571.0,588.0,604.0,621.0,638.0,653.0,672.0249999999999,0.0,591.579,545.0,562.0,575.0,591.0,608.0,622.0,638.0,0.0
validation,2025-01-13,25,220,68406,502.884,181.0,258.0,351.0,477.0,631.25,774.1000000000001,967.1499999999992,0.0,911.8975,851.975,872.0,891.0,912.0,933.0,952.0,975.0,0.0,502.512,459.0,474.0,487.0,502.0,518.0,531.0,546.0,0.0
validation,2025-01-13,26,121,68406,379.7115,105.0,173.0,248.75,353.0,487.25,620.2000000000003,772.1499999999992,0.0,722.094,669.0,687.0,703.0,721.0,740.0,758.0,779.0,0.0,381.4935,343.0,356.0,368.0,382.0,395.0,406.0,419.0,0.0
validation,2025-01-13,27,28,68406,113.779,7.0,21.0,45.0,92.0,157.0,239.0,351.0,0.0,514.2385,469.0,484.0,499.0,514.0,530.0,544.0,561.0249999999999,0.0,116.2135,96.0,102.9,109.0,116.0,123.0,130.0,138.0,0.0
validation,2025-01-13,28,136,68406,613.934,244.95,337.0,448.75,588.0,756.25,918.0,1113.0,0.0,446.2125,404.0,419.0,431.0,446.0,461.0,475.0,489.02499999999986,0.0,611.6525,565.0,581.0,594.75,611.0,628.0,644.0,661.0,0.0
validation,2025-01-13,29,239,68406,620.888,249.95,352.9,462.0,593.0,743.25,930.1000000000001,1147.0249999999999,0.0,584.516,535.975,554.0,568.0,585.0,601.0,616.0,631.0,0.0,622.7405,573.975,590.0,605.75,623.0,640.0,655.0,674.0,0.0
validation,2025-01-13,30,449,68406,1348.861,771.925,944.9,1106.0,1320.5,1559.25,1777.1000000000001,2079.0249999999996,0.0,1381.921,1308.0,1333.0,1356.0,1382.0,1409.0,1432.1000000000001,1458.0,0.0,1353.52,1286.0,1307.0,1328.0,1353.0,1377.0,1402.0,1428.0,0.0
validation,2025-01-13,31,321,68406,1029.1955,525.975,676.9,820.0,998.0,1216.0,1427.2000000000003,1665.0249999999999,0.0,515.138,469.0,485.0,499.0,514.0,531.0,545.0,564.0,0.0,1029.167,971.0,990.0,1007.0,1028.0,1051.0,1069.0,1090.0249999999999,0.0
validation,2025-01-13,32,350,68406,659.8195,276.9,379.0,489.0,642.0,801.25,970.1000000000001,1159.0,0.0,579.9745,531.0,548.0,563.0,580.0,597.0,611.0,628.0249999999999,0.0,668.547,621.0,635.0,651.0,668.0,685.0,702.0,718.0249999999999,0.0
validation,2025-01-13,33,15,68406,55.9675,0.0,2.0,10.0,32.0,77.0,140.0,249.0,0.0,453.34,409.975,426.0,439.0,454.0,468.0,480.10000000000014,496.0,0.0,56.8885,43.0,47.0,51.0,57.0,62.0,67.0,72.0,0.0
validation,2025-01-13,34,22,68406,81.082,1.0,7.0,21.0,53.5,111.0,192.0,321.0499999999997,0.0,418.5895,380.0,393.0,405.0,418.0,432.0,445.0,459.0,0.0,79.819,63.0,68.0,74.0,80.0,86.0,92.0,98.0,0.0
validation,2025-01-13,35,24,68406,75.5115,1.0,6.0,20.0,50.0,104.0,181.0,282.0,0.0,185.4435,159.0,167.0,176.0,186.0,194.0,203.0,213.0,0.0,75.6025,59.0,65.0,70.0,75.0,81.0,87.0,93.0,0.0
validation,2025-01-13,36,874,68406,2288.152,1512.825,1750.8,1997.0,2255.0,2554.25,2850.1000000000004,3227.0,0.0,3433.1605,3322.0,3359.0,3392.75,3434.0,3472.0,3507.0,3545.0249999999996,0.0,2282.579,2191.975,2221.0,2250.0,2281.0,2314.0,2344.1000000000004,2378.0499999999997,0.0
validation,2025-01-13,37,397,68406,665.162,284.0,392.0,502.75,642.0,798.25,972.1000000000001,1175.0249999999999,0.0,400.69,361.0,375.0,387.0,401.0,414.0,427.0,439.0,0.0,660.275,612.0,628.0,643.0,659.5,678.0,694.0,711.0,0.0
validation,2025-01-13,38,265,68406,941.719,469.975,611.9,743.0,913.5,1106.0,1320.0,1562.0249999999999,0.0,404.5845,363.975,378.0,390.0,405.0,419.0,431.0,444.02499999999986,0.0,941.9775,881.0,903.0,921.0,941.5,963.0,982.0,1005.0,0.0
validation,2025-01-13,39,341,68406,850.839,420.975,536.0,665.0,819.0,1006.0,1190.1000000000001,1492.174999999999,0.0,543.9425,498.0,513.0,527.0,544.0,561.0,575.0,591.0,0.0,844.523,787.0,808.0,825.0,844.0,864.0,881.0,901.0,0.0
validation,2025-01-20,0,10,43200,17.8655,0.0,0.0,0.0,5.0,21.0,52.100000000000136,106.0,0.0,79.1015,62.0,67.0,73.0,79.0,85.0,91.0,97.0,0.0,16.7335,10.0,12.0,14.0,16.0,19.0,22.0,25.0,0.0
validation,2025-01-20,1,199,43200,306.243,108.975,157.0,211.75,288.5,387.0,479.2000000000003,597.0999999999995,0.0,242.776,213.0,223.0,232.0,243.0,253.0,263.0,274.0,0.0,303.887,270.0,280.0,292.0,304.0,315.0,326.10000000000014,339.0,0.0
validation,2025-01-20,2,433,43200,346.2995,137.0,185.9,249.0,329.0,427.25,525.1000000000001,641.0,0.0,343.405,305.0,318.0,331.0,343.0,356.0,368.10000000000014,381.0,0.0,353.3755,317.0,329.0,340.0,353.0,366.0,377.0,390.0,0.0
validation,2025-01-20,3,1784,43200,1632.916,1123.975,1286.9,1440.75,1619.5,1812.0,2010.1000000000001,2216.124999999999,0.0,1435.6905,1362.975,1389.0,1411.0,1435.0,1460.0,1484.0,1511.0249999999999,0.0,1634.41,1555.0,1582.0,1608.0,1635.0,1661.0,1687.0,1712.0,0.0
validation,2025-01-20,4,151,43200,135.4085,21.0,43.0,73.0,119.0,179.0,250.0,336.02499999999986,0.0,538.612,492.975,509.0,523.0,539.0,554.0,568.0,583.0249999999999,0.0,136.895,115.0,122.0,128.0,137.0,145.0,152.0,161.0,0.0
validation,2025-01-20,5,355,43200,407.091,166.975,226.0,298.0,387.0,499.25,611.0,744.0749999999996,0.0,383.8215,345.0,358.0,370.0,384.0,397.0,409.10000000000014,425.0,0.0,400.454,361.0,376.0,387.0,400.0,413.0,426.0,442.0,0.0
validation,2025-01-20,6,175,43200,230.5745,65.975,102.0,148.0,211.5,293.25,378.0,513.1249999999993,0.0,556.6775,510.0,526.0,541.0,557.0,573.0,587.0,602.0,0.0,227.387,197.0,208.0,218.0,227.0,237.0,247.0,257.0,0.0
validation,2025-01-20,7,274,43200,250.263,74.0,118.0,166.75,235.0,315.0,406.10000000000014,520.0,0.0,466.525,424.975,439.0,452.0,466.0,481.0,496.0,510.0,0.0,250.785,222.0,231.0,240.0,251.0,261.0,272.0,282.0,0.0
validation,2025-01-20,8,12073,43200,15238.9455,13834.95,14336.0,14774.0,15236.5,15710.25,16150.1,16633.175,0.0,4851.2985,4720.0,4765.0,4804.0,4852.0,4898.0,4936.0,4981.025,0.0,15246.177,15058.95,15123.9,15181.0,15243.0,15311.0,15371.1,15444.0,0.0
validation,2025-01-20,9,30,43200,26.3375,0.0,0.0,3.0,12.0,34.0,71.0,131.04999999999973,0.0,108.327,87.0,94.0,101.0,108.0,116.0,122.0,130.0,0.0,26.209,17.0,20.0,23.0,26.0,29.0,33.0,37.0,0.0
validation,2025-01-20,10,195,43200,462.911,211.975,275.9,350.75,447.0,556.0,669.0,810.0,0.0,371.826,334.0,348.0,359.0,371.0,385.0,396.10000000000014,411.0,0.0,466.4085,427.0,439.0,451.0,466.0,481.0,494.0,509.0,0.0
validation,2025-01-20,11,1964,43200,1972.7025,1432.0,1569.9,1736.75,1959.0,2178.0,2396.0,2635.0499999999997,0.0,3936.3605,3818.0,3861.0,3898.0,3936.0,3974.0,4012.1000000000004,4058.0,0.0,1966.683,1879.0,1912.0,1937.0,1966.5,1996.0,2023.0,2052.0,0.0
validation,2025-01-20,12,2618,43200,2429.661,1800.0,2003.6,2192.75,2415.0,2650.5,2877.0,3127.075,0.0,3496.7495,3386.0,3425.0,3457.0,3496.0,3536.0,3567.1000000000004,3609.0249999999996,0.0,2433.7175,2345.0,2374.0,2402.0,2434.0,2466.0,2492.0,2522.0,0.0
validation,2025-01-20,13,2251,43200,2259.6295,1646.9,1843.0,2024.0,2242.0,2471.25,2702.2000000000003,2967.349999999998,0.0,3942.5305,3824.0,3863.0,3901.0,3941.5,3984.0,4023.0,4062.0249999999996,0.0,2253.8725,2165.0,2194.9,2222.75,2254.5,2285.0,2312.0,2343.0,0.0
validation,2025-01-20,14,13209,43200,9018.008,7881.925,8226.0,8589.0,9026.0,9413.25,9792.900000000001,10250.05,0.0,7154.204,7001.0,7056.0,7100.0,7155.5,7204.0,7256.0,7317.025,0.0,9019.3675,8865.0,8912.0,8962.0,9020.0,9074.0,9125.1,9181.025,0.0
validation,2025-01-20,15,50,43200,57.519,2.0,7.0,18.0,39.0,79.0,130.10000000000014,207.0,0.0,307.719,273.0,286.0,295.0,307.0,320.0,331.0,344.0,0.0,57.6665,43.0,48.0,52.0,58.0,63.0,68.0,73.0,0.0
validation,2025-01-20,16,175,43200,225.1805,69.975,102.0,145.0,206.0,289.0,367.10000000000014,483.1499999999992,0.0,376.645,338.0,352.0,363.0,376.0,389.0,403.0,416.0,0.0,221.88,193.0,203.0,212.0,222.0,232.0,240.0,252.02499999999986,0.0
validation,2025-01-20,17,717,43200,803.814,455.975,563.9,661.0,781.0,931.0,1073.1000000000001,1246.0249999999999,0.0,2874.84,2775.975,2806.0,2839.0,2876.0,2910.0,2943.0,2978.0249999999996,0.0,803.3935,750.0,767.0,784.0,803.0,823.0,840.0,859.0,0.0
validation,2025-01-20,18,89,43200,144.699,28.975,50.0,79.0,129.0,190.0,259.2000000000003,356.02499999999986,0.0,436.7315,396.0,410.0,422.0,436.0,452.0,465.0,480.0,0.0,144.4195,121.0,129.0,136.0,144.0,152.0,160.0,167.02499999999986,0.0
validation,2025-01-20,19,2466,43200,2256.307,1623.925,1819.9,2019.0,2248.0,2503.0,2699.0,2936.0,0.0,2557.741,2458.975,2495.0,2525.0,2557.0,2588.0,2622.0,2657.0,0.0,2255.1785,2165.0,2198.0,2226.0,2255.0,2284.0,2313.0,2344.0,0.0
validation,2025-01-20,20,12,43200,26.7245,0.0,0.0,3.0,13.0,36.0,72.0,136.02499999999986,0.0,136.615,113.975,122.0,129.0,137.0,145.0,152.0,159.0,0.0,27.1225,17.0,21.0,23.0,27.0,31.0,34.0,38.0,0.0
validation,2025-01-20,21,57,43200,51.7885,1.0,5.0,15.0,37.0,71.0,118.0,190.0,0.0,166.226,142.0,150.0,157.0,166.0,174.0,183.0,192.0,0.0,52.913,39.0,44.0,48.0,53.0,58.0,63.0,68.0,0.0
validation,2025-01-20,22,226,43200,215.099,60.0,92.9,133.0,196.0,276.0,364.0,466.0,0.0,521.558,476.975,491.0,506.0,522.0,537.0,551.0,566.0,0.0,217.3705,190.0,199.0,208.0,217.0,227.0,236.0,246.0,0.0
validation,2025-01-20,23,99,43200,149.7965,30.0,53.0,83.0,133.5,194.25,268.0,373.02499999999986,0.0,259.829,226.0,239.0,248.0,260.0,271.0,281.0,292.0,0.0,146.654,123.0,131.0,138.0,146.0,155.0,162.0,171.0,0.0
validation,2025-01-20,24,298,43200,244.3805,69.0,112.0,158.75,224.0,309.25,406.0,519.0,0.0,392.9385,354.0,367.0,380.0,393.0,406.25,417.0,432.0,0.0,243.88,214.0,224.0,233.0,244.0,254.0,264.0,276.02499999999986,0.0
validation,2025-01-20,25,237,43200,216.7725,58.0,96.0,138.0,198.0,278.0,360.0,470.02499999999986,0.0,576.391,530.0,546.0,559.0,576.0,593.0,607.0,625.0,0.0,216.558,189.0,198.0,207.0,216.0,226.0,235.0,245.0,0.0
validation,2025-01-20,26,135,43200,146.807,29.0,50.0,83.0,129.0,194.0,267.10000000000014,360.02499999999986,0.0,456.5405,412.975,428.0,442.0,457.0,471.25,484.0,498.0,0.0,146.6175,123.0,131.0,139.0,146.0,155.0,163.0,171.0,0.0
validation,2025-01-20,27,38,43200,43.5835,0.0,2.0,8.75,28.0,59.25,104.0,178.0749999999996,0.0,324.737,290.0,302.0,313.0,325.0,337.0,347.0,360.0,0.0,41.644,29.0,34.0,37.0,41.5,46.0,50.0,55.0,0.0
validation,2025-01-20,28,102,43200,204.323,52.975,87.0,129.0,187.0,262.0,339.0,453.02499999999986,0.0,280.894,248.0,260.0,269.0,281.0,293.0,303.0,313.02499999999986,0.0,207.6605,180.0,189.0,198.0,207.0,217.0,227.0,236.0,0.0
validation,2025-01-20,29,116,43200,247.964,77.0,119.0,165.0,228.0,316.25,408.10000000000014,505.0499999999997,0.0,369.735,333.0,344.0,357.0,369.0,383.0,395.0,409.0,0.0,250.5135,218.0,230.0,240.0,251.0,261.0,270.0,282.02499999999986,0.0
validation,2025-01-20,30,359,43200,536.7905,265.975,338.0,418.0,521.0,635.0,756.0,906.0,0.0,872.4005,814.975,834.9,852.0,872.0,893.0,912.0,932.0,0.0,534.8815,489.0,506.0,520.0,535.0,550.0,564.0,579.0,0.0
validation,2025-01-20,31,300,43200,404.997,168.975,231.9,303.75,389.0,494.0,598.1000000000001,719.0999999999995,0.0,325.466,290.975,302.0,313.0,326.0,337.0,348.10000000000014,363.0,0.0,411.01,373.0,386.0,397.0,411.0,424.0,437.0,449.0,0.0
validation,2025-01-20,32,279,43200,361.096,142.975,199.0,257.75,346.0,440.25,544.1000000000001,688.0249999999999,0.0,366.684,328.0,341.0,353.0,367.0,380.0,392.0,405.02499999999986,0.0,358.235,321.0,334.0,346.0,359.0,371.0,382.0,395.0,0.0
validation,2025-01-20,33,17,43200,22.3285,0.0,0.0,1.0,9.0,30.0,62.100000000000136,113.02499999999986,0.0,286.022,254.0,264.0,274.0,286.0,298.0,308.0,322.0,0.0,21.5315,13.0,16.0,18.0,21.0,25.0,28.0,31.0,0.0
validation,2025-01-20,34,43,43200,27.443,0.0,0.0,3.0,13.0,35.0,74.0,141.04999999999973,0.0,264.2035,232.0,242.0,253.0,264.0,275.0,286.0,298.0,0.0,28.0805,18.0,21.0,24.0,28.0,32.0,35.0,38.0,0.0
validation,2025-01-20,35,24,43200,27.2105,0.0,0.0,3.0,14.0,36.0,72.0,138.02499999999986,0.0,117.222,96.0,104.0,110.0,117.0,124.0,131.0,140.0,0.0,28.101,18.0,21.0,24.0,28.0,32.0,35.0,39.0,0.0
validation,2025-01-20,36,803,43200,955.1635,557.95,689.9,795.0,943.0,1090.25,1251.1000000000001,1439.0749999999996,0.0,2168.027,2080.0,2110.0,2137.75,2167.0,2199.0,2227.0,2258.0,0.0,960.1685,902.975,921.0,939.0,961.0,980.0,999.0,1018.0249999999999,0.0
validation,2025-01-20,37,276,43200,382.1155,152.975,214.9,282.75,367.0,465.0,568.0,707.0249999999999,0.0,253.6325,222.0,233.0,242.0,253.0,265.0,275.0,285.0,0.0,374.737,339.0,351.0,362.0,374.0,388.0,400.0,413.0,0.0
validation,2025-01-20,38,255,43200,322.2225,118.975,176.0,230.0,303.0,397.0,500.0,620.0499999999997,0.0,256.3665,224.0,235.0,246.0,257.0,267.0,277.0,288.0,0.0,322.718,289.0,301.0,310.75,322.0,334.25,345.0,359.0,0.0
validation,2025-01-20,39,306,43200,391.0185,161.975,220.9,288.0,371.0,476.0,590.1000000000001,725.0,0.0,342.9305,307.975,319.0,330.0,343.0,356.0,367.0,379.0,0.0,390.7035,353.0,365.0,377.0,390.0,404.0,416.0,429.0,0.0
validation,2025-01-27,0,19,29695,8.5045,0.0,0.0,0.0,1.0,9.0,27.0,61.0,0.0,53.917,40.0,45.0,49.0,54.0,59.0,63.0,69.0,0.0,8.9725,3.0,5.0,7.0,9.0,11.0,13.0,15.0,0.0
validation,2025-01-27,1,60,29695,188.3005,62.0,93.0,130.0,178.0,233.0,299.0,377.02499999999986,0.0,167.326,142.0,151.0,159.0,167.0,176.0,184.0,192.0,0.0,190.289,163.0,173.9,181.0,190.0,199.0,208.0,216.0,0.0
validation,2025-01-27,2,365,29695,246.466,92.0,132.0,177.0,233.0,302.25,379.10000000000014,478.02499999999986,0.0,237.172,207.0,217.0,227.0,238.0,247.0,257.0,268.0,0.0,245.226,215.0,226.0,235.0,245.0,255.0,265.0,276.0,0.0
validation,2025-01-27,3,2359,29695,1045.8435,700.875,802.9,909.0,1034.0,1176.0,1299.0,1447.0249999999999,0.0,985.874,926.0,945.0,964.0,985.0,1008.0,1027.0,1047.0,0.0,1044.7335,984.0,1005.0,1024.0,1045.0,1067.0,1085.0,1104.0,0.0
validation,2025-01-27,4,174,29695,87.353,12.0,27.0,46.0,75.0,115.0,166.0,231.0,0.0,370.119,333.0,346.0,357.0,369.5,383.0,395.0,409.0,0.0,86.676,69.0,75.0,80.0,87.0,93.0,99.0,105.0,0.0
validation,2025-01-27,5,313,29695,244.744,96.975,133.0,175.0,236.0,301.0,372.0,454.0,0.0,263.381,230.975,243.0,252.0,263.0,274.0,284.0,296.0,0.0,242.9165,214.0,223.0,232.0,243.0,253.0,264.0,274.02499999999986,0.0
validation,2025-01-27,6,132,29695,131.8155,31.0,54.0,80.0,121.0,171.0,227.0,295.0,0.0,382.9115,345.0,358.0,370.0,382.0,396.0,408.0,423.0,0.0,131.2495,109.0,117.0,124.0,131.0,139.0,146.0,155.02499999999986,0.0
validation,2025-01-27,7,245,29695,164.222,49.0,78.0,108.0,151.5,208.0,268.0,340.0,0.0,320.637,285.0,297.0,308.0,321.0,333.0,344.0,355.0,0.0,163.314,140.0,147.0,155.0,163.0,172.0,180.0,189.0,0.0
validation,2025-01-27,8,4755,29695,10838.0845,9881.925,10193.0,10493.5,10839.0,11174.0,11488.0,11846.0,0.0,3335.0075,3229.0,3263.0,3299.0,3335.0,3375.0,3405.0,3440.0,0.0,10827.5545,10664.0,10722.0,10771.0,10827.0,10884.25,10936.0,10994.025,0.0
validation,2025-01-27,9,23,29695,17.5965,0.0,0.0,1.0,8.0,23.25,48.0,90.02499999999986,0.0,74.217,57.0,63.0,68.0,74.0,80.0,85.0,92.0,0.0,17.653,10.0,12.0,15.0,17.0,21.0,23.0,27.0,0.0
validation,2025-01-27,10,135,29695,236.983,85.975,126.9,168.75,230.0,293.0,358.0,442.0,0.0,255.2355,224.0,235.0,244.0,255.0,266.0,276.0,286.02499999999986,0.0,238.18,208.0,218.0,227.0,238.0,249.0,258.0,269.0,0.0
validation,2025-01-27,11,1537,29695,1239.9325,856.0,974.0,1088.75,1227.5,1382.0,1518.0,1681.2749999999985,0.0,2704.959,2605.0,2642.0,2670.0,2705.5,2738.0,2768.0,2802.0,0.0,1241.118,1176.0,1198.0,1217.0,1241.0,1264.0,1286.0,1308.0,0.0
validation,2025-01-27,12,2358,29695,1620.3225,1190.95,1325.9,1462.0,1610.0,1777.25,1927.1000000000001,2096.0999999999995,0.0,2403.606,2313.0,2343.0,2373.75,2403.0,2433.0,2464.0,2495.0,0.0,1625.004,1550.0,1575.0,1598.0,1624.5,1651.0,1676.0,1704.0,0.0
validation,2025-01-27,13,1916,29695,1469.4395,1058.875,1189.0,1306.75,1467.0,1621.0,1762.1000000000001,1949.0749999999996,0.0,2709.8335,2616.0,2645.0,2675.0,2708.0,2744.0,2774.0,2810.0249999999996,0.0,1470.2445,1398.0,1422.9,1445.0,1470.0,1496.0,1519.0,1541.0249999999999,0.0
validation,2025-01-27,14,9239,29695,6870.269,6042.925,6304.9,6559.0,6866.0,7175.0,7443.1,7758.075,0.0,4918.0685,4791.975,4838.0,4876.0,4918.0,4961.0,5001.0,5042.025,0.0,6883.8165,6744.975,6794.0,6834.0,6886.0,6932.0,6975.0,7023.025,0.0
validation,2025-01-27,15,43,29695,35.707,0.0,3.9000000000000057,10.0,24.0,49.0,83.0,138.0,0.0,211.201,182.0,192.0,201.0,211.0,221.0,231.0,241.0,0.0,35.9105,24.0,28.0,32.0,36.0,40.0,44.0,48.0,0.0
validation,2025-01-27,16,149,29695,129.7735,30.0,51.900000000000006,78.0,117.0,167.0,223.0,303.0,0.0,258.2705,226.975,238.0,248.0,258.0,269.0,278.0,290.0,0.0,128.061,106.0,114.0,120.75,128.0,136.0,143.0,151.0,0.0
validation,2025-01-27,17,642,29695,477.222,252.0,321.0,385.0,467.0,564.0,641.1000000000001,748.0749999999996,0.0,1977.6845,1894.0,1922.0,1948.0,1977.0,2008.0,2035.0,2065.0,0.0,473.627,430.0,446.9,460.0,473.0,489.0,501.0,518.0,0.0
validation,2025-01-27,18,89,29695,73.6525,10.0,20.0,35.0,64.0,99.0,141.0,194.02499999999986,0.0,299.742,266.0,277.0,287.0,300.0,312.0,322.0,335.0,0.0,74.497,58.0,64.0,69.0,75.0,80.0,85.0,91.0,0.0
validation,2025-01-27,19,2013,29695,1521.977,1111.95,1238.0,1365.0,1510.0,1673.25,1814.1000000000001,1989.2249999999988,0.0,1760.032,1674.975,1707.0,1732.0,1760.0,1789.0,1812.1000000000001,1837.0,0.0,1521.1885,1448.0,1473.0,1495.0,1521.0,1547.0,1568.0,1593.0249999999999,0.0
validation,2025-01-27,20,20,29695,13.05,0.0,0.0,1.0,5.0,16.0,37.100000000000136,70.0,0.0,93.9855,76.0,82.0,87.0,94.0,101.0,106.0,113.0,0.0,13.812,7.0,9.0,11.0,14.0,16.0,19.0,21.0,0.0
validation,2025-01-27,21,49,29695,32.9295,0.0,2.9000000000000057,8.0,21.0,45.0,79.0,133.0,0.0,114.2565,93.0,101.0,107.0,114.0,122.0,128.0,136.0,0.0,32.3975,22.0,25.0,28.0,32.0,36.0,40.0,44.0,0.0
validation,2025-01-27,22,170,29695,131.6465,36.975,57.0,83.0,118.0,171.0,218.0,291.09999999999945,0.0,358.3985,324.0,334.0,345.0,358.0,371.0,382.0,397.0,0.0,133.2495,111.975,119.0,125.0,133.0,141.0,148.0,156.0,0.0
validation,2025-01-27,23,94,29695,77.293,9.0,20.900000000000006,37.0,65.0,105.0,153.0,204.0,0.0,177.8515,152.0,160.0,169.0,178.0,187.0,195.0,205.0,0.0,76.738,59.0,66.0,71.0,77.0,83.0,88.0,93.0,0.0
validation,2025-01-27,24,117,29695,163.5105,50.0,76.0,106.0,153.0,207.0,264.0,343.02499999999986,0.0,269.263,238.0,249.0,259.0,269.0,280.0,290.0,302.0,0.0,163.4395,139.0,147.0,155.0,163.0,172.0,180.0,189.0,0.0
validation,2025-01-27,25,274,29695,152.7915,41.975,67.0,96.75,141.0,194.0,251.0,338.0,0.0,395.646,357.0,370.0,382.0,396.0,409.0,421.0,433.0,0.0,153.1605,129.0,138.0,145.0,153.0,161.0,169.0,177.0,0.0
validation,2025-01-27,26,76,29695,88.8655,13.975000000000001,26.0,47.0,76.0,120.25,164.0,230.02499999999986,0.0,314.1905,279.0,291.0,302.0,314.0,326.0,337.0,350.0,0.0,87.721,70.0,76.0,81.0,88.0,94.0,100.0,107.0,0.0
validation,2025-01-27,27,30,29695,24.9725,0.0,1.0,4.0,14.0,36.0,64.0,104.0,0.0,223.8255,195.0,205.0,214.0,224.0,234.0,242.0,253.0,0.0,25.799,16.0,19.0,22.0,26.0,29.0,32.0,36.0,0.0
validation,2025-01-27,28,104,29695,101.432,16.0,34.0,57.0,89.0,133.0,185.0,247.04999999999973,0.0,193.798,167.0,176.0,184.0,194.0,204.0,212.0,221.0,0.0,102.1325,83.0,89.0,96.0,102.0,108.0,115.0,122.0,0.0
validation,2025-01-27,29,72,29695,142.1185,34.975,58.0,89.0,131.0,183.25,238.0,310.02499999999986,0.0,254.1655,223.0,233.0,243.0,254.0,265.0,275.0,286.0,0.0,139.53,117.0,124.0,131.75,139.0,147.0,155.0,164.0,0.0
validation,2025-01-27,30,341,29695,298.9605,136.975,179.0,226.0,285.0,358.0,440.10000000000014,529.0,0.0,599.956,554.0,569.9,584.0,599.0,616.0,631.0,647.0,0.0,299.1135,267.0,277.0,287.0,299.0,310.0,321.0,333.0,0.0
validation,2025-01-27,31,324,29695,244.9685,96.975,136.0,175.0,228.0,305.0,378.0,461.0,0.0,223.396,195.975,205.0,213.75,223.0,233.0,243.0,252.0,0.0,245.863,216.975,226.0,235.0,246.0,256.0,266.0,276.0,0.0
validation,2025-01-27,32,59,29695,236.183,88.975,123.9,168.0,226.0,292.0,358.10000000000014,446.0499999999997,0.0,251.989,220.0,232.0,241.0,251.0,263.0,273.10000000000014,285.0,0.0,233.2425,204.0,213.0,223.0,233.0,244.0,253.0,264.0,0.0
validation,2025-01-27,33,22,29695,13.7235,0.0,0.0,0.0,4.0,16.0,40.0,86.0,0.0,196.881,169.0,178.0,188.0,197.0,207.0,216.0,224.0,0.0,12.825,6.0,8.0,10.0,13.0,15.0,18.0,20.024999999999864,0.0
validation,2025-01-27,34,58,29695,21.524,0.0,0.0,3.0,11.0,29.0,57.0,101.02499999999986,0.0,181.6875,154.0,164.0,172.0,181.5,191.0,199.0,208.0,0.0,22.0855,14.0,16.0,19.0,22.0,25.0,28.0,32.0,0.0
validation,2025-01-27,35,25,29695,14.586,0.0,0.0,1.0,6.0,19.0,41.0,80.0,0.0,80.4645,63.0,69.0,74.0,80.0,86.0,92.0,99.0,0.0,15.1265,8.0,10.0,12.0,15.0,18.0,20.0,23.0,0.0
validation,2025-01-27,36,834,29695,603.721,350.0,428.9,498.0,592.0,699.0,797.0,916.0249999999999,0.0,1489.857,1418.0,1440.0,1462.75,1489.0,1517.0,1540.0,1567.0,0.0,605.668,561.0,574.0,588.0,606.0,622.0,636.0,654.0,0.0
validation,2025-01-27,37,29,29695,244.5775,92.0,131.0,176.0,232.0,303.0,370.10000000000014,467.02499999999986,0.0,174.0865,148.0,157.0,165.0,174.0,183.0,192.0,202.0,0.0,244.0205,214.0,224.0,233.0,244.0,255.0,264.0,275.0,0.0
validation,2025-01-27,38,327,29695,192.291,66.0,95.9,129.0,180.0,239.0,309.0,395.0,0.0,176.161,150.0,160.0,167.0,176.0,185.0,194.0,205.0,0.0,193.616,167.0,176.0,184.0,194.0,203.0,212.0,221.0,0.0
validation,2025-01-27,39,104,29695,247.647,95.975,134.9,177.0,237.0,304.0,376.2000000000003,459.0,0.0,235.9465,205.975,216.0,226.0,236.0,246.0,256.0,266.02499999999986,0.0,245.2285,214.0,224.0,234.0,245.0,256.0,266.0,277.0,0.0
validation,2025-02-03,0,4,27661,7.096,0.0,0.0,0.0,1.0,6.0,23.0,54.024999999999864,0.0,50.8625,37.0,41.0,46.0,51.0,56.0,60.0,66.0,0.0,7.1935,2.0,4.0,5.0,7.0,9.0,11.0,13.0,0.0
validation,2025-02-03,1,103,27661,145.496,39.0,62.900000000000006,92.0,134.0,186.0,243.0,315.02499999999986,0.0,155.75,131.0,139.0,147.0,155.0,165.0,173.0,180.02499999999986,0.0,144.3005,121.0,129.0,136.0,144.0,153.0,161.0,169.0,0.0
validation,2025-02-03,2,380,27661,245.27,103.975,139.0,179.0,233.0,297.25,367.0,457.0,0.0,220.2185,192.0,201.0,210.0,220.0,230.0,240.0,250.0,0.0,245.5145,215.975,225.0,235.0,246.0,256.0,265.0,276.0,0.0
validation,2025-02-03,3,2487,27661,1126.257,791.925,889.0,989.0,1116.5,1254.0,1374.0,1527.0749999999996,0.0,919.347,862.975,881.0,899.0,919.0,940.0,957.1000000000001,977.0,0.0,1129.026,1062.0,1086.0,1107.0,1129.0,1151.0,1171.0,1193.0,0.0
validation,2025-02-03,4,153,27661,95.508,18.0,35.0,54.0,85.0,125.0,169.0,232.0,0.0,345.298,306.975,321.0,333.0,345.0,358.0,369.0,380.02499999999986,0.0,94.073,75.0,81.0,88.0,94.0,101.0,107.0,113.0,0.0
validation,2025-02-03,5,308,27661,217.369,83.0,116.9,153.0,207.0,268.0,329.10000000000014,420.0499999999997,0.0,245.305,215.0,225.0,234.0,245.0,256.0,266.0,276.0,0.0,215.451,188.0,197.0,205.0,215.0,225.0,234.0,244.0,0.0
validation,2025-02-03,6,157,27661,107.4105,21.0,38.0,61.0,96.5,143.0,190.10000000000014,252.02499999999986,0.0,356.7,321.0,333.0,343.0,356.0,370.0,382.0,394.0,0.0,108.6435,90.0,96.0,101.0,108.0,115.0,122.0,130.0,0.0
validation,2025-02-03,7,312,27661,154.3165,44.0,71.0,101.0,144.5,197.0,251.0,322.0499999999997,0.0,299.6645,267.0,278.0,288.0,299.0,312.0,322.0,335.0,0.0,156.397,132.0,141.0,148.0,156.0,165.0,172.0,181.0,0.0
validation,2025-02-03,8,3446,27661,9796.341,8905.0,9215.0,9474.0,9786.0,10111.0,10383.2,10721.15,0.0,3107.6805,3005.975,3041.0,3072.0,3108.0,3143.0,3177.0,3208.0,0.0,9787.9125,9634.0,9687.0,9732.0,9786.0,9843.0,9893.0,9952.025,0.0
validation,2025-02-03,9,30,27661,16.819,0.0,0.0,1.75,8.0,22.0,48.0,82.0,0.0,69.1875,53.0,59.0,64.0,69.0,75.0,80.0,86.0,0.0,16.7255,9.0,12.0,14.0,17.0,19.0,22.0,26.0,0.0
validation,2025-02-03,10,190,27661,176.198,58.0,88.0,121.0,164.0,220.0,280.0,351.02499999999986,0.0,237.568,206.0,217.0,227.0,238.0,248.0,258.0,269.0,0.0,177.1825,151.975,160.0,168.0,177.0,186.0,194.0,203.0,0.0
validation,2025-02-03,11,1697,27661,1137.921,816.975,904.0,1004.0,1131.0,1252.0,1374.0,1545.0,0.0,2521.4945,2430.0,2459.0,2488.0,2521.0,2552.0,2584.0,2619.0,0.0,1145.796,1082.0,1104.0,1124.0,1146.0,1167.0,1186.0,1212.0,0.0
validation,2025-02-03,12,2133,27661,1568.1105,1139.0,1286.0,1410.0,1555.0,1711.0,1872.1000000000001,2055.075,0.0,2238.551,2152.975,2180.0,2209.0,2238.0,2268.0,2296.1000000000004,2328.0,0.0,1563.9505,1490.0,1517.0,1538.0,1564.0,1589.0,1612.0,1638.0,0.0
validation,2025-02-03,13,2012,27661,1386.806,988.95,1113.0,1241.75,1384.0,1527.0,1662.1000000000001,1835.0249999999999,0.0,2522.9255,2426.975,2462.0,2489.0,2524.0,2555.0,2586.0,2621.0,0.0,1385.695,1313.0,1338.0,1360.0,1386.0,1411.0,1433.0,1459.0249999999999,0.0
validation,2025-02-03,14,8267,27661,6793.2325,5970.9,6269.9,6504.75,6787.5,7070.0,7335.200000000001,7612.075,0.0,4578.094,4458.0,4498.0,4535.0,4577.0,4621.0,4658.0,4702.025,0.0,6795.1695,6655.0,6698.0,6747.0,6795.0,6846.0,6888.0,6937.0,0.0
validation,2025-02-03,15,59,27661,31.1895,0.0,3.0,7.0,20.0,43.0,76.0,118.02499999999986,0.0,196.7835,170.0,178.9,187.0,197.0,206.0,215.0,223.0,0.0,30.0705,20.0,23.0,26.0,30.0,34.0,38.0,41.0,0.0
validation,2025-02-03,16,185,27661,111.6,23.0,43.0,65.0,100.0,146.0,197.0,263.02499999999986,0.0,240.762,211.0,221.0,230.0,241.0,251.0,261.0,272.0,0.0,112.9455,92.0,100.0,106.0,113.0,120.0,127.0,133.0,0.0
validation,2025-02-03,17,649,27661,446.24,238.875,299.9,354.0,436.0,524.0,606.1000000000001,723.0999999999995,0.0,1842.562,1765.0,1791.0,1817.0,1843.0,1869.25,1895.0,1921.0499999999997,0.0,441.832,402.0,416.0,428.0,442.0,455.0,468.0,482.0,0.0
validation,2025-02-03,18,81,27661,65.325,7.0,17.0,31.0,54.0,90.0,127.0,186.0,0.0,279.2875,247.0,258.0,267.0,280.0,291.0,300.0,313.0,0.0,65.2625,49.0,54.0,60.0,65.0,71.0,76.0,82.0,0.0
validation,2025-02-03,19,1871,27661,1425.86,1030.0,1155.9,1278.0,1415.0,1559.0,1706.0,1882.0499999999997,0.0,1638.8685,1560.0,1589.9,1613.0,1639.0,1666.0,1689.1000000000001,1717.0,0.0,1428.083,1360.0,1382.0,1403.0,1428.0,1452.0,1475.0,1500.0,0.0
validation,2025-02-03,20,10,27661,11.733,0.0,0.0,0.0,3.0,14.0,33.0,75.0,0.0,87.1615,69.0,75.0,80.0,87.0,94.0,100.0,106.02499999999986,0.0,12.226,6.0,8.0,10.0,12.0,14.0,17.0,19.0,0.0
validation,2025-02-03,21,34,27661,31.417,0.0,3.0,8.0,21.0,44.0,76.0,121.0,0.0,106.6035,86.0,93.0,99.0,107.0,113.0,120.0,128.0,0.0,30.2375,20.0,24.0,27.0,30.0,34.0,37.0,41.0,0.0
validation,2025-02-03,22,163,27661,114.0145,25.0,44.0,67.0,104.0,151.0,198.0,258.09999999999945,0.0,334.129,301.0,311.9,322.0,333.0,346.0,357.0,368.02499999999986,0.0,114.9605,95.0,101.0,108.0,115.0,122.0,129.0,135.0,0.0
validation,2025-02-03,23,83,27661,67.336,8.0,17.0,31.0,57.0,89.25,132.10000000000014,194.0,0.0,166.1175,140.0,149.0,157.0,166.0,175.0,183.0,191.0,0.0,66.2385,51.0,56.0,60.75,66.0,72.0,77.0,82.0,0.0
validation,2025-02-03,24,120,27661,136.105,35.0,57.0,86.0,126.0,174.0,229.10000000000014,296.02499999999986,0.0,250.6755,220.0,230.0,240.0,250.0,262.0,272.0,281.0,0.0,137.5075,115.0,123.0,130.0,137.0,145.0,153.0,161.0,0.0
validation,2025-02-03,25,281,27661,151.7205,45.0,71.0,99.0,142.0,190.0,246.20000000000027,325.02499999999986,0.0,368.6175,333.0,345.0,356.0,368.0,381.0,393.0,406.0,0.0,153.872,131.0,138.9,145.0,153.0,162.0,170.10000000000014,178.0,0.0
validation,2025-02-03,26,78,27661,76.7485,10.0,22.0,39.0,65.0,102.0,146.10000000000014,212.04999999999973,0.0,291.9325,258.0,270.0,280.0,292.0,304.0,314.0,326.0,0.0,75.529,59.0,64.0,70.0,76.0,81.0,86.0,92.0,0.0
validation,2025-02-03,27,44,27661,22.608,0.0,1.0,4.0,12.0,31.0,58.0,99.0,0.0,207.397,179.0,190.0,198.0,207.0,217.0,226.0,235.02499999999986,0.0,21.3115,13.0,16.0,18.0,21.0,24.0,27.0,31.0,0.0
validation,2025-02-03,28,104,27661,74.541,10.0,22.0,38.0,64.5,100.25,139.0,199.0,0.0,179.8695,152.0,162.0,171.0,180.0,189.0,197.0,207.0,0.0,77.868,61.0,66.0,72.0,78.0,84.0,89.0,96.0,0.0
validation,2025-02-03,29,93,27661,102.9745,21.0,39.0,61.0,92.0,134.0,181.0,238.02499999999986,0.0,237.035,205.0,217.0,226.0,237.0,248.0,257.10000000000014,268.02499999999986,0.0,104.9385,85.0,92.0,98.0,105.0,112.0,118.0,125.02499999999986,0.0
validation,2025-02-03,30,290,27661,256.035,107.0,145.0,188.0,243.0,313.0,379.0,475.0,0.0,558.9405,512.0,528.0,542.0,559.0,575.0,590.0,608.0,0.0,255.245,223.975,235.0,244.0,255.0,266.0,275.0,286.0,0.0
validation,2025-02-03,31,324,27661,215.6135,82.0,117.0,157.75,204.0,266.0,333.0,404.0749999999996,0.0,208.427,180.0,190.0,198.0,208.0,218.0,227.0,237.02499999999986,0.0,217.9555,189.0,200.0,208.0,218.0,227.0,237.0,248.0,0.0
validation,2025-02-03,32,55,27661,179.89,60.975,89.0,122.0,169.0,226.0,284.10000000000014,365.0,0.0,234.786,205.0,216.0,224.0,234.0,245.0,254.0,265.0,0.0,180.151,154.0,163.0,171.0,180.0,189.0,197.0,207.0,0.0
validation,2025-02-03,33,20,27661,11.3505,0.0,0.0,0.0,4.0,13.0,32.0,68.02499999999986,0.0,183.1005,157.0,166.0,174.0,183.0,192.0,200.0,210.0,0.0,12.345,6.0,8.0,10.0,12.0,15.0,17.0,20.0,0.0
validation,2025-02-03,34,50,27661,25.392,0.0,1.0,5.0,16.0,35.0,61.100000000000136,108.0,0.0,169.28,143.0,152.0,160.0,170.0,178.0,186.0,195.02499999999986,0.0,26.2,17.0,20.0,23.0,26.0,30.0,33.0,37.0,0.0
validation,2025-02-03,35,15,27661,14.389,0.0,0.0,1.0,6.0,20.0,41.0,73.0,0.0,75.038,57.0,64.0,69.0,75.0,81.0,87.0,93.0,0.0,14.354,7.975000000000001,10.0,12.0,14.0,17.0,19.0,22.0,0.0
validation,2025-02-03,36,940,27661,553.818,312.0,387.0,457.0,539.0,642.0,738.0,847.0999999999995,0.0,1389.853,1316.975,1342.0,1366.0,1389.5,1415.0,1439.0,1462.0,0.0,550.432,506.0,521.0,534.75,550.0,566.0,580.0,599.0,0.0
validation,2025-02-03,37,34,27661,185.943,62.0,91.0,127.0,175.0,230.0,294.0,375.0,0.0,162.3685,138.0,146.0,153.75,163.0,171.0,179.0,188.0,0.0,183.926,158.0,166.0,174.0,184.0,193.0,202.0,212.0,0.0
validation,2025-02-03,38,276,27661,185.2715,61.975,93.0,127.0,174.0,231.0,294.0,377.0499999999997,0.0,163.436,138.975,147.0,155.0,163.0,172.0,180.0,188.0,0.0,185.2315,159.0,168.0,176.0,185.0,194.0,202.0,213.0,0.0
validation,2025-02-03,39,123,27661,189.734,67.0,96.0,132.0,180.5,239.0,293.10000000000014,366.0,0.0,219.322,190.975,201.0,209.0,219.0,229.25,239.0,248.02499999999986,0.0,189.247,163.0,171.0,180.0,189.0,199.0,207.0,217.0,0.0
validation,2025-02-10,0,3,22784,4.646,0.0,0.0,0.0,0.0,4.0,14.0,37.0,0.0,41.8115,30.0,34.0,37.0,42.0,46.0,50.0,54.0,0.0,5.1095,1.0,2.0,4.0,5.0,7.0,8.0,10.0,0.0
validation,2025-02-10,1,121,22784,88.077,20.0,33.0,52.0,78.0,115.0,155.0,208.02499999999986,0.0,128.2685,105.0,114.0,120.0,128.0,136.0,143.0,152.0,0.0,89.4795,71.0,78.0,83.0,89.0,96.0,101.0,108.0,0.0
validation,2025-02-10,2,279,22784,200.199,80.0,112.0,144.0,190.0,243.0,306.10000000000014,385.0,0.0,181.105,155.975,164.0,172.0,181.0,190.0,198.0,207.0,0.0,199.9835,173.0,182.0,190.0,200.0,209.25,219.0,229.0,0.0
validation,2025-02-10,3,2332,22784,1070.7225,755.0,859.0,955.75,1060.0,1180.0,1298.0,1424.0499999999997,0.0,756.8525,704.0,722.0,738.75,757.0,776.0,792.0,810.0,0.0,1072.952,1013.0,1033.0,1051.0,1072.5,1095.0,1113.0,1134.0,0.0
validation,2025-02-10,4,111,22784,81.9765,14.0,29.0,46.0,72.0,106.0,150.0,203.0,0.0,283.8065,251.0,263.0,272.0,283.0,295.0,306.0,318.0,0.0,82.6895,65.0,71.0,76.0,82.0,89.0,94.0,101.02499999999986,0.0
validation,2025-02-10,5,273,22784,171.116,61.975,91.0,121.0,161.0,211.0,265.10000000000014,336.0499999999997,0.0,202.0475,175.0,184.0,193.0,202.0,211.0,220.0,230.02499999999986,0.0,170.535,145.0,153.0,162.0,171.0,180.0,187.0,196.0,0.0
validation,2025-02-10,6,144,22784,82.437,15.0,29.0,47.0,73.0,107.25,146.0,201.02499999999986,0.0,293.4565,260.0,271.0,282.0,293.0,305.0,314.0,327.0,0.0,81.373,64.0,70.0,75.0,81.0,87.0,93.0,99.0,0.0
validation,2025-02-10,7,275,22784,140.1965,45.975,67.0,94.0,132.0,175.0,227.10000000000014,284.0749999999996,0.0,246.392,216.0,226.0,236.0,247.0,257.0,266.0,277.0,0.0,140.1075,117.0,125.0,132.0,140.0,148.0,156.0,164.0,0.0
validation,2025-02-10,8,2583,22784,8104.8585,7340.8,7614.0,7828.75,8110.0,8377.0,8606.2,8851.074999999999,0.0,2559.606,2468.0,2500.0,2528.0,2560.0,2590.0,2621.0,2654.0,0.0,8103.6425,7965.975,8013.0,8055.0,8101.0,8152.0,8196.0,8241.0,0.0
validation,2025-02-10,9,24,22784,14.2165,0.0,0.0,2.0,7.0,20.0,38.100000000000136,67.0,0.0,56.96,43.0,47.0,52.0,57.0,62.0,67.0,72.0,0.0,14.913,8.0,10.0,12.0,15.0,18.0,20.0,22.0,0.0
validation,2025-02-10,10,182,22784,106.758,26.0,45.0,65.0,97.0,138.0,182.0,237.02499999999986,0.0,195.3415,168.0,177.0,186.0,195.0,205.0,213.0,224.0,0.0,106.0305,87.0,93.0,99.0,106.0,113.0,119.0,126.0,0.0
validation,2025-02-10,11,1288,22784,939.8655,645.0,742.0,824.0,933.0,1047.0,1158.0,1272.0249999999999,0.0,2075.265,1988.975,2019.0,2044.75,2076.0,2104.25,2132.0,2163.0,0.0,939.1825,882.0,901.0,918.0,940.0,960.0,977.0,995.0,0.0
validation,2025-02-10,12,1443,22784,1294.6245,953.875,1061.0,1164.0,1288.0,1417.0,1538.1000000000001,1685.0499999999997,0.0,1845.052,1761.975,1791.0,1816.0,1844.0,1873.25,1901.0,1929.0249999999999,0.0,1291.178,1223.0,1248.0,1267.0,1291.0,1315.0,1336.0,1359.0249999999999,0.0
validation,2025-02-10,13,1796,22784,1139.822,823.975,920.0,1015.75,1135.5,1252.25,1364.0,1504.0249999999999,0.0,2078.8715,1990.0,2023.0,2050.0,2079.0,2108.0,2135.0,2163.0,0.0,1149.173,1084.0,1106.0,1127.0,1149.0,1172.0,1192.0,1214.0,0.0
validation,2025-02-10,14,6304,22784,5709.051,5028.925,5260.0,5470.0,5708.0,5951.0,6168.0,6389.025,0.0,3774.513,3664.0,3703.0,3736.0,3774.0,3812.0,3849.0,3888.0,0.0,5701.595,5579.0,5622.0,5657.0,5699.5,5747.25,5785.0,5826.0,0.0
validation,2025-02-10,15,55,22784,25.8195,0.0,2.0,7.0,18.0,37.0,61.0,98.0,0.0,161.855,137.975,145.0,153.0,162.0,170.0,179.0,188.0,0.0,25.3595,16.0,19.0,22.0,25.0,28.0,31.0,35.0,0.0
validation,2025-02-10,16,130,22784,87.0835,17.0,32.0,51.0,79.0,113.0,152.10000000000014,208.0,0.0,197.6175,171.0,179.0,188.0,198.0,207.0,216.0,225.0,0.0,85.52,67.0,74.0,79.0,85.0,92.0,98.0,104.0,0.0
validation,2025-02-10,17,494,22784,348.2775,185.0,229.0,278.0,343.0,410.0,475.10000000000014,551.0499999999997,0.0,1516.0875,1440.975,1467.0,1490.0,1517.0,1542.0,1563.0,1592.0,0.0,347.8615,312.0,324.0,335.0,348.0,360.0,372.0,383.0,0.0
validation,2025-02-10,18,68,22784,52.7355,5.0,12.0,25.0,44.0,71.0,103.0,154.0,0.0,230.1445,201.0,211.0,220.0,230.0,240.0,250.0,260.0,0.0,52.697,39.0,44.0,48.0,53.0,57.0,62.0,68.0,0.0
validation,2025-02-10,19,1491,22784,1161.3515,841.8,946.0,1038.0,1151.0,1271.25,1392.1000000000001,1532.0499999999997,0.0,1349.839,1280.0,1305.0,1326.0,1351.0,1373.0,1395.0,1416.0,0.0,1166.234,1101.975,1123.0,1143.0,1166.0,1190.0,1208.0,1230.0,0.0
validation,2025-02-10,20,8,22784,9.648,0.0,0.0,0.0,2.0,11.0,28.0,60.0,0.0,71.405,55.0,61.0,66.0,71.0,77.0,82.10000000000014,88.02499999999986,0.0,9.311,4.0,6.0,7.0,9.0,11.0,13.0,15.024999999999864,0.0
validation,2025-02-10,21,35,22784,25.309,0.0,2.0,6.0,17.0,36.0,60.0,96.02499999999986,0.0,87.5775,70.0,76.0,81.0,87.0,94.0,100.0,106.0,0.0,25.1795,16.0,19.0,22.0,25.0,29.0,32.0,36.0,0.0
validation,2025-02-10,22,165,22784,91.782,19.0,35.0,55.0,82.0,120.0,158.10000000000014,217.04999999999973,0.0,275.6275,244.0,255.0,264.0,276.0,286.0,297.0,309.0,0.0,91.355,73.0,79.0,85.0,91.0,98.0,104.0,111.02499999999986,0.0
validation,2025-02-10,23,95,22784,48.167,4.0,11.0,21.0,39.0,66.0,97.0,143.0,0.0,136.967,114.0,122.0,129.0,137.0,145.0,152.0,160.0,0.0,48.383,35.0,39.900000000000006,44.0,48.0,53.0,57.0,63.0,0.0
validation,2025-02-10,24,138,22784,95.5345,22.0,38.900000000000006,60.0,86.0,122.0,166.0,216.04999999999973,0.0,206.7075,178.0,188.0,197.0,207.0,217.0,226.0,236.0,0.0,96.959,79.0,85.0,90.0,97.0,103.0,110.0,117.0,0.0
validation,2025-02-10,25,256,22784,136.52,44.0,65.0,92.0,126.0,171.0,222.0,279.0,0.0,303.2285,268.0,280.0,291.0,303.0,315.0,326.0,338.0,0.0,136.4255,115.0,122.0,129.0,136.0,144.0,151.0,159.0,0.0
validation,2025-02-10,26,92,22784,54.1175,6.0,14.0,25.0,45.0,72.0,109.0,154.0,0.0,240.844,211.0,221.0,230.0,240.0,251.0,261.0,271.02499999999986,0.0,55.6295,41.975,46.0,50.0,55.0,60.25,65.0,71.0,0.0
validation,2025-02-10,27,36,22784,19.4425,0.0,0.0,3.0,11.0,26.0,48.0,92.0,0.0,171.4475,146.975,155.0,163.0,171.0,180.0,189.0,198.0,0.0,19.3325,11.0,14.0,16.0,19.0,22.0,25.0,29.0,0.0
validation,2025-02-10,28,84,22784,61.23,8.0,17.0,30.0,50.0,84.0,119.0,169.0,0.0,148.5465,124.0,133.0,140.0,148.0,156.0,165.0,174.0,0.0,60.5205,46.0,51.0,55.0,60.0,66.0,70.10000000000014,76.0,0.0
validation,2025-02-10,29,120,22784,71.2665,10.0,22.0,38.0,62.0,95.0,133.0,181.04999999999973,0.0,194.938,169.0,177.0,185.0,195.0,204.0,214.0,224.0,0.0,70.0155,54.0,60.0,64.0,70.0,75.0,81.0,87.0,0.0
validation,2025-02-10,30,357,22784,195.5975,79.0,107.0,140.0,187.0,241.25,299.0,369.02499999999986,0.0,461.3855,420.0,434.0,446.0,461.0,476.0,489.0,505.0,0.0,194.06,168.0,176.0,185.0,194.0,203.0,212.0,222.0,0.0
validation,2025-02-10,31,329,22784,169.887,60.975,88.9,120.0,161.0,210.25,266.0,333.02499999999986,0.0,171.722,146.0,155.0,163.0,172.0,180.0,189.0,198.0,0.0,171.1655,146.0,155.0,163.0,171.0,179.25,188.0,196.0,0.0
validation,2025-02-10,32,52,22784,100.553,25.975,42.0,63.0,90.0,129.0,170.10000000000014,232.0,0.0,193.57,167.0,177.0,184.0,193.0,203.0,211.0,221.0,0.0,100.439,82.0,87.0,93.0,100.0,107.0,113.0,120.0,0.0
validation,2025-02-10,33,19,22784,9.5975,0.0,0.0,0.0,3.0,12.0,27.0,57.024999999999864,0.0,150.592,126.0,134.0,142.0,151.0,159.0,167.0,176.0,0.0,10.066,4.0,6.0,8.0,10.0,12.0,14.0,17.0,0.0
validation,2025-02-10,34,48,22784,22.8795,0.0,1.0,5.0,15.0,32.0,54.0,91.0,0.0,139.424,117.0,125.0,131.75,139.0,147.0,154.0,163.0,0.0,23.515,14.0,17.0,20.0,23.0,27.0,30.0,34.0,0.0
validation,2025-02-10,35,13,22784,12.516,0.0,0.0,1.0,5.0,16.0,34.100000000000136,69.02499999999986,0.0,62.0935,47.0,52.0,57.0,62.0,68.0,72.0,78.0,0.0,11.8455,5.0,7.0,9.0,12.0,14.0,16.0,18.0,0.0
validation,2025-02-10,36,1191,22784,466.77,266.0,320.0,382.0,454.0,541.0,628.0,722.0,0.0,1143.7285,1082.0,1101.0,1120.0,1143.0,1166.0,1186.0,1208.0,0.0,465.0415,423.0,438.0,450.0,465.0,479.0,494.0,508.0,0.0
validation,2025-02-10,37,16,22784,100.5735,24.0,40.0,60.0,92.0,130.0,173.0,233.02499999999986,0.0,133.6125,112.0,118.0,125.75,133.0,141.0,149.0,157.0,0.0,99.5035,80.0,86.0,93.0,100.0,106.0,112.0,119.0,0.0
validation,2025-02-10,38,223,22784,151.568,50.0,74.0,104.0,145.5,189.0,234.10000000000014,306.02499999999986,0.0,134.68,111.0,119.0,127.0,135.0,143.0,149.0,158.0,0.0,151.8475,128.0,137.0,144.0,151.0,160.0,168.0,176.0,0.0
validation,2025-02-10,39,111,22784,117.207,35.0,52.0,75.0,108.0,150.0,197.0,251.04999999999973,0.0,181.0105,154.0,164.0,171.0,181.0,190.0,199.0,208.0,0.0,117.7895,97.0,104.0,110.0,118.0,125.0,132.0,138.02499999999986,0.0
validation,2025-02-17,0,4,18877,5.915,0.0,0.0,0.0,1.0,6.0,18.0,41.0,0.0,34.7835,23.0,27.0,31.0,35.0,39.0,43.0,47.024999999999864,0.0,5.7785,2.0,3.0,4.0,6.0,7.0,9.0,11.0,0.0
validation,2025-02-17,1,133,18877,74.1795,15.0,27.0,43.0,67.0,96.0,131.0,179.0,0.0,106.066,86.0,93.0,99.0,106.0,113.0,120.0,127.0,0.0,74.0125,57.0,63.0,68.0,74.0,80.0,85.0,91.02499999999986,0.0
validation,2025-02-17,2,147,18877,224.186,102.0,135.0,172.0,217.0,269.0,320.10000000000014,392.02499999999986,0.0,149.8825,127.0,135.0,142.0,149.5,158.0,166.0,174.0,0.0,222.376,194.0,204.0,212.0,222.0,232.0,241.0,252.0,0.0
validation,2025-02-17,3,1140,18877,1370.472,1039.975,1151.9,1252.0,1362.0,1480.0,1593.0,1722.0249999999999,0.0,627.329,578.0,596.0,610.75,627.0,643.0,658.0,677.0,0.0,1371.4515,1302.0,1327.9,1347.0,1371.5,1396.0,1417.0,1441.0,0.0
validation,2025-02-17,4,112,18877,90.696,24.0,38.900000000000006,57.0,84.0,116.0,155.0,197.02499999999986,0.0,235.2075,206.0,216.0,225.0,235.0,246.0,254.0,266.0,0.0,90.0725,71.0,78.0,84.0,90.0,96.0,103.0,109.0,0.0
validation,2025-02-17,5,194,18877,187.6325,82.0,111.0,140.0,180.0,226.25,279.0,339.0499999999997,0.0,167.5405,143.0,151.0,159.0,167.0,176.0,183.0,193.0,0.0,191.02,165.0,173.0,182.0,191.0,200.0,209.0,218.02499999999986,0.0
validation,2025-02-17,6,126,18877,94.167,24.0,41.0,60.0,87.0,120.0,159.0,203.0,0.0,243.5725,214.0,224.0,233.0,243.0,255.0,264.0,276.0,0.0,93.033,74.0,81.0,86.0,93.0,99.0,106.0,112.0,0.0
validation,2025-02-17,7,219,18877,171.7765,73.0,97.0,126.0,165.0,210.0,254.0,309.02499999999986,0.0,204.248,178.0,186.0,194.0,204.0,214.0,224.0,233.0,0.0,169.149,142.975,153.0,160.0,169.0,178.0,186.0,196.0,0.0
validation,2025-02-17,8,1973,18877,3507.4355,3002.975,3193.9,3326.0,3500.0,3676.25,3844.1000000000004,4033.0499999999997,0.0,2119.3115,2029.975,2062.0,2090.0,2119.0,2151.0,2176.0,2205.0,0.0,3495.4805,3395.0,3427.0,3459.0,3494.0,3530.0,3566.0,3605.0249999999996,0.0
validation,2025-02-17,9,32,18877,16.6415,0.0,1.0,3.0,10.0,23.0,40.0,72.02499999999986,0.0,47.311,34.0,38.0,43.0,47.0,52.0,57.0,61.0,0.0,16.3815,9.0,12.0,14.0,16.0,19.0,22.0,25.0,0.0
validation,2025-02-17,10,191,18877,110.1615,35.0,53.0,73.0,101.0,137.0,182.0,232.0,0.0,161.951,137.0,146.0,153.0,162.0,171.0,179.0,187.02499999999986,0.0,107.7735,87.975,94.0,101.0,107.0,115.0,122.0,128.02499999999986,0.0
validation,2025-02-17,11,1146,18877,998.582,720.95,804.0,891.0,988.5,1099.0,1203.0,1324.0249999999999,0.0,1718.9695,1640.0,1667.0,1693.0,1719.0,1746.25,1769.0,1793.0,0.0,992.3035,933.0,953.0,971.0,992.0,1012.25,1032.0,1056.0,0.0
validation,2025-02-17,12,1536,18877,1310.2875,984.95,1110.7,1190.0,1306.0,1416.25,1535.0,1670.0499999999997,0.0,1527.4435,1453.0,1477.0,1502.0,1528.0,1552.0,1576.0,1603.0,0.0,1308.844,1238.975,1265.0,1285.0,1309.0,1332.0,1354.0,1381.0249999999999,0.0
validation,2025-02-17,13,1723,18877,1220.201,911.975,1006.9,1104.0,1210.0,1333.0,1441.1000000000001,1567.0249999999999,0.0,1722.8935,1644.0,1672.0,1697.0,1725.0,1749.0,1772.0,1802.0,0.0,1222.243,1158.0,1181.0,1200.0,1222.5,1244.0,1264.1000000000001,1286.0,0.0
validation,2025-02-17,14,5166,18877,5655.792,5102.975,5268.8,5449.75,5651.0,5871.0,6050.1,6223.099999999999,0.0,3126.4215,3028.0,3059.0,3092.0,3126.0,3161.0,3192.1000000000004,3227.0,0.0,5665.27,5546.0,5585.0,5622.0,5665.0,5708.0,5746.0,5787.0,0.0
validation,2025-02-17,15,46,18877,32.2485,1.0,5.0,12.0,25.0,45.0,69.0,101.02499999999986,0.0,134.1225,113.0,120.0,126.0,134.0,142.0,150.0,157.0,0.0,31.6825,21.0,25.0,28.0,32.0,35.0,39.0,43.0,0.0
validation,2025-02-17,16,146,18877,95.931,27.0,43.0,62.0,89.0,122.0,158.0,203.02499999999986,0.0,164.6375,140.0,148.0,156.0,165.0,173.0,181.0,190.0,0.0,98.3005,79.0,85.0,91.0,98.0,105.0,112.0,119.0,0.0
validation,2025-02-17,17,500,18877,381.54,217.0,270.9,314.0,373.0,438.0,506.0,584.0,0.0,1257.098,1191.0,1214.0,1233.0,1256.0,1280.0,1302.0,1326.0,0.0,382.8945,344.975,358.0,370.0,383.0,396.0,408.0,421.0,0.0
validation,2025-02-17,18,53,18877,50.256,5.0,14.0,25.0,43.0,67.0,98.0,139.0,0.0,190.8625,164.0,174.0,181.0,191.0,200.0,208.0,219.0,0.0,50.3205,37.0,41.0,45.0,50.0,55.0,59.100000000000136,64.0,0.0
validation,2025-02-17,19,1392,18877,1196.135,901.95,999.9,1087.0,1190.0,1299.0,1402.0,1538.1499999999992,0.0,1118.03,1053.0,1076.0,1096.0,1118.0,1140.0,1159.0,1185.0,0.0,1198.777,1132.0,1157.0,1175.0,1198.0,1222.25,1243.0,1266.0249999999999,0.0
validation,2025-02-17,20,7,18877,7.641,0.0,0.0,0.0,2.0,9.0,22.0,46.0,0.0,59.3135,44.975,50.0,54.0,59.0,64.0,69.0,75.0,0.0,7.7255,3.0,4.0,6.0,8.0,9.25,11.0,14.0,0.0
validation,2025-02-17,21,85,18877,26.8435,1.0,3.0,9.0,20.0,37.25,60.100000000000136,91.02499999999986,0.0,72.7955,57.0,62.0,67.0,72.0,78.0,84.0,91.0,0.0,26.9375,17.0,20.0,23.0,27.0,30.0,34.0,38.0,0.0
validation,2025-02-17,22,204,18877,110.4735,34.0,51.0,72.0,104.0,141.0,178.0,226.02499999999986,0.0,228.6165,200.0,210.0,218.0,228.0,238.0,248.0,258.02499999999986,0.0,111.137,91.0,98.0,104.0,111.0,118.0,124.0,131.0,0.0
validation,2025-02-17,23,90,18877,56.621,8.0,17.900000000000006,29.0,49.0,75.0,107.0,150.02499999999986,0.0,113.1525,93.0,99.0,106.0,113.0,120.25,127.0,134.0,0.0,56.884,42.975,47.0,52.0,57.0,62.0,66.10000000000014,72.02499999999986,0.0
validation,2025-02-17,24,172,18877,102.9485,30.0,46.900000000000006,67.0,96.0,131.0,169.0,219.0,0.0,171.654,146.0,155.0,163.0,171.0,181.0,189.0,198.0,0.0,103.0045,83.0,90.0,96.0,103.0,110.0,116.0,124.0,0.0
validation,2025-02-17,25,274,18877,165.104,64.0,91.9,118.0,158.5,202.0,247.0,314.0,0.0,251.787,219.975,231.0,241.0,252.0,263.0,272.0,284.02499999999986,0.0,160.6635,136.0,144.0,152.0,160.0,169.0,177.0,187.0,0.0
validation,2025-02-17,26,124,18877,58.6465,9.0,18.0,30.0,51.0,78.0,111.0,151.0,0.0,199.92,173.0,181.0,190.0,200.0,209.0,218.0,227.0,0.0,58.5315,44.0,49.0,53.0,58.0,64.0,68.0,75.0,0.0
validation,2025-02-17,27,27,18877,22.186,0.0,2.0,6.0,15.0,31.0,50.0,86.0,0.0,141.8995,118.975,126.0,134.0,142.0,150.0,157.0,165.0,0.0,22.735,14.0,17.0,20.0,23.0,26.0,29.0,32.0,0.0
validation,2025-02-17,28,102,18877,58.9475,10.975000000000001,20.0,32.0,51.0,78.0,109.0,148.02499999999986,0.0,122.6065,101.0,108.0,115.0,123.0,130.0,137.0,145.0,0.0,60.529,46.0,51.0,55.0,60.0,66.0,71.0,76.0,0.0
validation,2025-02-17,29,164,18877,62.992,10.0,20.0,34.0,55.0,84.0,114.0,156.02499999999986,0.0,161.5515,137.0,145.0,152.0,161.0,171.0,179.0,189.0,0.0,61.412,47.0,51.0,57.0,61.0,66.0,71.0,77.0,0.0
validation,2025-02-17,30,308,18877,206.7615,88.0,120.0,155.0,198.5,250.0,302.0,366.02499999999986,0.0,381.0915,343.975,356.0,368.0,381.0,394.0,406.0,419.02499999999986,0.0,205.858,179.0,188.0,196.0,205.0,215.0,224.0,234.0,0.0
validation,2025-02-17,31,248,18877,195.0975,86.0,116.9,146.0,185.0,238.0,285.10000000000014,339.0499999999997,0.0,142.3045,119.0,128.0,134.0,142.0,150.0,157.0,165.02499999999986,0.0,195.495,169.0,177.0,186.0,195.0,205.0,214.0,224.0,0.0
validation,2025-02-17,32,45,18877,68.098,13.0,26.0,40.0,61.0,89.0,121.0,168.0,0.0,160.322,136.975,144.0,152.0,160.0,169.0,177.0,185.0,0.0,68.1295,53.0,57.0,62.0,68.0,74.0,79.0,85.0,0.0
validation,2025-02-17,33,13,18877,11.813,0.0,0.0,1.0,5.0,16.0,32.0,62.0,0.0,125.516,105.0,111.0,118.0,125.0,133.0,140.0,149.0,0.0,12.0955,6.0,8.0,10.0,12.0,14.0,17.0,19.0,0.0
validation,2025-02-17,34,60,18877,29.953,1.0,5.0,11.0,23.0,42.0,64.0,97.0,0.0,115.6315,95.0,102.0,108.0,116.0,122.0,129.0,136.0,0.0,30.709,20.0,24.0,27.0,31.0,34.0,38.0,42.0,0.0
validation,2025-02-17,35,25,18877,11.3805,0.0,0.0,1.0,6.0,15.0,31.0,52.0,0.0,51.2425,37.0,42.0,46.0,51.0,56.0,61.0,66.0,0.0,11.9445,6.0,7.0,9.0,12.0,14.0,16.0,20.0,0.0
validation,2025-02-17,36,637,18877,571.3395,369.95,431.9,494.0,564.0,640.0,718.1000000000001,823.0,0.0,947.2625,887.975,907.0,927.0,947.0,968.0,986.0,1011.0,0.0,576.5365,530.0,545.0,560.0,577.0,594.0,608.0,623.0,0.0
validation,2025-02-17,37,25,18877,53.867,7.0,15.0,27.0,47.0,73.0,103.0,142.02499999999986,0.0,110.74,90.0,97.0,103.0,110.0,118.0,124.0,133.0,0.0,54.8345,41.0,46.0,50.0,55.0,60.0,65.0,70.0,0.0
validation,2025-02-17,38,189,18877,165.7845,64.0,90.0,122.0,159.0,202.0,248.0,309.0,0.0,111.7315,91.975,98.0,105.0,112.0,119.0,125.0,133.0,0.0,165.7245,140.0,149.0,157.0,166.0,175.0,183.0,191.0,0.0
validation,2025-02-17,39,99,18877,96.266,27.0,45.0,63.0,89.0,122.0,158.0,208.02499999999986,0.0,150.18,127.0,135.0,142.0,150.0,158.0,166.0,174.0,0.0,98.9495,80.0,87.0,92.0,99.0,106.0,111.0,118.0,0.0
validation,2025-02-24,0,6,22346,7.5945,0.0,0.0,0.0,1.0,8.0,22.0,56.04999999999973,0.0,40.859,29.0,33.0,36.0,41.0,45.0,49.0,54.0,0.0,6.89,2.0,4.0,5.0,7.0,9.0,10.0,12.024999999999864,0.0
validation,2025-02-24,1,140,22346,92.9435,22.0,35.900000000000006,55.75,84.0,121.0,157.0,220.0,0.0,125.7535,103.0,111.0,117.0,126.0,133.25,141.0,149.0,0.0,94.368,76.0,82.0,88.0,94.0,101.0,107.0,114.0,0.0
validation,2025-02-24,2,401,22346,268.875,126.975,165.9,207.0,262.0,322.0,385.0,457.0,0.0,177.9845,152.0,161.0,169.0,178.0,187.0,195.0,205.0,0.0,264.272,234.0,244.0,254.0,264.0,275.0,285.0,296.0,0.0
validation,2025-02-24,3,1994,22346,1872.476,1477.975,1588.9,1715.0,1867.0,2023.0,2152.0,2333.075,0.0,742.814,692.0,707.9,725.0,742.0,760.0,777.0,798.0,0.0,1874.694,1795.0,1821.9,1847.0,1874.5,1904.0,1927.1000000000001,1955.0,0.0
validation,2025-02-24,4,134,22346,122.441,33.0,57.0,79.0,113.0,154.0,200.0,269.02499999999986,0.0,278.435,247.0,258.0,267.0,278.0,290.0,299.0,311.0,0.0,124.222,104.0,110.0,117.0,124.0,132.0,138.10000000000014,145.0,0.0
validation,2025-02-24,5,299,22346,247.0885,109.0,147.0,187.0,237.0,299.0,357.0,429.0,0.0,198.595,170.0,180.0,189.0,198.0,208.0,217.0,227.0,0.0,246.2555,216.0,226.0,236.0,246.0,257.0,267.0,277.0,0.0
validation,2025-02-24,6,212,22346,126.704,36.975,57.0,82.75,117.5,160.0,205.0,266.02499999999986,0.0,288.597,255.0,267.0,278.0,289.0,300.0,310.0,321.02499999999986,0.0,126.49,106.0,113.0,119.0,126.0,134.0,141.0,148.02499999999986,0.0
validation,2025-02-24,7,320,22346,237.155,104.975,140.0,177.0,230.0,287.25,349.0,416.02499999999986,0.0,241.494,212.975,221.0,231.0,241.0,252.0,262.0,273.0,0.0,237.3165,208.0,218.0,227.0,237.0,247.0,256.0,265.02499999999986,0.0
validation,2025-02-24,8,2129,22346,2871.673,2376.0,2541.9,2695.0,2868.0,3052.0,3209.1000000000004,3392.075,0.0,2512.027,2417.975,2448.0,2479.0,2512.0,2545.0,2574.0,2610.0,0.0,2879.164,2783.0,2814.9,2845.0,2880.0,2914.0,2946.0,2976.0499999999997,0.0
validation,2025-02-24,9,29,22346,25.023,0.0,2.0,6.75,17.0,35.0,58.0,102.02499999999986,0.0,55.7775,43.0,46.0,51.0,55.0,61.0,66.0,72.0,0.0,24.84,16.0,18.900000000000006,21.0,24.0,28.0,32.0,35.024999999999864,0.0
validation,2025-02-24,10,261,22346,159.772,56.0,82.0,110.0,151.0,198.0,254.10000000000014,311.0,0.0,192.3885,166.0,175.0,183.0,192.0,202.0,211.0,220.0,0.0,157.622,134.975,141.0,149.0,158.0,166.0,174.0,184.0,0.0
validation,2025-02-24,11,1361,22346,1278.7665,951.975,1056.9,1151.0,1268.0,1393.0,1527.1000000000001,1649.0499999999997,0.0,2035.5305,1953.0,1980.0,2006.0,2036.0,2065.0,2090.1000000000004,2123.0,0.0,1279.59,1215.0,1235.0,1256.75,1279.0,1303.0,1324.0,1349.0,0.0
validation,2025-02-24,12,1532,22346,1686.633,1294.975,1428.9,1543.0,1684.0,1822.0,1960.1000000000001,2097.0499999999997,0.0,1806.9985,1728.0,1755.0,1779.0,1806.0,1834.0,1861.0,1887.0,0.0,1685.386,1609.975,1637.0,1660.0,1685.0,1711.0,1736.0,1762.0249999999999,0.0
validation,2025-02-24,13,1795,22346,1673.9295,1294.0,1414.9,1529.0,1668.0,1812.25,1942.1000000000001,2106.0,0.0,2038.839,1956.0,1984.0,2010.75,2038.0,2069.0,2092.1000000000004,2117.0249999999996,0.0,1682.587,1604.975,1633.0,1656.0,1682.0,1709.0,1736.0,1758.0249999999999,0.0
validation,2025-02-24,14,5921,22346,6550.6985,5841.975,6095.9,6311.0,6548.0,6782.0,7018.1,7274.075,0.0,3699.0555,3589.975,3627.0,3661.0,3699.0,3735.0,3770.1000000000004,3811.0249999999996,0.0,6536.1135,6406.0,6450.0,6489.0,6538.0,6580.0,6624.0,6671.025,0.0
validation,2025-02-24,15,58,22346,45.717,3.0,11.0,21.0,38.0,61.0,92.0,134.0,0.0,158.8465,134.0,143.0,150.0,159.0,167.0,175.0,183.0,0.0,45.933,34.0,37.0,41.0,46.0,50.0,55.0,60.0,0.0
validation,2025-02-24,16,206,22346,139.0185,44.0,66.0,92.0,130.0,175.0,222.0,283.0,0.0,194.2355,168.0,177.0,185.0,194.0,203.0,212.0,222.0,0.0,137.7905,115.975,123.0,130.0,138.0,146.0,153.0,161.0,0.0
validation,2025-02-24,17,541,22346,515.5695,307.0,363.9,430.0,507.0,593.0,674.0,770.0,0.0,1489.1875,1418.0,1443.9,1465.0,1488.0,1513.0,1536.0,1563.0,0.0,515.574,473.0,486.0,500.0,515.0,531.0,545.0,561.0249999999999,0.0
validation,2025-02-24,18,61,22346,65.49,9.0,19.0,33.75,57.0,86.0,124.0,173.02499999999986,0.0,225.581,197.0,206.0,215.0,225.0,236.0,245.0,256.0,0.0,65.688,50.0,55.0,60.0,66.0,71.0,76.0,82.0,0.0
validation,2025-02-24,19,1607,22346,1533.6205,1164.925,1265.9,1397.0,1531.0,1667.0,1800.0,1946.0,0.0,1322.973,1253.975,1278.9,1299.0,1322.0,1345.0,1370.0,1397.0,0.0,1526.159,1457.0,1480.0,1500.0,1525.0,1552.0,1574.0,1600.0,0.0
validation,2025-02-24,20,15,22346,10.569,0.0,0.0,0.0,3.0,13.0,30.0,64.0,0.0,70.547,54.0,60.0,65.0,71.0,76.0,81.0,87.0,0.0,10.41,5.0,7.0,8.0,10.0,12.0,14.0,17.0,0.0
validation,2025-02-24,21,80,22346,44.6225,4.0,10.0,19.0,36.0,61.25,90.0,128.04999999999973,0.0,85.8025,67.0,74.0,79.0,86.0,92.0,98.0,105.0,0.0,46.289,33.0,38.0,42.0,46.0,51.0,55.0,60.0,0.0
validation,2025-02-24,22,230,22346,156.444,53.975,77.0,108.0,149.0,196.0,247.0,304.02499999999986,0.0,269.9425,239.0,249.0,258.0,270.0,281.0,291.10000000000014,303.0,0.0,158.749,135.0,142.0,150.0,159.0,168.0,175.0,184.0,0.0
validation,2025-02-24,23,98,22346,82.1505,16.0,29.0,48.0,73.0,106.0,145.0,199.02499999999986,0.0,133.8775,111.0,119.0,126.0,134.0,142.0,149.0,157.0,0.0,81.7615,65.0,71.0,76.0,81.0,87.0,94.0,100.0,0.0
validation,2025-02-24,24,82,22346,122.8405,36.0,58.0,79.0,113.0,156.0,201.0,267.0,0.0,202.9605,174.0,184.0,193.0,203.0,213.0,222.0,232.0,0.0,123.4485,102.0,109.0,116.0,123.0,131.0,137.0,146.0,0.0
validation,2025-02-24,25,323,22346,244.025,112.975,147.0,186.0,233.5,292.0,360.0,434.0,0.0,298.4695,263.0,276.0,287.0,298.0,310.0,321.0,335.0,0.0,245.139,217.0,225.0,235.0,245.0,255.0,265.0,279.0,0.0
validation,2025-02-24,26,154,22346,84.9935,18.0,31.0,50.0,77.0,110.25,146.0,207.0,0.0,236.4645,208.0,216.9,226.0,236.0,246.0,256.0,268.0,0.0,83.2975,66.0,72.0,77.0,83.0,90.0,95.0,102.0,0.0
validation,2025-02-24,27,28,22346,31.0905,1.0,4.0,10.0,24.0,42.0,69.0,105.0,0.0,167.836,143.0,152.0,159.0,167.0,177.0,184.0,193.0,0.0,31.098,21.0,24.0,27.0,31.0,35.0,38.0,42.0,0.0
validation,2025-02-24,28,93,22346,88.9695,18.0,33.0,53.0,81.0,117.0,155.0,207.02499999999986,0.0,145.0345,122.0,129.0,136.0,145.0,153.0,161.0,170.0,0.0,89.1095,71.0,77.0,83.0,89.0,96.0,101.0,107.02499999999986,0.0
validation,2025-02-24,29,192,22346,101.149,24.975,41.0,61.75,92.0,130.25,173.0,230.0,0.0,191.209,165.0,174.0,182.0,191.0,201.0,209.0,219.0,0.0,101.48,82.0,89.0,95.0,101.0,108.0,115.0,121.0,0.0
validation,2025-02-24,30,416,22346,293.167,141.975,183.0,228.0,284.0,350.25,412.0,490.0499999999997,0.0,451.8,410.0,425.0,438.0,451.0,466.0,479.0,494.02499999999986,0.0,292.404,261.975,271.0,281.0,292.0,304.0,314.0,325.02499999999986,0.0
validation,2025-02-24,31,318,22346,275.596,135.0,175.0,213.0,267.0,326.0,392.0,466.0,0.0,167.8635,142.0,151.0,159.0,168.0,177.0,184.0,195.0,0.0,276.197,245.0,255.0,265.0,276.0,287.0,298.0,309.0,0.0
validation,2025-02-24,32,54,22346,48.0705,4.0,11.0,22.0,39.0,64.0,96.10000000000014,142.0,0.0,189.5905,162.0,171.0,180.0,189.0,199.0,208.0,217.0,0.0,47.9645,35.0,39.0,43.0,48.0,53.0,57.0,61.0,0.0
validation,2025-02-24,33,21,22346,17.172,0.0,0.0,2.0,9.0,24.0,46.0,73.0,0.0,148.0065,124.0,133.0,140.0,148.0,156.0,163.0,172.0,0.0,16.987,10.0,12.0,14.0,17.0,20.0,22.0,25.0,0.0
validation,2025-02-24,34,46,22346,50.011,4.0,11.0,22.0,42.0,69.0,100.0,139.0,0.0,136.7455,115.0,122.0,128.0,137.0,144.0,152.0,160.0,0.0,48.9395,36.0,40.0,44.0,49.0,54.0,58.0,63.0,0.0
validation,2025-02-24,35,2,22346,17.1465,0.0,0.0,3.0,9.0,24.0,44.0,74.0,0.0,60.652,46.0,51.0,55.0,60.0,66.0,71.0,77.0,0.0,17.855,10.0,13.0,15.0,18.0,21.0,23.0,26.0,0.0
validation,2025-02-24,36,824,22346,805.8905,550.95,624.0,702.0,797.0,894.0,999.0,1127.0499999999997,0.0,1122.8675,1057.0,1081.0,1101.0,1123.0,1145.0,1165.0,1187.0,0.0,812.037,758.975,777.0,793.0,812.0,831.0,849.0,866.0,0.0
validation,2025-02-24,37,28,22346,23.594,0.0,2.0,5.0,14.0,32.0,55.100000000000136,98.02499999999986,0.0,130.8465,110.0,117.0,123.0,131.0,138.0,145.0,153.0,0.0,23.8465,15.0,18.0,20.0,24.0,27.0,30.0,34.0,0.0
validation,2025-02-24,38,216,22346,228.988,99.975,135.0,173.0,220.0,278.0,337.0,403.0,0.0,132.216,110.0,118.0,125.0,132.0,139.0,147.0,155.0,0.0,229.0635,200.0,211.0,219.0,228.0,239.0,248.0,259.0,0.0
validation,2025-02-24,39,119,22346,98.322,24.0,40.900000000000006,60.0,89.0,126.0,169.0,219.0,0.0,177.2965,150.0,160.0,168.0,178.0,186.0,194.0,202.02499999999986,0.0,98.969,80.975,87.0,92.0,99.0,105.0,112.0,119.0,0.0
validation,2025-03-03,0,14,23936,4.418,0.0,0.0,0.0,0.0,3.0,14.0,35.0,0.0,43.571,31.0,35.0,39.0,44.0,48.0,52.0,57.0,0.0,4.719,1.0,2.0,3.0,5.0,6.0,8.0,9.0,0.0
validation,2025-03-03,1,120,23936,128.589,35.0,58.0,81.0,117.0,166.0,215.0,273.02499999999986,0.0,134.4375,112.0,119.9,126.0,134.0,142.0,149.0,157.0,0.0,130.0335,108.0,115.0,122.0,130.0,138.0,145.0,152.0,0.0
validation,2025-03-03,2,402,23936,312.466,152.0,197.0,245.0,304.0,369.0,436.0,518.0,0.0,190.6415,164.0,173.0,181.0,190.0,200.0,209.0,218.0,0.0,315.7065,281.975,292.0,303.0,316.0,327.0,340.0,352.0,0.0
validation,2025-03-03,3,3464,23936,2074.683,1654.975,1781.9,1909.0,2070.0,2231.0,2376.1000000000004,2549.075,0.0,795.2385,739.0,760.0,776.0,795.0,814.0,832.0,852.0,0.0,2075.8555,1992.0,2020.0,2045.0,2076.0,2105.0,2131.0,2162.0,0.0
validation,2025-03-03,4,162,23936,134.0905,37.0,64.0,90.0,125.0,169.0,216.0,275.0499999999997,0.0,298.5885,265.0,276.0,287.0,298.0,310.0,321.0,335.0,0.0,133.3365,111.0,118.0,125.0,133.0,141.0,148.0,156.0,0.0
validation,2025-03-03,5,306,23936,284.472,136.0,175.0,217.0,274.0,338.0,410.10000000000014,495.02499999999986,0.0,212.207,183.0,194.0,202.0,212.0,222.0,231.0,242.0,0.0,280.739,248.975,260.0,270.0,281.0,292.0,302.0,313.0,0.0
validation,2025-03-03,6,179,23936,168.133,59.0,87.0,117.0,158.0,207.25,259.0,337.0499999999997,0.0,308.4785,275.0,287.0,297.0,308.0,320.0,331.0,342.0,0.0,167.39,143.0,151.0,158.0,167.0,176.0,184.0,194.0,0.0
validation,2025-03-03,7,259,23936,295.965,139.0,183.0,228.0,283.0,355.0,423.0,510.02499999999986,0.0,258.152,227.0,238.0,248.0,258.0,269.0,278.0,289.0,0.0,294.5085,263.0,273.0,283.0,294.0,306.0,317.0,330.0,0.0
validation,2025-03-03,8,1875,23936,2637.004,2132.975,2300.0,2453.0,2634.5,2816.0,2973.0,3157.0499999999997,0.0,2688.567,2593.0,2628.0,2656.0,2688.0,2719.0,2751.0,2786.0249999999996,0.0,2644.2165,2550.975,2583.0,2612.0,2645.0,2676.0,2706.1000000000004,2739.0,0.0
validation,2025-03-03,9,13,23936,31.387,0.0,3.0,9.0,22.0,44.0,72.0,115.0,0.0,60.039,45.0,50.0,55.0,60.0,65.0,70.0,76.0,0.0,30.12,20.0,23.0,26.0,30.0,34.0,37.100000000000136,42.0,0.0
validation,2025-03-03,10,244,23936,214.9905,87.0,122.9,159.0,203.0,258.0,322.0,406.0,0.0,205.7075,177.0,186.0,196.0,206.0,215.0,225.0,236.0,0.0,215.6215,187.0,197.0,206.0,215.0,225.0,235.0,244.0,0.0
validation,2025-03-03,11,1266,23936,1433.406,1054.95,1183.0,1300.0,1428.0,1561.0,1690.0,1856.0,0.0,2180.825,2096.0,2124.0,2150.0,2179.0,2212.0,2240.0,2269.0,0.0,1432.9,1359.975,1385.9,1407.0,1433.0,1458.0,1481.0,1510.0,0.0
validation,2025-03-03,12,1548,23936,1744.079,1350.975,1469.8,1580.0,1731.0,1887.0,2049.0,2188.0999999999995,0.0,1935.6005,1854.0,1884.0,1907.0,1935.0,1964.0,1988.1000000000001,2017.0,0.0,1732.5875,1651.0,1680.0,1705.0,1732.0,1761.0,1786.0,1811.0,0.0
validation,2025-03-03,13,1784,23936,1914.794,1496.0,1627.0,1747.0,1909.0,2065.25,2215.1000000000004,2390.0499999999997,0.0,2184.086,2096.975,2129.9,2155.0,2183.0,2212.0,2242.0,2268.0249999999996,0.0,1911.606,1832.975,1860.0,1883.75,1910.0,1939.0,1966.0,1994.0,0.0
validation,2025-03-03,14,6328,23936,6686.7825,5937.925,6201.9,6427.0,6681.0,6938.25,7167.3,7457.524999999997,0.0,3961.506,3847.975,3886.0,3922.0,3963.0,4001.0,4034.0,4074.0,0.0,6699.856,6562.0,6613.0,6652.75,6700.0,6744.25,6787.0,6830.075,0.0
validation,2025-03-03,15,38,23936,55.8615,6.0,15.0,26.0,47.0,76.0,110.0,156.02499999999986,0.0,170.2715,146.0,154.0,162.0,170.0,179.0,187.0,196.0,0.0,57.078,43.0,47.0,52.0,57.0,62.0,67.0,72.0,0.0
validation,2025-03-03,16,172,23936,173.945,63.975,90.0,122.0,163.5,215.0,270.0,342.0499999999997,0.0,208.603,180.0,190.0,198.0,208.0,219.0,228.0,237.0,0.0,174.487,149.0,157.0,165.0,174.0,183.25,192.0,202.0,0.0
validation,2025-03-03,17,580,23936,564.871,341.0,408.0,474.0,554.5,646.0,737.1000000000001,842.0249999999999,0.0,1594.37,1517.0,1544.0,1568.0,1596.0,1620.0,1644.0,1670.0249999999999,0.0,569.554,526.0,540.0,554.0,568.0,586.0,600.0,616.0,0.0
validation,2025-03-03,18,69,23936,67.876,10.0,20.0,35.0,59.0,90.0,126.0,182.0,0.0,242.434,212.0,222.0,232.0,242.0,253.0,263.0,273.02499999999986,0.0,69.3305,54.0,59.0,64.0,69.0,75.0,80.0,87.0,0.0
validation,2025-03-03,19,1792,23936,1663.634,1256.95,1399.0,1516.75,1659.0,1804.25,1939.0,2115.0249999999996,0.0,1419.6995,1345.0,1373.0,1395.0,1420.0,1445.0,1467.1000000000001,1488.0249999999999,0.0,1659.378,1587.0,1610.0,1634.0,1658.0,1685.0,1708.0,1735.0,0.0
validation,2025-03-03,20,11,23936,10.9965,0.0,0.0,0.0,4.0,13.0,32.0,66.02499999999986,0.0,75.505,59.0,64.0,70.0,75.0,81.0,87.0,94.0,0.0,10.7085,5.0,7.0,8.0,11.0,13.0,15.0,17.0,0.0
validation,2025-03-03,21,79,23936,61.96,7.0,15.0,29.75,52.0,84.0,122.0,166.02499999999986,0.0,92.2345,74.0,80.0,85.0,92.0,99.0,105.0,112.0,0.0,61.569,47.0,52.0,56.0,61.0,67.0,71.0,78.0,0.0
validation,2025-03-03,22,177,23936,199.163,76.0,109.0,145.0,188.0,244.0,299.0,380.0499999999997,0.0,289.159,256.975,267.0,278.0,289.0,301.0,311.0,322.0,0.0,199.342,171.0,180.9,189.0,199.0,209.0,218.0,228.0,0.0
validation,2025-03-03,23,142,23936,96.4115,21.0,38.0,57.0,86.0,125.25,166.0,229.02499999999986,0.0,143.73,120.0,128.0,136.0,143.0,152.0,159.0,169.0,0.0,95.6705,77.0,83.0,89.0,95.0,102.0,109.0,116.0,0.0
validation,2025-03-03,24,97,23936,135.079,38.0,61.0,89.0,126.0,173.0,218.10000000000014,277.0,0.0,217.7315,189.0,199.0,208.0,218.0,227.0,236.0,248.0,0.0,133.626,112.0,119.0,126.0,134.0,141.0,148.0,156.0,0.0
validation,2025-03-03,25,254,23936,296.3165,137.0,181.9,228.0,289.5,354.0,416.10000000000014,511.0,0.0,318.92,284.0,295.0,307.0,319.0,331.0,342.0,355.0,0.0,296.77,263.0,275.0,285.0,297.0,309.0,319.0,330.0,0.0
validation,2025-03-03,26,144,23936,117.92,30.0,49.0,74.0,110.0,154.0,196.0,254.0,0.0,252.747,221.0,233.0,242.0,253.0,263.25,273.0,285.0,0.0,116.7135,96.0,103.0,109.0,117.0,124.0,131.0,138.0,0.0
validation,2025-03-03,27,42,23936,36.029,1.0,5.0,12.0,26.0,51.0,81.0,122.0,0.0,180.3345,153.975,163.0,172.0,181.0,189.0,198.0,206.0,0.0,35.548,25.0,28.0,31.0,35.0,39.0,43.0,48.0,0.0
validation,2025-03-03,28,71,23936,98.9595,23.0,40.0,61.75,90.0,126.0,171.0,224.0,0.0,155.9595,131.0,140.0,147.0,156.0,165.0,173.0,181.0,0.0,100.0985,81.0,87.0,93.75,100.0,106.0,112.0,120.0,0.0
validation,2025-03-03,29,247,23936,152.2295,52.975,77.0,101.75,141.0,190.0,244.0,310.0,0.0,205.024,178.0,187.0,195.0,205.0,214.0,223.0,233.0,0.0,148.666,126.0,133.0,140.0,148.0,157.0,164.0,173.0,0.0
validation,2025-03-03,30,455,23936,359.2225,180.975,233.0,287.0,351.0,425.0,494.0,588.0249999999999,0.0,484.3865,442.975,456.0,469.0,484.0,499.0,513.1000000000001,527.0,0.0,357.5295,320.0,334.0,345.0,357.0,370.0,382.0,394.0,0.0
validation,2025-03-03,31,294,23936,317.452,163.0,202.0,250.0,305.5,374.0,447.0,527.0499999999997,0.0,180.81,154.975,164.0,171.0,180.0,190.0,198.0,208.0,0.0,318.6735,286.0,296.0,307.0,318.0,330.0,342.0,353.0,0.0
validation,2025-03-03,32,55,23936,53.2605,6.0,13.0,25.0,45.0,71.0,105.0,155.02499999999986,0.0,203.2625,176.0,185.0,193.0,203.0,213.0,222.0,232.0,0.0,54.15,40.975,45.0,49.0,54.0,59.0,64.0,69.0,0.0
validation,2025-03-03,33,21,23936,20.18,0.0,0.0,3.0,11.0,29.0,51.0,91.02499999999986,0.0,158.2335,134.0,142.0,150.0,158.0,167.0,175.0,183.0,0.0,19.1565,11.0,14.0,16.0,19.0,22.0,25.0,29.0,0.0
validation,2025-03-03,34,61,23936,54.6635,4.0,13.0,25.0,45.0,73.0,107.0,161.0,0.0,146.1315,123.0,130.0,138.0,146.0,154.0,162.0,170.0,0.0,53.6605,39.0,44.0,48.0,53.0,59.0,63.0,69.0,0.0
validation,2025-03-03,35,14,23936,14.29,0.0,0.0,1.0,7.0,20.0,39.0,68.02499999999986,0.0,65.12,50.0,55.0,60.0,65.0,70.0,75.0,82.0,0.0,14.5945,7.0,10.0,12.0,15.0,17.0,19.0,23.0,0.0
validation,2025-03-03,36,764,23936,939.744,628.95,731.0,818.0,931.5,1052.25,1161.1000000000001,1283.0,0.0,1201.4925,1136.0,1157.0,1178.0,1201.0,1225.0,1246.0,1270.0,0.0,938.1815,881.0,900.0,918.0,939.0,958.0,976.0,996.0249999999999,0.0
validation,2025-03-03,37,27,23936,27.5615,0.0,2.0,7.0,19.0,37.0,65.10000000000014,108.02499999999986,0.0,140.149,116.0,125.0,132.0,140.0,148.0,156.0,164.0,0.0,27.2715,18.0,21.0,24.0,27.0,31.0,34.0,38.0,0.0
validation,2025-03-03,38,261,23936,234.575,97.0,137.0,174.0,226.0,285.0,348.0,420.0499999999997,0.0,141.943,118.975,127.0,134.0,142.0,149.0,157.0,166.02499999999986,0.0,236.6295,208.0,217.0,227.0,236.0,247.0,256.0,267.0,0.0
validation,2025-03-03,39,105,23936,118.5395,29.0,48.0,75.0,108.0,154.0,203.0,268.02499999999986,0.0,190.103,164.0,173.0,181.0,190.0,199.0,209.0,218.0,0.0,118.4175,97.0,104.0,111.0,119.0,126.0,132.0,140.0,0.0
validation,2025-03-10,0,0,26061,8.507,0.0,0.0,0.0,2.0,9.0,25.0,56.024999999999864,0.0,47.9385,34.0,39.0,43.0,48.0,52.0,57.0,63.0,0.0,8.298,3.0,5.0,6.0,8.0,10.0,12.0,14.0,0.0
validation,2025-03-10,1,81,26061,153.831,45.0,72.0,102.75,144.5,194.0,245.0,321.02499999999986,0.0,146.609,123.0,131.0,138.0,146.0,155.0,163.0,172.0,0.0,152.345,129.0,137.0,144.0,152.0,160.0,168.0,177.0,0.0
validation,2025-03-10,2,625,26061,362.7655,178.0,233.0,284.0,354.0,428.0,502.0,602.0999999999995,0.0,207.4505,180.0,189.0,198.0,208.0,217.0,225.0,235.0,0.0,364.1965,326.975,339.0,352.0,364.0,377.0,389.0,401.0,0.0
validation,2025-03-10,3,3709,26061,2653.9965,2139.9,2296.9,2466.75,2642.0,2834.25,3021.0,3231.0499999999997,0.0,864.452,809.0,828.0,844.0,865.0,883.0,901.0,923.0,0.0,2646.641,2548.0,2586.0,2614.0,2647.0,2679.0,2708.0,2740.0,0.0
validation,2025-03-10,4,138,26061,153.9165,48.0,69.0,100.0,142.0,195.0,252.0,332.0,0.0,324.776,289.975,302.0,312.0,324.0,337.0,348.0,361.02499999999986,0.0,153.754,130.0,138.0,145.0,154.0,162.0,170.0,179.0,0.0
validation,2025-03-10,5,269,26061,323.1045,156.975,200.0,250.0,312.0,384.0,457.10000000000014,549.0,0.0,231.46,202.975,212.0,221.0,231.0,241.0,250.0,260.0,0.0,318.4335,283.975,295.0,306.0,319.0,331.0,342.0,353.0,0.0
validation,2025-03-10,6,194,26061,194.1755,70.0,102.0,136.0,184.0,243.0,302.0,371.02499999999986,0.0,336.057,301.0,313.0,324.0,336.0,348.0,360.0,373.0,0.0,196.1095,169.0,177.0,186.0,196.0,206.0,215.0,225.0,0.0
validation,2025-03-10,7,303,26061,320.037,154.975,201.0,249.0,311.0,380.25,452.0,546.0249999999999,0.0,281.3985,248.975,260.0,270.0,281.0,292.0,303.0,314.0,0.0,318.8365,282.0,297.0,307.0,318.0,331.0,342.0,354.02499999999986,0.0
validation,2025-03-10,8,1860,26061,2532.303,2044.9,2192.0,2348.0,2522.0,2709.0,2884.1000000000004,3078.0,0.0,2925.285,2821.0,2858.0,2891.0,2927.0,2961.0,2993.0,3024.0,0.0,2537.256,2442.975,2474.0,2505.75,2536.0,2570.25,2599.0,2634.0,0.0
validation,2025-03-10,9,19,26061,28.855,0.0,2.0,8.0,19.0,40.0,69.0,109.0,0.0,65.069,49.0,55.0,59.0,65.0,70.0,75.0,82.0,0.0,29.2205,19.0,22.0,25.0,29.0,33.0,36.0,41.0,0.0
validation,2025-03-10,10,186,26061,260.845,114.975,157.0,196.0,247.5,315.0,380.0,464.02499999999986,0.0,223.8745,194.0,204.0,214.0,224.0,234.0,243.10000000000014,254.0,0.0,260.0595,229.0,240.0,249.0,260.0,271.0,281.0,291.0,0.0
validation,2025-03-10,11,1569,26061,1501.947,1131.0,1239.0,1353.0,1493.0,1639.0,1774.2000000000003,1941.0249999999999,0.0,2376.729,2281.0,2316.0,2345.0,2377.0,2410.0,2441.0,2470.0249999999996,0.0,1499.9305,1423.0,1449.0,1473.75,1501.0,1526.0,1548.0,1573.0,0.0
validation,2025-03-10,12,1766,26061,1788.915,1354.975,1492.0,1624.0,1775.0,1946.0,2087.0,2292.0499999999997,0.0,2108.6405,2023.95,2052.0,2077.0,2107.0,2139.25,2169.0,2199.0249999999996,0.0,1796.271,1717.975,1746.0,1769.0,1796.0,1823.0,1849.0,1878.0,0.0
validation,2025-03-10,13,2305,26061,2098.5355,1622.0,1778.0,1922.0,2086.5,2263.0,2438.1000000000004,2619.0499999999997,0.0,2379.0805,2281.975,2318.0,2348.0,2379.0,2409.0,2440.0,2472.0,0.0,2102.145,2018.0,2047.0,2071.0,2102.0,2132.0,2160.0,2190.0249999999996,0.0
validation,2025-03-10,14,6720,26061,7022.101,6247.875,6511.9,6733.75,7019.0,7308.25,7531.3,7823.199999999999,0.0,4315.8405,4200.0,4234.0,4275.0,4316.0,4355.25,4398.0,4436.0,0.0,7023.299,6878.975,6931.0,6975.0,7024.0,7072.0,7115.1,7166.0,0.0
validation,2025-03-10,15,15,26061,60.071,6.0,15.0,27.0,49.0,81.0,122.0,177.0,0.0,185.705,159.0,168.0,177.0,186.0,195.0,203.0,212.0,0.0,58.507,44.0,49.0,53.0,58.0,63.0,68.0,74.0,0.0
validation,2025-03-10,16,181,26061,191.4385,70.0,101.0,134.75,183.0,234.0,296.0,378.0,0.0,226.435,197.0,207.0,216.0,226.0,237.0,247.0,258.0,0.0,193.7215,165.975,176.0,184.0,194.0,203.0,212.0,220.0,0.0
validation,2025-03-10,17,638,26061,628.869,389.975,457.0,525.0,614.0,714.0,826.0,950.0249999999999,0.0,1737.287,1656.0,1684.0,1708.0,1736.0,1766.0,1790.0,1818.0249999999999,0.0,626.2505,576.975,593.0,610.0,626.0,643.0,657.0,676.0,0.0
validation,2025-03-10,18,66,26061,75.2675,12.0,23.0,38.0,64.0,101.0,141.0,199.02499999999986,0.0,263.102,231.975,242.0,252.0,263.0,274.0,284.0,297.0,0.0,74.8215,58.0,64.0,69.0,75.0,80.0,86.0,92.0,0.0
validation,2025-03-10,19,1478,26061,1861.653,1423.975,1572.9,1697.0,1848.0,2019.0,2167.2000000000003,2352.0249999999996,0.0,1543.181,1471.0,1496.0,1517.0,1543.0,1569.0,1592.0,1618.0,0.0,1860.645,1780.0,1808.0,1832.0,1861.0,1889.0,1914.1000000000001,1940.0249999999999,0.0
validation,2025-03-10,20,12,26061,12.279,0.0,0.0,1.0,4.0,16.0,36.0,68.02499999999986,0.0,82.0315,65.0,71.0,76.0,82.0,88.0,94.0,101.0,0.0,12.326,6.0,8.0,10.0,12.0,14.0,17.0,20.0,0.0
validation,2025-03-10,21,77,26061,83.072,13.0,26.0,45.0,72.0,108.0,157.0,220.04999999999973,0.0,100.299,81.0,87.0,93.0,100.0,107.0,113.0,121.0,0.0,82.8335,65.0,71.0,76.75,82.0,89.0,95.0,101.0,0.0
validation,2025-03-10,22,214,26061,228.4385,94.0,132.0,169.0,218.0,279.0,339.10000000000014,409.0,0.0,314.835,279.0,291.0,303.0,315.0,327.0,338.0,351.0,0.0,229.8225,200.975,210.0,220.0,230.0,240.0,249.0,260.0,0.0
validation,2025-03-10,23,144,26061,125.899,34.0,53.900000000000006,80.0,116.0,161.25,208.0,274.0499999999997,0.0,156.4465,132.0,140.0,148.0,157.0,165.0,172.10000000000014,181.0,0.0,126.1695,105.0,112.0,119.0,126.0,133.0,141.0,148.0,0.0
validation,2025-03-10,24,152,26061,148.758,43.975,69.0,98.0,140.0,188.0,237.0,317.02499999999986,0.0,236.554,206.0,216.0,226.0,236.0,247.0,257.0,268.0,0.0,145.4375,123.0,130.0,137.0,145.0,153.25,161.0,169.0,0.0
validation,2025-03-10,25,256,26061,326.4155,157.975,201.0,253.0,318.5,387.0,462.0,554.0,0.0,347.2315,313.0,323.0,334.0,346.0,360.0,372.0,385.0,0.0,328.1835,294.0,305.0,316.0,328.0,340.0,351.0,364.0,0.0
validation,2025-03-10,26,151,26061,152.1125,45.0,67.0,99.0,144.0,195.0,243.0,321.09999999999945,0.0,274.683,241.0,253.0,264.0,274.0,286.0,297.0,308.0,0.0,152.199,129.0,136.9,144.0,152.0,160.0,168.0,177.0,0.0
validation,2025-03-10,27,25,26061,41.085,1.0,6.0,14.0,31.0,56.0,89.0,143.0,0.0,195.533,168.0,177.9,186.0,195.0,205.0,214.0,224.0,0.0,39.8345,28.0,32.0,35.0,40.0,44.0,48.0,53.0,0.0
validation,2025-03-10,28,90,26061,104.56,23.0,40.0,62.0,93.0,133.0,183.10000000000014,249.0,0.0,169.8455,144.0,153.0,161.0,170.0,178.0,186.0,196.0,0.0,103.7025,84.0,91.0,97.0,103.0,110.0,117.0,124.0,0.0
validation,2025-03-10,29,202,26061,214.1415,82.0,115.0,154.0,203.0,264.0,324.0,405.02499999999986,0.0,223.2735,195.0,205.0,213.0,223.0,233.0,242.10000000000014,252.0,0.0,214.2635,186.975,195.0,204.0,214.0,224.0,233.0,243.0,0.0
validation,2025-03-10,30,370,26061,455.561,246.975,307.0,370.0,444.0,529.0,623.0,736.0249999999999,0.0,526.6665,482.975,497.0,511.0,526.0,542.0,558.0,573.0,0.0,454.7095,412.975,428.0,440.0,455.0,469.0,482.0,498.0,0.0
validation,2025-03-10,31,336,26061,355.6305,180.0,227.8,280.0,345.0,419.0,501.0,601.0249999999999,0.0,196.572,170.0,179.0,187.0,196.0,206.0,214.10000000000014,224.0,0.0,352.397,316.0,329.0,340.0,352.0,365.0,377.0,389.02499999999986,0.0
validation,2025-03-10,32,40,26061,61.3345,7.0,16.0,29.0,51.0,83.0,119.0,174.0,0.0,221.467,193.0,202.0,211.0,222.0,231.0,241.0,251.0,0.0,61.1555,46.0,52.0,56.0,61.0,66.0,71.0,76.0,0.0
validation,2025-03-10,33,21,26061,22.978,0.0,1.0,4.0,13.0,31.0,59.0,107.02499999999986,0.0,172.8195,147.0,156.0,163.0,173.0,182.0,190.0,199.0,0.0,22.26,13.975000000000001,16.0,19.0,22.0,25.0,29.0,32.0,0.0
validation,2025-03-10,34,66,26061,63.393,7.0,17.0,30.0,52.0,85.0,123.0,180.0,0.0,159.6245,136.0,144.0,151.0,159.0,168.0,176.0,185.0,0.0,64.079,49.0,54.0,59.0,64.0,70.0,74.0,80.0,0.0
validation,2025-03-10,35,12,26061,17.2855,0.0,0.0,2.0,8.0,23.0,47.0,86.02499999999986,0.0,70.6715,54.975,60.0,65.0,70.0,76.0,82.0,88.0,0.0,16.389,9.0,11.0,14.0,16.0,19.0,22.0,25.0,0.0
validation,2025-03-10,36,1392,26061,1004.4115,696.0,781.0,877.0,995.0,1117.0,1240.1000000000001,1375.0249999999999,0.0,1308.227,1241.0,1262.9,1283.0,1308.0,1333.0,1356.0,1377.0,0.0,1012.7585,953.0,974.0,991.75,1012.0,1034.0,1053.0,1075.0,0.0
validation,2025-03-10,37,39,26061,28.551,0.0,2.0,7.0,18.0,40.0,67.0,114.02499999999986,0.0,152.8335,130.0,137.0,144.0,153.0,161.0,169.0,178.0,0.0,28.944,19.0,22.0,25.0,29.0,32.0,36.0,40.0,0.0
validation,2025-03-10,38,244,26061,264.3695,114.0,154.0,197.0,255.0,322.25,384.0,471.0499999999997,0.0,154.476,130.0,139.0,146.0,154.0,163.0,171.0,180.0,0.0,264.2235,232.0,242.0,253.0,265.0,275.0,286.0,297.0,0.0
validation,2025-03-10,39,96,26061,129.5905,34.975,56.0,82.0,118.0,166.0,218.0,297.0,0.0,206.5395,180.0,188.0,196.0,206.0,217.0,225.0,235.0,0.0,128.571,108.0,114.0,120.0,128.0,136.0,143.0,152.0,0.0
validation,2025-03-17,0,3,24172,6.6405,0.0,0.0,0.0,1.0,7.0,21.0,45.0,0.0,44.159,31.0,36.0,39.75,44.0,49.0,53.0,58.0,0.0,6.502,2.0,3.0,5.0,6.0,8.0,10.0,12.0,0.0
validation,2025-03-17,1,63,24172,125.493,32.975,54.0,80.0,115.0,161.0,213.0,266.0,0.0,136.114,115.0,121.0,128.0,136.0,144.0,151.0,158.02499999999986,0.0,126.1005,104.0,112.0,118.0,126.0,134.0,141.0,148.0,0.0
validation,2025-03-17,2,570,24172,418.162,218.975,281.0,335.0,409.0,491.0,570.1000000000001,671.0249999999999,0.0,192.6575,165.0,175.0,183.0,192.0,202.0,210.10000000000014,221.0,0.0,417.38,378.0,390.0,403.0,418.0,431.0,444.0,460.0,0.0
validation,2025-03-17,3,2797,24172,2734.8435,2221.0,2377.0,2542.0,2721.0,2928.0,3103.1000000000004,3282.075,0.0,804.288,748.0,769.0,786.0,804.0,823.0,841.0,860.0,0.0,2729.641,2636.0,2668.0,2697.0,2728.0,2763.0,2794.0,2825.0,0.0
validation,2025-03-17,4,156,24172,145.271,46.975,71.0,97.0,134.5,182.0,237.0,306.02499999999986,0.0,301.6675,268.0,280.0,290.0,301.0,314.0,324.0,337.0,0.0,144.4605,121.0,129.0,136.0,144.0,152.0,159.0,168.0,0.0
validation,2025-03-17,5,259,24172,285.5905,136.0,173.0,221.0,276.0,340.0,412.0,493.02499999999986,0.0,214.702,187.0,196.0,204.0,215.0,225.0,234.0,244.0,0.0,283.211,251.0,262.0,271.0,283.0,295.0,305.10000000000014,317.0,0.0
validation,2025-03-17,6,320,24172,187.838,70.975,99.0,133.0,178.0,229.0,295.0,366.0499999999997,0.0,311.3955,278.0,289.0,299.0,311.0,324.0,335.0,345.0,0.0,188.626,162.0,170.0,179.0,188.0,198.0,207.0,217.0,0.0
validation,2025-03-17,7,163,24172,289.9745,143.0,181.0,222.0,278.5,345.0,419.10000000000014,505.02499999999986,0.0,261.0435,229.975,240.0,250.0,261.0,272.0,281.0,293.0,0.0,291.5175,258.0,270.0,280.0,291.0,303.0,314.0,327.0,0.0
validation,2025-03-17,8,1995,24172,2080.482,1629.0,1782.0,1917.75,2069.5,2238.25,2400.0,2557.0249999999996,0.0,2713.9025,2615.975,2651.0,2680.0,2715.0,2746.0,2777.0,2814.0249999999996,0.0,2075.145,1990.975,2019.0,2046.0,2074.5,2105.25,2131.0,2159.0249999999996,0.0
validation,2025-03-17,9,15,24172,25.2515,0.0,1.0,5.75,16.0,34.0,61.0,107.02499999999986,0.0,60.3705,46.0,51.0,55.0,60.0,66.0,71.0,75.02499999999986,0.0,24.834,15.0,19.0,21.0,25.0,28.0,31.0,35.0,0.0
validation,2025-03-17,10,193,24172,234.678,96.975,133.0,176.0,226.0,286.0,347.0,424.0,0.0,207.7465,179.0,189.0,198.0,207.0,217.0,226.0,237.0,0.0,233.8225,204.0,214.0,223.0,234.0,244.0,254.0,264.0,0.0
validation,2025-03-17,11,1344,24172,1415.4645,1048.0,1161.0,1276.75,1408.0,1544.0,1684.0,1848.0249999999999,0.0,2202.5805,2113.0,2145.0,2172.0,2203.5,2233.0,2260.0,2289.0,0.0,1415.2885,1341.975,1368.0,1389.0,1414.0,1440.0,1464.1000000000001,1492.0,0.0
validation,2025-03-17,12,1727,24172,1699.78,1311.925,1436.9,1551.0,1699.0,1835.0,1974.1000000000001,2136.0499999999997,0.0,1953.499,1871.0,1900.0,1925.0,1954.0,1982.0,2008.0,2035.0249999999999,0.0,1690.034,1612.975,1638.0,1663.0,1690.0,1717.0,1740.0,1767.0,0.0
validation,2025-03-17,13,2093,24172,2001.8215,1567.975,1704.0,1841.75,1991.0,2161.25,2311.1000000000004,2490.0249999999996,0.0,2206.144,2117.0,2150.0,2176.0,2205.0,2236.0,2263.0,2293.0,0.0,2016.6395,1934.975,1961.0,1988.0,2017.0,2045.0,2071.0,2100.0,0.0
validation,2025-03-17,14,6403,24172,6392.702,5673.975,5901.9,6112.0,6399.5,6656.0,6875.1,7182.099999999999,0.0,4003.549,3892.0,3929.0,3964.0,4003.0,4044.0,4079.0,4116.025,0.0,6395.31,6260.0,6306.0,6349.0,6397.5,6441.0,6485.0,6530.0,0.0
validation,2025-03-17,15,30,24172,41.587,2.0,7.0,16.0,34.0,58.0,89.0,126.0,0.0,172.0945,147.0,155.0,163.0,172.0,181.0,190.0,199.0,0.0,41.693,30.0,34.0,37.0,41.0,46.0,50.0,55.0,0.0
validation,2025-03-17,16,204,24172,184.6575,68.0,100.0,131.0,172.0,230.0,282.10000000000014,357.02499999999986,0.0,209.5675,182.0,191.0,200.0,210.0,219.0,228.0,238.0,0.0,187.0135,161.0,170.0,178.0,187.0,196.0,204.0,213.0,0.0
validation,2025-03-17,17,519,24172,592.3955,362.975,429.0,503.0,582.0,673.25,767.0,870.0,0.0,1610.452,1529.975,1559.0,1585.0,1611.0,1638.0,1660.0,1684.0249999999999,0.0,599.079,552.0,568.0,582.0,600.0,615.0,630.0,647.0,0.0
validation,2025-03-17,18,75,24172,64.5385,9.0,18.900000000000006,32.0,55.0,85.0,125.0,171.02499999999986,0.0,244.27,215.0,225.0,233.75,244.0,255.0,264.0,276.02499999999986,0.0,66.2965,51.0,56.0,61.0,66.0,72.0,77.0,83.0,0.0
validation,2025-03-17,19,1302,24172,1660.288,1258.925,1383.9,1504.5,1650.5,1810.25,1946.1000000000001,2111.0499999999997,0.0,1432.087,1362.975,1386.0,1407.0,1432.0,1457.0,1478.0,1504.0,0.0,1659.9845,1584.0,1610.0,1633.0,1660.0,1686.0,1711.0,1738.0,0.0
validation,2025-03-17,20,10,24172,12.323,0.0,0.0,1.0,5.0,16.0,34.0,68.02499999999986,0.0,76.607,59.0,65.0,70.0,77.0,83.0,88.0,94.0,0.0,11.9845,6.0,8.0,10.0,12.0,14.0,16.0,19.0,0.0
validation,2025-03-17,21,143,24172,86.279,17.0,30.0,49.0,77.0,111.0,156.0,215.02499999999986,0.0,92.8845,74.0,81.0,86.0,93.0,99.0,106.0,113.0,0.0,85.2225,67.0,74.0,79.0,85.0,91.0,97.0,104.0,0.0
validation,2025-03-17,22,325,24172,221.348,89.975,126.0,163.0,209.0,270.0,331.0,407.02499999999986,0.0,292.3485,260.0,271.0,281.0,292.0,304.0,314.0,326.0,0.0,218.6815,191.0,200.0,209.0,218.0,229.0,238.0,247.0,0.0
validation,2025-03-17,23,187,24172,125.733,37.0,56.0,82.0,118.0,159.0,205.0,272.0,0.0,145.603,122.0,130.0,137.0,146.0,153.0,161.0,171.0,0.0,126.0435,105.0,112.0,119.0,126.0,133.0,140.10000000000014,148.0,0.0
validation,2025-03-17,24,238,24172,137.626,41.0,66.0,92.0,126.0,173.0,224.0,284.02499999999986,0.0,219.7235,190.0,200.0,210.0,220.0,230.0,239.0,249.0,0.0,133.67,112.0,119.0,125.0,133.0,142.0,149.0,158.0,0.0
validation,2025-03-17,25,271,24172,293.6125,140.975,185.0,227.75,284.0,349.0,411.0,499.09999999999945,0.0,322.2325,286.0,299.0,310.0,322.0,334.0,345.0,357.0,0.0,293.749,258.0,271.0,282.0,294.0,306.0,316.0,327.0,0.0
validation,2025-03-17,26,114,24172,152.235,49.975,74.0,105.0,143.0,187.0,241.0,313.0749999999996,0.0,254.9875,223.0,235.0,244.0,255.0,266.0,275.0,286.0,0.0,151.8215,128.0,136.0,143.0,152.0,160.0,167.0,176.0,0.0
validation,2025-03-17,27,33,24172,33.1245,1.0,4.0,10.0,24.0,45.0,72.10000000000014,127.02499999999986,0.0,181.87,155.0,164.0,172.75,182.0,191.0,200.0,210.0,0.0,32.401,21.0,25.0,28.75,32.0,36.0,40.0,44.0,0.0
validation,2025-03-17,28,88,24172,92.3415,18.0,34.0,54.75,83.0,121.0,163.0,217.0,0.0,156.756,133.0,141.0,148.0,157.0,165.0,173.0,181.0,0.0,94.695,76.0,82.0,88.0,94.0,101.0,107.0,115.0,0.0
validation,2025-03-17,29,422,24172,215.3675,86.0,120.0,155.0,204.5,265.0,325.0,393.02499999999986,0.0,206.7465,179.0,189.0,197.0,206.0,217.0,226.0,237.02499999999986,0.0,212.96,185.0,195.0,203.0,213.0,223.0,231.0,241.02499999999986,0.0
validation,2025-03-17,30,377,24172,412.416,219.975,278.0,334.0,403.0,480.0,562.0,656.0,0.0,488.862,447.0,461.0,474.0,489.0,504.0,517.0,532.0,0.0,410.219,372.0,384.0,396.0,410.0,424.0,436.0,451.0,0.0
validation,2025-03-17,31,322,24172,313.6845,154.975,200.0,246.0,305.0,369.0,445.0,523.0,0.0,182.2615,157.0,165.0,174.0,182.0,191.0,199.0,210.0,0.0,317.132,283.975,295.0,305.0,317.0,329.0,339.0,351.0,0.0
validation,2025-03-17,32,45,24172,51.0615,4.0,11.0,24.0,42.0,68.25,104.10000000000014,150.02499999999986,0.0,205.395,178.0,187.0,196.0,205.0,215.0,224.0,234.0,0.0,51.841,38.0,43.0,47.0,51.0,57.0,61.0,66.0,0.0
validation,2025-03-17,33,16,24172,20.2215,0.0,1.0,3.0,11.0,28.0,52.0,91.02499999999986,0.0,160.007,136.0,144.0,151.0,160.0,168.0,177.0,186.0,0.0,20.348,12.0,14.0,17.0,20.0,23.0,26.0,30.0,0.0
validation,2025-03-17,34,52,24172,61.84,6.975000000000001,17.0,30.0,52.0,82.0,120.0,173.0,0.0,147.7075,124.0,132.0,140.0,147.0,156.0,163.0,172.02499999999986,0.0,62.4105,48.0,53.0,57.0,62.0,68.0,73.0,78.0,0.0
validation,2025-03-17,35,10,24172,14.3105,0.0,0.0,1.0,6.5,19.0,39.0,74.04999999999973,0.0,65.615,50.0,55.0,60.0,65.0,71.0,76.0,81.0,0.0,14.0855,7.0,10.0,11.0,14.0,16.0,19.0,22.0,0.0
validation,2025-03-17,36,951,24172,955.71,668.925,757.9,837.75,943.5,1062.0,1172.0,1296.0249999999999,0.0,1214.145,1147.975,1168.0,1191.0,1214.0,1238.0,1260.0,1281.0249999999999,0.0,957.7525,898.0,918.9,936.0,957.0,979.0,997.1000000000001,1018.0,0.0
validation,2025-03-17,37,22,24172,31.125,0.0,3.0,9.0,23.0,43.0,70.0,112.0,0.0,141.6955,118.0,126.0,134.0,142.0,150.0,157.0,166.0,0.0,31.5775,21.0,25.0,28.0,31.0,35.0,39.0,43.0,0.0
validation,2025-03-17,38,179,24172,243.3105,105.0,145.0,183.0,232.0,294.0,356.0,443.02499999999986,0.0,142.748,120.0,128.0,135.0,142.5,150.0,159.0,166.0,0.0,241.56,212.0,222.0,231.0,242.0,253.0,261.0,271.0,0.0
validation,2025-03-17,39,136,24172,110.8715,26.0,44.0,68.0,102.0,142.0,187.0,254.02499999999986,0.0,191.5145,166.0,174.0,182.0,191.0,201.0,210.0,219.0,0.0,111.267,91.0,98.0,104.0,111.0,119.0,125.0,132.0,0.0
validation,2025-03-24,0,8,23032,5.5435,0.0,0.0,0.0,1.0,5.0,17.0,42.0,0.0,41.991,30.0,33.900000000000006,37.0,42.0,46.0,50.0,55.0,0.0,5.684,2.0,3.0,4.0,5.0,7.0,9.0,11.0,0.0
validation,2025-03-24,1,80,23032,96.7575,21.0,39.0,58.0,89.0,125.0,165.10000000000014,219.02499999999986,0.0,129.198,106.0,114.0,121.0,129.0,137.0,144.0,153.0,0.0,96.6505,77.0,84.0,90.0,97.0,103.0,110.0,117.0,0.0
validation,2025-03-24,2,622,23032,474.128,276.975,327.0,388.0,464.0,551.0,629.0,726.0999999999995,0.0,183.578,156.0,166.0,174.0,184.0,193.0,201.0,211.0,0.0,476.763,435.975,449.0,462.0,477.0,491.25,504.0,519.0,0.0
validation,2025-03-24,3,2806,23032,2847.09,2331.0,2510.8,2667.0,2828.5,3032.0,3199.1000000000004,3397.0499999999997,0.0,765.489,713.0,730.0,747.0,766.0,784.0,799.0,818.0,0.0,2853.6675,2760.0,2793.0,2821.0,2851.0,2888.0,2919.0,2949.0,0.0
validation,2025-03-24,4,106,23032,141.421,46.0,67.9,94.0,133.0,177.0,224.0,294.02499999999986,0.0,286.95,255.0,266.0,275.75,287.0,298.0,308.0,321.0,0.0,140.623,118.975,126.0,132.0,140.0,149.0,156.0,164.0,0.0
validation,2025-03-24,5,193,23032,269.4225,125.0,167.0,208.0,258.0,321.25,387.0,471.02499999999986,0.0,204.3725,176.975,185.0,194.0,204.0,215.0,224.0,233.02499999999986,0.0,269.7655,239.0,249.0,259.0,269.0,281.0,291.0,303.0,0.0
validation,2025-03-24,6,267,23032,213.8275,88.0,121.9,158.0,205.0,261.0,320.0,385.02499999999986,0.0,296.943,264.0,275.0,285.0,297.0,308.0,319.0,332.02499999999986,0.0,216.1325,189.0,197.0,206.0,216.0,226.0,235.0,245.0,0.0
validation,2025-03-24,7,222,23032,247.8545,111.0,148.9,188.75,239.0,299.0,360.10000000000014,446.0,0.0,248.4135,218.0,227.0,238.0,248.0,259.0,269.0,280.0,0.0,249.407,219.0,230.0,239.0,249.0,260.0,269.0,281.0,0.0
validation,2025-03-24,8,1801,23032,1876.327,1461.95,1587.9,1724.0,1869.5,2025.25,2174.0,2328.0249999999996,0.0,2587.277,2488.0,2523.0,2554.0,2588.0,2620.0,2650.0,2679.0,0.0,1875.587,1799.0,1823.0,1848.75,1875.0,1903.0,1928.0,1957.0,0.0
validation,2025-03-24,9,29,23032,18.9995,0.0,0.0,3.0,10.0,25.0,50.100000000000136,87.02499999999986,0.0,57.94,43.0,48.0,53.0,58.0,63.0,68.0,73.0,0.0,18.3865,11.0,13.0,16.0,18.0,21.0,24.0,27.0,0.0
validation,2025-03-24,10,129,23032,210.701,88.0,116.0,155.0,201.0,254.25,315.0,391.0,0.0,197.6385,170.0,179.0,188.0,198.0,207.0,216.0,225.0,0.0,211.605,183.0,192.9,202.0,212.0,221.0,230.0,240.0,0.0
validation,2025-03-24,11,1452,23032,1320.2885,967.975,1076.0,1194.0,1311.0,1444.0,1567.0,1710.0749999999996,0.0,2097.187,2010.975,2040.0,2067.75,2098.0,2126.0,2153.0,2185.0,0.0,1322.2045,1255.0,1276.0,1298.0,1322.0,1346.0,1368.0,1392.0,0.0
validation,2025-03-24,12,1647,23032,1568.345,1193.95,1303.0,1416.75,1561.0,1703.25,1842.0,2010.2749999999985,0.0,1863.884,1781.0,1809.0,1835.0,1864.0,1891.0,1916.0,1948.0,0.0,1568.217,1492.975,1519.0,1542.0,1567.0,1594.0,1620.0,1646.0249999999999,0.0
validation,2025-03-24,13,1777,23032,1895.209,1486.975,1622.9,1739.75,1890.0,2046.0,2184.1000000000004,2352.124999999999,0.0,2101.1755,2017.975,2045.0,2072.0,2102.0,2131.0,2158.0,2185.0,0.0,1901.5955,1822.0,1849.9,1874.0,1900.0,1929.0,1954.0,1982.0,0.0
validation,2025-03-24,14,6264,23032,6076.399,5338.95,5620.9,5828.75,6068.5,6318.0,6549.1,6857.049999999999,0.0,3814.232,3701.0,3740.0,3776.0,3815.0,3852.0,3889.0,3926.0,0.0,6051.832,5917.975,5968.0,6006.0,6050.0,6097.0,6139.1,6182.0,0.0
validation,2025-03-24,15,31,23032,32.3585,1.0,4.0,11.0,24.0,42.0,71.0,123.0,0.0,164.1425,140.0,148.0,155.0,164.0,173.0,181.0,190.0,0.0,33.7355,23.0,26.0,30.0,34.0,37.0,41.0,46.0,0.0
validation,2025-03-24,16,223,23032,184.2345,65.975,95.9,129.0,176.0,228.0,282.10000000000014,358.0,0.0,200.3165,174.0,183.0,191.0,200.0,210.0,219.0,229.0,0.0,181.817,156.0,165.0,173.0,182.0,191.0,199.0,208.0,0.0
validation,2025-03-24,17,493,23032,545.6415,327.0,395.0,456.0,537.0,624.0,708.0,822.0249999999999,0.0,1534.969,1462.0,1486.0,1508.0,1535.0,1561.0,1583.1000000000001,1610.0,0.0,543.347,498.0,512.0,527.0,543.5,560.0,574.0,588.0,0.0
validation,2025-03-24,18,68,23032,64.975,9.975000000000001,20.0,33.0,57.0,88.0,122.0,165.0,0.0,233.0915,203.975,213.0,223.0,233.0,244.0,253.0,264.0,0.0,64.874,50.0,55.0,59.0,65.0,70.25,76.0,81.0,0.0
validation,2025-03-24,19,1199,23032,1477.591,1115.975,1224.9,1334.75,1467.0,1607.0,1749.1000000000001,1914.0749999999996,0.0,1364.204,1290.95,1316.0,1340.0,1365.0,1389.0,1410.0,1437.0,0.0,1474.8235,1403.0,1426.9,1449.0,1475.0,1501.0,1524.0,1547.0,0.0
validation,2025-03-24,20,19,23032,11.409,0.0,0.0,0.0,4.0,14.0,33.0,63.024999999999864,0.0,72.793,56.0,62.0,67.0,73.0,78.0,84.10000000000014,91.0,0.0,11.641,5.975000000000001,8.0,9.0,11.0,14.0,16.0,19.0,0.0
validation,2025-03-24,21,100,23032,89.961,19.0,34.0,53.0,81.0,117.0,156.0,219.02499999999986,0.0,88.88,71.0,77.0,82.0,89.0,95.0,101.0,107.02499999999986,0.0,90.972,72.975,79.0,85.0,91.0,98.0,103.0,110.0,0.0
validation,2025-03-24,22,259,23032,226.2135,96.975,134.0,167.0,217.0,275.0,330.0,410.0,0.0,278.003,247.0,257.0,267.0,277.0,289.0,301.0,313.0,0.0,226.5205,195.0,207.0,217.0,227.0,237.0,246.0,257.0,0.0
validation,2025-03-24,23,168,23032,134.5485,42.0,64.0,87.0,127.5,170.0,216.10000000000014,276.02499999999986,0.0,138.811,116.0,124.0,131.0,138.0,147.0,154.0,163.0,0.0,136.1405,112.0,122.0,128.0,136.0,144.0,151.0,159.0,0.0
validation,2025-03-24,24,168,23032,138.3395,42.0,63.900000000000006,90.0,131.0,176.0,224.0,288.0499999999997,0.0,209.354,180.0,190.0,199.0,209.0,220.0,229.0,238.0,0.0,136.05,114.0,121.0,128.0,136.0,144.0,151.0,160.0,0.0
validation,2025-03-24,25,289,23032,263.6145,119.975,161.0,197.75,254.5,315.0,386.0,461.02499999999986,0.0,307.376,272.975,286.0,295.0,307.0,319.0,330.0,343.0,0.0,263.5355,233.0,243.0,252.0,263.0,274.0,284.0,298.0,0.0
validation,2025-03-24,26,145,23032,136.099,40.0,62.0,91.0,126.0,173.0,220.0,292.0499999999997,0.0,242.9665,212.975,223.0,232.0,244.0,254.0,263.0,272.0,0.0,134.8345,113.0,120.0,127.0,135.0,143.0,149.0,157.0,0.0
validation,2025-03-24,27,41,23032,30.826,1.0,4.0,9.0,22.0,43.0,72.0,111.02499999999986,0.0,173.098,148.0,157.0,164.0,173.0,182.0,190.0,199.0,0.0,30.7845,21.0,24.0,27.0,31.0,34.0,38.0,42.024999999999864,0.0
validation,2025-03-24,28,201,23032,80.041,16.0,28.0,45.0,70.0,104.0,143.0,189.02499999999986,0.0,150.297,125.0,134.0,142.0,150.0,159.0,166.0,177.0,0.0,81.9605,64.0,70.0,76.0,82.0,88.0,94.0,100.0,0.0
validation,2025-03-24,29,356,23032,253.887,113.95,150.0,195.0,243.0,302.0,365.0,458.02499999999986,0.0,196.8395,170.0,179.0,187.0,197.0,206.0,215.0,225.0,0.0,253.7615,223.0,234.9,243.0,253.0,264.0,273.10000000000014,285.0,0.0
validation,2025-03-24,30,318,23032,385.678,212.0,261.0,312.0,373.0,449.0,524.0,618.0249999999999,0.0,465.6485,421.0,438.0,451.0,465.0,481.0,494.0,509.0,0.0,386.14,349.0,361.0,373.0,386.0,399.0,412.0,426.0,0.0
validation,2025-03-24,31,282,23032,305.7975,149.0,196.0,240.75,296.0,360.0,426.0,518.0499999999997,0.0,173.5255,148.0,157.0,165.0,174.0,182.0,190.0,200.0,0.0,303.4695,270.0,281.0,291.0,303.0,315.0,326.0,338.02499999999986,0.0
validation,2025-03-24,32,43,23032,46.6215,3.0,9.0,20.0,38.0,64.0,95.0,138.02499999999986,0.0,195.2995,169.0,177.0,186.0,195.0,204.25,213.0,222.0,0.0,46.419,34.0,38.0,42.0,46.0,51.0,55.0,60.0,0.0
validation,2025-03-24,33,25,23032,19.282,0.0,1.0,3.0,11.0,27.0,50.0,81.0,0.0,152.473,129.0,137.0,144.0,152.0,161.0,169.0,178.0,0.0,19.2595,11.0,14.0,16.0,19.0,22.0,25.0,28.0,0.0
validation,2025-03-24,34,102,23032,53.0495,5.0,13.0,25.0,44.0,71.0,106.0,156.0,0.0,140.9145,118.0,126.0,133.0,141.0,149.0,156.0,164.0,0.0,53.759,40.0,45.0,49.0,53.5,58.0,63.0,69.0,0.0
validation,2025-03-24,35,9,23032,9.293,0.0,0.0,0.0,2.0,11.25,29.0,56.0,0.0,62.5425,47.0,53.0,57.0,62.0,68.0,72.0,79.0,0.0,9.297,4.0,6.0,7.0,9.0,11.0,13.0,16.0,0.0
validation,2025-03-24,36,666,23032,930.92,637.95,733.9,819.0,921.5,1031.0,1148.1000000000001,1270.0,0.0,1155.2255,1086.0,1113.0,1133.0,1155.0,1178.0,1198.0,1221.0,0.0,938.2135,882.975,899.0,917.0,939.0,958.0,976.0,997.0,0.0
validation,2025-03-24,37,62,23032,27.4525,0.0,2.0,7.0,18.5,39.0,63.0,105.02499999999986,0.0,135.2225,113.0,120.9,127.0,135.0,143.0,150.0,158.0,0.0,27.741,18.0,21.0,24.0,28.0,31.0,35.0,38.0,0.0
validation,2025-03-24,38,189,23032,212.832,88.0,123.0,156.0,202.0,260.0,317.10000000000014,388.0,0.0,136.638,115.0,121.0,128.0,137.0,145.0,152.0,160.0,0.0,215.3075,186.975,197.0,205.0,215.0,225.0,234.0,245.0,0.0
validation,2025-03-24,39,173,23032,109.021,27.975,45.0,68.0,99.0,139.0,185.0,245.02499999999986,0.0,183.1,156.0,165.0,174.0,183.0,193.0,200.0,209.0,0.0,109.476,90.0,97.0,103.0,110.0,116.0,122.0,130.0,0.0
validation,2025-03-31,0,0,23586,5.9895,0.0,0.0,0.0,1.0,5.0,17.0,44.0,0.0,43.02,31.0,35.0,38.0,43.0,47.0,51.0,57.0,0.0,6.299,2.0,3.0,5.0,6.0,8.0,10.0,11.0,0.0
validation,2025-03-31,1,158,23586,82.996,15.0,29.900000000000006,47.0,73.0,108.0,148.0,208.02499999999986,0.0,132.971,111.0,118.0,125.0,133.0,141.0,148.0,155.0,0.0,83.937,66.0,72.0,78.0,84.0,90.0,96.0,102.0,0.0
validation,2025-03-31,2,504,23586,533.9805,319.975,382.9,445.0,523.5,612.0,698.0,800.0,0.0,187.522,159.0,170.0,178.0,187.0,197.0,206.0,215.02499999999986,0.0,538.478,495.975,510.0,523.0,538.0,553.0,568.0,584.0,0.0
validation,2025-03-31,3,3152,23586,3099.213,2572.0,2745.0,2903.0,3094.0,3287.0,3456.0,3690.149999999999,0.0,783.9415,730.0,748.0,765.0,784.0,803.0,819.0,838.0,0.0,3100.377,3000.975,3033.0,3066.0,3101.0,3135.0,3165.0,3203.0249999999996,0.0
validation,2025-03-31,4,132,23586,138.1175,41.0,64.0,91.0,129.0,177.0,226.0,281.02499999999986,0.0,293.7935,262.0,272.0,282.0,294.0,305.0,315.0,328.0,0.0,136.86,114.975,122.0,129.0,137.0,145.0,151.0,159.02499999999986,0.0
validation,2025-03-31,5,272,23586,250.5375,114.0,148.9,189.0,242.0,300.0,363.0,442.0499999999997,0.0,209.1855,181.975,191.0,200.0,209.0,219.0,227.0,238.0,0.0,249.225,219.0,229.0,238.0,249.0,260.0,270.0,280.0,0.0
validation,2025-03-31,6,245,23586,229.4995,97.0,133.0,169.0,220.0,278.0,340.10000000000014,406.02499999999986,0.0,303.8085,270.0,281.0,291.75,303.0,316.0,327.0,339.02499999999986,0.0,232.3015,203.0,214.0,222.0,232.0,243.0,251.0,261.0,0.0
validation,2025-03-31,7,183,23586,227.424,91.975,132.0,170.0,219.0,274.0,338.10000000000014,410.1499999999992,0.0,254.724,223.0,234.0,244.0,255.0,265.0,275.0,285.0,0.0,229.696,200.975,210.9,219.0,229.0,240.0,250.0,260.0,0.0
validation,2025-03-31,8,1875,23586,1835.23,1419.95,1554.0,1675.75,1825.0,1983.0,2132.1000000000004,2321.0999999999995,0.0,2648.358,2551.975,2587.0,2616.0,2647.0,2681.0,2711.1000000000004,2745.0,0.0,1826.6655,1745.975,1775.0,1799.0,1826.0,1856.0,1878.0,1903.0249999999999,0.0
validation,2025-03-31,9,8,23586,18.7815,0.0,1.0,3.0,10.0,25.0,50.0,86.0,0.0,58.9835,44.0,49.0,54.0,59.0,64.0,69.0,75.0,0.0,18.5955,11.0,13.0,16.0,18.0,21.0,24.0,27.0,0.0
validation,2025-03-31,10,214,23586,183.804,69.0,97.0,128.75,174.0,229.0,283.10000000000014,359.0749999999996,0.0,202.781,177.0,186.0,193.0,203.0,212.0,220.0,230.0,0.0,182.5695,156.0,165.0,173.0,182.0,192.0,200.0,209.0,0.0
validation,2025-03-31,11,1362,23586,1359.6685,996.95,1116.9,1224.0,1354.5,1488.0,1624.1000000000001,1764.0249999999999,0.0,2148.8545,2059.975,2092.0,2119.0,2149.0,2178.0,2206.0,2238.0,0.0,1365.1365,1295.0,1319.0,1341.0,1365.0,1389.0,1410.0,1436.0,0.0
validation,2025-03-31,12,1637,23586,1617.638,1237.9,1356.0,1472.0,1613.0,1755.0,1878.1000000000001,2045.0749999999996,0.0,1910.3535,1829.0,1855.0,1881.0,1911.0,1939.0,1964.0,1994.0,0.0,1620.928,1546.0,1572.0,1595.0,1621.0,1647.0,1670.0,1697.0249999999999,0.0
validation,2025-03-31,13,1936,23586,1934.364,1519.95,1647.0,1768.75,1924.0,2079.0,2231.1000000000004,2433.0999999999995,0.0,2152.0885,2063.0,2094.0,2120.0,2152.0,2182.0,2209.0,2243.0,0.0,1930.831,1851.0,1876.0,1902.0,1930.0,1960.0,1986.0,2014.0249999999999,0.0
validation,2025-03-31,14,6333,23586,6235.806,5510.925,5755.0,5979.75,6228.5,6492.0,6713.1,6957.025,0.0,3904.7105,3796.975,3832.9,3865.0,3904.0,3944.0,3978.0,4013.0499999999997,0.0,6238.306,6106.975,6152.0,6193.0,6237.0,6283.0,6327.0,6373.025,0.0
validation,2025-03-31,15,24,23586,28.8475,0.0,3.0,8.0,20.0,41.0,66.10000000000014,104.0,0.0,167.435,142.0,151.0,158.0,167.0,176.0,184.0,193.0,0.0,27.696,18.0,21.0,24.0,28.0,31.0,35.0,38.0,0.0
validation,2025-03-31,16,179,23586,188.7715,72.0,101.0,132.0,178.0,234.25,288.10000000000014,363.0749999999996,0.0,205.2315,178.0,187.0,195.0,205.0,215.0,224.10000000000014,234.0,0.0,189.3355,164.0,172.0,180.0,189.0,198.0,207.0,215.0,0.0
validation,2025-03-31,17,527,23586,538.327,330.975,386.0,454.0,529.5,616.0,697.0,810.0,0.0,1572.6795,1498.0,1525.9,1547.0,1572.0,1597.0,1621.0,1649.0249999999999,0.0,540.952,493.975,512.0,525.0,541.0,557.0,571.0,585.0,0.0
validation,2025-03-31,18,64,23586,66.915,8.0,20.0,35.0,57.0,88.0,126.0,180.0,0.0,238.7625,209.0,219.0,228.0,239.0,249.0,258.0,269.0,0.0,67.6295,52.0,57.0,62.0,67.0,73.0,78.0,84.0,0.0
validation,2025-03-31,19,1295,23586,1404.3085,1041.9,1150.9,1270.0,1394.0,1531.0,1667.0,1838.0,0.0,1398.8375,1329.0,1351.9,1374.0,1400.0,1422.0,1445.0,1471.0,0.0,1400.513,1331.0,1355.0,1376.0,1400.0,1425.0,1445.1000000000001,1470.0249999999999,0.0
validation,2025-03-31,20,11,23586,12.8935,0.0,0.0,1.0,5.0,17.0,37.0,68.0,0.0,74.3515,58.0,63.0,68.0,74.0,80.0,85.0,92.0,0.0,12.711,7.0,8.0,10.0,13.0,15.0,17.0,20.0,0.0
validation,2025-03-31,21,115,23586,96.5855,21.0,38.0,57.0,88.0,125.0,166.10000000000014,228.0,0.0,90.893,71.975,78.0,84.0,91.0,97.25,104.0,110.02499999999986,0.0,97.0925,78.0,85.0,90.0,97.0,104.0,110.0,116.0,0.0
validation,2025-03-31,22,198,23586,239.4635,105.0,143.0,181.0,231.0,291.0,349.10000000000014,413.0,0.0,284.663,253.0,263.0,273.0,284.0,296.0,305.10000000000014,319.0,0.0,236.487,207.0,218.0,226.0,236.0,247.0,256.10000000000014,267.0,0.0
validation,2025-03-31,23,142,23586,156.015,50.0,75.0,104.0,148.0,197.0,248.0,315.0499999999997,0.0,141.4245,119.0,126.0,133.0,141.0,149.0,157.0,166.02499999999986,0.0,155.9925,131.0,139.0,147.0,156.0,164.0,173.0,182.0,0.0
validation,2025-03-31,24,91,23586,157.462,56.0,80.0,109.0,150.0,196.25,242.0,312.0,0.0,214.1365,186.0,196.0,204.0,214.0,224.0,233.0,243.0,0.0,159.029,134.0,143.0,150.0,159.0,168.0,176.0,184.0,0.0
validation,2025-03-31,25,244,23586,258.832,119.975,154.0,196.0,250.0,311.0,377.0,457.02499999999986,0.0,314.4315,280.0,292.0,302.0,314.0,327.0,337.0,350.0,0.0,259.336,229.0,239.0,249.0,259.0,270.0,280.0,289.0,0.0
validation,2025-03-31,26,86,23586,133.3965,42.975,64.0,89.0,123.0,168.25,215.10000000000014,278.0,0.0,249.301,219.0,229.0,238.0,249.0,260.0,269.0,281.02499999999986,0.0,134.4815,113.0,120.0,126.0,134.0,142.0,150.0,158.0,0.0
validation,2025-03-31,27,37,23586,35.691,1.0,5.0,12.0,27.0,49.0,77.10000000000014,127.0,0.0,177.0285,152.0,160.0,168.0,177.0,186.0,194.0,202.02499999999986,0.0,34.5815,24.0,27.0,31.0,34.0,39.0,42.0,46.024999999999864,0.0
validation,2025-03-31,28,253,23586,109.9805,29.0,46.900000000000006,68.75,100.0,139.0,186.0,247.0,0.0,153.3985,128.0,137.0,145.0,153.0,162.0,169.0,178.0,0.0,108.882,89.0,96.0,102.0,109.0,116.0,122.0,130.0,0.0
validation,2025-03-31,29,285,23586,296.171,138.95,188.9,231.0,287.0,351.0,418.10000000000014,514.0249999999999,0.0,202.3845,175.0,184.0,193.0,202.0,212.0,221.0,232.0,0.0,297.8515,265.0,276.0,286.0,297.0,310.0,320.0,333.0,0.0
validation,2025-03-31,30,385,23586,366.8745,192.975,243.9,297.0,359.0,425.25,501.10000000000014,590.0249999999999,0.0,476.455,434.0,449.0,462.0,476.0,491.0,504.10000000000014,519.0,0.0,369.7135,332.975,345.0,357.0,370.0,383.0,394.0,407.0,0.0
validation,2025-03-31,31,365,23586,305.2275,152.0,188.0,235.0,296.5,362.0,435.0,508.0,0.0,177.1325,152.0,160.0,168.0,177.0,187.0,194.0,203.0,0.0,299.584,266.0,278.0,288.0,299.0,311.0,321.0,333.02499999999986,0.0
validation,2025-03-31,32,35,23586,45.5855,3.0,9.0,18.0,36.0,65.0,96.0,139.02499999999986,0.0,199.863,173.0,182.0,190.0,200.0,209.0,218.0,229.0,0.0,44.7415,32.0,36.0,40.0,45.0,49.0,53.0,58.0,0.0
validation,2025-03-31,33,18,23586,20.522,0.0,1.0,4.0,13.0,28.0,52.0,90.0,0.0,156.5875,132.0,141.0,148.0,156.0,165.0,173.0,181.0,0.0,20.439,12.0,15.0,17.0,20.0,23.0,26.0,30.0,0.0
validation,2025-03-31,34,50,23586,67.5795,9.0,19.0,33.75,58.0,91.0,128.0,182.02499999999986,0.0,143.9915,121.0,129.0,136.0,144.0,152.0,160.0,168.0,0.0,68.654,52.975,58.0,63.0,68.0,74.0,79.0,86.0,0.0
validation,2025-03-31,35,11,23586,11.9385,0.0,0.0,0.0,4.0,15.0,36.0,65.0,0.0,64.329,49.0,54.0,59.0,64.0,70.0,75.0,81.0,0.0,11.024,5.0,7.0,9.0,11.0,13.0,15.0,18.0,0.0
validation,2025-03-31,36,800,23586,918.5585,622.0,723.9,804.0,906.0,1019.25,1129.0,1263.0,0.0,1183.22,1117.0,1138.0,1160.0,1184.0,1207.0,1228.0,1251.0,0.0,916.1905,859.975,878.0,896.0,916.0,935.0,953.0,974.0249999999999,0.0
validation,2025-03-31,37,29,23586,38.2665,2.0,6.0,13.75,30.0,54.0,82.0,125.02499999999986,0.0,138.172,114.975,124.0,130.0,138.0,146.0,153.0,161.0,0.0,36.5835,26.0,29.0,32.0,36.0,40.0,44.0,48.0,0.0
validation,2025-03-31,38,181,23586,210.8605,87.975,122.0,155.0,199.0,256.0,313.0,386.0,0.0,139.347,116.0,124.0,131.0,139.0,148.0,155.0,164.0,0.0,212.3535,183.975,194.0,202.0,212.0,222.0,232.0,241.0,0.0
validation,2025-03-31,39,150,23586,123.8775,32.0,53.0,79.0,115.0,158.0,203.0,273.02499999999986,0.0,186.8485,160.0,170.0,177.0,187.0,196.0,205.0,213.0,0.0,123.9405,103.0,110.0,116.0,124.0,131.0,138.0,146.0,0.0
validation,2025-04-07,0,0,24630,3.0245,0.0,0.0,0.0,0.0,1.0,8.0,28.024999999999864,0.0,45.1115,32.0,36.0,40.0,45.0,50.0,54.0,59.0,0.0,3.0305,0.0,1.0,2.0,3.0,4.0,5.0,7.0,0.0
validation,2025-04-07,1,200,24630,96.6345,21.0,36.0,57.0,85.0,126.0,170.10000000000014,235.09999999999945,0.0,138.8665,117.0,124.0,131.0,139.0,147.0,154.0,162.0,0.0,97.275,78.0,85.0,91.0,97.0,104.0,110.0,116.0,0.0
validation,2025-04-07,2,480,24630,586.985,363.975,426.0,488.0,575.0,669.25,761.1000000000001,882.0,0.0,196.529,169.975,179.0,187.0,196.0,206.0,214.0,225.0,0.0,591.794,546.0,561.0,575.0,592.0,608.0,623.0,640.0,0.0
validation,2025-04-07,3,3059,24630,3169.941,2631.95,2811.0,2972.0,3166.5,3357.25,3546.1000000000004,3736.0499999999997,0.0,818.9815,762.0,783.0,799.0,818.0,838.25,856.0,877.0,0.0,3170.944,3067.975,3102.0,3135.0,3173.0,3206.0,3238.0,3269.0499999999997,0.0
validation,2025-04-07,4,197,24630,134.7005,41.0,62.0,88.75,124.0,173.0,219.10000000000014,279.0499999999997,0.0,307.0045,272.0,284.0,295.0,307.0,318.0,329.0,343.0,0.0,135.3395,113.0,121.0,127.0,135.0,143.0,151.0,159.02499999999986,0.0
validation,2025-04-07,5,262,24630,253.178,116.975,151.0,187.75,244.0,304.25,370.10000000000014,454.02499999999986,0.0,218.4665,190.0,199.0,209.0,219.0,228.0,237.0,249.0,0.0,252.671,221.0,233.0,242.0,253.0,263.0,273.0,284.0,0.0
validation,2025-04-07,6,245,24630,265.6595,117.0,157.0,198.0,255.0,323.0,391.10000000000014,469.0499999999997,0.0,317.815,284.0,295.0,305.0,318.0,330.0,340.0,352.02499999999986,0.0,260.4855,229.0,240.0,249.0,260.0,271.25,282.0,292.02499999999986,0.0
validation,2025-04-07,7,241,24630,223.5985,93.0,126.0,162.0,215.5,274.0,332.0,399.02499999999986,0.0,266.072,235.0,245.0,255.0,266.0,277.0,288.0,299.0,0.0,221.893,194.0,204.0,212.0,222.0,231.0,241.0,252.0,0.0
validation,2025-04-07,8,1887,24630,1911.729,1473.975,1621.0,1748.75,1903.0,2063.0,2215.1000000000004,2377.0499999999997,0.0,2767.72,2669.975,2703.9,2735.0,2768.0,2802.0,2831.0,2863.0249999999996,0.0,1914.006,1833.0,1858.9,1885.0,1913.0,1943.0,1968.0,1999.0249999999999,0.0
validation,2025-04-07,9,9,24630,17.8425,0.0,0.0,3.0,9.0,25.0,46.0,79.02499999999986,0.0,61.7315,47.0,52.0,56.0,61.0,67.0,72.0,78.0,0.0,18.086,10.0,13.0,15.0,18.0,21.0,24.0,26.024999999999864,0.0
validation,2025-04-07,10,220,24630,183.693,66.0,96.0,128.0,173.0,231.0,284.0,357.0,0.0,211.8765,183.0,193.0,202.0,212.0,222.0,230.0,240.0,0.0,184.134,158.0,167.0,175.0,184.0,193.0,202.0,211.0,0.0
validation,2025-04-07,11,1465,24630,1460.593,1077.925,1202.9,1311.5,1454.0,1594.0,1737.2000000000003,1896.0,0.0,2243.2645,2156.0,2186.0,2211.0,2243.5,2274.0,2301.0,2335.0,0.0,1455.484,1387.975,1408.0,1430.0,1455.0,1481.0,1502.0,1529.0,0.0
validation,2025-04-07,12,1560,24630,1723.874,1319.0,1446.0,1566.75,1713.0,1861.0,2018.0,2188.0249999999996,0.0,1992.5165,1909.0,1935.0,1964.0,1994.0,2021.25,2046.0,2075.0249999999996,0.0,1723.091,1649.0,1672.0,1697.0,1723.0,1750.0,1773.0,1800.0249999999999,0.0
validation,2025-04-07,13,2096,24630,2057.8365,1593.925,1755.0,1896.0,2052.5,2216.25,2373.0,2566.0249999999996,0.0,2248.4195,2159.975,2189.0,2217.0,2248.0,2280.0,2307.0,2342.0,0.0,2062.638,1977.0,2007.0,2035.0,2063.0,2090.0,2117.1000000000004,2149.0249999999996,0.0
validation,2025-04-07,14,6977,24630,6543.3755,5836.75,6076.0,6282.0,6533.0,6789.25,7023.1,7324.049999999999,0.0,4077.1145,3964.0,4002.0,4035.0,4076.5,4119.25,4156.0,4189.025,0.0,6535.531,6399.0,6444.0,6487.0,6536.0,6582.0,6626.0,6669.025,0.0
validation,2025-04-07,15,40,24630,26.5005,0.0,2.0,6.0,17.0,37.0,64.0,110.0,0.0,175.385,150.0,159.0,166.0,175.0,184.0,193.0,202.0,0.0,25.721,16.0,19.0,22.0,26.0,29.0,32.0,36.0,0.0
validation,2025-04-07,16,204,24630,198.9765,75.0,107.0,141.0,191.0,245.0,301.0,374.0,0.0,214.5505,185.0,195.0,205.0,214.0,225.0,233.0,243.0,0.0,200.4935,173.0,182.0,191.0,201.0,210.0,219.0,228.0,0.0
validation,2025-04-07,17,522,24630,556.816,330.0,398.0,461.0,552.0,640.0,725.0,830.0249999999999,0.0,1639.9085,1563.0,1589.0,1614.0,1640.0,1666.0,1690.0,1718.0249999999999,0.0,554.4065,511.0,525.0,538.0,554.0,569.0,585.0,600.0,0.0
validation,2025-04-07,18,110,24630,70.579,10.0,21.0,37.0,61.0,93.25,134.0,190.0,0.0,249.2785,218.0,229.0,238.0,249.0,260.25,269.0,281.0,0.0,69.969,54.0,60.0,64.0,70.0,76.0,81.0,87.0,0.0
validation,2025-04-07,19,1318,24630,1340.68,997.975,1098.0,1209.0,1323.0,1471.0,1596.1000000000001,1756.0499999999997,0.0,1459.169,1391.0,1414.0,1434.0,1458.0,1484.0,1507.0,1531.0,0.0,1341.054,1272.0,1297.0,1317.0,1341.0,1364.0,1385.1000000000001,1409.0,0.0
validation,2025-04-07,20,13,24630,14.0715,0.0,0.0,1.0,6.0,18.0,39.0,76.0,0.0,77.7365,61.0,66.0,72.0,78.0,84.0,89.0,96.0,0.0,13.377,7.0,9.0,11.0,13.0,16.0,18.0,20.024999999999864,0.0
validation,2025-04-07,21,134,24630,112.9945,27.0,45.0,70.0,103.0,147.0,194.0,249.0,0.0,94.8055,76.0,82.0,88.0,94.0,101.0,108.0,116.0,0.0,110.864,91.0,98.0,104.0,111.0,118.0,124.0,132.0,0.0
validation,2025-04-07,22,239,24630,250.135,110.975,147.0,188.0,240.0,304.0,359.0,452.02499999999986,0.0,297.628,262.0,274.9,285.0,298.0,310.0,321.0,334.0,0.0,253.6155,221.0,233.0,243.0,254.0,264.0,274.0,284.0,0.0
validation,2025-04-07,23,155,24630,163.39,54.975,83.0,113.0,153.0,204.0,257.0,335.02499999999986,0.0,147.671,124.0,132.0,139.0,147.0,156.0,163.0,172.0,0.0,163.2225,140.0,147.0,155.0,163.0,171.0,179.0,188.0,0.0
validation,2025-04-07,24,100,24630,163.5825,54.0,81.0,113.0,155.0,204.0,256.0,321.02499999999986,0.0,223.881,194.0,205.0,213.0,224.0,234.0,244.0,254.0,0.0,164.7635,140.0,148.0,156.0,164.0,173.0,182.0,191.0,0.0
validation,2025-04-07,25,217,24630,267.5415,126.0,160.9,202.0,257.0,317.0,387.10000000000014,478.02499999999986,0.0,328.282,294.0,305.0,316.0,328.0,341.0,352.0,364.0,0.0,269.7215,239.0,249.0,259.0,269.0,280.0,290.0,303.0,0.0
validation,2025-04-07,26,147,24630,125.237,33.0,55.0,80.0,115.0,159.0,208.0,268.09999999999945,0.0,260.33,228.0,240.0,249.0,260.0,271.0,281.0,292.0,0.0,126.3045,105.0,112.0,119.0,126.0,134.0,140.0,147.0,0.0
validation,2025-04-07,27,11,24630,35.424,1.0,4.0,11.0,25.0,49.0,81.0,129.02499999999986,0.0,185.038,159.0,168.0,176.0,185.0,194.0,203.0,212.0,0.0,34.8025,24.0,27.0,31.0,35.0,39.0,42.0,47.0,0.0
validation,2025-04-07,28,208,24630,161.905,53.975,81.0,110.0,150.0,201.0,262.0,329.02499999999986,0.0,160.1975,135.975,144.0,151.0,160.0,169.0,177.0,187.02499999999986,0.0,161.419,137.0,145.0,152.0,161.0,170.0,178.0,186.0,0.0
validation,2025-04-07,29,281,24630,323.0125,163.975,203.0,250.0,313.0,381.0,459.10000000000014,545.0749999999996,0.0,210.496,184.0,191.0,200.0,210.0,220.0,230.0,239.0,0.0,321.9385,287.0,299.0,310.0,322.0,334.0,345.0,359.0,0.0
validation,2025-04-07,30,399,24630,366.4375,189.0,240.0,290.75,356.0,436.0,508.10000000000014,599.0499999999997,0.0,497.556,455.0,468.0,482.0,497.0,513.0,526.0,543.0,0.0,368.4335,331.0,345.0,356.0,369.0,381.0,392.0,404.0,0.0
validation,2025-04-07,31,336,24630,327.206,168.0,209.0,258.0,318.0,386.0,455.10000000000014,550.0499999999997,0.0,185.308,159.0,167.9,176.0,185.0,194.0,204.0,214.0,0.0,332.3555,297.0,309.0,320.0,332.0,345.0,355.0,368.0,0.0
validation,2025-04-07,32,41,24630,41.822,3.0,7.0,16.0,32.0,58.0,89.0,136.0,0.0,208.631,180.0,190.0,199.0,208.0,219.0,228.0,238.0,0.0,41.483,30.0,33.0,37.0,41.0,46.0,50.0,54.0,0.0
validation,2025-04-07,33,20,24630,19.9535,0.0,1.0,3.0,12.0,28.0,50.100000000000136,85.0,0.0,163.2765,139.0,147.0,154.75,163.0,172.0,180.0,189.0,0.0,20.5245,12.0,15.0,17.0,20.0,24.0,26.0,30.0,0.0
validation,2025-04-07,34,52,24630,66.985,9.0,20.0,34.0,56.0,91.0,129.10000000000014,174.0,0.0,150.699,127.0,135.0,142.0,150.0,159.0,167.0,176.0,0.0,68.999,53.0,58.0,63.0,69.0,75.0,80.0,86.0,0.0
validation,2025-04-07,35,7,24630,10.998,0.0,0.0,0.0,3.0,13.0,32.0,69.0,0.0,66.8695,51.0,56.0,61.0,67.0,72.0,78.0,83.0,0.0,10.916,5.0,7.0,9.0,11.0,13.0,15.0,18.0,0.0
validation,2025-04-07,36,813,24630,969.5125,660.95,756.0,850.0,961.0,1086.0,1193.1000000000001,1323.0249999999999,0.0,1236.5615,1170.975,1193.0,1214.0,1237.0,1259.0,1280.0,1305.0,0.0,968.1795,909.0,930.0,948.0,968.0,988.0,1007.0,1027.0,0.0
validation,2025-04-07,37,49,24630,39.3985,1.9750000000000014,6.0,14.0,30.0,55.0,87.10000000000014,133.02499999999986,0.0,144.2915,121.0,129.0,136.0,144.0,152.0,159.0,169.0,0.0,39.031,27.0,31.0,35.0,39.0,43.0,47.0,51.0,0.0
validation,2025-04-07,38,138,24630,204.588,84.975,113.0,146.0,194.0,253.0,309.0,387.02499999999986,0.0,145.5175,122.0,129.0,137.0,145.0,154.0,162.0,171.0,0.0,201.208,174.0,183.0,192.0,201.0,211.0,219.0,228.0,0.0
validation,2025-04-07,39,178,24630,139.5885,44.0,66.0,92.0,131.0,174.25,226.0,293.02499999999986,0.0,195.443,168.975,178.0,186.0,195.0,205.0,213.0,224.0,0.0,140.795,118.0,126.0,133.0,141.0,149.0,156.0,164.0,0.0
validation,2025-04-14,0,2,24059,3.044,0.0,0.0,0.0,0.0,1.0,8.0,30.024999999999864,0.0,43.692,31.0,35.0,39.0,43.0,48.0,52.0,57.024999999999864,0.0,3.0135,0.0,1.0,2.0,3.0,4.0,5.0,7.0,0.0
validation,2025-04-14,1,345,24059,127.4685,35.975,55.900000000000006,82.0,117.0,163.0,215.0,277.0499999999997,0.0,135.2285,113.0,120.0,127.0,135.0,143.0,151.0,158.0,0.0,126.7005,106.0,113.0,119.0,127.0,134.0,141.0,149.0,0.0
validation,2025-04-14,2,602,24059,554.6245,320.975,397.0,465.0,543.0,637.0,732.1000000000001,843.0,0.0,191.723,164.975,174.0,182.0,191.0,201.0,210.0,220.0,0.0,549.135,504.975,519.0,534.0,549.0,565.0,579.0,595.0,0.0
validation,2025-04-14,3,2820,24059,2973.0925,2430.95,2605.0,2787.0,2974.0,3158.0,3333.2000000000003,3524.2249999999985,0.0,799.2865,744.0,763.0,780.0,799.0,819.0,836.0,855.0249999999999,0.0,2979.6425,2882.0,2913.0,2945.0,2980.0,3013.0,3045.0,3080.0249999999996,0.0
validation,2025-04-14,4,208,24059,147.844,49.0,74.0,101.0,138.0,184.25,235.0,303.0,0.0,300.327,265.0,277.0,289.0,300.0,313.0,323.0,336.0,0.0,148.9415,127.0,134.0,141.0,149.0,157.0,165.0,173.0,0.0
validation,2025-04-14,5,277,24059,246.3745,107.975,144.0,183.0,237.0,299.25,361.0,443.02499999999986,0.0,213.429,186.0,195.0,203.0,213.0,223.0,232.0,243.0,0.0,248.7715,219.0,229.0,238.0,249.0,259.0,268.0,279.0,0.0
validation,2025-04-14,6,268,24059,269.184,122.0,165.0,205.75,259.0,321.0,393.0,462.09999999999945,0.0,310.796,275.0,288.0,298.0,310.0,323.0,334.0,347.0,0.0,271.594,241.0,251.0,261.0,271.0,282.0,292.0,303.0,0.0
validation,2025-04-14,7,201,24059,205.2685,82.0,113.0,147.0,193.0,252.0,313.0,383.02499999999986,0.0,259.9015,229.0,240.0,249.0,259.0,271.0,281.0,292.0,0.0,203.908,176.975,186.0,195.0,204.0,213.0,222.0,233.0,0.0
validation,2025-04-14,8,1857,24059,1906.1205,1485.95,1618.0,1745.75,1902.0,2058.25,2204.0,2367.124999999999,0.0,2702.3195,2608.0,2639.0,2667.0,2702.0,2738.25,2765.0,2795.0249999999996,0.0,1903.2835,1821.0,1849.0,1874.0,1903.0,1931.0,1957.0,1987.0,0.0
validation,2025-04-14,9,19,24059,14.9075,0.0,0.0,2.0,7.0,20.0,40.0,77.02499999999986,0.0,60.35,46.0,51.0,55.0,60.0,65.0,70.0,77.0,0.0,15.653,9.0,11.0,13.0,15.0,18.0,21.0,24.0,0.0
validation,2025-04-14,10,274,24059,192.78,71.0,104.0,137.0,183.0,237.0,293.0,368.0749999999996,0.0,206.8325,179.0,189.0,197.0,207.0,216.0,225.0,234.0,0.0,190.5305,164.0,173.0,181.0,190.0,200.0,208.0,219.0,0.0
validation,2025-04-14,11,1389,24059,1417.159,1054.975,1168.9,1281.0,1400.0,1549.0,1682.0,1830.1249999999993,0.0,2191.294,2105.0,2136.0,2163.0,2191.0,2220.0,2247.1000000000004,2275.0,0.0,1417.218,1344.0,1373.0,1392.0,1416.0,1442.0,1465.0,1490.0,0.0
validation,2025-04-14,12,1417,24059,1660.116,1245.875,1397.9,1507.75,1652.0,1800.0,1955.1000000000001,2099.0999999999995,0.0,1946.0535,1861.975,1892.0,1917.0,1946.0,1975.0,2000.0,2029.0249999999999,0.0,1656.456,1580.0,1605.0,1630.0,1657.0,1682.0,1707.0,1734.0,0.0
validation,2025-04-14,13,2105,24059,1999.2055,1564.9,1712.9,1838.75,1988.0,2150.0,2299.0,2487.0,0.0,2195.1035,2106.0,2138.0,2164.0,2196.0,2224.0,2252.0,2286.0,0.0,1990.9775,1906.0,1938.9,1962.0,1990.5,2019.0,2048.0,2075.0,0.0
validation,2025-04-14,14,6784,24059,6544.1615,5825.975,6050.0,6295.0,6540.0,6796.0,7030.200000000001,7297.0,0.0,3982.335,3870.0,3905.0,3943.0,3982.0,4022.0,4058.0,4092.0249999999996,0.0,6545.8045,6410.975,6455.0,6498.0,6548.0,6595.0,6634.0,6681.0,0.0
validation,2025-04-14,15,35,24059,31.6435,1.0,3.0,9.0,22.0,44.25,73.0,110.02499999999986,0.0,171.5645,147.0,155.0,163.0,171.0,181.0,188.0,198.0,0.0,31.675,22.0,25.0,28.0,31.0,35.0,39.0,44.0,0.0
validation,2025-04-14,16,197,24059,205.884,79.0,114.0,150.0,195.0,249.25,311.0,389.02499999999986,0.0,209.7975,182.0,191.0,200.0,210.0,219.25,228.0,240.0,0.0,203.904,175.0,185.0,194.0,204.0,214.0,223.0,232.0,0.0
validation,2025-04-14,17,486,24059,518.31,300.975,369.9,431.0,506.0,594.0,683.1000000000001,785.0749999999996,0.0,1603.1785,1525.975,1552.0,1578.0,1603.0,1630.25,1654.1000000000001,1681.0249999999999,0.0,519.7995,477.0,491.0,504.0,519.0,536.0,549.0,565.0,0.0
validation,2025-04-14,18,120,24059,80.4065,13.975000000000001,27.0,43.0,71.0,106.0,148.10000000000014,200.0,0.0,243.7235,213.0,224.0,233.0,243.0,254.0,263.0,275.02499999999986,0.0,80.1245,63.0,69.0,74.0,80.0,86.0,91.0,98.02499999999986,0.0
validation,2025-04-14,19,1260,24059,1291.9995,943.975,1047.0,1151.0,1288.0,1410.0,1547.0,1699.0,0.0,1426.0735,1355.975,1379.9,1401.0,1426.0,1450.0,1471.0,1498.0249999999999,0.0,1290.66,1224.0,1246.0,1266.0,1291.0,1314.0,1333.1000000000001,1360.0,0.0
validation,2025-04-14,20,9,24059,13.006,0.0,0.0,1.0,5.0,17.0,37.0,69.0,0.0,75.8795,59.0,65.0,70.0,76.0,81.0,87.0,93.0,0.0,13.502,7.0,9.0,11.0,13.0,16.0,18.0,21.0,0.0
validation,2025-04-14,21,97,24059,122.1,32.0,52.0,76.75,113.0,156.0,208.10000000000014,267.0,0.0,92.912,75.0,81.0,86.75,93.0,99.0,105.0,113.0,0.0,123.648,102.0,110.0,116.0,124.0,131.0,138.0,145.0,0.0
validation,2025-04-14,22,286,24059,252.954,110.0,152.9,193.0,241.0,304.0,370.0,448.0499999999997,0.0,290.3475,257.0,268.0,279.0,290.0,302.0,313.0,324.0,0.0,258.4865,229.0,239.0,248.0,258.0,269.0,279.0,289.0,0.0
validation,2025-04-14,23,145,24059,161.1975,57.0,81.0,112.0,153.0,202.0,250.10000000000014,314.0749999999996,0.0,144.726,122.0,129.0,136.0,144.0,153.0,161.0,170.0,0.0,164.7455,140.0,149.0,156.0,165.0,173.0,181.0,190.0,0.0
validation,2025-04-14,24,71,24059,148.771,46.975,73.0,101.0,141.0,184.0,236.0,300.0,0.0,218.9655,189.0,199.0,209.0,219.0,229.0,237.0,249.0,0.0,150.8675,127.0,135.0,143.0,151.0,159.0,167.0,175.0,0.0
validation,2025-04-14,25,121,24059,258.8935,116.0,150.0,195.0,250.0,310.0,378.10000000000014,475.02499999999986,0.0,320.471,285.0,297.0,309.0,321.0,333.0,343.0,354.0,0.0,257.488,225.0,237.0,247.0,257.0,268.0,279.0,288.0,0.0
validation,2025-04-14,26,124,24059,124.793,35.0,55.0,80.0,116.0,162.0,206.0,263.0499999999997,0.0,253.79,222.0,233.9,243.0,254.0,264.25,275.0,287.0,0.0,124.3385,103.0,110.0,116.0,124.0,132.0,139.0,147.0,0.0
validation,2025-04-14,27,19,24059,30.778,1.0,3.0,9.0,21.0,42.0,70.0,109.02499999999986,0.0,180.59,155.0,164.0,172.0,180.0,189.0,198.0,208.0,0.0,30.904,20.0,24.0,27.0,31.0,35.0,38.0,42.0,0.0
validation,2025-04-14,28,209,24059,189.758,71.975,104.0,135.0,180.0,233.0,290.0,369.0499999999997,0.0,156.7095,132.0,140.9,148.0,157.0,165.0,174.0,182.02499999999986,0.0,189.8545,164.0,173.0,181.0,190.0,199.0,208.0,219.0,0.0
validation,2025-04-14,29,376,24059,336.215,172.0,220.0,268.75,325.0,396.0,469.0,562.0,0.0,205.527,177.0,187.0,196.0,205.0,215.0,224.0,234.02499999999986,0.0,339.3195,303.0,316.0,326.0,339.0,352.0,363.0,377.0,0.0
validation,2025-04-14,30,416,24059,376.11,193.95,244.0,299.0,366.0,443.0,520.1000000000001,607.0499999999997,0.0,485.954,443.0,457.0,471.0,486.0,501.0,514.0,530.0,0.0,372.9925,335.0,348.0,360.0,373.0,386.0,397.0,411.0,0.0
validation,2025-04-14,31,321,24059,329.084,163.95,211.0,257.0,320.0,391.0,463.10000000000014,542.0749999999996,0.0,180.84,155.0,165.0,172.0,180.0,190.0,198.0,207.0,0.0,329.2165,294.0,306.0,317.0,329.0,341.0,353.0,365.0,0.0
validation,2025-04-14,32,23,24059,41.0855,2.0,7.0,15.0,32.0,56.0,88.10000000000014,133.0,0.0,204.3025,176.0,186.0,195.0,204.0,214.0,223.0,233.0,0.0,41.4135,29.0,33.0,37.0,41.0,46.0,50.0,54.0,0.0
validation,2025-04-14,33,9,24059,19.995,0.0,1.0,3.0,11.0,28.0,51.0,91.02499999999986,0.0,158.9195,134.0,143.0,150.0,159.0,167.0,175.0,184.02499999999986,0.0,19.926,12.0,14.0,17.0,20.0,23.0,26.0,29.0,0.0
validation,2025-04-14,34,6,24059,65.585,9.0,19.0,34.0,56.0,87.0,125.0,177.04999999999973,0.0,147.1675,124.0,132.0,139.0,147.0,155.0,162.0,171.0,0.0,64.5395,49.0,55.0,59.0,64.0,70.0,75.0,80.0,0.0
validation,2025-04-14,35,10,24059,9.7665,0.0,0.0,0.0,3.0,12.0,28.0,62.0,0.0,65.0855,49.0,55.0,60.0,65.0,71.0,75.0,80.02499999999986,0.0,9.5225,4.0,6.0,7.0,9.0,11.0,13.0,16.0,0.0
validation,2025-04-14,36,819,24059,813.5195,549.0,622.0,707.75,802.0,911.0,1017.1000000000001,1137.0499999999997,0.0,1209.7305,1145.0,1167.0,1189.0,1209.0,1232.0,1254.0,1276.0,0.0,814.7595,758.975,778.0,796.0,814.0,835.0,850.0,872.0,0.0
validation,2025-04-14,37,36,24059,41.211,2.0,7.0,15.75,32.0,56.0,88.0,132.04999999999973,0.0,140.7715,118.0,126.0,132.0,140.0,149.0,156.0,164.0,0.0,40.941,29.0,33.0,37.0,41.0,45.0,49.0,54.0,0.0
validation,2025-04-14,38,139,24059,172.0235,64.0,92.0,119.75,161.0,213.25,270.0,335.02499999999986,0.0,142.2525,119.0,127.0,134.0,142.0,150.0,159.0,167.0,0.0,174.216,149.0,158.0,165.0,174.0,183.0,191.0,200.0,0.0
validation,2025-04-14,39,157,24059,162.56,52.0,80.9,111.0,154.0,203.0,257.0,327.0,0.0,191.0495,164.0,174.0,181.0,191.0,200.0,209.0,220.0,0.0,160.5265,138.0,145.0,152.0,160.0,168.0,177.0,186.0,0.0
validation,2025-04-21,0,2,24459,2.8025,0.0,0.0,0.0,0.0,1.0,8.0,29.0,0.0,44.866,32.0,36.0,40.0,45.0,49.0,54.0,59.0,0.0,2.8245,0.0,1.0,2.0,3.0,4.0,5.0,6.0,0.0
validation,2025-04-21,1,182,24459,196.992,77.0,107.0,143.0,188.0,242.0,299.0,366.02499999999986,0.0,137.348,115.975,122.0,129.0,137.0,145.0,152.0,161.0,0.0,201.3785,176.0,183.0,192.0,201.0,211.0,219.0,229.0,0.0
validation,2025-04-21,2,606,24459,563.344,329.975,399.0,469.0,557.5,646.25,739.0,832.0999999999995,0.0,194.3655,166.975,176.0,185.0,195.0,204.0,212.0,222.0,0.0,566.546,523.0,537.0,550.0,566.0,582.0,598.0,612.0,0.0
validation,2025-04-21,3,2803,24459,3042.437,2489.95,2680.8,2841.0,3037.5,3229.0,3410.2000000000003,3642.0249999999996,0.0,811.1925,755.975,775.0,792.0,811.0,830.25,847.0,868.0,0.0,3038.205,2935.975,2971.0,3001.75,3039.0,3073.0,3107.0,3139.0,0.0
validation,2025-04-21,4,150,24459,164.7275,54.0,81.0,113.0,155.0,206.0,262.0,332.02499999999986,0.0,305.019,272.0,282.0,293.0,304.0,318.0,329.0,338.02499999999986,0.0,165.152,141.0,149.9,157.0,165.0,174.0,182.0,192.0,0.0
validation,2025-04-21,5,299,24459,259.515,116.0,156.9,195.0,248.0,312.0,380.0,459.02499999999986,0.0,216.7375,189.0,198.0,207.0,216.0,227.0,235.0,245.0,0.0,257.4865,227.0,237.0,247.0,257.0,268.0,278.0,290.0,0.0
validation,2025-04-21,6,209,24459,260.528,116.975,152.0,196.0,249.0,313.0,384.0,469.0,0.0,314.7085,281.0,292.0,302.0,315.0,327.0,337.0,350.02499999999986,0.0,263.3005,232.0,243.0,252.0,263.0,274.0,284.0,296.0,0.0
validation,2025-04-21,7,291,24459,217.239,89.0,122.0,161.0,209.0,266.0,322.0,388.0,0.0,264.217,232.0,243.0,253.0,264.0,275.0,285.0,297.0,0.0,217.9965,189.0,199.0,208.0,217.0,228.0,237.0,249.0,0.0
validation,2025-04-21,8,1951,24459,1907.1375,1469.975,1607.8,1743.0,1903.0,2063.0,2218.0,2375.0,0.0,2746.1125,2649.0,2685.0,2713.0,2745.5,2779.0,2809.0,2841.0,0.0,1903.049,1820.0,1848.0,1874.0,1904.0,1931.0,1958.0,1985.0,0.0
validation,2025-04-21,9,9,24459,16.436,0.0,0.0,2.0,8.0,22.0,43.0,75.02499999999986,0.0,61.167,47.0,51.0,56.0,61.0,67.0,71.0,76.0,0.0,16.9185,9.0,12.0,14.0,17.0,20.0,22.0,25.0,0.0
validation,2025-04-21,10,243,24459,215.856,89.0,121.0,158.0,207.5,261.25,320.10000000000014,403.02499999999986,0.0,209.8335,182.0,191.0,200.0,210.0,219.25,228.0,239.0,0.0,215.202,187.0,197.0,205.0,215.0,225.0,234.0,244.0,0.0
validation,2025-04-21,11,1356,24459,1456.533,1081.95,1196.0,1307.0,1449.0,1589.25,1725.0,1922.0,0.0,2226.9625,2139.0,2170.0,2198.0,2226.5,2257.0,2286.0,2311.0249999999996,0.0,1454.5815,1381.0,1406.0,1430.0,1455.0,1480.0,1503.0,1529.0,0.0
validation,2025-04-21,12,1760,24459,1606.497,1227.0,1348.9,1462.75,1599.0,1738.0,1878.2000000000003,2044.0499999999997,0.0,1978.9945,1892.975,1924.0,1951.0,1979.0,2007.0,2034.0,2065.0,0.0,1606.828,1532.0,1558.0,1582.0,1607.0,1633.0,1654.0,1681.0,0.0
validation,2025-04-21,13,2306,24459,2025.4875,1585.975,1736.9,1870.0,2018.5,2176.5,2324.0,2511.0249999999996,0.0,2232.307,2141.0,2173.0,2202.0,2232.0,2262.25,2292.0,2324.0,0.0,2029.0395,1946.975,1973.0,2002.0,2028.0,2057.0,2086.0,2115.0249999999996,0.0
validation,2025-04-21,14,6398,24459,6757.8995,5984.975,6272.9,6503.5,6756.5,7022.0,7246.1,7502.025,0.0,4052.8785,3939.0,3976.0,4010.0,4053.0,4093.25,4134.0,4166.025,0.0,6763.252,6625.0,6670.9,6716.0,6764.0,6812.0,6853.0,6898.049999999999,0.0
validation,2025-04-21,15,41,24459,34.699,1.0,5.0,12.0,26.0,48.0,77.0,115.02499999999986,0.0,173.686,149.0,157.0,164.0,173.0,183.0,191.0,200.0,0.0,33.495,23.0,26.0,30.0,33.0,37.0,41.0,45.0,0.0
validation,2025-04-21,16,254,24459,204.8915,77.0,113.0,150.0,195.0,248.0,308.10000000000014,389.0499999999997,0.0,213.1225,184.0,194.0,203.0,213.0,223.0,232.0,241.0,0.0,206.2735,178.0,188.0,197.0,207.0,216.0,224.0,234.0,0.0
validation,2025-04-21,17,460,24459,518.453,311.975,373.0,431.0,509.0,599.0,679.0,770.0499999999997,0.0,1629.98,1555.0,1579.0,1605.0,1631.0,1656.0,1679.0,1707.0,0.0,520.3145,476.0,492.0,505.0,520.0,535.0,549.1000000000001,565.0,0.0
validation,2025-04-21,18,59,24459,91.191,17.0,32.0,52.0,81.0,118.0,163.0,224.0,0.0,247.798,217.0,228.0,238.0,248.0,258.0,268.0,279.0,0.0,93.228,75.0,81.0,87.0,93.0,100.0,106.0,113.0,0.0
validation,2025-04-21,19,1384,24459,1304.2295,923.975,1061.0,1166.0,1298.5,1437.0,1554.1000000000001,1701.0249999999999,0.0,1450.7125,1378.975,1405.0,1425.0,1449.0,1476.0,1498.0,1525.0,0.0,1300.816,1233.0,1257.0,1277.0,1301.0,1324.0,1346.0,1370.0249999999999,0.0
validation,2025-04-21,20,8,24459,13.6045,0.0,0.0,1.0,5.0,18.0,38.0,70.0,0.0,77.186,61.0,66.0,71.0,77.0,83.0,89.0,95.0,0.0,13.529,7.0,9.0,11.0,13.0,16.0,18.0,21.0,0.0
validation,2025-04-21,21,76,24459,112.508,28.975,48.0,70.75,102.0,144.0,188.10000000000014,248.02499999999986,0.0,94.151,75.0,81.0,87.0,94.0,101.0,107.0,114.0,0.0,114.687,95.0,101.0,107.75,114.0,122.0,128.0,136.0,0.0
validation,2025-04-21,22,262,24459,250.668,105.0,145.0,186.0,240.0,304.0,372.10000000000014,458.02499999999986,0.0,295.5415,261.0,274.0,284.0,295.0,307.0,318.0,329.0,0.0,252.5425,223.0,232.0,241.0,253.0,263.0,273.0,284.02499999999986,0.0
validation,2025-04-21,23,136,24459,158.4695,52.975,77.0,106.75,149.0,199.25,253.0,315.0,0.0,146.967,124.0,132.0,138.0,147.0,155.0,163.0,171.0,0.0,156.9125,133.0,141.0,148.0,157.0,165.0,173.0,181.0,0.0
validation,2025-04-21,24,154,24459,111.4295,28.0,47.0,68.0,102.0,144.0,192.0,245.0749999999996,0.0,222.24,193.0,203.0,212.0,222.0,233.0,241.10000000000014,252.0,0.0,110.231,90.0,96.0,103.0,110.0,117.0,124.0,132.0,0.0
validation,2025-04-21,25,133,24459,224.6045,95.0,128.9,165.0,215.0,270.25,336.0,421.0,0.0,325.686,293.0,304.0,313.0,325.0,338.0,349.0,362.0,0.0,223.0755,192.0,204.0,214.0,223.0,233.0,242.0,251.0,0.0
validation,2025-04-21,26,130,24459,131.7865,37.0,57.0,84.0,122.0,168.0,215.0,286.02499999999986,0.0,258.385,225.0,237.0,247.0,258.0,270.0,279.0,292.0,0.0,129.0695,107.0,115.0,121.0,129.0,137.0,144.0,152.0,0.0
validation,2025-04-21,27,28,24459,27.8715,0.0,2.0,8.0,19.0,40.0,66.0,100.02499999999986,0.0,184.049,158.0,167.0,175.0,184.0,193.0,202.0,212.0,0.0,27.895,18.0,21.0,24.0,28.0,31.0,35.0,39.0,0.0
validation,2025-04-21,28,152,24459,223.7955,89.0,125.0,164.0,215.0,272.0,338.0,408.0499999999997,0.0,159.3565,135.0,143.0,151.0,159.0,168.0,175.0,184.0,0.0,223.7655,195.0,205.0,214.0,224.0,233.25,243.0,253.0,0.0
validation,2025-04-21,29,323,24459,334.3585,163.0,212.0,269.0,328.0,390.0,462.0,542.0,0.0,209.3915,183.0,191.0,199.0,209.5,219.0,228.0,238.02499999999986,0.0,332.957,297.0,309.0,320.0,333.0,345.0,358.0,371.0,0.0
validation,2025-04-21,30,523,24459,389.719,207.975,260.0,312.75,377.5,456.0,535.1000000000001,626.0,0.0,494.0695,450.0,465.0,479.0,494.0,509.0,523.0,537.0,0.0,389.423,353.0,364.0,375.75,389.0,403.0,415.0,428.0,0.0
validation,2025-04-21,31,388,24459,337.0515,159.975,209.9,262.0,330.5,402.25,477.10000000000014,556.0,0.0,184.643,158.0,167.0,175.0,185.0,194.0,202.0,212.0,0.0,335.326,300.0,311.9,323.0,335.0,347.0,359.0,370.0,0.0
validation,2025-04-21,32,69,24459,37.1335,1.0,5.0,12.0,27.0,52.0,84.0,122.04999999999973,0.0,207.088,179.0,189.0,197.0,207.0,217.0,225.10000000000014,235.02499999999986,0.0,36.639,25.0,29.0,32.0,36.0,41.0,45.0,49.0,0.0
validation,2025-04-21,33,14,24459,18.8105,0.0,0.0,3.0,10.0,25.0,51.0,87.0,0.0,162.1505,136.0,145.0,154.0,162.0,171.0,179.0,187.0,0.0,18.5645,11.0,13.0,16.0,18.0,21.0,24.0,27.0,0.0
validation,2025-04-21,34,13,24459,53.7025,5.0,12.0,24.0,44.5,74.0,108.10000000000014,156.02499999999986,0.0,149.032,125.0,133.0,141.0,149.0,158.0,165.0,173.0,0.0,54.3345,41.0,45.0,49.0,54.0,59.0,64.0,70.0,0.0
validation,2025-04-21,35,4,24459,9.2835,0.0,0.0,0.0,3.0,10.0,27.0,55.0,0.0,66.5065,50.0,56.0,61.0,66.0,72.0,77.0,83.0,0.0,9.82,4.0,6.0,8.0,10.0,12.0,14.0,17.0,0.0
validation,2025-04-21,36,857,24459,796.648,529.0,612.0,690.0,786.5,896.0,994.1000000000001,1106.0249999999999,0.0,1227.96,1163.0,1183.0,1204.0,1228.0,1252.0,1272.0,1295.0,0.0,794.4415,741.0,760.0,775.0,795.0,813.0,830.0,848.0,0.0
validation,2025-04-21,37,59,24459,45.336,2.0,8.0,17.0,36.0,62.0,96.0,142.0,0.0,143.354,120.0,128.0,135.0,143.0,151.0,159.0,167.02499999999986,0.0,45.272,32.0,37.0,41.0,45.0,50.0,54.0,59.0,0.0
validation,2025-04-21,38,135,24459,166.392,55.0,79.0,112.0,158.0,209.0,264.0,327.0499999999997,0.0,144.786,121.0,129.0,136.0,145.0,153.0,160.0,169.0,0.0,165.98,142.0,149.0,158.0,166.0,175.0,183.0,191.0,0.0
validation,2025-04-21,39,232,24459,168.932,57.0,83.0,116.0,161.0,212.0,261.0,332.02499999999986,0.0,194.4485,166.0,177.0,185.0,195.0,203.0,212.0,221.02499999999986,0.0,168.648,144.0,153.0,160.0,169.0,177.0,185.0,193.02499999999986,0.0
validation,2025-04-28,0,1,23828,1.196,0.0,0.0,0.0,0.0,0.0,1.0,13.0,0.0,43.6885,31.0,35.0,39.0,43.0,48.0,52.0,58.0,0.0,1.2195,0.0,0.0,0.0,1.0,2.0,3.0,4.0,0.0
validation,2025-04-28,1,230,23828,219.2105,92.0,123.9,162.0,207.0,264.0,331.10000000000014,410.02499999999986,0.0,134.18,112.0,119.0,126.0,134.0,142.0,149.0,157.0,0.0,218.2055,190.0,199.0,208.0,218.0,228.0,238.0,248.0,0.0
validation,2025-04-28,2,467,23828,540.8,326.0,390.9,454.75,532.0,618.0,703.1000000000001,806.1249999999993,0.0,190.09,163.0,172.0,180.0,190.0,200.0,208.0,217.02499999999986,0.0,539.612,494.0,511.0,524.0,540.0,555.0,569.0,584.0,0.0
validation,2025-04-28,3,2978,23828,2915.4525,2364.875,2549.9,2716.5,2910.5,3106.25,3289.0,3529.0499999999997,0.0,790.8995,736.0,755.0,772.0,791.0,809.0,827.0,848.0,0.0,2914.1215,2820.0,2850.0,2880.0,2913.0,2948.0,2981.0,3015.0,0.0
validation,2025-04-28,4,76,23828,165.682,59.975,88.0,118.0,157.0,203.25,258.0,326.0,0.0,297.1065,262.0,275.0,286.0,297.0,309.0,319.0,332.0,0.0,168.9135,144.0,153.0,160.75,169.0,177.0,185.0,194.0,0.0
validation,2025-04-28,5,249,23828,272.7515,122.975,166.0,209.0,263.0,324.25,391.10000000000014,469.0499999999997,0.0,211.7445,183.0,192.0,202.0,211.0,221.0,231.0,241.0,0.0,273.876,242.0,253.0,263.0,273.0,285.0,295.0,306.0,0.0
validation,2025-04-28,6,203,23828,238.2995,103.92500000000001,139.0,179.0,228.0,287.25,351.0,434.02499999999986,0.0,307.973,273.0,284.9,296.0,308.0,320.0,330.0,344.02499999999986,0.0,238.2695,210.0,220.0,227.0,238.0,248.0,258.0,268.0,0.0
validation,2025-04-28,7,236,23828,227.976,94.0,126.9,166.0,219.0,277.25,338.0,424.0,0.0,257.458,227.0,237.0,247.0,257.0,268.0,278.0,288.0,0.0,225.567,197.0,206.0,215.0,226.0,236.0,245.0,255.0,0.0
validation,2025-04-28,8,1979,23828,1871.483,1457.0,1593.0,1713.75,1863.0,2021.0,2168.0,2324.124999999999,0.0,2676.168,2577.975,2613.0,2642.0,2676.0,2710.0,2741.1000000000004,2775.0,0.0,1863.7185,1785.975,1812.0,1834.0,1863.0,1892.0,1918.0,1948.0,0.0
validation,2025-04-28,9,14,23828,11.555,0.0,0.0,0.0,4.0,15.0,32.0,69.02499999999986,0.0,59.8745,45.0,50.0,54.0,60.0,65.0,70.0,76.0,0.0,11.4075,5.0,7.0,9.0,11.0,14.0,16.0,18.0,0.0
validation,2025-04-28,10,225,23828,236.9815,106.0,138.9,176.0,227.5,289.0,347.0,418.0,0.0,204.21,177.975,186.0,194.0,204.0,214.0,223.0,232.0,0.0,234.379,206.0,215.0,224.0,234.0,244.0,254.0,264.0,0.0
validation,2025-04-28,11,1296,23828,1371.5405,1016.975,1131.0,1245.75,1365.0,1491.0,1617.1000000000001,1757.0499999999997,0.0,2171.1515,2081.0,2113.0,2140.0,2171.0,2201.0,2229.0,2261.0,0.0,1371.3925,1302.0,1326.9,1346.0,1372.0,1395.0,1418.0,1442.0,0.0
validation,2025-04-28,12,1769,23828,1568.0885,1195.825,1313.0,1425.0,1565.0,1700.0,1833.0,1996.0999999999995,0.0,1928.878,1846.0,1874.0,1900.0,1929.0,1958.0,1982.0,2010.0499999999997,0.0,1569.8465,1494.0,1521.9,1545.0,1569.0,1595.0,1619.0,1644.0,0.0
validation,2025-04-28,13,2147,23828,2086.71,1632.875,1776.0,1918.0,2081.0,2243.0,2406.0,2585.2499999999986,0.0,2171.879,2083.0,2114.0,2139.0,2171.0,2204.0,2230.0,2260.0,0.0,2079.8375,1993.975,2023.0,2050.0,2080.0,2109.0,2136.0,2164.0,0.0
validation,2025-04-28,14,6753,23828,6516.2325,5808.975,6040.0,6271.0,6511.0,6765.0,6984.0,7229.0,0.0,3947.4165,3833.975,3869.9,3907.0,3948.0,3987.0,4023.0,4065.0,0.0,6525.6745,6396.0,6437.0,6478.0,6524.5,6573.0,6614.0,6660.0,0.0
validation,2025-04-28,15,45,23828,34.1405,1.0,4.0,11.0,25.0,46.0,77.10000000000014,119.0,0.0,169.224,144.0,153.0,160.0,169.0,178.0,186.0,195.0,0.0,34.8925,24.0,27.0,31.0,35.0,39.0,43.0,47.0,0.0
validation,2025-04-28,16,237,23828,204.278,82.0,114.0,147.0,196.5,250.0,308.0,377.02499999999986,0.0,208.0045,179.0,190.0,198.0,208.0,218.0,227.0,237.0,0.0,205.912,179.0,188.0,196.0,206.0,216.0,224.0,234.0,0.0
validation,2025-04-28,17,400,23828,491.8955,287.0,348.0,409.0,480.0,566.0,653.0,759.0749999999996,0.0,1586.635,1511.975,1538.0,1562.0,1587.0,1612.0,1635.0,1663.0,0.0,491.549,449.975,464.0,477.0,492.0,506.0,519.0,533.0,0.0
validation,2025-04-28,18,64,23828,86.1935,17.0,31.0,49.0,77.0,114.0,153.0,206.0,0.0,241.2825,214.0,223.0,231.0,241.0,251.0,261.0,272.0,0.0,87.4005,70.0,75.0,81.0,87.0,94.0,99.0,106.0,0.0
validation,2025-04-28,19,1244,23828,1300.2465,949.0,1061.0,1160.0,1294.0,1430.25,1551.1000000000001,1691.0749999999996,0.0,1412.652,1346.0,1364.9,1386.0,1413.0,1438.0,1459.0,1485.0,0.0,1294.2835,1224.0,1249.0,1270.0,1295.0,1318.0,1339.0,1363.0,0.0
validation,2025-04-28,20,13,23828,10.3175,0.0,0.0,0.0,3.0,14.0,31.0,57.024999999999864,0.0,75.336,58.975,64.0,70.0,75.0,81.0,86.0,93.0,0.0,10.4145,4.975000000000001,6.0,8.0,10.0,13.0,15.0,17.0,0.0
validation,2025-04-28,21,73,23828,104.434,24.0,41.0,61.0,95.0,136.0,180.0,238.02499999999986,0.0,91.941,73.0,80.0,86.0,92.0,98.0,104.0,111.0,0.0,104.188,86.0,91.0,97.0,104.0,111.0,118.0,126.0,0.0
validation,2025-04-28,22,204,23828,239.7945,105.0,142.0,179.0,230.0,294.0,353.0,425.02499999999986,0.0,287.307,254.0,265.0,276.0,288.0,299.0,309.0,321.0,0.0,242.914,212.0,223.0,232.0,242.0,253.25,263.0,273.0,0.0
validation,2025-04-28,23,149,23828,140.389,41.0,64.9,93.0,130.0,178.0,228.10000000000014,292.0,0.0,143.0695,119.0,128.0,135.0,143.0,151.0,158.0,167.0,0.0,142.6825,119.0,127.0,135.0,142.0,151.0,159.0,167.0,0.0
validation,2025-04-28,24,78,23828,101.6815,24.0,40.0,61.0,93.0,132.0,174.0,234.0,0.0,216.6885,188.0,198.0,207.0,216.0,226.0,236.0,246.0,0.0,102.821,83.0,89.0,96.0,103.0,110.0,116.0,123.0,0.0
validation,2025-04-28,25,86,23828,176.5755,67.975,94.0,125.0,167.0,218.0,273.0,339.0,0.0,317.7575,283.975,295.0,306.0,318.0,329.0,341.0,353.0,0.0,176.473,151.0,160.0,168.0,176.0,185.0,193.0,204.0,0.0
validation,2025-04-28,26,99,23828,117.8325,32.975,53.900000000000006,75.0,108.0,149.25,196.10000000000014,263.02499999999986,0.0,251.8655,222.0,231.0,240.0,252.0,263.0,273.0,285.0,0.0,119.7725,98.0,106.0,112.0,120.0,127.0,134.0,142.0,0.0
validation,2025-04-28,27,33,23828,23.651,0.0,1.0,5.0,15.0,33.0,56.0,94.0,0.0,179.335,153.0,162.0,171.0,179.0,189.0,197.0,205.0,0.0,23.4455,15.0,17.0,20.0,23.0,27.0,30.0,34.0,0.0
validation,2025-04-28,28,172,23828,203.061,81.95,113.9,147.0,194.0,248.0,304.0,381.0499999999997,0.0,155.397,131.0,139.0,147.0,155.0,164.0,172.0,181.0,0.0,202.106,175.0,185.0,193.0,202.0,212.0,220.0,229.0,0.0
validation,2025-04-28,29,331,23828,307.855,148.0,195.0,242.0,297.0,367.0,436.0,532.0249999999999,0.0,203.7595,175.0,185.0,194.0,203.0,214.0,223.0,233.0,0.0,312.238,281.0,290.0,301.0,312.0,324.0,334.0,347.0,0.0
validation,2025-04-28,30,399,23828,424.7365,233.975,289.0,345.0,410.5,493.0,579.1000000000001,669.0249999999999,0.0,481.8935,439.0,453.9,466.0,481.0,497.0,512.0,527.0,0.0,423.4305,385.0,396.0,410.0,423.0,437.0,450.0,464.0,0.0
validation,2025-04-28,31,284,23828,350.5775,182.0,229.0,276.0,341.0,417.0,482.0,566.0499999999997,0.0,179.302,152.0,162.0,170.0,179.5,188.0,197.0,205.0,0.0,347.583,313.0,324.0,335.0,347.0,360.0,371.0,384.0,0.0
validation,2025-04-28,32,42,23828,41.3995,2.0,7.0,16.0,32.0,58.0,92.0,126.0,0.0,201.8865,174.0,183.0,192.0,202.0,212.0,221.0,230.0,0.0,41.457,29.0,34.0,37.0,41.0,46.0,50.0,54.0,0.0
validation,2025-04-28,33,9,23828,15.103,0.0,0.0,2.0,8.0,20.0,40.0,75.0,0.0,157.3545,134.0,141.0,149.0,157.0,165.0,174.0,182.0,0.0,15.3085,8.0,11.0,13.0,15.0,18.0,20.0,23.0,0.0
validation,2025-04-28,34,5,23828,29.637,0.9750000000000014,3.0,9.0,21.0,42.0,70.0,103.0,0.0,145.7025,122.0,131.0,138.0,146.0,154.0,161.0,171.0,0.0,30.1845,20.0,23.0,26.0,30.0,34.0,37.0,41.0,0.0
validation,2025-04-28,35,3,23828,8.404,0.0,0.0,0.0,2.0,9.0,25.100000000000136,54.0,0.0,64.7885,49.0,54.0,59.0,65.0,70.0,75.0,80.0,0.0,8.1,3.0,4.0,6.0,8.0,10.0,12.0,14.0,0.0
validation,2025-04-28,36,985,23828,805.8475,542.975,621.0,698.0,794.0,904.0,1000.1000000000001,1134.0,0.0,1194.779,1130.975,1150.0,1171.0,1195.0,1218.0,1240.0,1261.0249999999999,0.0,809.442,753.975,774.0,790.0,809.0,829.0,846.0,865.0249999999999,0.0
validation,2025-04-28,37,45,23828,41.6115,2.0,8.0,17.0,33.0,56.0,87.0,131.0,0.0,139.625,117.0,125.0,132.0,139.0,147.0,155.0,162.0,0.0,42.76,31.0,34.0,38.0,43.0,47.0,51.0,56.0,0.0
validation,2025-04-28,38,111,23828,147.499,47.0,71.0,99.0,138.0,185.0,235.10000000000014,301.0499999999997,0.0,140.532,117.0,125.0,133.0,140.0,148.25,156.0,165.0,0.0,146.1165,124.0,131.0,138.0,146.0,154.0,161.0,169.0,0.0
validation,2025-04-28,39,94,23828,176.88,64.0,94.0,125.0,167.0,219.0,274.0,352.0,0.0,189.1645,162.0,171.0,179.0,189.0,199.0,207.0,217.0,0.0,176.485,151.0,159.0,167.0,176.0,185.0,194.0,204.0,0.0
validation,2025-05-05,0,0,24059,1.782,0.0,0.0,0.0,0.0,0.0,3.0,22.0,0.0,43.9895,32.0,36.0,39.0,44.0,49.0,53.0,57.0,0.0,1.503,0.0,0.0,1.0,1.0,2.0,3.0,4.0,0.0
validation,2025-05-05,1,194,24059,242.0355,104.0,139.0,178.0,234.0,294.0,356.0,436.0749999999996,0.0,135.721,113.975,121.0,127.0,135.0,144.0,151.0,159.02499999999986,0.0,238.0595,207.0,218.0,227.0,238.0,248.25,258.0,268.0,0.0
validation,2025-05-05,2,502,24059,532.4165,316.0,374.0,442.75,523.0,615.0,699.1000000000001,789.0499999999997,0.0,191.467,165.0,174.0,182.0,191.0,201.0,210.0,221.0,0.0,534.868,489.0,506.0,520.0,535.0,551.0,565.0,578.0,0.0
validation,2025-05-05,3,3211,24059,2885.4105,2385.975,2541.0,2705.75,2866.0,3062.0,3226.0,3430.0,0.0,799.891,747.0,763.0,780.0,799.0,819.0,837.0,857.0,0.0,2891.967,2795.0,2830.0,2859.0,2891.0,2925.0,2955.0,2990.0249999999996,0.0
validation,2025-05-05,4,99,24059,157.2135,52.0,78.0,107.0,147.0,195.0,249.0,318.02499999999986,0.0,300.614,268.0,279.0,288.0,300.0,312.0,323.0,334.0,0.0,157.065,133.975,142.0,149.0,157.0,165.0,173.0,182.0,0.0
validation,2025-05-05,5,282,24059,269.5905,124.0,163.0,203.0,258.0,324.0,391.0,478.0,0.0,213.3435,185.0,195.0,203.0,213.0,223.0,232.10000000000014,241.0,0.0,269.3985,239.0,248.0,258.0,269.0,280.0,290.0,302.0,0.0
validation,2025-05-05,6,160,24059,229.4435,96.0,132.0,170.0,220.0,279.25,338.0,412.0,0.0,309.9,275.0,287.0,297.0,310.0,321.25,334.0,346.0,0.0,229.461,200.0,210.9,219.0,229.0,239.0,250.0,261.0,0.0
validation,2025-05-05,7,283,24059,239.1425,104.0,140.0,177.75,229.0,288.0,356.10000000000014,434.02499999999986,0.0,259.761,230.0,239.0,249.0,259.0,271.0,280.0,292.0,0.0,240.4755,211.975,221.0,230.0,240.0,251.0,260.0,270.02499999999986,0.0
validation,2025-05-05,8,2073,24059,1909.586,1497.95,1631.9,1755.0,1904.0,2055.0,2195.0,2371.0249999999996,0.0,2699.7135,2603.975,2633.0,2666.0,2699.0,2733.0,2766.0,2796.0,0.0,1903.3035,1822.0,1850.0,1875.0,1904.0,1931.0,1958.0,1981.0,0.0
validation,2025-05-05,9,2,24059,13.452,0.0,0.0,1.0,5.0,17.0,36.0,73.02499999999986,0.0,60.3945,45.0,50.0,55.0,60.0,66.0,70.0,76.0,0.0,12.9165,6.0,9.0,10.0,13.0,15.0,18.0,20.0,0.0
validation,2025-05-05,10,195,24059,234.318,99.975,134.9,175.0,226.0,287.0,343.0,418.02499999999986,0.0,206.9935,178.975,189.0,197.0,207.0,216.0,225.0,235.0,0.0,239.266,210.975,219.0,229.0,239.0,250.0,259.0,270.0,0.0
validation,2025-05-05,11,1188,24059,1362.082,1011.825,1127.9,1227.0,1350.0,1484.0,1617.0,1764.0249999999999,0.0,2192.1555,2106.0,2136.0,2161.0,2193.0,2222.0,2251.0,2279.0,0.0,1365.4665,1300.0,1321.0,1340.0,1365.0,1389.0,1411.0,1436.0,0.0
validation,2025-05-05,12,1722,24059,1614.5405,1222.875,1342.0,1468.0,1610.0,1761.0,1883.1000000000001,2042.0,0.0,1947.5215,1862.975,1893.0,1919.0,1947.5,1976.0,2002.0,2032.0,0.0,1613.7985,1538.975,1565.0,1588.0,1613.5,1638.25,1663.0,1691.0,0.0
validation,2025-05-05,13,2143,24059,2148.1605,1709.975,1838.9,1983.0,2150.5,2314.25,2453.0,2621.075,0.0,2195.8625,2105.0,2137.0,2165.0,2196.0,2227.0,2254.0,2285.0249999999996,0.0,2145.7945,2058.975,2090.0,2117.0,2146.0,2174.0,2201.0,2236.0,0.0
validation,2025-05-05,14,6568,24059,6666.201,5957.975,6187.0,6406.0,6655.0,6923.0,7160.200000000001,7423.124999999999,0.0,3983.247,3869.975,3907.0,3941.75,3983.0,4023.0,4059.0,4102.025,0.0,6672.8095,6538.95,6581.0,6625.0,6673.5,6720.0,6763.1,6810.025,0.0
validation,2025-05-05,15,24,24059,40.603,2.0,6.0,15.0,31.0,57.0,88.0,130.0,0.0,171.533,146.0,155.0,162.0,172.0,180.0,188.0,198.0,0.0,40.3115,29.0,32.0,36.0,40.0,44.0,48.0,53.0,0.0
validation,2025-05-05,16,176,24059,221.1965,94.0,127.9,164.0,212.0,267.0,323.0,403.0,0.0,209.5375,182.0,191.0,200.0,209.0,219.0,227.0,239.0,0.0,221.4445,193.975,202.0,211.0,222.0,232.0,241.0,251.0,0.0
validation,2025-05-05,17,334,24059,460.5925,270.95,321.9,383.0,452.0,530.0,613.0,698.0249999999999,0.0,1604.3825,1530.0,1554.0,1577.75,1604.0,1631.0,1655.0,1683.0249999999999,0.0,463.736,425.0,437.0,450.0,464.0,477.0,489.0,506.0,0.0
validation,2025-05-05,18,85,24059,89.6015,17.0,32.900000000000006,51.0,80.0,119.0,157.0,216.0,0.0,242.8815,212.0,223.0,232.0,243.0,253.0,263.0,274.0,0.0,87.5885,70.0,76.0,81.0,87.0,94.0,99.0,106.0,0.0
validation,2025-05-05,19,1518,24059,1303.717,946.0,1058.9,1169.0,1292.5,1428.0,1563.0,1721.0,0.0,1425.9435,1352.975,1376.0,1399.0,1425.0,1451.0,1475.0,1507.0,0.0,1292.452,1224.0,1247.0,1268.0,1292.0,1317.0,1338.0,1361.0,0.0
validation,2025-05-05,20,15,24059,10.5625,0.0,0.0,0.0,3.0,13.0,30.0,63.0,0.0,76.2765,60.0,65.0,70.0,76.0,82.0,87.0,94.0,0.0,10.928,5.0,7.0,9.0,11.0,13.0,15.0,18.0,0.0
validation,2025-05-05,21,89,24059,95.0875,19.975,36.0,56.0,86.0,124.0,167.0,220.02499999999986,0.0,92.657,75.0,80.0,86.0,92.0,99.0,105.0,113.0,0.0,94.6135,76.0,82.0,88.0,94.0,101.0,107.0,114.0,0.0
validation,2025-05-05,22,201,24059,248.952,111.0,147.0,188.0,241.0,302.25,360.0,443.0,0.0,290.7975,258.0,270.0,279.0,291.0,302.0,312.0,324.0,0.0,245.4165,213.0,224.0,234.0,246.0,256.0,266.0,277.0,0.0
validation,2025-05-05,23,146,24059,146.039,47.975,71.0,99.0,137.0,182.0,234.0,302.0,0.0,144.3325,120.975,129.0,136.0,144.0,152.0,160.0,169.0,0.0,145.5455,122.975,130.0,138.0,145.0,154.0,161.0,169.0,0.0
validation,2025-05-05,24,155,24059,101.9505,23.0,38.0,61.0,92.5,135.0,179.0,229.0749999999996,0.0,218.424,191.0,200.0,209.0,218.0,228.0,237.0,248.0,0.0,100.1595,81.0,88.0,94.0,100.0,107.0,113.0,119.0,0.0
validation,2025-05-05,25,123,24059,139.1715,43.975,66.9,93.0,128.0,175.0,226.0,287.0,0.0,320.603,285.0,297.0,309.0,320.0,332.0,344.0,357.0,0.0,138.0645,116.975,123.0,130.0,138.0,146.0,152.10000000000014,162.0,0.0
validation,2025-05-05,26,98,24059,123.2215,31.0,52.0,76.0,114.0,158.0,201.0,277.0,0.0,254.203,224.0,235.0,244.0,254.0,264.0,274.0,286.0,0.0,124.0795,103.0,110.0,117.0,124.0,131.0,138.0,146.0,0.0
validation,2025-05-05,27,30,24059,23.0285,0.0,1.0,4.0,14.0,31.25,57.0,95.02499999999986,0.0,180.449,154.0,164.0,171.0,181.0,189.0,197.0,208.0,0.0,22.764,14.0,17.0,20.0,23.0,26.0,29.0,33.0,0.0
validation,2025-05-05,28,149,24059,181.229,66.0,94.0,128.0,171.0,222.25,279.10000000000014,355.02499999999986,0.0,156.555,133.0,141.0,148.0,156.0,165.0,173.0,181.0,0.0,183.854,158.0,167.0,175.0,183.0,193.0,201.0,210.0,0.0
validation,2025-05-05,29,367,24059,327.4965,160.0,211.0,257.0,321.0,387.0,457.0,546.0249999999999,0.0,205.5555,178.0,187.0,195.0,205.0,215.25,225.0,234.02499999999986,0.0,325.485,290.0,302.0,313.0,325.0,338.0,348.0,361.0,0.0
validation,2025-05-05,30,401,24059,426.586,235.975,292.9,349.0,419.5,496.0,570.1000000000001,668.0,0.0,485.8145,442.0,457.0,471.75,486.0,501.0,514.0,528.0,0.0,430.6435,392.0,404.0,416.0,431.0,444.0,458.0,472.0,0.0
validation,2025-05-05,31,288,24059,326.968,165.0,211.0,257.0,317.0,385.0,458.0,551.0249999999999,0.0,180.8785,153.0,164.0,172.0,181.0,190.0,198.0,207.0,0.0,329.157,294.0,306.0,317.0,329.0,341.0,352.0,365.0,0.0
validation,2025-05-05,32,28,24059,43.731,2.0,8.0,18.0,35.0,60.0,91.0,129.0,0.0,204.4435,176.0,186.0,195.0,204.0,214.0,223.0,234.0,0.0,43.662,31.0,35.0,39.0,44.0,48.0,52.0,57.0,0.0
validation,2025-05-05,33,9,24059,13.539,0.0,0.0,1.0,5.0,17.0,38.0,74.02499999999986,0.0,159.451,135.0,143.0,151.0,160.0,168.0,175.0,184.0,0.0,13.122,7.0,9.0,11.0,13.0,15.0,18.0,21.0,0.0
validation,2025-05-05,34,4,24059,18.732,0.0,0.0,3.0,10.0,25.0,50.0,82.0,0.0,147.332,123.975,132.0,139.0,147.0,155.25,163.0,171.02499999999986,0.0,19.0725,11.0,14.0,16.0,19.0,22.0,25.0,28.0,0.0
validation,2025-05-05,35,8,24059,6.5445,0.0,0.0,0.0,1.0,6.0,20.0,47.0,0.0,65.6025,49.0,55.0,60.0,65.0,71.0,77.0,83.0,0.0,6.265,2.0,3.0,5.0,6.0,8.0,10.0,11.0,0.0
validation,2025-05-05,36,879,24059,861.167,583.0,669.9,744.0,852.0,965.0,1069.1000000000001,1188.0249999999999,0.0,1207.047,1143.0,1162.0,1184.0,1206.0,1231.0,1251.0,1273.0,0.0,862.7565,807.0,827.0,843.0,862.0,882.0,899.1000000000001,920.0,0.0
validation,2025-05-05,37,76,24059,46.719,3.0,8.0,19.0,37.0,65.0,96.0,142.0,0.0,140.9835,118.0,126.0,133.0,141.0,149.0,157.0,163.02499999999986,0.0,47.391,35.0,38.0,43.0,47.0,52.0,56.0,61.0,0.0
validation,2025-05-05,38,113,24059,131.289,37.0,58.0,84.0,120.0,165.0,219.10000000000014,287.02499999999986,0.0,142.0025,118.0,127.0,134.0,142.0,150.0,158.0,166.0,0.0,129.8645,107.0,115.0,122.0,129.0,138.0,145.0,154.0,0.0
validation,2025-05-05,39,121,24059,165.901,57.0,83.0,115.0,156.0,204.0,257.0,334.0,0.0,190.739,164.975,173.0,181.0,191.0,200.0,208.0,219.0,0.0,164.471,140.0,148.0,156.0,164.0,173.0,181.0,189.0,0.0
validation,2025-05-12,0,7,24214,1.5005,0.0,0.0,0.0,0.0,0.0,3.0,16.024999999999864,0.0,44.271,32.0,36.0,40.0,44.0,49.0,53.0,58.0,0.0,1.524,0.0,0.0,1.0,1.0,2.0,3.0,4.0,0.0
validation,2025-05-12,1,321,24214,239.817,104.0,141.0,179.0,231.0,290.0,351.0,427.02499999999986,0.0,136.4985,115.0,121.0,128.0,136.0,145.0,152.0,161.0,0.0,239.0995,210.0,220.0,228.75,239.0,250.0,259.10000000000014,271.0,0.0
validation,2025-05-12,2,457,24214,546.784,320.925,388.0,455.0,537.0,627.0,713.0,831.0,0.0,192.847,165.0,175.0,184.0,193.0,202.0,211.0,220.0,0.0,546.7865,501.0,518.0,531.0,547.0,562.0,576.0,591.0,0.0
validation,2025-05-12,3,2669,24214,2962.98,2441.0,2610.9,2772.0,2952.0,3147.25,3329.2000000000003,3541.0249999999996,0.0,803.649,748.0,769.0,785.0,803.0,822.0,840.0,859.0249999999999,0.0,2966.325,2858.975,2901.0,2932.0,2967.0,3001.0,3032.0,3064.0,0.0
validation,2025-05-12,4,99,24214,133.512,39.0,61.0,86.75,125.0,169.0,220.0,278.02499999999986,0.0,301.6535,268.0,279.0,290.0,302.0,313.0,324.0,336.0,0.0,134.3755,112.0,119.0,126.0,134.0,143.0,149.0,158.0,0.0
validation,2025-05-12,5,187,24214,276.458,123.0,167.0,209.0,269.0,329.0,399.10000000000014,488.0,0.0,215.1395,187.0,196.0,205.0,215.0,225.0,234.0,244.0,0.0,277.875,247.0,257.0,267.0,277.0,289.0,299.0,310.0,0.0
validation,2025-05-12,6,135,24214,209.2785,87.95,116.9,151.0,199.0,254.25,317.0,394.0,0.0,311.9285,278.0,290.0,300.0,312.0,324.0,334.0,346.0,0.0,211.144,183.0,193.0,201.0,211.0,221.0,230.0,239.0,0.0
validation,2025-05-12,7,167,24214,250.7015,106.975,150.0,188.0,243.0,302.0,364.10000000000014,435.0,0.0,261.614,230.0,240.9,251.0,262.0,273.0,282.0,292.02499999999986,0.0,254.092,224.0,234.0,244.0,254.0,265.0,275.0,284.0,0.0
validation,2025-05-12,8,2206,24214,1979.1915,1559.95,1684.9,1823.0,1971.0,2128.0,2278.1000000000004,2441.075,0.0,2720.746,2622.0,2657.9,2686.0,2720.0,2755.0,2788.1000000000004,2821.0,0.0,1975.192,1892.0,1922.0,1947.0,1975.0,2003.0,2028.0,2058.0,0.0
validation,2025-05-12,9,7,24214,11.449,0.0,0.0,0.0,4.0,14.0,33.0,62.0,0.0,60.708,45.0,51.0,55.0,60.0,66.0,71.0,77.0,0.0,11.319,5.0,7.0,9.0,11.0,13.0,16.0,18.0,0.0
validation,2025-05-12,10,243,24214,234.258,103.0,135.0,173.0,226.0,286.0,341.0,420.0499999999997,0.0,208.433,181.0,190.0,198.0,209.0,217.25,227.0,236.02499999999986,0.0,235.2295,206.0,216.0,225.0,235.0,245.0,255.0,265.0,0.0
validation,2025-05-12,11,1464,24214,1309.1075,961.95,1075.9,1175.0,1302.5,1436.0,1551.0,1700.0249999999999,0.0,2205.378,2109.0,2148.0,2176.0,2206.0,2236.0,2264.0,2296.0,0.0,1313.236,1245.0,1269.0,1291.0,1312.0,1336.0,1358.1000000000001,1384.0,0.0
validation,2025-05-12,12,1805,24214,1671.932,1263.0,1395.0,1521.75,1666.0,1812.0,1948.0,2134.0999999999995,0.0,1959.3045,1875.0,1905.0,1931.0,1959.0,1988.0,2014.0,2046.0,0.0,1675.414,1599.975,1623.0,1650.75,1676.0,1701.0,1725.0,1753.0,0.0
validation,2025-05-12,13,2197,24214,2189.518,1709.8,1868.9,2017.75,2180.0,2356.25,2513.0,2713.075,0.0,2208.9945,2120.975,2151.0,2177.0,2208.5,2241.0,2268.0,2297.0,0.0,2184.366,2094.0,2127.0,2156.0,2184.5,2214.0,2242.0,2273.0249999999996,0.0
validation,2025-05-12,14,6911,24214,6654.7815,5882.975,6156.0,6390.0,6643.0,6921.25,7161.1,7458.075,0.0,4013.52,3896.975,3937.0,3973.0,4013.0,4053.0,4089.0,4131.049999999999,0.0,6652.125,6515.95,6562.0,6606.0,6652.0,6698.25,6738.0,6793.025,0.0
validation,2025-05-12,15,30,24214,36.832,1.0,5.0,12.0,28.0,52.0,79.0,123.0,0.0,171.8645,147.0,155.0,163.0,171.0,181.0,189.0,198.0,0.0,36.6435,26.0,29.0,32.0,36.0,41.0,44.0,49.0,0.0
validation,2025-05-12,16,160,24214,220.04,90.0,121.0,161.0,211.0,270.0,328.0,411.02499999999986,0.0,210.41,182.975,192.0,200.0,210.0,221.0,230.0,238.02499999999986,0.0,217.344,190.0,199.0,208.0,217.0,227.0,236.10000000000014,246.02499999999986,0.0
validation,2025-05-12,17,479,24214,425.761,239.0,290.0,346.0,417.0,492.25,578.0,678.0249999999999,0.0,1613.127,1537.0,1562.0,1587.0,1612.0,1640.0,1663.0,1690.0249999999999,0.0,421.5025,382.0,396.0,408.0,421.0,435.0,448.0,460.0,0.0
validation,2025-05-12,18,46,24214,83.59,15.0,29.0,47.0,74.0,111.0,150.0,206.04999999999973,0.0,244.9505,214.0,225.0,234.0,245.0,255.0,266.0,277.0,0.0,82.802,66.0,71.0,77.0,83.0,89.0,95.0,101.0,0.0
validation,2025-05-12,19,1561,24214,1363.645,994.925,1109.0,1229.0,1360.0,1493.0,1627.0,1767.199999999999,0.0,1434.106,1361.975,1387.0,1408.0,1434.0,1460.0,1482.0,1507.0249999999999,0.0,1358.239,1287.0,1311.0,1333.0,1359.0,1383.0,1405.1000000000001,1428.0,0.0
validation,2025-05-12,20,6,24214,11.4155,0.0,0.0,0.0,4.0,13.0,33.0,68.02499999999986,0.0,76.4295,59.0,65.0,70.0,76.0,82.0,88.0,94.0,0.0,11.518,5.0,7.0,9.0,11.0,14.0,16.0,19.0,0.0
validation,2025-05-12,21,70,24214,84.416,16.0,30.0,47.0,72.0,112.0,153.0,209.0,0.0,93.3905,75.0,81.0,86.0,93.0,100.0,106.0,113.0,0.0,84.0355,67.0,73.0,78.0,84.0,90.0,95.0,103.0,0.0
validation,2025-05-12,22,162,24214,240.3955,103.975,140.0,180.0,232.0,288.0,357.0,438.02499999999986,0.0,292.419,258.975,270.0,280.0,292.0,305.0,315.0,326.0,0.0,239.472,209.0,220.0,229.0,239.0,250.0,259.0,270.0,0.0
validation,2025-05-12,23,151,24214,145.6415,44.0,67.0,97.0,137.0,183.25,233.0,294.0499999999997,0.0,145.43,122.0,130.0,137.0,145.0,153.0,161.0,170.0,0.0,144.7625,121.0,129.0,137.0,145.0,153.0,161.0,169.0,0.0
validation,2025-05-12,24,121,24214,115.1395,28.0,46.0,70.0,106.0,149.0,198.0,262.02499999999986,0.0,219.856,192.0,200.0,209.0,220.0,230.0,240.0,251.0,0.0,115.28,95.0,101.0,108.0,115.0,122.0,129.0,137.0,0.0
validation,2025-05-12,25,66,24214,112.6965,28.0,47.0,71.0,105.0,145.0,188.0,244.02499999999986,0.0,322.728,287.0,300.0,311.0,322.0,334.0,346.0,359.0,0.0,116.4555,95.0,102.0,109.0,116.0,124.0,131.0,138.0,0.0
validation,2025-05-12,26,103,24214,113.892,28.0,47.0,71.75,104.0,145.0,191.0,262.02499999999986,0.0,255.8415,224.0,236.0,245.0,256.0,267.0,276.0,287.0,0.0,113.8015,93.0,100.0,107.0,114.0,121.0,128.0,135.0,0.0
validation,2025-05-12,27,41,24214,27.8675,0.0,2.0,7.0,19.0,38.0,65.0,106.0,0.0,181.5835,155.0,164.0,172.0,182.0,191.0,199.0,208.02499999999986,0.0,27.776,18.0,21.0,24.0,28.0,31.0,35.0,38.0,0.0
validation,2025-05-12,28,222,24214,170.4695,62.0,89.0,119.0,161.0,211.25,264.10000000000014,332.02499999999986,0.0,157.458,134.0,142.0,149.0,157.0,166.0,174.0,183.0,0.0,171.6445,146.0,155.0,163.0,172.0,181.0,189.0,198.0,0.0
validation,2025-05-12,29,285,24214,350.066,178.975,224.0,280.75,342.0,410.0,483.10000000000014,570.0,0.0,206.866,179.0,188.0,197.0,207.0,217.0,225.0,236.0,0.0,350.8865,316.0,327.0,338.0,351.0,363.0,375.0,388.0,0.0
validation,2025-05-12,30,440,24214,433.2905,239.95,299.0,355.0,421.5,506.0,579.0,670.0249999999999,0.0,490.437,448.0,461.9,476.0,490.0,505.0,518.0,536.0,0.0,437.389,396.0,411.0,424.0,437.0,451.0,465.0,478.02499999999986,0.0
validation,2025-05-12,31,309,24214,321.968,154.0,201.0,250.0,313.0,383.0,452.0,539.0249999999999,0.0,181.9435,156.0,165.0,173.0,182.0,190.0,199.0,209.0,0.0,321.551,287.0,300.0,309.0,321.0,333.0,346.0,358.0,0.0
validation,2025-05-12,32,20,24214,41.269,2.0,7.0,16.0,32.0,57.0,89.0,126.0,0.0,205.364,178.0,187.0,196.0,205.0,215.0,224.0,234.0,0.0,40.872,29.0,33.0,36.0,41.0,45.0,49.0,54.0,0.0
validation,2025-05-12,33,4,24214,10.972,0.0,0.0,0.0,3.0,13.0,32.0,62.0,0.0,160.928,136.0,145.0,152.75,161.0,169.0,177.0,185.0,0.0,10.6015,5.0,6.0,8.0,10.0,13.0,15.0,17.0,0.0
validation,2025-05-12,34,1,24214,7.2785,0.0,0.0,0.0,1.0,7.0,22.100000000000136,50.024999999999864,0.0,148.044,125.0,133.0,139.0,147.0,157.0,164.0,172.0,0.0,7.2845,3.0,4.0,5.0,7.0,9.0,11.0,13.0,0.0
validation,2025-05-12,35,14,24214,6.235,0.0,0.0,0.0,1.0,6.0,19.0,43.0,0.0,65.8835,50.0,55.0,60.0,66.0,71.0,76.0,82.0,0.0,6.564,2.0,3.0,5.0,6.0,8.0,10.0,12.0,0.0
validation,2025-05-12,36,776,24214,886.3475,584.0,685.8,772.0,877.0,991.0,1100.1000000000001,1234.0999999999995,0.0,1213.147,1147.0,1169.0,1190.0,1213.0,1235.25,1257.0,1279.0,0.0,887.879,835.0,851.0,868.0,887.0,907.0,925.0,947.0249999999999,0.0
validation,2025-05-12,37,36,24214,55.1065,6.0,13.0,25.75,45.0,74.25,109.0,157.02499999999986,0.0,141.687,118.0,126.9,133.0,142.0,150.0,157.0,166.0,0.0,54.6425,41.0,45.0,49.0,54.0,59.0,64.0,70.0,0.0
validation,2025-05-12,38,140,24214,127.108,34.0,57.0,82.0,116.5,162.0,210.0,274.02499999999986,0.0,143.304,120.975,127.0,135.0,143.0,152.0,159.0,168.0,0.0,125.0085,103.0,110.0,117.0,125.0,133.0,140.0,148.0,0.0
validation,2025-05-12,39,96,24214,151.2885,49.0,74.0,101.0,141.0,191.0,242.0,310.0499999999997,0.0,192.117,165.0,174.0,182.0,192.0,202.0,211.0,221.0,0.0,151.942,127.0,136.0,144.0,152.0,160.0,168.0,177.0,0.0
validation,2025-05-19,0,4,24171,2.679,0.0,0.0,0.0,0.0,1.0,7.0,25.024999999999864,0.0,44.2225,31.0,36.0,40.0,44.0,48.0,53.0,58.024999999999864,0.0,2.69,0.0,1.0,1.0,3.0,4.0,5.0,6.0,0.0
validation,2025-05-19,1,219,24171,232.2635,96.975,133.0,172.0,222.0,283.0,343.0,418.0,0.0,136.0775,113.0,121.0,128.0,136.0,144.0,152.0,158.02499999999986,0.0,232.1955,204.0,213.0,222.0,232.0,242.0,252.0,263.0,0.0
validation,2025-05-19,2,552,24171,506.5995,297.0,358.9,420.0,499.0,578.0,669.1000000000001,766.0,0.0,192.8165,166.0,174.0,184.0,193.0,203.0,210.0,220.0,0.0,508.6225,465.0,480.0,493.0,508.0,524.0,537.0,553.0,0.0
validation,2025-05-19,3,1347,24171,2915.056,2398.0,2566.8,2725.0,2910.5,3100.0,3256.2000000000003,3471.0249999999996,0.0,802.4355,749.0,765.0,783.0,803.0,821.0,839.0,860.0249999999999,0.0,2917.0485,2816.975,2853.0,2883.0,2918.0,2951.0,2979.0,3017.0,0.0
validation,2025-05-19,4,106,24171,106.9995,25.0,44.0,67.0,98.0,136.0,182.10000000000014,240.02499999999986,0.0,301.139,267.0,279.0,289.0,301.0,313.0,324.0,335.02499999999986,0.0,106.629,87.0,94.0,100.0,107.0,113.0,119.0,128.0,0.0
validation,2025-05-19,5,180,24171,251.443,114.95,151.0,189.0,240.0,301.0,367.0,455.02499999999986,0.0,214.256,186.0,195.0,204.0,214.0,224.0,233.0,244.02499999999986,0.0,255.308,223.975,235.0,244.0,255.0,266.0,276.0,286.02499999999986,0.0
validation,2025-05-19,6,167,24171,177.3785,63.0,94.0,127.0,168.0,220.0,267.0,336.0,0.0,312.0385,278.0,290.0,300.75,312.0,324.0,335.0,347.0,0.0,177.2565,151.975,161.0,168.0,177.0,186.0,194.0,205.0,0.0
validation,2025-05-19,7,149,24171,246.836,105.975,143.0,182.0,236.0,302.0,370.10000000000014,445.09999999999945,0.0,260.9425,230.0,239.0,250.0,261.0,272.0,282.0,293.0,0.0,244.683,215.0,225.0,234.75,245.0,255.0,264.0,276.02499999999986,0.0
validation,2025-05-19,8,2476,24171,2054.8465,1603.925,1750.9,1888.75,2049.5,2213.0,2371.0,2532.0499999999997,0.0,2713.4525,2619.0,2654.0,2681.0,2712.0,2745.0,2773.0,2803.0,0.0,2052.965,1966.0,1997.0,2022.0,2053.0,2083.0,2109.1000000000004,2140.0249999999996,0.0
validation,2025-05-19,9,3,24171,8.4745,0.0,0.0,0.0,2.0,10.0,26.0,55.024999999999864,0.0,60.1535,45.0,50.0,55.0,60.0,65.0,70.0,75.0,0.0,8.344,3.0,5.0,6.0,8.0,10.0,12.0,14.0,0.0
validation,2025-05-19,10,249,24171,224.484,93.0,124.0,162.0,215.0,274.25,337.0,405.0,0.0,208.325,180.0,189.0,198.0,209.0,218.0,227.0,237.0,0.0,226.5535,198.0,207.0,216.0,227.0,237.0,247.0,257.0,0.0
validation,2025-05-19,11,1485,24171,1323.938,971.95,1080.9,1185.0,1317.0,1451.0,1577.0,1719.0499999999997,0.0,2201.951,2115.975,2143.0,2171.0,2202.0,2233.0,2260.0,2290.0249999999996,0.0,1327.5475,1256.0,1282.0,1303.0,1327.0,1352.0,1374.0,1396.0249999999999,0.0
validation,2025-05-19,12,1777,24171,1764.1615,1348.975,1480.0,1609.75,1760.5,1911.0,2055.1000000000004,2223.324999999998,0.0,1956.025,1871.0,1900.0,1927.0,1956.0,1985.0,2010.0,2041.0249999999999,0.0,1766.043,1685.975,1712.9,1739.0,1767.0,1792.0,1819.0,1847.0,0.0
validation,2025-05-19,13,2180,24171,2203.87,1738.85,1898.0,2039.0,2201.0,2370.0,2516.0,2683.0,0.0,2203.7985,2117.0,2146.0,2174.0,2203.0,2234.0,2262.0,2292.0,0.0,2200.813,2112.0,2146.0,2172.0,2201.0,2230.0,2256.0,2284.0,0.0
validation,2025-05-19,14,7880,24171,6684.952,5937.825,6203.7,6422.75,6677.5,6939.0,7192.0,7477.124999999999,0.0,4003.6005,3890.0,3930.0,3964.75,4004.0,4042.0,4079.0,4119.0,0.0,6665.5965,6527.975,6574.9,6619.0,6665.0,6712.0,6759.0,6808.025,0.0
validation,2025-05-19,15,28,24171,35.824,1.0,4.900000000000006,11.75,26.0,50.0,79.0,124.02499999999986,0.0,171.8325,147.0,155.0,163.0,172.0,181.0,188.0,197.0,0.0,35.118,24.0,28.0,31.0,35.0,39.0,43.0,47.0,0.0
validation,2025-05-19,16,196,24171,205.2325,80.0,115.0,151.0,193.5,253.25,306.0,380.02499999999986,0.0,209.844,181.0,191.0,200.0,210.0,219.0,229.0,239.0,0.0,207.16,178.0,189.0,197.0,207.0,217.0,226.0,235.0,0.0
validation,2025-05-19,17,405,24171,421.9875,226.975,283.0,345.0,414.0,485.0,575.0,669.0249999999999,0.0,1611.948,1535.975,1562.9,1584.0,1612.0,1640.0,1662.1000000000001,1690.0,0.0,418.2775,379.0,393.0,405.0,418.0,431.0,444.0,457.0,0.0
validation,2025-05-19,18,49,24171,63.8535,7.0,18.0,32.0,55.0,85.0,122.0,172.02499999999986,0.0,244.166,214.0,224.0,233.75,243.0,255.0,266.0,276.02499999999986,0.0,63.6085,48.0,54.0,58.0,63.0,69.0,74.0,81.0,0.0
validation,2025-05-19,19,1661,24171,1423.2195,1074.0,1175.0,1284.0,1416.0,1551.0,1683.0,1830.0749999999996,0.0,1433.1795,1360.0,1383.0,1407.0,1434.0,1458.0,1481.0,1508.0,0.0,1428.4175,1360.975,1382.0,1403.0,1428.0,1453.0,1475.0,1501.0,0.0
validation,2025-05-19,20,5,24171,10.271,0.0,0.0,0.0,3.0,12.0,30.0,60.0,0.0,76.1795,59.0,65.0,70.0,76.0,82.0,88.0,94.0,0.0,10.8915,5.0,7.0,9.0,11.0,13.0,15.0,18.0,0.0
validation,2025-05-19,21,38,24171,77.4875,12.0,25.0,42.0,68.0,102.0,140.0,202.0,0.0,93.2805,75.0,81.0,87.0,93.0,100.0,106.0,113.0,0.0,77.316,61.0,66.0,71.0,77.0,83.0,89.0,95.0,0.0
validation,2025-05-19,22,200,24171,205.873,82.0,113.0,151.0,198.0,252.0,310.0,385.02499999999986,0.0,292.261,258.975,271.0,281.0,292.0,304.0,315.0,327.0,0.0,207.2685,180.975,189.0,198.0,207.0,217.0,225.0,235.0,0.0
validation,2025-05-19,23,162,24171,145.1475,47.0,68.9,98.0,137.0,183.0,228.0,302.02499999999986,0.0,144.962,122.0,130.0,137.0,145.0,153.0,161.0,170.0,0.0,145.4995,123.0,130.0,138.0,145.0,153.0,161.0,169.02499999999986,0.0
validation,2025-05-19,24,114,24171,127.327,32.0,56.900000000000006,83.0,120.0,160.0,207.0,270.02499999999986,0.0,219.2555,191.0,201.0,210.0,219.0,229.0,237.0,248.0,0.0,127.3325,106.0,113.0,119.75,127.0,135.0,142.0,150.0,0.0
validation,2025-05-19,25,74,24171,101.5545,25.0,42.0,61.0,92.0,130.0,177.10000000000014,234.02499999999986,0.0,322.488,288.0,300.0,311.0,323.0,334.0,345.0,357.0,0.0,102.09,82.0,89.0,95.0,102.0,109.0,115.0,123.0,0.0
validation,2025-05-19,26,182,24171,106.605,25.0,42.900000000000006,64.75,97.0,139.0,184.0,236.02499999999986,0.0,255.029,223.975,234.0,244.0,255.0,266.0,276.0,288.0,0.0,108.035,87.0,95.0,101.0,108.0,115.0,121.0,129.0,0.0
validation,2025-05-19,27,29,24171,33.2265,1.0,4.0,11.0,24.0,46.0,75.0,117.0,0.0,181.434,154.0,164.0,172.0,181.0,190.0,200.0,209.0,0.0,33.239,22.975,26.0,29.0,33.0,37.0,40.0,44.024999999999864,0.0
validation,2025-05-19,28,151,24171,172.86,61.0,90.0,121.0,162.0,214.0,267.10000000000014,339.0749999999996,0.0,157.865,134.0,142.0,149.0,158.0,166.0,174.0,183.0,0.0,174.5585,149.0,158.0,166.0,174.0,183.0,192.0,201.0,0.0
validation,2025-05-19,29,372,24171,325.966,159.95,204.0,252.0,318.0,386.0,456.10000000000014,558.0,0.0,206.6385,180.0,188.0,196.0,206.0,216.0,225.0,237.0,0.0,327.679,292.975,304.0,315.0,327.0,340.0,351.0,363.0,0.0
validation,2025-05-19,30,314,24171,442.116,242.95,299.0,357.0,432.0,515.25,603.1000000000001,688.0249999999999,0.0,488.7105,444.0,460.0,473.75,489.0,503.0,517.0,532.0,0.0,441.082,399.0,414.0,427.0,441.0,455.0,468.0,484.0,0.0
validation,2025-05-19,31,261,24171,314.838,151.975,202.9,246.0,304.0,373.0,441.0,545.0,0.0,181.894,154.0,164.0,173.0,182.0,191.0,200.0,209.0,0.0,317.9675,284.0,296.0,306.0,318.0,329.0,341.0,353.0,0.0
validation,2025-05-19,32,47,24171,42.5255,2.0,7.0,16.0,32.0,58.0,89.0,141.0,0.0,205.56,178.0,187.0,196.0,206.0,215.0,224.0,234.0,0.0,40.06,28.0,32.0,36.0,40.0,44.0,48.0,54.0,0.0
validation,2025-05-19,33,5,24171,9.328,0.0,0.0,0.0,2.0,11.0,28.0,62.0,0.0,159.924,135.0,144.0,151.0,160.0,168.0,176.0,186.0,0.0,9.2475,4.0,6.0,7.0,9.0,11.0,13.0,15.024999999999864,0.0
validation,2025-05-19,34,1,24171,5.962,0.0,0.0,0.0,1.0,6.0,19.0,42.024999999999864,0.0,147.7815,123.0,132.9,139.0,148.0,156.0,164.0,171.02499999999986,0.0,6.073,2.0,3.0,4.0,6.0,8.0,9.0,11.0,0.0
validation,2025-05-19,35,8,24171,7.5795,0.0,0.0,0.0,1.0,9.0,22.0,48.0,0.0,65.511,50.0,55.0,60.0,65.0,71.0,77.0,82.0,0.0,7.419,3.0,4.0,5.0,7.0,9.0,11.0,13.0,0.0
validation,2025-05-19,36,749,24171,871.959,593.975,677.0,759.0,859.0,975.0,1086.0,1205.0249999999999,0.0,1213.3405,1145.975,1169.0,1190.0,1213.0,1237.0,1259.1000000000001,1282.0249999999999,0.0,874.3925,818.975,837.0,854.0,874.0,894.0,913.0,933.0,0.0
validation,2025-05-19,37,46,24171,54.484,5.0,13.0,25.0,45.0,72.0,108.0,158.0,0.0,141.7465,119.0,126.0,133.0,142.0,150.0,157.0,166.0,0.0,54.2055,41.0,45.0,49.0,54.0,59.0,64.0,69.0,0.0
validation,2025-05-19,38,170,24171,125.764,34.0,55.0,82.0,117.0,160.0,207.0,270.02499999999986,0.0,142.664,121.0,128.0,135.0,142.0,150.0,157.0,167.0,0.0,125.4925,104.0,111.0,118.0,126.0,133.0,139.0,148.0,0.0
validation,2025-05-19,39,130,24171,136.0275,39.0,61.0,89.0,129.0,171.25,220.0,286.0,0.0,192.271,166.0,175.0,183.0,192.0,201.0,209.0,220.0,0.0,136.274,115.0,122.0,129.0,136.0,144.0,151.0,158.0,0.0
validation,2025-05-26,0,2,24541,3.0265,0.0,0.0,0.0,0.0,2.0,9.0,30.0,0.0,45.0005,32.0,36.0,40.0,45.0,49.0,54.0,59.0,0.0,3.291,0.0,1.0,2.0,3.0,4.0,6.0,7.0,0.0
validation,2025-05-26,1,301,24541,245.3845,101.975,143.0,183.0,235.0,297.0,359.0,444.02499999999986,0.0,137.602,115.0,122.0,130.0,138.0,145.0,153.0,161.0,0.0,245.175,215.0,225.0,235.0,245.0,255.0,265.0,276.0,0.0
validation,2025-05-26,2,495,24541,505.9665,297.0,353.9,417.0,498.0,587.0,666.0,771.0,0.0,195.5715,168.0,178.0,186.0,195.0,204.0,214.0,223.02499999999986,0.0,504.699,462.0,477.0,490.0,504.0,519.0,534.0,549.0,0.0
validation,2025-05-26,3,1128,24541,2602.5205,2111.85,2285.0,2429.0,2603.5,2770.5,2936.0,3111.0,0.0,814.6815,762.975,778.0,796.0,814.0,833.0,851.0,868.0249999999999,0.0,2601.265,2510.0,2541.0,2570.0,2601.0,2633.0,2666.0,2694.0249999999996,0.0
validation,2025-05-26,4,99,24541,98.6965,21.0,37.0,58.0,89.0,128.0,171.10000000000014,232.02499999999986,0.0,306.2585,273.0,284.0,294.0,306.0,318.0,329.0,343.0,0.0,96.8805,78.0,85.0,90.0,96.0,104.0,110.0,116.02499999999986,0.0
validation,2025-05-26,5,133,24541,229.241,94.975,132.0,169.75,222.0,278.0,340.10000000000014,417.0,0.0,217.5625,189.0,199.0,208.0,217.0,227.0,236.0,246.0,0.0,229.4775,201.0,210.0,219.0,229.0,239.25,249.0,259.0,0.0
validation,2025-05-26,6,192,24541,168.277,58.975,85.0,114.0,157.0,209.0,267.10000000000014,339.02499999999986,0.0,317.065,282.0,295.0,305.0,317.0,329.0,340.0,351.0,0.0,169.7215,144.0,153.0,161.0,169.0,178.0,186.10000000000014,196.0,0.0
validation,2025-05-26,7,158,24541,211.5945,86.0,118.0,154.0,203.0,257.0,315.0,388.1249999999993,0.0,264.522,233.0,243.9,254.0,264.0,276.0,286.0,298.0,0.0,212.7635,185.0,194.0,203.0,213.0,223.0,232.0,240.02499999999986,0.0
validation,2025-05-26,8,2264,24541,2233.1485,1789.975,1926.9,2059.75,2222.0,2387.0,2559.0,2766.124999999999,0.0,2757.752,2658.975,2694.0,2722.0,2759.0,2791.0,2825.1000000000004,2858.0249999999996,0.0,2226.349,2141.0,2170.0,2196.0,2227.0,2256.0,2282.0,2314.0,0.0
validation,2025-05-26,9,1,24541,7.086,0.0,0.0,0.0,1.0,7.0,23.0,52.0,0.0,61.624,46.0,52.0,56.0,61.0,67.0,72.0,78.0,0.0,6.851,2.0,4.0,5.0,7.0,9.0,10.0,13.0,0.0
validation,2025-05-26,10,100,24541,236.8385,98.0,131.0,173.75,230.0,288.0,348.0,431.0499999999997,0.0,210.616,183.0,192.0,201.0,211.0,220.0,229.0,239.0,0.0,232.331,201.975,212.0,222.0,233.0,244.0,251.10000000000014,263.02499999999986,0.0
validation,2025-05-26,11,1798,24541,1389.8595,1030.925,1135.0,1251.75,1385.5,1523.25,1639.1000000000001,1786.0749999999996,0.0,2235.761,2142.0,2177.0,2205.0,2238.0,2266.0,2296.0,2324.0,0.0,1384.615,1315.0,1339.0,1360.0,1384.0,1408.0,1432.0,1460.0,0.0
validation,2025-05-26,12,1842,24541,1806.915,1408.9,1527.9,1658.0,1799.5,1949.0,2093.1000000000004,2272.0,0.0,1983.955,1897.0,1928.0,1955.0,1984.0,2012.0,2038.0,2071.0249999999996,0.0,1801.1005,1725.0,1751.0,1773.0,1801.0,1827.0,1852.1000000000001,1884.0,0.0
validation,2025-05-26,13,2026,24541,2207.089,1752.975,1905.0,2030.75,2195.0,2366.0,2539.1000000000004,2738.0249999999996,0.0,2239.308,2149.0,2180.9,2208.0,2239.0,2270.0,2297.0,2327.0,0.0,2207.065,2119.0,2150.0,2177.0,2208.5,2237.0,2263.0,2294.0,0.0
validation,2025-05-26,14,8777,24541,7151.2885,6414.95,6660.0,6874.0,7143.5,7421.25,7652.200000000001,7919.0,0.0,4060.8045,3947.0,3984.0,4022.0,4062.0,4101.0,4135.0,4173.025,0.0,7164.4745,7023.0,7073.0,7117.0,7166.0,7213.25,7252.1,7304.049999999999,0.0
validation,2025-05-26,15,31,24541,32.72,1.0,4.0,10.0,23.0,45.0,76.0,118.0,0.0,174.51,149.0,157.0,166.0,175.0,183.0,192.0,200.0,0.0,32.6625,22.0,25.900000000000006,29.0,32.5,36.0,40.0,45.0,0.0
validation,2025-05-26,16,165,24541,195.2375,75.975,106.0,141.0,184.0,239.0,299.10000000000014,378.02499999999986,0.0,214.144,185.0,195.0,204.0,214.0,224.0,233.0,245.0,0.0,196.148,169.0,178.0,187.0,196.5,206.0,213.0,223.0,0.0
validation,2025-05-26,17,403,24541,410.787,225.975,273.0,331.75,402.0,479.0,553.1000000000001,650.0249999999999,0.0,1636.7695,1563.0,1584.0,1609.0,1637.0,1663.0,1689.0,1715.0,0.0,412.2125,374.0,387.9,399.0,412.0,425.0,437.0,452.0,0.0
validation,2025-05-26,18,70,24541,63.6965,6.0,16.0,30.0,52.5,86.0,122.0,184.02499999999986,0.0,247.7755,216.975,228.0,237.0,248.0,258.0,268.10000000000014,279.0,0.0,62.452,48.0,53.0,57.0,62.0,67.0,73.0,78.0,0.0
validation,2025-05-26,19,1659,24541,1524.596,1135.0,1261.9,1370.0,1520.0,1669.25,1802.1000000000001,1957.0,0.0,1454.4565,1381.0,1404.0,1429.0,1455.0,1479.0,1502.0,1528.0,0.0,1525.3945,1451.0,1475.0,1500.0,1527.0,1552.0,1574.0,1600.0,0.0
validation,2025-05-26,20,10,24541,10.5185,0.0,0.0,0.0,3.0,12.0,30.0,67.0,0.0,77.449,60.975,66.0,71.0,77.0,83.0,89.0,94.02499999999986,0.0,10.113,4.0,6.0,8.0,10.0,12.0,14.0,17.0,0.0
validation,2025-05-26,21,71,24541,69.6575,9.0,21.0,36.0,60.0,94.0,130.0,186.0,0.0,94.611,76.0,82.0,88.0,94.0,101.0,107.0,114.0,0.0,69.098,53.0,59.0,63.0,69.0,75.0,80.0,86.0,0.0
validation,2025-05-26,22,243,24541,194.8485,80.0,105.0,140.0,186.5,237.0,295.0,365.0,0.0,296.151,262.0,274.0,284.0,296.0,307.25,319.0,331.0,0.0,195.754,169.0,178.0,187.0,195.0,205.0,213.0,223.0,0.0
validation,2025-05-26,23,213,24541,154.5835,51.0,78.0,106.0,144.0,194.0,244.0,309.02499999999986,0.0,147.7105,124.0,132.0,140.0,148.0,156.0,163.0,173.0,0.0,154.82,130.0,139.0,147.0,154.0,164.0,170.0,179.0,0.0
validation,2025-05-26,24,91,24541,119.436,30.0,51.0,75.0,111.0,152.25,199.0,274.02499999999986,0.0,222.898,193.0,204.0,213.0,223.0,233.0,241.0,252.0,0.0,119.42,98.0,105.0,112.0,119.0,127.0,133.0,142.0,0.0
validation,2025-05-26,25,82,24541,86.9385,16.0,31.0,51.0,77.5,112.0,155.10000000000014,211.0,0.0,327.801,291.975,304.0,315.0,328.0,341.0,351.0,363.0,0.0,88.8955,71.0,77.0,82.0,89.0,95.0,101.0,107.0,0.0
validation,2025-05-26,26,197,24541,123.0545,33.0,52.900000000000006,77.0,114.0,156.0,208.0,276.02499999999986,0.0,258.8665,226.0,237.9,248.0,259.0,270.0,280.0,291.0,0.0,123.5235,102.0,110.0,116.0,123.0,131.0,138.0,146.0,0.0
validation,2025-05-26,27,28,24541,34.253,0.9750000000000014,4.0,10.0,24.0,47.25,79.0,125.0,0.0,184.604,158.0,167.0,176.0,184.0,194.0,203.0,212.0,0.0,34.261,23.975,27.0,30.0,34.0,38.0,42.0,46.0,0.0
validation,2025-05-26,28,193,24541,178.287,62.0,92.0,124.0,167.0,221.0,277.0,361.0,0.0,159.884,136.0,144.0,151.0,160.0,168.0,176.0,185.02499999999986,0.0,177.4775,150.975,160.0,168.0,177.0,186.0,195.0,204.0,0.0
validation,2025-05-26,29,220,24541,347.176,182.0,228.0,276.0,336.0,408.0,482.0,560.0,0.0,209.5795,181.0,191.0,200.0,209.0,219.0,228.0,239.0,0.0,345.889,311.0,323.0,333.0,346.0,358.0,370.0,383.0,0.0
validation,2025-05-26,30,247,24541,395.049,210.0,264.0,315.0,384.0,463.0,540.0,625.0249999999999,0.0,496.468,454.0,467.0,481.0,495.0,512.0,525.1000000000001,542.0,0.0,396.1265,359.0,371.0,383.0,396.0,409.0,421.0,435.0,0.0
validation,2025-05-26,31,274,24541,289.761,136.95,176.0,222.0,277.0,346.0,417.0,495.02499999999986,0.0,184.6105,158.0,168.0,175.0,185.0,194.0,202.0,212.02499999999986,0.0,290.9915,258.0,269.0,279.0,291.0,302.0,313.0,323.0,0.0
validation,2025-05-26,32,39,24541,33.6885,1.0,4.0,11.0,24.5,47.0,76.0,119.0,0.0,208.19,180.0,189.0,198.0,208.0,218.0,227.0,237.0,0.0,35.1035,24.0,28.0,31.0,35.0,39.0,43.0,47.0,0.0
validation,2025-05-26,33,1,24541,8.008,0.0,0.0,0.0,1.0,8.0,24.0,56.07499999999959,0.0,162.547,138.0,146.0,154.0,162.0,171.0,179.0,189.0,0.0,7.1395,2.0,4.0,5.0,7.0,9.0,11.0,13.0,0.0
validation,2025-05-26,34,0,24541,3.0445,0.0,0.0,0.0,0.0,1.0,8.100000000000136,29.024999999999864,0.0,150.372,126.0,134.0,142.0,150.0,159.0,167.0,175.0,0.0,3.1125,0.0,1.0,2.0,3.0,4.0,6.0,7.0,0.0
validation,2025-05-26,35,5,24541,8.6185,0.0,0.0,0.0,2.0,9.0,25.100000000000136,55.04999999999973,0.0,66.6575,50.0,56.0,61.0,66.0,72.0,78.0,84.0,0.0,8.7785,3.9750000000000014,5.0,7.0,9.0,11.0,13.0,15.0,0.0
validation,2025-05-26,36,634,24541,859.5385,583.0,667.9,749.0,849.0,956.0,1062.0,1178.0999999999995,0.0,1232.966,1166.0,1188.0,1210.0,1233.0,1256.0,1277.0,1302.0249999999999,0.0,864.126,807.0,827.0,845.0,865.0,883.0,901.0,921.0,0.0
validation,2025-05-26,37,46,24541,52.0225,4.0,12.0,23.0,42.0,71.0,105.0,150.02499999999986,0.0,144.5895,121.0,129.0,137.0,144.0,152.25,161.0,169.02499999999986,0.0,52.278,39.0,43.0,47.0,52.0,57.0,62.0,68.0,0.0
validation,2025-05-26,38,197,24541,135.9745,43.0,62.0,87.0,127.0,173.0,220.10000000000014,289.0,0.0,145.091,122.0,129.0,137.0,145.0,153.0,161.0,169.0,0.0,136.418,114.0,122.0,128.0,136.0,144.0,151.10000000000014,161.0,0.0
validation,2025-05-26,39,106,24541,112.573,27.975,47.0,70.0,103.0,145.0,190.0,252.02499999999986,0.0,194.2145,167.0,176.0,185.0,194.0,203.0,212.0,221.02499999999986,0.0,112.746,92.0,99.0,106.0,113.0,120.0,126.0,134.0,0.0
validation,2025-06-02,0,1,26597,3.968,0.0,0.0,0.0,0.0,2.0,11.0,40.0,0.0,48.869,35.0,40.0,44.0,49.0,54.0,58.0,62.0,0.0,3.881,1.0,2.0,3.0,4.0,5.0,6.0,8.0,0.0
validation,2025-06-02,1,271,26597,285.2125,131.0,173.0,219.0,275.0,338.0,409.0,517.0249999999999,0.0,149.6915,126.0,134.0,141.0,150.0,158.0,165.0,174.0,0.0,284.72,253.975,264.0,273.0,284.0,296.0,306.0,317.0,0.0
validation,2025-06-02,2,437,26597,546.798,322.925,385.0,453.0,537.0,629.0,719.2000000000003,843.0,0.0,211.8125,184.0,193.0,202.0,212.0,221.0,231.0,242.02499999999986,0.0,549.347,505.0,520.0,533.0,548.0,565.0,580.0,595.0,0.0
validation,2025-06-02,3,1425,26597,2295.72,1815.975,1957.9,2110.0,2280.0,2472.25,2648.1000000000004,2838.0499999999997,0.0,885.816,827.975,848.0,865.75,886.0,906.0,925.0,944.0249999999999,0.0,2292.219,2204.0,2233.0,2262.0,2292.0,2322.0,2350.0,2384.0,0.0
validation,2025-06-02,4,117,26597,109.6695,24.0,42.0,65.0,99.0,141.0,188.10000000000014,263.0,0.0,331.069,297.0,308.0,319.0,330.0,344.0,355.0,367.02499999999986,0.0,110.6575,90.0,98.0,104.0,111.0,118.0,124.0,132.0,0.0
validation,2025-06-02,5,185,26597,216.3375,80.975,116.0,155.0,205.0,267.0,329.0,405.0499999999997,0.0,235.799,207.0,216.0,226.0,236.0,246.0,255.0,267.0,0.0,214.5665,187.0,197.0,205.0,214.0,224.0,233.0,244.02499999999986,0.0
validation,2025-06-02,6,152,26597,178.6915,57.975,90.0,122.0,169.0,222.25,283.10000000000014,356.0,0.0,342.7665,307.0,319.0,330.0,342.0,355.0,367.0,380.0,0.0,179.6455,154.0,163.0,171.0,179.0,188.0,196.0,206.0,0.0
validation,2025-06-02,7,193,26597,208.5605,78.0,111.0,145.75,196.0,259.0,325.0,398.0499999999997,0.0,286.797,252.975,264.0,275.0,287.0,298.0,309.0,320.02499999999986,0.0,208.075,180.0,190.0,199.0,208.0,218.0,226.0,238.0,0.0
validation,2025-06-02,8,2250,26597,2476.564,1932.975,2127.0,2282.75,2476.0,2667.0,2834.2000000000003,3048.0249999999996,0.0,2989.161,2892.975,2923.0,2955.0,2990.0,3023.0,3054.0,3096.0,0.0,2474.3275,2382.0,2412.9,2442.0,2475.5,2508.0,2536.0,2564.0249999999996,0.0
validation,2025-06-02,9,7,26597,4.111,0.0,0.0,0.0,0.0,2.0,11.0,42.0,0.0,66.73,51.0,57.0,61.0,67.0,72.0,77.0,83.0,0.0,3.937,1.0,2.0,3.0,4.0,5.0,7.0,8.0,0.0
validation,2025-06-02,10,176,26597,218.115,84.0,118.0,154.0,205.0,269.0,338.10000000000014,418.0499999999997,0.0,228.4115,199.0,209.0,218.0,229.0,238.0,248.0,260.0,0.0,216.2215,187.0,197.0,206.0,216.0,226.0,236.0,247.0,0.0
validation,2025-06-02,11,2327,26597,1626.0705,1210.975,1343.0,1469.0,1614.5,1773.5,1929.0,2085.0,0.0,2422.6715,2330.0,2363.0,2390.0,2422.0,2455.0,2485.0,2518.0249999999996,0.0,1628.2635,1553.0,1578.0,1602.0,1628.0,1654.0,1678.1000000000001,1705.0,0.0
validation,2025-06-02,12,1867,26597,1959.4275,1504.975,1660.0,1794.0,1950.5,2118.25,2283.0,2447.0,0.0,2152.569,2067.975,2096.0,2122.0,2153.0,2183.0,2209.0,2239.0,0.0,1959.587,1877.975,1906.0,1932.0,1959.5,1989.0,2014.0,2039.0,0.0
validation,2025-06-02,13,2122,26597,2356.9325,1859.975,2024.0,2167.0,2348.0,2532.0,2698.1000000000004,2904.0249999999996,0.0,2426.9395,2336.0,2367.0,2394.0,2427.0,2458.0,2490.0,2522.0,0.0,2341.46,2251.95,2282.9,2310.0,2341.0,2372.0,2402.0,2432.0,0.0
validation,2025-06-02,14,9684,26597,8253.3605,7444.8,7720.9,7954.75,8245.0,8541.25,8805.1,9155.274999999998,0.0,4405.068,4287.975,4325.0,4363.0,4404.0,4448.0,4484.1,4523.075,0.0,8258.3715,8107.0,8161.0,8207.0,8258.0,8309.0,8355.0,8410.0,0.0
validation,2025-06-02,15,30,26597,31.2705,0.0,3.0,8.0,21.0,44.0,73.0,119.02499999999986,0.0,188.448,160.0,170.0,179.0,188.0,198.0,206.0,217.0,0.0,31.372,21.0,24.0,28.0,31.0,35.0,39.0,42.0,0.0
validation,2025-06-02,16,273,26597,190.4055,64.0,100.0,135.0,182.0,235.0,291.0,357.02499999999986,0.0,231.167,202.975,212.0,221.0,231.0,242.0,251.0,260.0,0.0,191.6295,164.975,174.0,183.0,192.0,201.0,209.0,218.0,0.0
validation,2025-06-02,17,388,26597,443.5315,233.0,298.0,361.0,436.0,520.0,601.0,691.0,0.0,1770.689,1690.0,1717.9,1743.0,1769.5,1798.25,1826.0,1851.0249999999999,0.0,445.036,405.0,419.0,431.0,445.0,459.0,473.0,487.02499999999986,0.0
validation,2025-06-02,18,48,26597,69.7005,8.0,19.0,34.0,59.0,96.0,136.0,185.0,0.0,269.3635,238.0,249.0,258.0,269.0,280.0,291.0,301.02499999999986,0.0,68.838,53.0,58.0,63.0,69.0,74.0,79.0,85.0,0.0
validation,2025-06-02,19,1883,26597,1741.45,1308.0,1448.9,1579.75,1731.0,1895.0,2044.0,2258.199999999999,0.0,1574.3805,1494.975,1525.9,1549.0,1575.0,1601.0,1623.1000000000001,1649.0,0.0,1752.963,1677.0,1699.0,1727.0,1753.0,1779.0,1805.1000000000001,1831.0249999999999,0.0
validation,2025-06-02,20,17,26597,10.002,0.0,0.0,0.0,2.0,12.0,30.100000000000136,64.0,0.0,83.863,66.975,72.0,77.0,84.0,90.0,96.0,102.02499999999986,0.0,10.218,5.0,6.0,8.0,10.0,12.0,14.0,17.0,0.0
validation,2025-06-02,21,55,26597,73.8775,11.0,21.0,36.0,63.0,100.0,141.0,197.02499999999986,0.0,102.497,83.0,90.0,95.0,102.0,109.0,116.0,123.0,0.0,73.6405,57.0,63.0,68.0,74.0,79.0,84.0,91.0,0.0
validation,2025-06-02,22,165,26597,221.288,85.0,121.0,158.0,209.0,272.0,337.0,416.02499999999986,0.0,320.744,286.0,298.0,309.0,321.0,332.25,343.0,354.0,0.0,221.3675,192.975,203.0,211.0,221.0,231.0,240.0,251.02499999999986,0.0
validation,2025-06-02,23,169,26597,184.5595,63.0,96.0,128.0,174.0,231.0,287.0,361.0,0.0,159.3685,135.0,143.0,151.0,159.0,168.0,176.0,184.0,0.0,184.857,159.0,168.0,176.0,185.0,194.0,202.0,211.0,0.0
validation,2025-06-02,24,98,26597,131.192,34.0,57.0,83.0,120.0,169.25,221.0,285.0,0.0,241.2635,211.0,222.0,231.0,241.0,252.0,262.0,273.0,0.0,132.235,110.0,118.0,125.0,132.0,140.0,148.0,156.0,0.0
validation,2025-06-02,25,77,26597,96.3795,19.0,35.0,55.0,86.0,123.0,170.10000000000014,243.02499999999986,0.0,354.501,318.0,331.0,342.0,354.0,367.0,378.0,391.0,0.0,94.665,76.0,82.0,88.0,95.0,101.0,107.0,114.0,0.0
validation,2025-06-02,26,206,26597,158.6895,51.0,77.0,109.0,148.0,197.0,252.0,325.0,0.0,280.8455,249.0,259.0,270.0,281.0,292.0,303.0,313.0,0.0,159.108,135.0,143.0,150.0,159.0,167.0,176.0,184.02499999999986,0.0
validation,2025-06-02,27,18,26597,34.948,1.0,4.0,11.0,26.0,49.0,78.0,120.0,0.0,199.4495,172.0,181.0,190.0,200.0,208.0,217.10000000000014,228.0,0.0,35.359,24.0,28.0,31.0,35.0,39.0,43.0,48.0,0.0
validation,2025-06-02,28,207,26597,193.1535,67.975,103.0,136.0,182.0,241.0,297.0,368.02499999999986,0.0,173.23,149.0,157.0,164.0,173.0,182.0,190.0,200.0,0.0,196.35,170.0,178.0,187.0,196.5,206.0,214.0,224.02499999999986,0.0
validation,2025-06-02,29,202,26597,341.347,164.0,215.0,264.0,331.0,407.0,480.10000000000014,569.0,0.0,227.973,200.0,209.0,218.0,228.0,238.0,246.0,256.0,0.0,341.8745,307.0,318.0,329.0,341.0,355.0,366.0,378.0,0.0
validation,2025-06-02,30,348,26597,384.0005,198.0,252.9,304.75,371.0,450.25,528.1000000000001,645.0249999999999,0.0,537.1355,490.0,506.0,521.0,537.0,553.0,567.0,585.0,0.0,384.053,346.0,360.0,371.0,384.0,397.0,409.0,423.0,0.0
validation,2025-06-02,31,274,26597,310.192,148.0,191.9,234.75,298.0,375.0,444.0,533.0249999999999,0.0,200.4555,172.0,183.0,191.0,200.0,210.0,219.0,228.0,0.0,310.516,277.0,289.0,299.0,311.0,321.0,332.0,343.02499999999986,0.0
validation,2025-06-02,32,33,26597,37.5845,1.0,5.0,12.0,27.0,52.0,85.0,131.02499999999986,0.0,225.541,196.0,207.0,215.0,225.0,236.0,245.0,256.0,0.0,36.989,26.0,29.0,33.0,37.0,41.0,45.0,49.024999999999864,0.0
validation,2025-06-02,33,3,26597,5.507,0.0,0.0,0.0,0.0,5.0,17.0,43.0,0.0,176.3865,150.0,159.0,167.0,176.0,185.0,194.0,205.0,0.0,5.4755,1.0,3.0,4.0,5.0,7.0,8.0,10.0,0.0
validation,2025-06-02,34,0,26597,1.7725,0.0,0.0,0.0,0.0,0.0,3.0,22.024999999999864,0.0,162.5875,138.0,146.0,154.0,162.0,171.0,178.0,190.0,0.0,1.889,0.0,0.0,1.0,2.0,3.0,4.0,5.0,0.0
validation,2025-06-02,35,5,26597,9.4775,0.0,0.0,0.0,3.0,11.0,27.0,60.0,0.0,71.873,55.0,61.0,66.0,72.0,78.0,83.0,89.0,0.0,9.9555,4.0,6.0,8.0,10.0,12.0,14.0,17.0,0.0
validation,2025-06-02,36,587,26597,832.7875,526.925,626.9,717.0,827.0,936.0,1056.1000000000001,1183.0499999999997,0.0,1336.2665,1265.0,1289.9,1311.0,1337.0,1362.0,1383.0,1407.0249999999999,0.0,832.2845,778.0,795.0,813.0,832.5,852.0,870.0,889.0249999999999,0.0
validation,2025-06-02,37,37,26597,57.457,5.0,12.0,25.0,48.0,79.0,117.0,164.02499999999986,0.0,156.197,133.0,141.0,148.0,156.0,164.0,172.0,180.0,0.0,56.042,42.0,46.0,51.0,56.0,61.0,66.0,71.02499999999986,0.0
validation,2025-06-02,38,179,26597,171.067,57.975,85.9,118.0,160.0,213.0,270.0,344.0499999999997,0.0,157.111,132.0,141.0,149.0,157.0,165.0,174.0,183.0,0.0,170.2265,146.0,153.0,161.0,170.0,179.0,187.0,195.02499999999986,0.0
validation,2025-06-02,39,81,26597,125.8215,30.0,52.0,77.0,115.0,163.0,214.0,279.0,0.0,211.4925,184.0,193.0,202.0,211.0,221.0,229.10000000000014,240.0,0.0,124.7765,104.0,111.0,117.0,125.0,132.0,139.0,148.0,0.0
validation,2025-06-09,0,3,26606,4.26,0.0,0.0,0.0,0.0,2.0,13.0,41.0,0.0,48.7585,36.0,40.0,44.0,48.0,54.0,58.0,63.0,0.0,4.0555,1.0,2.0,3.0,4.0,5.0,7.0,8.0,0.0
validation,2025-06-09,1,372,26606,298.4675,132.0,179.0,229.0,289.0,361.25,428.0,505.02499999999986,0.0,149.7425,126.0,134.0,141.0,149.0,158.0,165.10000000000014,175.0,0.0,297.702,263.975,276.0,286.0,298.0,310.0,319.0,331.0,0.0
validation,2025-06-09,2,593,26606,518.616,295.0,356.0,420.0,508.0,604.0,696.1000000000001,809.0499999999997,0.0,212.052,184.0,193.0,202.0,211.5,221.0,232.0,242.0,0.0,519.42,473.975,490.0,504.0,520.0,535.0,548.1000000000001,563.0,0.0
validation,2025-06-09,3,1035,26606,1744.9205,1319.925,1445.0,1577.0,1738.5,1901.0,2046.0,2224.124999999999,0.0,885.23,828.0,847.0,865.0,885.0,905.0,923.0,944.0249999999999,0.0,1757.141,1676.0,1705.0,1730.0,1756.0,1784.0,1811.0,1837.0249999999999,0.0
validation,2025-06-09,4,99,26606,116.2715,26.0,46.0,68.75,104.0,152.0,205.0,272.02499999999986,0.0,331.889,296.0,309.0,320.0,332.0,344.0,355.0,368.02499999999986,0.0,112.989,91.0,99.0,106.0,113.0,120.0,127.0,135.0,0.0
validation,2025-06-09,5,130,26606,184.3655,66.0,95.0,125.0,174.5,230.0,282.10000000000014,368.0,0.0,236.0235,205.0,216.9,225.0,236.0,246.0,256.0,267.0,0.0,183.564,157.0,167.0,175.0,183.0,192.0,201.0,210.02499999999986,0.0
validation,2025-06-09,6,228,26606,176.037,62.0,88.9,121.0,167.0,221.0,274.0,348.0499999999997,0.0,343.347,306.0,319.0,331.0,344.0,356.0,367.0,380.0,0.0,172.671,147.0,155.0,164.0,173.0,181.0,190.0,199.0,0.0
validation,2025-06-09,7,187,26606,179.0495,62.0,88.0,123.0,168.5,226.0,284.0,346.02499999999986,0.0,286.5775,254.0,265.0,274.75,287.0,298.0,308.0,320.02499999999986,0.0,178.5205,153.0,162.0,169.0,179.0,188.0,196.0,204.0,0.0
validation,2025-06-09,8,2261,26606,2450.322,1914.9,2106.0,2255.75,2450.0,2640.0,2817.0,3013.124999999999,0.0,2987.262,2887.0,2919.0,2949.0,2988.0,3023.25,3055.0,3091.0,0.0,2457.3245,2367.0,2397.0,2424.0,2457.0,2489.0,2516.0,2555.0,0.0
validation,2025-06-09,9,3,26606,5.658,0.0,0.0,0.0,0.0,3.0,17.0,48.0,0.0,66.683,51.0,56.0,61.0,67.0,72.0,78.0,83.0,0.0,5.0995,1.0,2.0,4.0,5.0,6.0,8.0,10.0,0.0
validation,2025-06-09,10,120,26606,206.324,79.0,110.0,149.75,195.0,254.0,314.10000000000014,392.0499999999997,0.0,229.066,200.0,210.0,219.0,229.0,239.0,248.0,259.0,0.0,205.226,177.975,187.0,196.0,205.0,215.0,224.0,233.0,0.0
validation,2025-06-09,11,1957,26606,1888.255,1427.975,1579.9,1722.0,1884.0,2043.0,2204.0,2374.0249999999996,0.0,2423.594,2331.0,2361.0,2391.0,2425.0,2456.0,2483.0,2517.0249999999996,0.0,1889.729,1811.0,1836.0,1862.75,1889.0,1919.0,1945.0,1971.0,0.0
validation,2025-06-09,12,1679,26606,1952.1725,1509.975,1644.0,1784.0,1937.5,2115.5,2275.2000000000003,2466.0,0.0,2152.48,2066.0,2094.0,2123.0,2153.0,2183.0,2209.0,2243.0,0.0,1950.386,1867.975,1896.9,1922.0,1949.0,1979.0,2005.1000000000001,2037.0,0.0
validation,2025-06-09,13,2325,26606,2273.9925,1766.0,1937.9,2090.0,2264.0,2449.25,2629.0,2817.124999999999,0.0,2428.918,2336.0,2367.0,2395.0,2429.0,2462.0,2491.0,2528.0249999999996,0.0,2279.006,2186.975,2220.0,2250.0,2279.0,2310.0,2338.0,2367.0249999999996,0.0
validation,2025-06-09,14,10175,26606,8897.1485,8037.0,8336.9,8598.0,8897.5,9199.25,9469.0,9772.224999999999,0.0,4407.055,4283.9,4329.0,4365.0,4409.0,4448.0,4488.0,4529.0,0.0,8884.875,8735.975,8781.0,8831.75,8885.0,8938.0,8985.0,9038.025,0.0
validation,2025-06-09,15,19,26606,32.6355,0.0,3.0,9.0,22.0,45.0,76.0,122.02499999999986,0.0,189.183,162.0,171.0,180.0,189.0,199.0,207.0,217.0,0.0,31.91,21.0,25.0,28.0,32.0,36.0,39.100000000000136,44.0,0.0
validation,2025-06-09,16,249,26606,213.6245,81.975,116.0,153.0,203.0,263.0,325.0,406.02499999999986,0.0,231.3185,201.975,212.0,220.0,231.0,242.0,251.0,261.0,0.0,212.6975,185.0,194.0,203.0,212.0,222.0,231.0,241.0,0.0
validation,2025-06-09,17,387,26606,443.7785,238.0,297.9,360.0,433.0,519.0,604.0,700.0,0.0,1773.6205,1696.0,1721.0,1746.0,1773.0,1801.0,1825.0,1856.0,0.0,448.1425,406.975,422.0,435.0,448.0,462.0,476.0,490.0,0.0
validation,2025-06-09,18,93,26606,57.3195,5.0,13.0,26.0,47.0,78.0,116.0,165.0,0.0,268.8675,238.0,248.0,258.0,268.0,279.0,291.0,303.0,0.0,57.167,43.0,48.0,52.0,57.0,62.0,67.0,72.0,0.0
validation,2025-06-09,19,1760,26606,1802.726,1361.0,1506.9,1638.75,1793.0,1960.0,2114.1000000000004,2273.0249999999996,0.0,1577.296,1499.975,1528.0,1551.0,1576.0,1603.0,1630.0,1657.0,0.0,1806.967,1723.975,1754.0,1778.0,1807.0,1835.0,1859.0,1891.0249999999999,0.0
validation,2025-06-09,20,13,26606,9.932,0.0,0.0,0.0,3.0,12.0,29.0,59.024999999999864,0.0,83.6185,66.0,72.0,77.0,84.0,90.0,95.10000000000014,102.0,0.0,10.488,5.0,6.0,8.0,10.0,13.0,15.0,17.0,0.0
validation,2025-06-09,21,35,26606,60.9955,6.0,15.0,29.0,50.0,80.0,123.0,178.0,0.0,102.4295,82.0,89.0,96.0,102.0,109.0,116.0,123.0,0.0,62.499,48.0,53.0,57.0,62.0,68.0,73.0,78.0,0.0
validation,2025-06-09,22,192,26606,207.4895,79.0,109.0,147.0,196.0,258.0,315.0,404.02499999999986,0.0,320.075,285.0,298.0,308.0,320.0,332.0,343.10000000000014,357.0,0.0,206.4725,178.0,188.0,197.0,206.5,216.0,225.0,234.0,0.0
validation,2025-06-09,23,218,26606,186.3125,66.0,97.9,129.0,175.0,231.0,294.0,369.0,0.0,159.8645,135.0,144.0,151.0,160.0,168.0,177.0,186.0,0.0,185.134,160.0,168.0,176.0,184.0,194.0,203.0,212.0,0.0
validation,2025-06-09,24,84,26606,114.7455,24.0,46.0,69.0,105.0,150.0,197.0,261.02499999999986,0.0,241.9095,212.0,222.0,231.0,242.0,253.0,262.0,272.0,0.0,113.4375,93.0,100.0,106.0,113.0,120.0,127.0,135.0,0.0
validation,2025-06-09,25,105,26606,78.7135,12.0,25.0,42.0,68.0,104.0,145.10000000000014,210.0,0.0,354.2485,318.0,330.0,341.0,354.0,367.0,378.0,392.0,0.0,79.9135,63.0,69.0,74.0,80.0,85.25,91.0,98.0,0.0
validation,2025-06-09,26,185,26606,183.0455,67.0,94.0,126.0,173.0,229.25,285.0,355.0749999999996,0.0,280.9105,248.0,259.0,270.0,281.0,292.0,303.0,314.0,0.0,184.221,157.0,167.0,175.0,184.0,193.0,201.0,212.0,0.0
validation,2025-06-09,27,21,26606,30.1215,0.0,2.0,8.0,20.0,43.0,71.0,108.0,0.0,199.9475,172.975,181.0,190.0,200.0,210.0,218.0,228.0,0.0,31.2805,20.0,24.0,28.0,31.0,35.0,38.0,42.0,0.0
validation,2025-06-09,28,263,26606,208.013,82.0,110.0,147.0,198.0,253.0,322.0,401.02499999999986,0.0,173.372,148.0,156.0,164.0,173.0,182.0,191.0,199.0,0.0,206.8435,178.0,188.0,197.0,207.0,217.0,226.0,235.02499999999986,0.0
validation,2025-06-09,29,247,26606,290.655,130.0,174.0,218.0,280.0,351.0,426.0,514.0249999999999,0.0,226.5795,196.0,207.0,216.0,226.0,237.0,246.0,257.0,0.0,288.1055,255.0,266.0,277.0,288.0,300.0,309.0,323.0,0.0
validation,2025-06-09,30,301,26606,358.109,175.95,220.0,279.0,348.0,424.0,509.0,610.0,0.0,537.201,492.0,507.0,521.0,537.0,553.0,567.0,585.0,0.0,360.733,324.0,336.0,348.0,361.0,374.0,384.0,398.0,0.0
validation,2025-06-09,31,294,26606,303.5845,138.0,182.0,232.0,295.0,362.0,437.10000000000014,527.0249999999999,0.0,199.9815,173.0,182.0,190.0,200.0,209.0,218.0,229.0,0.0,299.037,267.0,277.0,287.0,299.0,310.0,322.0,335.0,0.0
validation,2025-06-09,32,53,26606,37.518,1.0,5.0,12.0,28.0,53.0,81.10000000000014,129.0,0.0,225.516,195.0,207.0,215.0,225.0,236.0,246.0,255.02499999999986,0.0,37.569,26.0,30.0,33.0,37.0,42.0,46.0,51.0,0.0
validation,2025-06-09,33,1,26606,4.0115,0.0,0.0,0.0,0.0,2.0,12.0,36.024999999999864,0.0,176.3825,150.0,159.0,167.0,176.0,186.0,193.0,202.0,0.0,3.731,0.0,1.0,2.0,4.0,5.0,6.0,8.0,0.0
validation,2025-06-09,34,9,26606,0.9475,0.0,0.0,0.0,0.0,0.0,0.0,11.0,0.0,162.487,138.0,146.0,154.0,162.0,171.0,179.10000000000014,187.0,0.0,0.776,0.0,0.0,0.0,1.0,1.0,2.0,3.0,0.0
validation,2025-06-09,35,6,26606,8.5705,0.0,0.0,0.0,1.0,9.0,26.0,56.04999999999973,0.0,72.448,56.0,62.0,66.0,72.0,78.0,83.0,90.0,0.0,8.7525,3.0,5.0,7.0,9.0,11.0,13.0,15.0,0.0
validation,2025-06-09,36,563,26606,740.209,471.925,558.9,635.0,727.0,841.0,932.0,1071.0249999999999,0.0,1335.5895,1266.0,1288.0,1311.75,1336.0,1360.0,1383.0,1405.0,0.0,733.8845,684.0,700.0,715.0,734.0,753.0,767.0,784.0,0.0
validation,2025-06-09,37,18,26606,43.179,2.0,6.0,15.0,33.0,59.0,94.0,148.09999999999945,0.0,156.013,132.0,140.0,148.0,156.0,165.0,172.0,181.0,0.0,44.5185,32.0,36.0,40.0,44.0,49.0,53.0,58.024999999999864,0.0
validation,2025-06-09,38,230,26606,183.9065,67.95,93.0,125.0,173.0,229.0,290.10000000000014,361.0,0.0,157.09,133.0,141.0,148.0,157.0,165.0,174.0,182.02499999999986,0.0,183.225,157.0,166.0,174.0,183.0,192.0,201.0,210.0,0.0
validation,2025-06-09,39,93,26606,109.997,26.0,44.0,66.0,100.0,144.0,188.0,255.02499999999986,0.0,211.373,183.0,193.0,202.0,211.0,221.0,230.0,239.0,0.0,110.7855,91.0,98.0,104.0,110.0,118.0,124.0,132.0,0.0
validation,2025-06-16,0,1,27105,3.081,0.0,0.0,0.0,0.0,1.0,7.0,33.024999999999864,0.0,49.4605,36.0,40.900000000000006,45.0,49.0,54.0,59.0,64.0,0.0,2.935,0.0,1.0,2.0,3.0,4.0,5.0,7.0,0.0
validation,2025-06-16,1,174,27105,309.2215,138.975,189.0,237.75,297.5,372.0,443.0,540.0249999999999,0.0,152.461,128.0,136.0,144.0,152.0,161.0,169.0,178.0,0.0,309.4765,275.0,286.0,298.0,310.0,322.0,331.10000000000014,343.02499999999986,0.0
validation,2025-06-16,2,615,27105,555.149,323.975,391.0,460.0,544.0,637.0,735.0,862.0,0.0,216.23,187.0,197.0,206.0,216.0,226.0,235.0,246.0,0.0,553.071,508.0,523.0,537.0,553.0,569.0,584.0,599.0,0.0
validation,2025-06-16,3,1302,27105,1310.559,941.975,1055.0,1169.0,1299.0,1435.0,1586.1000000000001,1739.0499999999997,0.0,900.0525,841.0,863.0,880.0,900.0,919.0,939.0,958.0,0.0,1311.939,1241.975,1266.0,1288.0,1312.0,1335.0,1357.0,1383.0,0.0
validation,2025-06-16,4,131,27105,112.9185,23.0,43.0,67.0,102.0,147.0,195.0,270.02499999999986,0.0,338.159,301.0,315.0,325.0,338.0,350.0,363.0,375.02499999999986,0.0,112.101,92.0,98.0,105.0,112.0,119.0,126.0,133.0,0.0
validation,2025-06-16,5,257,27105,166.299,55.0,82.0,113.0,156.0,206.0,263.10000000000014,338.02499999999986,0.0,240.2885,210.0,221.0,230.0,240.0,251.0,260.0,271.0,0.0,166.859,142.0,150.0,158.0,167.0,175.0,184.0,193.0,0.0
validation,2025-06-16,6,85,27105,200.078,72.0,105.0,140.75,188.0,249.0,308.2000000000003,392.02499999999986,0.0,349.6495,314.0,326.0,337.0,349.0,362.0,373.0,389.0,0.0,196.109,169.0,178.0,186.0,196.0,206.0,214.0,224.0,0.0
validation,2025-06-16,7,144,27105,184.706,63.0,91.0,128.0,175.0,231.0,291.10000000000014,359.0749999999996,0.0,292.9425,260.0,272.0,281.0,293.0,304.0,315.0,326.0,0.0,183.1555,159.0,166.0,174.0,183.0,192.0,201.0,209.02499999999986,0.0
validation,2025-06-16,8,2406,27105,2465.316,1967.875,2119.0,2282.0,2460.0,2634.0,2814.1000000000004,3026.124999999999,0.0,3045.0805,2943.975,2978.0,3008.0,3045.0,3080.0,3111.0,3148.0,0.0,2460.6325,2368.975,2400.0,2429.0,2462.0,2493.0,2519.0,2553.0,0.0
validation,2025-06-16,9,1,27105,4.104,0.0,0.0,0.0,0.0,2.0,11.0,39.0,0.0,67.9685,52.0,57.0,62.0,68.0,74.0,79.0,85.02499999999986,0.0,3.9045,1.0,2.0,2.0,4.0,5.0,7.0,8.0,0.0
validation,2025-06-16,10,161,27105,171.3895,59.0,85.0,117.0,160.0,215.0,273.0,343.0,0.0,232.658,203.0,212.0,222.0,232.0,243.0,253.0,264.0,0.0,172.156,148.0,156.0,163.75,172.0,181.0,189.0,198.0,0.0
validation,2025-06-16,11,1928,27105,2005.688,1514.925,1670.9,1830.0,2005.0,2169.25,2339.1000000000004,2551.124999999999,0.0,2470.692,2379.0,2409.0,2440.0,2471.0,2501.0,2529.0,2564.0,0.0,2012.153,1932.0,1958.0,1982.75,2012.0,2040.0,2067.0,2098.0,0.0
validation,2025-06-16,12,1920,27105,1914.3545,1469.0,1608.0,1736.0,1904.0,2075.25,2240.1000000000004,2436.0,0.0,2195.956,2103.0,2137.0,2164.0,2196.5,2227.0,2257.0,2288.0,0.0,1906.1285,1822.975,1852.0,1877.75,1907.0,1935.0,1959.0,1985.0249999999999,0.0
validation,2025-06-16,13,2091,27105,2300.701,1813.975,1967.0,2114.0,2288.5,2480.25,2655.2000000000003,2859.0249999999996,0.0,2472.8995,2381.0,2412.0,2441.0,2472.0,2505.0,2534.0,2564.0,0.0,2298.0645,2211.0,2241.0,2265.0,2298.0,2328.0,2354.1000000000004,2388.0,0.0
validation,2025-06-16,14,10738,27105,9706.973,8810.0,9108.0,9389.75,9708.0,10026.0,10302.400000000001,10595.374999999998,0.0,4485.3435,4367.975,4408.0,4444.0,4484.0,4526.0,4565.0,4601.0,0.0,9710.559,9554.975,9608.0,9655.0,9711.5,9764.0,9811.1,9869.0,0.0
validation,2025-06-16,15,20,27105,28.4925,0.0,2.0,7.0,19.0,40.0,67.0,114.0,0.0,192.6675,165.975,174.0,183.0,193.0,202.0,211.0,221.02499999999986,0.0,28.9115,19.0,22.0,26.0,29.0,32.0,35.0,39.0,0.0
validation,2025-06-16,16,146,27105,236.3205,96.0,132.0,172.0,225.0,289.0,357.10000000000014,433.02499999999986,0.0,235.4295,206.0,216.0,225.0,235.0,245.0,255.0,265.0,0.0,235.726,205.975,217.0,226.0,235.0,246.0,255.0,265.02499999999986,0.0
validation,2025-06-16,17,364,27105,422.1445,220.975,280.0,339.0,406.5,497.0,579.0,686.0249999999999,0.0,1806.238,1730.0,1754.0,1777.0,1806.0,1834.0,1860.0,1886.0,0.0,420.1255,381.0,395.0,406.0,420.0,434.0,447.0,459.0,0.0
validation,2025-06-16,18,55,27105,70.7015,8.0,19.0,36.0,61.0,94.0,137.0,198.02499999999986,0.0,273.7635,241.0,251.0,262.0,274.0,286.0,296.0,309.0,0.0,69.389,54.975,59.0,64.0,69.0,75.0,80.0,85.0,0.0
validation,2025-06-16,19,1630,27105,1848.9525,1403.975,1542.0,1683.0,1841.0,2009.0,2172.0,2353.0249999999996,0.0,1605.723,1528.975,1556.9,1579.0,1606.0,1632.0,1656.0,1682.0249999999999,0.0,1852.017,1770.975,1798.0,1824.0,1851.0,1881.0,1907.0,1935.0,0.0
validation,2025-06-16,20,29,27105,12.367,0.0,0.0,0.0,4.0,16.0,34.0,71.0,0.0,85.4585,68.0,74.0,80.0,85.0,91.0,97.0,104.0,0.0,12.135,6.0,8.0,10.0,12.0,14.0,17.0,19.0,0.0
validation,2025-06-16,21,62,27105,52.908,4.0,11.0,22.0,43.0,71.0,112.0,161.0,0.0,104.1375,85.0,91.0,97.0,104.0,111.0,117.0,124.0,0.0,53.035,39.0,44.0,48.0,53.0,58.0,63.0,68.0,0.0
validation,2025-06-16,22,143,27105,211.2315,79.0,112.0,151.0,201.0,261.25,320.0,403.0749999999996,0.0,327.236,292.975,304.0,315.0,327.0,339.0,351.0,363.0,0.0,212.683,184.0,194.0,203.0,213.0,223.0,231.0,241.0,0.0
validation,2025-06-16,23,122,27105,203.966,76.0,107.0,143.0,193.0,251.0,312.10000000000014,399.02499999999986,0.0,163.318,139.0,147.0,154.0,163.0,172.0,180.0,189.0,0.0,202.89,174.975,185.0,193.0,203.0,212.25,221.0,231.0,0.0
validation,2025-06-16,24,128,27105,103.046,21.0,38.0,62.0,92.0,133.0,183.0,251.0,0.0,245.757,216.0,226.0,235.0,245.5,256.0,266.0,276.0,0.0,103.377,83.0,90.0,96.0,103.0,110.0,117.0,123.0,0.0
validation,2025-06-16,25,144,27105,88.422,16.0,30.0,50.0,78.0,117.0,158.0,214.0749999999996,0.0,360.478,324.0,336.0,347.0,360.0,373.0,385.0,400.0,0.0,90.007,73.0,78.0,83.0,89.0,96.0,103.0,109.0,0.0
validation,2025-06-16,26,132,27105,205.9275,73.975,108.0,145.0,193.5,256.25,320.0,396.0,0.0,285.662,253.975,264.0,274.0,285.0,297.0,308.0,321.0,0.0,204.5765,177.975,187.0,195.0,204.0,214.0,223.0,234.0,0.0
validation,2025-06-16,27,18,27105,26.1825,0.0,1.0,5.0,16.0,37.0,64.0,107.02499999999986,0.0,204.212,175.0,185.0,194.0,204.0,214.0,224.0,234.0,0.0,25.8905,17.0,19.0,22.0,26.0,29.0,33.0,36.0,0.0
validation,2025-06-16,28,115,27105,213.817,80.975,116.9,154.0,202.0,260.0,328.0,402.02499999999986,0.0,176.254,150.0,159.0,167.0,176.0,185.0,193.0,203.0,0.0,216.38,189.0,198.0,206.0,216.0,226.0,236.0,247.0,0.0
validation,2025-06-16,29,189,27105,270.0935,117.95,160.0,204.0,259.0,328.0,387.2000000000003,480.02499999999986,0.0,231.904,202.0,212.0,221.0,232.0,242.0,252.0,263.0,0.0,277.005,246.0,256.0,266.0,276.0,288.0,299.0,312.0,0.0
validation,2025-06-16,30,337,27105,322.7195,146.0,196.0,249.0,314.0,385.25,465.0,553.0249999999999,0.0,547.4455,502.0,517.0,531.0,547.0,564.0,578.0,594.0,0.0,321.532,287.0,299.0,310.0,322.0,333.0,344.0,358.0,0.0
validation,2025-06-16,31,355,27105,291.5175,130.0,170.0,220.75,281.0,351.25,425.0,516.0,0.0,204.0005,176.0,186.0,194.0,204.0,213.0,222.0,233.0,0.0,293.3855,260.0,271.0,282.0,293.0,305.0,315.0,327.0,0.0
validation,2025-06-16,32,75,27105,45.364,2.0,7.0,17.0,36.0,62.0,97.0,143.0,0.0,230.376,201.0,211.0,220.0,230.0,241.0,250.0,260.0,0.0,45.9515,33.0,37.0,41.0,46.0,50.0,55.0,60.0,0.0
validation,2025-06-16,33,12,27105,3.3565,0.0,0.0,0.0,0.0,1.0,9.0,34.0,0.0,179.7175,154.0,162.0,170.0,179.0,189.0,197.0,208.0,0.0,2.921,0.0,1.0,2.0,3.0,4.0,5.0,7.0,0.0
validation,2025-06-16,34,17,27105,2.9345,0.0,0.0,0.0,0.0,1.0,7.0,28.0,0.0,165.9325,141.0,150.0,157.0,166.0,174.0,182.0,192.0,0.0,2.922,0.0,1.0,2.0,3.0,4.0,5.0,7.0,0.0
validation,2025-06-16,35,4,27105,6.532,0.0,0.0,0.0,1.0,6.0,18.100000000000136,52.0,0.0,73.537,56.0,62.0,67.0,73.0,79.25,85.0,91.0,0.0,6.56,2.0,3.0,5.0,6.0,8.0,10.0,12.0,0.0
validation,2025-06-16,36,783,27105,675.2635,416.0,500.0,570.0,663.0,765.25,867.1000000000001,994.0249999999999,0.0,1360.851,1293.0,1314.9,1334.0,1361.0,1386.0,1408.1000000000001,1436.0249999999999,0.0,673.002,623.0,639.0,656.0,674.0,690.0,705.0,723.0,0.0
validation,2025-06-16,37,36,27105,39.2495,1.0,6.0,13.0,28.0,55.0,86.0,135.02499999999986,0.0,159.5075,136.0,143.0,151.0,160.0,168.0,176.0,185.0,0.0,39.4605,28.0,31.0,35.0,39.0,44.0,48.0,53.0,0.0
validation,2025-06-16,38,161,27105,203.858,76.975,108.0,145.0,194.0,251.0,312.0,394.0499999999997,0.0,159.9155,135.0,143.0,151.0,160.0,169.0,177.0,186.0,0.0,206.6115,179.0,188.0,197.0,206.0,216.0,226.0,236.0,0.0
validation,2025-06-16,39,74,27105,109.0945,23.975,41.0,64.0,97.5,143.0,194.0,253.0,0.0,215.637,187.0,196.0,205.0,216.0,226.0,234.0,245.02499999999986,0.0,109.262,90.0,96.0,102.0,109.0,116.0,123.0,130.0,0.0
validation,2025-06-23,0,18,27010,1.792,0.0,0.0,0.0,0.0,0.0,4.0,21.024999999999864,0.0,49.284,36.0,40.0,44.0,49.0,54.0,58.0,63.0,0.0,2.028,0.0,0.0,1.0,2.0,3.0,4.0,5.0,0.0
validation,2025-06-23,1,193,27010,286.611,130.0,170.0,216.0,276.0,344.25,417.0,501.0499999999997,0.0,152.1945,128.0,137.0,144.0,152.0,160.0,168.0,178.0,0.0,288.7495,256.0,267.0,277.0,289.0,300.0,310.0,322.0,0.0
validation,2025-06-23,2,506,27010,552.894,311.975,388.0,456.0,540.5,638.0,737.0,841.0999999999995,0.0,214.1565,186.0,195.9,205.0,214.0,224.0,234.0,242.02499999999986,0.0,551.5285,505.0,521.0,536.0,551.0,568.0,582.0,598.0,0.0
validation,2025-06-23,3,1659,27010,1262.6155,900.925,1027.0,1122.75,1255.0,1385.0,1520.0,1665.0749999999996,0.0,897.4865,839.0,860.0,878.0,898.0,917.0,935.0,957.0249999999999,0.0,1258.988,1190.975,1215.9,1236.0,1259.0,1282.0,1303.0,1323.0249999999999,0.0
validation,2025-06-23,4,123,27010,114.8905,27.0,44.0,69.0,106.0,146.0,202.0,265.0,0.0,336.8895,302.0,314.0,324.0,337.0,349.0,360.0,373.0,0.0,115.0615,94.0,101.9,108.0,115.0,122.0,129.0,136.0,0.0
validation,2025-06-23,5,302,27010,182.374,62.0,90.0,126.0,174.0,229.0,281.0,364.02499999999986,0.0,239.9785,211.0,220.9,229.0,240.0,250.0,260.0,270.0,0.0,181.3085,155.0,164.0,172.0,181.0,190.0,199.0,208.0,0.0
validation,2025-06-23,6,123,27010,168.93,55.0,82.0,116.0,158.5,211.0,271.0,343.02499999999986,0.0,348.106,312.0,324.0,335.0,348.0,361.0,372.0,383.02499999999986,0.0,169.139,146.0,153.0,160.0,169.0,178.0,186.0,194.0,0.0
validation,2025-06-23,7,98,27010,175.951,62.0,89.0,120.75,165.0,220.0,281.0,356.02499999999986,0.0,291.1325,258.0,270.0,279.0,291.0,303.0,312.10000000000014,326.0,0.0,175.879,151.0,159.0,167.0,176.0,184.0,193.0,201.0,0.0
validation,2025-06-23,8,2545,27010,2353.8735,1834.0,2015.9,2167.0,2343.0,2523.25,2711.0,2939.0999999999995,0.0,3033.126,2934.0,2967.0,2996.0,3033.0,3067.0,3101.1000000000004,3139.0249999999996,0.0,2365.323,2274.0,2306.0,2334.0,2367.0,2397.0,2426.0,2455.0,0.0
validation,2025-06-23,9,6,27010,3.084,0.0,0.0,0.0,0.0,1.0,8.0,30.024999999999864,0.0,67.2155,51.0,57.0,62.0,67.0,73.0,78.0,83.0,0.0,3.346,0.0,1.0,2.0,3.0,4.0,6.0,7.0,0.0
validation,2025-06-23,10,92,27010,141.1465,38.975,63.0,90.0,132.0,181.0,232.0,295.0,0.0,231.9985,202.0,212.0,222.0,232.0,242.0,251.0,263.0,0.0,143.424,121.0,128.0,135.0,143.0,152.0,159.0,168.0,0.0
validation,2025-06-23,11,1761,27010,2066.637,1599.925,1749.9,1899.0,2060.0,2222.25,2390.2000000000003,2578.0249999999996,0.0,2461.632,2369.0,2402.0,2431.0,2463.0,2492.0,2520.0,2552.0249999999996,0.0,2063.9625,1979.0,2007.0,2035.0,2064.0,2093.0,2120.0,2150.0249999999996,0.0
validation,2025-06-23,12,1811,27010,1880.31,1434.0,1569.0,1705.0,1874.0,2048.0,2198.0,2374.0499999999997,0.0,2186.665,2098.0,2128.0,2157.0,2186.0,2217.0,2247.1000000000004,2275.0249999999996,0.0,1881.499,1800.975,1830.0,1853.0,1880.0,1910.0,1935.0,1964.0249999999999,0.0
validation,2025-06-23,13,2153,27010,2207.5775,1712.825,1876.0,2018.0,2198.0,2385.0,2550.2000000000003,2747.149999999999,0.0,2463.313,2367.0,2402.0,2430.0,2462.0,2497.0,2526.0,2562.0,0.0,2204.4745,2115.975,2145.0,2174.0,2204.0,2235.0,2261.0,2292.0,0.0
validation,2025-06-23,14,10179,27010,10140.5745,9239.65,9541.8,9833.0,10126.0,10471.0,10728.1,11057.125,0.0,4474.0895,4350.0,4392.9,4431.0,4475.0,4518.0,4554.0,4597.0,0.0,10138.332,9984.0,10038.0,10084.75,10138.0,10193.0,10242.0,10290.0,0.0
validation,2025-06-23,15,24,27010,25.2945,0.0,1.0,6.0,16.0,34.0,61.0,107.0,0.0,191.8695,165.0,175.0,183.0,192.0,201.0,209.0,219.0,0.0,25.9635,17.0,20.0,22.0,26.0,29.0,33.0,36.0,0.0
validation,2025-06-23,16,201,27010,216.764,85.0,116.0,153.75,207.0,266.25,329.0,412.02499999999986,0.0,234.796,206.0,217.0,225.0,234.0,244.0,253.0,266.0,0.0,214.2995,186.0,196.0,205.0,214.0,224.0,233.0,242.0,0.0
validation,2025-06-23,17,365,27010,401.4875,201.0,257.0,319.75,391.0,474.0,557.0,667.0499999999997,0.0,1800.258,1720.0,1745.0,1771.0,1801.0,1829.0,1854.0,1883.0,0.0,397.246,361.0,372.0,384.0,397.0,410.0,423.0,438.0,0.0
validation,2025-06-23,18,55,27010,70.3275,7.0,19.0,35.75,60.0,94.0,135.10000000000014,185.02499999999986,0.0,273.162,242.0,251.0,261.0,273.0,285.0,296.0,307.0,0.0,68.639,53.0,58.0,63.0,69.0,74.0,79.0,84.0,0.0
validation,2025-06-23,19,1840,27010,1784.2795,1367.725,1498.0,1619.0,1770.0,1937.0,2089.1000000000004,2268.0499999999997,0.0,1600.906,1525.0,1551.0,1575.0,1601.0,1627.0,1650.0,1677.0249999999999,0.0,1786.9515,1708.975,1733.0,1758.0,1787.0,1813.0,1840.0,1869.0,0.0
validation,2025-06-23,20,16,27010,18.7905,0.0,0.0,2.0,8.5,26.0,50.0,89.02499999999986,0.0,85.335,67.0,73.0,79.0,85.0,92.0,97.0,104.0,0.0,17.9615,10.0,13.0,15.0,18.0,21.0,24.0,27.0,0.0
validation,2025-06-23,21,44,27010,57.7315,5.0,11.0,24.0,47.0,81.0,116.0,169.02499999999986,0.0,103.9005,85.0,91.0,97.0,104.0,110.0,117.0,124.0,0.0,57.5555,43.0,48.0,52.0,57.0,62.0,67.0,74.0,0.0
validation,2025-06-23,22,116,27010,191.017,66.0,100.0,134.0,181.0,236.0,296.0,365.02499999999986,0.0,325.7365,291.975,303.0,313.0,326.0,338.0,349.0,361.02499999999986,0.0,191.723,165.0,174.0,182.0,192.0,201.0,210.0,219.0,0.0
validation,2025-06-23,23,106,27010,187.3945,64.975,95.0,130.0,177.0,234.0,296.10000000000014,364.02499999999986,0.0,162.256,137.0,146.0,153.0,162.0,171.0,179.0,188.0,0.0,185.879,159.0,168.0,177.0,186.0,195.0,204.0,213.02499999999986,0.0
validation,2025-06-23,24,85,27010,102.8135,20.975,38.0,60.0,93.0,134.25,180.0,241.04999999999973,0.0,244.453,213.0,225.0,234.0,244.0,255.0,265.0,274.02499999999986,0.0,103.7665,85.0,91.0,97.0,103.0,111.0,117.0,125.0,0.0
validation,2025-06-23,25,110,27010,103.4815,22.0,39.900000000000006,62.0,94.0,134.25,178.10000000000014,251.0,0.0,360.0,324.0,336.0,348.0,360.0,373.0,384.0,396.0,0.0,105.2235,86.0,92.0,98.0,105.0,112.0,119.0,127.0,0.0
validation,2025-06-23,26,186,27010,184.7425,61.0,93.0,126.0,172.5,230.0,291.0,379.02499999999986,0.0,285.073,252.0,263.0,274.0,285.0,296.0,307.0,319.0,0.0,186.393,160.0,169.0,177.0,186.0,196.0,204.0,214.0,0.0
validation,2025-06-23,27,37,27010,22.205,0.0,1.0,3.0,12.0,30.0,59.0,95.02499999999986,0.0,203.34,176.0,184.0,193.0,204.0,213.0,222.0,232.0,0.0,22.253,14.0,16.0,19.0,22.0,25.0,28.0,32.0,0.0
validation,2025-06-23,28,159,27010,199.157,73.0,103.0,139.0,186.5,246.0,312.0,392.02499999999986,0.0,176.5295,149.975,159.0,167.0,176.0,186.0,194.0,203.02499999999986,0.0,200.4785,173.0,182.0,191.0,200.0,210.0,220.0,229.0,0.0
validation,2025-06-23,29,248,27010,222.162,81.975,118.9,159.0,212.0,274.0,337.0,420.0,0.0,230.7975,201.0,211.0,220.0,231.0,241.0,251.0,260.0,0.0,221.057,193.0,203.0,211.0,221.0,231.0,240.0,249.0,0.0
validation,2025-06-23,30,302,27010,317.7315,149.975,194.9,242.0,309.0,377.0,454.10000000000014,545.0249999999999,0.0,546.243,502.0,518.0,531.0,546.0,561.0,575.0,593.0,0.0,317.935,282.0,295.0,306.0,318.0,329.25,340.0,352.0,0.0
validation,2025-06-23,31,326,27010,304.924,137.0,186.0,235.0,292.0,368.0,445.10000000000014,529.0,0.0,203.666,175.0,184.0,193.0,204.0,214.0,223.0,233.0,0.0,308.6695,277.0,287.0,296.0,308.0,320.0,331.0,343.0,0.0
validation,2025-06-23,32,189,27010,52.6425,4.0,10.0,21.0,41.0,73.0,110.0,162.0749999999996,0.0,229.3165,200.0,210.9,219.0,229.0,240.0,248.0,259.0,0.0,51.8965,39.0,43.0,47.0,52.0,57.0,61.0,66.0,0.0
validation,2025-06-23,33,15,27010,4.367,0.0,0.0,0.0,0.0,3.0,13.0,39.0,0.0,178.9725,152.0,162.0,170.0,179.0,187.0,196.0,206.0,0.0,4.6955,1.0,2.0,3.0,4.0,6.0,8.0,10.0,0.0
validation,2025-06-23,34,0,27010,6.7405,0.0,0.0,0.0,1.0,6.0,21.0,49.0,0.0,165.476,141.0,149.0,157.0,165.0,174.0,182.0,191.0,0.0,7.0305,2.0,4.0,5.0,7.0,9.0,10.0,13.0,0.0
validation,2025-06-23,35,11,27010,5.569,0.0,0.0,0.0,0.0,4.0,18.0,46.0,0.0,72.8935,56.0,62.0,67.0,73.0,78.0,84.0,91.0,0.0,5.4045,1.0,3.0,4.0,5.0,7.0,8.0,10.0,0.0
validation,2025-06-23,36,764,27010,661.9065,414.975,482.0,559.0,654.0,749.0,843.0,982.0249999999999,0.0,1355.4475,1286.0,1309.0,1331.0,1355.0,1378.0,1402.0,1429.0,0.0,660.489,611.0,629.0,644.0,661.0,678.0,694.0,710.0,0.0
validation,2025-06-23,37,45,27010,36.041,1.0,4.0,11.0,26.0,49.0,82.0,132.0,0.0,158.3165,134.0,142.0,150.0,158.0,167.0,174.0,184.0,0.0,35.424,24.0,28.0,31.0,35.0,39.0,43.0,48.0,0.0
validation,2025-06-23,38,130,27010,202.5395,75.0,105.0,140.0,191.0,251.25,313.0,399.02499999999986,0.0,159.366,135.0,143.0,151.0,159.0,168.0,175.0,184.02499999999986,0.0,198.1145,170.0,181.0,189.0,198.0,207.0,215.0,226.0,0.0
validation,2025-06-23,39,67,27010,90.6295,18.0,31.0,50.0,79.0,118.0,165.10000000000014,233.0,0.0,214.6225,185.975,195.0,204.0,215.0,225.0,233.0,244.0,0.0,91.908,73.0,79.0,85.0,92.0,99.0,105.0,111.02499999999986,0.0
