split,week,cluster_id,complaint_count,weekly_total,b1_rolling_4_mean,b1_rolling_4_p025,b1_rolling_4_p10,b1_rolling_4_p25,b1_rolling_4_p50,b1_rolling_4_p75,b1_rolling_4_p90,b1_rolling_4_p975,b1_rolling_4_impossible_probability
calibration,2024-10-07,0,23,18288,8.183,3.0,5.0,6.0,8.0,10.0,12.0,15.0,0.0
calibration,2024-10-07,1,161,18288,104.744,85.0,92.0,98.0,104.0,112.0,119.0,126.0,0.0
calibration,2024-10-07,2,431,18288,344.121,309.0,321.0,331.0,344.0,356.0,368.10000000000014,382.0,0.0
calibration,2024-10-07,3,1314,18288,1024.0815,964.0,985.9,1002.0,1024.0,1045.0,1065.0,1087.0,0.0
calibration,2024-10-07,4,148,18288,185.5505,159.0,168.9,176.0,185.0,195.0,203.0,212.0,0.0
calibration,2024-10-07,5,217,18288,290.363,258.0,268.0,278.0,291.0,302.0,313.0,325.0,0.0
calibration,2024-10-07,6,160,18288,204.127,176.0,186.0,194.0,204.0,214.0,224.0,233.02499999999986,0.0
calibration,2024-10-07,7,260,18288,152.0795,128.0,137.0,143.0,152.0,160.0,168.0,176.0,0.0
calibration,2024-10-07,8,1475,18288,1382.0785,1312.0,1334.0,1356.0,1382.0,1407.0,1430.0,1457.0,0.0
calibration,2024-10-07,9,24,18288,37.0465,26.0,30.0,33.0,37.0,41.0,45.0,49.0,0.0
calibration,2024-10-07,10,64,18288,169.7305,143.975,153.0,161.0,169.0,178.0,187.0,196.0,0.0
calibration,2024-10-07,11,1270,18288,1509.463,1436.0,1463.0,1484.0,1509.0,1534.0,1559.0,1586.0249999999999,0.0
calibration,2024-10-07,12,1345,18288,1358.1155,1284.0,1314.0,1333.75,1358.0,1382.0,1404.0,1428.0,0.0
calibration,2024-10-07,13,1179,18288,1313.258,1245.0,1267.0,1289.0,1313.0,1337.0,1360.0,1385.0,0.0
calibration,2024-10-07,14,3228,18288,3283.1705,3166.975,3207.9,3245.0,3283.0,3322.0,3357.0,3395.0,0.0
calibration,2024-10-07,15,110,18288,111.0585,91.0,98.0,104.0,111.0,118.0,125.0,133.0,0.0
calibration,2024-10-07,16,296,18288,290.2275,256.0,267.0,278.0,290.0,302.0,313.0,325.0,0.0
calibration,2024-10-07,17,642,18288,723.3595,672.0,689.0,705.0,722.0,742.0,760.0,776.0,0.0
calibration,2024-10-07,18,257,18288,134.0025,112.0,120.0,126.0,134.0,142.0,150.0,156.0,0.0
calibration,2024-10-07,19,1373,18288,1279.3745,1211.975,1233.0,1255.0,1279.0,1303.25,1325.0,1348.0,0.0
calibration,2024-10-07,20,83,18288,69.0095,53.0,58.0,63.0,69.0,75.0,80.0,86.0,0.0
calibration,2024-10-07,21,79,18288,67.36,52.0,57.0,62.0,67.0,73.0,78.0,84.0,0.0
calibration,2024-10-07,22,246,18288,218.449,190.0,199.0,208.0,218.0,229.0,238.0,247.0,0.0
calibration,2024-10-07,23,147,18288,102.611,83.0,90.0,95.0,102.0,109.0,116.0,123.0,0.0
calibration,2024-10-07,24,216,18288,209.0695,181.0,190.0,199.0,209.0,219.0,228.0,238.0,0.0
calibration,2024-10-07,25,206,18288,252.026,222.0,232.0,240.0,252.0,263.0,272.0,283.0,0.0
calibration,2024-10-07,26,210,18288,211.506,183.0,193.0,201.0,212.0,221.0,230.0,240.0,0.0
calibration,2024-10-07,27,212,18288,143.3325,121.0,128.0,135.0,143.0,151.0,159.0,167.0,0.0
calibration,2024-10-07,28,224,18288,171.4335,146.975,155.0,163.0,171.0,180.0,189.0,197.0,0.0
calibration,2024-10-07,29,154,18288,327.0775,292.0,304.0,315.0,328.0,339.0,350.0,362.0,0.0
calibration,2024-10-07,30,470,18288,517.978,474.0,488.0,503.0,517.0,534.0,548.0,563.0,0.0
calibration,2024-10-07,31,352,18288,303.2945,270.0,281.0,292.0,303.0,315.0,326.0,338.0,0.0
calibration,2024-10-07,32,246,18288,221.629,192.0,203.0,211.0,221.0,232.0,241.0,251.0,0.0
calibration,2024-10-07,33,18,18288,16.83,9.0,12.0,14.0,17.0,20.0,22.0,25.0,0.0
calibration,2024-10-07,34,96,18288,91.228,74.0,79.0,84.0,91.0,98.0,103.0,111.0,0.0
calibration,2024-10-07,35,26,18288,23.205,14.0,17.0,20.0,23.0,26.0,30.0,34.0,0.0
calibration,2024-10-07,36,601,18288,807.7605,752.0,771.0,789.0,807.0,827.0,845.0,867.0,0.0
calibration,2024-10-07,37,247,18288,191.6,164.975,174.0,182.0,191.0,201.0,210.0,219.0,0.0
calibration,2024-10-07,38,231,18288,219.0535,191.0,200.0,209.0,219.0,229.0,238.0,249.0,0.0
calibration,2024-10-07,39,247,18288,223.083,195.0,204.0,213.0,223.0,232.0,243.0,254.0,0.0
calibration,2024-10-14,0,15,16930,10.8525,5.0,7.0,9.0,11.0,13.0,15.0,18.0,0.0
calibration,2024-10-14,1,130,16930,106.128,86.0,93.0,99.0,106.0,113.0,119.0,127.0,0.0
calibration,2024-10-14,2,329,16930,332.2275,297.0,308.0,320.0,332.0,345.0,357.0,370.0,0.0
calibration,2024-10-14,3,1142,16930,1052.2855,989.0,1011.0,1031.0,1052.0,1073.0,1094.0,1118.0,0.0
calibration,2024-10-14,4,164,16930,162.9955,138.975,147.0,154.0,163.0,172.0,180.0,188.0,0.0
calibration,2024-10-14,5,227,16930,240.535,211.0,222.0,230.0,240.0,251.0,261.0,272.0,0.0
calibration,2024-10-14,6,176,16930,188.712,163.0,172.0,179.0,188.0,198.0,207.0,215.02499999999986,0.0
calibration,2024-10-14,7,270,16930,159.277,135.0,144.0,151.0,159.0,168.0,176.0,185.0,0.0
calibration,2024-10-14,8,1303,16930,1306.5735,1237.975,1261.0,1281.75,1306.0,1332.0,1352.0,1379.0499999999997,0.0
calibration,2024-10-14,9,21,16930,25.4495,16.0,19.0,22.0,25.0,29.0,32.0,36.0,0.0
calibration,2024-10-14,10,144,16930,130.2385,109.0,116.0,122.0,130.0,138.0,145.0,152.0,0.0
calibration,2024-10-14,11,1460,16930,1299.907,1227.975,1254.0,1277.0,1300.0,1324.0,1345.0,1368.0249999999999,0.0
calibration,2024-10-14,12,1296,16930,1258.348,1191.0,1215.0,1235.0,1258.0,1282.0,1304.0,1327.0,0.0
calibration,2024-10-14,13,1272,16930,1207.4015,1136.975,1163.0,1183.0,1207.0,1232.0,1252.0,1275.0249999999999,0.0
calibration,2024-10-14,14,3069,16930,3070.3495,2964.0,3000.9,3032.0,3071.0,3108.0,3140.0,3177.0,0.0
calibration,2024-10-14,15,78,16930,97.291,79.0,85.0,91.0,97.0,104.0,110.0,117.0,0.0
calibration,2024-10-14,16,348,16930,266.5775,236.0,246.0,255.0,266.0,278.0,288.0,298.02499999999986,0.0
calibration,2024-10-14,17,643,16930,673.394,625.0,641.0,655.0,673.0,692.0,707.0,722.0,0.0
calibration,2024-10-14,18,91,16930,143.738,121.0,128.0,135.0,144.0,152.0,160.0,168.0,0.0
calibration,2024-10-14,19,1212,16930,1205.9805,1138.0,1162.0,1181.0,1206.0,1230.0,1250.0,1272.0,0.0
calibration,2024-10-14,20,46,16930,55.406,41.0,46.0,50.0,55.0,61.0,66.0,70.0,0.0
calibration,2024-10-14,21,79,16930,64.1045,49.0,54.0,59.0,64.0,70.0,74.0,80.0,0.0
calibration,2024-10-14,22,236,16930,213.0295,184.0,195.0,203.0,213.0,223.0,232.0,242.02499999999986,0.0
calibration,2024-10-14,23,112,16930,107.378,87.0,94.0,101.0,107.0,114.0,120.0,128.0,0.0
calibration,2024-10-14,24,186,16930,195.8865,168.0,177.0,186.0,196.0,206.0,214.0,224.0,0.0
calibration,2024-10-14,25,168,16930,208.154,181.0,189.0,198.0,208.0,218.0,227.0,238.0,0.0
calibration,2024-10-14,26,154,16930,166.55,142.0,150.0,158.0,166.0,175.0,183.0,192.0,0.0
calibration,2024-10-14,27,116,16930,153.0085,128.0,137.0,144.0,153.0,162.0,169.0,178.0,0.0
calibration,2024-10-14,28,219,16930,182.1505,157.0,166.0,173.0,182.0,191.0,200.0,210.0,0.0
calibration,2024-10-14,29,62,16930,245.388,214.0,226.0,235.0,245.0,256.0,265.0,276.0,0.0
calibration,2024-10-14,30,468,16930,467.9585,427.0,440.0,454.0,469.0,482.0,495.0,509.0,0.0
calibration,2024-10-14,31,205,16930,292.617,259.0,271.0,281.0,293.0,304.0,315.0,325.0,0.0
calibration,2024-10-14,32,206,16930,219.6195,190.0,200.0,210.0,219.0,230.0,239.0,250.0,0.0
calibration,2024-10-14,33,16,16930,14.8865,8.0,10.0,12.0,15.0,17.0,20.0,23.0,0.0
calibration,2024-10-14,34,52,16930,73.5945,57.0,63.0,68.0,73.0,79.0,85.0,91.0,0.0
calibration,2024-10-14,35,55,16930,24.4035,15.0,18.0,21.0,24.0,28.0,31.0,35.0,0.0
calibration,2024-10-14,36,592,16930,692.447,643.0,658.9,674.0,692.0,711.0,727.0,745.0249999999999,0.0
calibration,2024-10-14,37,149,16930,194.364,168.975,177.0,184.0,194.0,204.0,213.0,224.0,0.0
calibration,2024-10-14,38,215,16930,208.456,180.0,189.9,199.0,208.0,218.0,227.0,239.0,0.0
calibration,2024-10-14,39,204,16930,215.2715,186.0,196.0,205.0,215.0,225.0,234.0,247.0,0.0
calibration,2024-10-21,0,25,17421,13.7315,7.0,9.0,11.0,14.0,16.0,19.0,21.0,0.0
calibration,2024-10-21,1,59,17421,119.8755,99.0,105.0,112.0,120.0,127.0,134.0,141.0,0.0
calibration,2024-10-21,2,312,17421,345.8405,310.0,322.0,333.0,346.0,359.0,370.0,384.0,0.0
calibration,2024-10-21,3,1101,17421,1132.6135,1067.0,1088.0,1109.75,1132.0,1155.0,1178.0,1203.0,0.0
calibration,2024-10-21,4,133,17421,165.4675,141.0,150.0,157.0,165.0,174.0,182.0,191.0,0.0
calibration,2024-10-21,5,382,17421,249.209,216.975,229.0,238.0,249.0,260.0,270.0,280.0,0.0
calibration,2024-10-21,6,172,17421,174.3325,150.0,158.0,165.0,175.0,183.0,191.0,200.0,0.0
calibration,2024-10-21,7,187,17421,197.745,170.0,179.0,188.0,198.0,207.25,216.0,226.0,0.0
calibration,2024-10-21,8,1455,17421,1334.846,1267.0,1288.0,1309.0,1335.0,1360.0,1381.0,1407.0,0.0
calibration,2024-10-21,9,17,17421,23.967,15.0,18.0,21.0,24.0,27.0,30.0,34.0,0.0
calibration,2024-10-21,10,177,17421,130.0145,108.0,115.0,122.0,130.0,138.0,145.0,153.0,0.0
calibration,2024-10-21,11,1408,17421,1354.659,1284.975,1307.0,1329.0,1355.0,1380.0,1400.0,1425.0,0.0
calibration,2024-10-21,12,1282,17421,1304.3195,1232.0,1258.0,1281.0,1304.0,1329.0,1350.0,1376.0249999999999,0.0
calibration,2024-10-21,13,1331,17421,1247.536,1179.0,1201.0,1225.0,1247.0,1271.0,1293.0,1320.0,0.0
calibration,2024-10-21,14,3915,17421,3186.765,3077.0,3115.0,3147.0,3187.0,3226.0,3259.0,3298.0,0.0
calibration,2024-10-21,15,72,17421,94.332,76.0,82.0,88.0,94.0,101.0,107.0,113.0,0.0
calibration,2024-10-21,16,360,17421,308.5065,274.975,286.0,297.0,308.0,320.0,331.0,342.0,0.0
calibration,2024-10-21,17,619,17421,691.9905,642.0,659.0,675.0,692.0,709.0,726.0,745.0,0.0
calibration,2024-10-21,18,77,17421,137.482,115.0,122.0,129.0,138.0,146.0,153.0,161.0,0.0
calibration,2024-10-21,19,1299,17421,1229.2485,1161.0,1185.0,1205.0,1229.0,1252.0,1274.0,1298.0249999999999,0.0
calibration,2024-10-21,20,52,17421,55.485,42.0,46.0,50.0,55.0,60.0,65.0,70.0,0.0
calibration,2024-10-21,21,55,17421,74.5045,58.0,64.0,69.0,74.0,80.0,85.0,91.02499999999986,0.0
calibration,2024-10-21,22,230,17421,221.621,193.0,203.0,212.0,221.0,232.0,241.0,250.0,0.0
calibration,2024-10-21,23,97,17421,112.5395,92.0,99.0,105.0,112.0,120.0,126.0,133.0,0.0
calibration,2024-10-21,24,169,17421,199.5385,173.0,182.0,190.0,199.0,209.0,218.0,227.02499999999986,0.0
calibration,2024-10-21,25,136,17421,208.81,181.0,190.0,199.0,209.0,218.0,227.0,238.0,0.0
calibration,2024-10-21,26,157,17421,166.8135,142.0,151.0,158.0,166.0,175.0,184.0,194.0,0.0
calibration,2024-10-21,27,48,17421,168.2175,143.0,152.0,159.0,168.0,177.0,185.0,194.02499999999986,0.0
calibration,2024-10-21,28,233,17421,195.4535,168.0,177.0,186.0,195.0,205.0,213.0,223.0,0.0
calibration,2024-10-21,29,73,17421,179.0995,153.0,162.0,170.0,179.0,188.0,196.0,205.0,0.0
calibration,2024-10-21,30,400,17421,455.3125,414.0,427.0,440.75,455.0,470.0,484.0,495.02499999999986,0.0
calibration,2024-10-21,31,224,17421,268.9795,236.0,248.0,258.0,269.0,280.25,291.0,301.0,0.0
calibration,2024-10-21,32,76,17421,241.573,212.0,221.0,231.0,241.0,253.0,262.0,272.0,0.0
calibration,2024-10-21,33,9,17421,14.7315,7.0,10.0,12.0,14.5,17.0,20.0,23.0,0.0
calibration,2024-10-21,34,29,17421,72.865,56.0,62.0,67.0,73.0,78.0,84.0,90.0,0.0
calibration,2024-10-21,35,29,17421,30.958,21.0,24.0,27.0,31.0,35.0,38.0,42.0,0.0
calibration,2024-10-21,36,564,17421,684.6465,635.975,651.0,666.0,685.0,703.0,719.0,736.0,0.0
calibration,2024-10-21,37,58,17421,199.9955,173.0,182.0,191.0,200.0,209.0,218.0,228.0,0.0
calibration,2024-10-21,38,248,17421,204.3865,177.0,187.0,195.0,204.0,214.0,222.10000000000014,232.02499999999986,0.0
calibration,2024-10-21,39,151,17421,221.151,192.0,202.0,211.0,221.0,231.0,240.0,251.0,0.0
calibration,2024-10-28,0,4,16490,17.2735,10.0,12.0,14.75,17.0,20.0,23.0,26.0,0.0
calibration,2024-10-28,1,57,16490,104.2715,85.0,91.0,97.0,104.0,112.0,118.0,126.0,0.0
calibration,2024-10-28,2,242,16490,314.9515,281.0,292.0,304.0,315.0,326.0,337.0,350.0,0.0
calibration,2024-10-28,3,1119,16490,1093.5985,1027.0,1050.9,1072.0,1093.0,1116.0,1137.0,1158.0,0.0
calibration,2024-10-28,4,110,16490,146.184,123.0,131.0,138.0,146.0,154.0,161.0,170.0,0.0
calibration,2024-10-28,5,363,16490,264.546,233.0,243.0,253.0,264.0,276.0,287.0,297.0,0.0
calibration,2024-10-28,6,118,16490,164.032,138.0,148.0,155.0,164.0,173.0,181.0,189.0,0.0
calibration,2024-10-28,7,167,16490,197.656,170.0,179.0,188.0,197.0,207.0,216.0,226.0,0.0
calibration,2024-10-28,8,1414,16490,1294.9405,1224.0,1249.0,1271.0,1294.0,1320.0,1342.0,1367.0,0.0
calibration,2024-10-28,9,17,16490,19.017,11.0,14.0,16.0,19.0,22.0,24.100000000000136,28.0,0.0
calibration,2024-10-28,10,133,16490,115.934,95.0,102.0,109.0,116.0,123.0,130.0,138.0,0.0
calibration,2024-10-28,11,1187,16490,1317.948,1245.975,1272.0,1293.0,1318.0,1343.0,1366.0,1389.0,0.0
calibration,2024-10-28,12,1215,16490,1219.0845,1153.0,1175.0,1196.0,1219.0,1242.0,1262.0,1288.0,0.0
calibration,2024-10-28,13,1305,16490,1174.4005,1108.0,1133.0,1151.0,1174.0,1198.0,1219.0,1241.0,0.0
calibration,2024-10-28,14,3596,16490,3201.9285,3090.0,3129.0,3163.0,3201.0,3242.0,3275.0,3318.0,0.0
calibration,2024-10-28,15,64,16490,82.075,64.0,70.9,76.0,82.0,88.0,94.0,100.0,0.0
calibration,2024-10-28,16,328,16490,320.4505,285.975,298.0,309.0,320.0,332.0,343.0,356.0,0.0
calibration,2024-10-28,17,549,16490,621.9635,574.975,591.0,605.0,622.0,638.25,655.0,672.0,0.0
calibration,2024-10-28,18,71,16490,121.273,99.0,107.0,113.75,121.0,128.0,136.0,144.02499999999986,0.0
calibration,2024-10-28,19,1563,16490,1184.7905,1114.975,1140.0,1162.0,1185.0,1208.0,1231.0,1253.0249999999999,0.0
calibration,2024-10-28,20,32,16490,54.5115,41.0,45.0,50.0,54.0,59.0,64.0,70.0,0.0
calibration,2024-10-28,21,49,16490,65.5655,50.0,55.0,60.0,66.0,71.0,76.0,82.0,0.0
calibration,2024-10-28,22,174,16490,212.4295,184.0,193.0,202.0,212.0,222.0,232.0,242.02499999999986,0.0
calibration,2024-10-28,23,75,16490,108.1215,88.0,95.0,101.0,108.0,115.0,122.0,130.0,0.0
calibration,2024-10-28,24,164,16490,176.211,151.0,160.0,167.0,176.0,185.0,193.0,201.02499999999986,0.0
calibration,2024-10-28,25,185,16490,179.112,153.0,162.0,170.0,179.0,188.0,197.0,206.0,0.0
calibration,2024-10-28,26,116,16490,161.831,137.0,145.0,153.0,162.0,170.0,179.0,188.0,0.0
calibration,2024-10-28,27,43,16490,135.324,113.0,120.0,127.0,135.0,143.0,150.0,160.0,0.0
calibration,2024-10-28,28,198,16490,214.955,188.0,197.0,205.0,215.0,224.0,233.0,243.0,0.0
calibration,2024-10-28,29,72,16490,107.703,88.0,94.0,101.0,108.0,115.0,121.0,128.0,0.0
calibration,2024-10-28,30,319,16490,426.5345,384.0,400.0,413.0,426.0,441.0,453.0,468.0,0.0
calibration,2024-10-28,31,249,16490,238.3235,209.0,219.0,228.0,239.0,248.0,258.0,270.0,0.0
calibration,2024-10-28,32,119,16490,181.19,155.0,164.9,172.0,182.0,190.0,198.0,207.0,0.0
calibration,2024-10-28,33,14,16490,13.3965,7.0,9.0,11.0,13.0,16.0,18.0,21.0,0.0
calibration,2024-10-28,34,31,16490,58.3835,43.975,49.0,53.0,58.0,63.0,68.0,74.0,0.0
calibration,2024-10-28,35,24,16490,29.8575,20.0,23.0,26.0,30.0,33.25,37.0,41.0,0.0
calibration,2024-10-28,36,618,16490,609.0145,560.0,577.0,592.0,609.5,625.0,641.0,657.0,0.0
calibration,2024-10-28,37,32,16490,144.2725,121.0,129.0,136.0,144.0,152.0,160.0,169.0,0.0
calibration,2024-10-28,38,222,16490,202.1015,175.0,184.0,193.0,202.0,211.0,220.0,231.0,0.0
calibration,2024-10-28,39,132,16490,192.5025,166.975,175.9,183.0,192.0,201.0,210.0,219.0,0.0
calibration,2024-11-04,0,13,17683,17.213,10.0,12.0,14.0,17.0,20.0,23.0,26.0,0.0
calibration,2024-11-04,1,46,17683,104.09,85.0,91.0,97.0,104.0,110.0,117.0,125.0,0.0
calibration,2024-11-04,2,340,17683,336.103,299.0,312.0,323.0,336.0,349.0,361.0,373.0,0.0
calibration,2024-11-04,3,1215,17683,1195.473,1128.975,1150.0,1173.0,1196.0,1218.0,1239.0,1259.0249999999999,0.0
calibration,2024-11-04,4,195,17683,142.126,120.0,127.0,134.0,142.0,150.0,158.0,167.0,0.0
calibration,2024-11-04,5,293,17683,303.9495,270.0,281.0,292.0,304.0,316.0,327.0,339.0,0.0
calibration,2024-11-04,6,155,17683,160.4975,138.0,145.0,152.0,160.0,169.0,177.0,185.0,0.0
calibration,2024-11-04,7,168,17683,225.5755,196.0,206.0,216.0,226.0,236.0,245.0,256.0,0.0
calibration,2024-11-04,8,1542,17683,1443.162,1368.975,1394.9,1416.0,1443.0,1470.0,1492.1000000000001,1516.0249999999999,0.0
calibration,2024-11-04,9,17,17683,20.5275,12.0,15.0,17.0,20.0,24.0,26.0,30.0,0.0
calibration,2024-11-04,10,200,17683,132.735,112.0,118.0,125.0,132.0,140.0,148.0,155.0,0.0
calibration,2024-11-04,11,1366,17683,1361.5375,1290.975,1317.0,1336.0,1362.0,1385.0,1408.0,1432.0,0.0
calibration,2024-11-04,12,1338,17683,1313.341,1244.0,1267.9,1289.0,1313.0,1337.25,1360.0,1383.0,0.0
calibration,2024-11-04,13,1279,17683,1300.4515,1230.0,1256.0,1276.0,1299.0,1323.25,1348.0,1374.0,0.0
calibration,2024-11-04,14,3644,17683,3532.0645,3414.975,3452.0,3492.0,3535.0,3571.25,3608.0,3647.0249999999996,0.0
calibration,2024-11-04,15,79,17683,82.864,66.0,71.0,77.0,83.0,89.0,94.0,101.0,0.0
calibration,2024-11-04,16,261,17683,340.7895,306.0,318.0,328.0,341.0,352.0,365.0,378.0,0.0
calibration,2024-11-04,17,624,17683,626.243,579.0,595.0,609.0,627.0,642.0,658.0,676.0,0.0
calibration,2024-11-04,18,97,17683,126.73,105.0,112.0,119.0,127.0,134.0,141.0,150.0,0.0
calibration,2024-11-04,19,1818,17683,1392.9815,1323.0,1346.0,1368.0,1393.0,1418.0,1439.0,1465.0249999999999,0.0
calibration,2024-11-04,20,43,17683,54.838,40.0,45.0,50.0,55.0,60.0,64.0,69.02499999999986,0.0
calibration,2024-11-04,21,49,17683,66.7805,51.0,56.0,61.0,67.0,72.0,78.0,84.0,0.0
calibration,2024-11-04,22,203,17683,227.4775,199.0,209.0,217.0,227.0,237.0,247.10000000000014,258.0,0.0
calibration,2024-11-04,23,78,17683,110.779,91.0,98.0,104.0,111.0,118.0,124.0,130.0,0.0
calibration,2024-11-04,24,208,17683,188.844,163.0,172.0,180.0,189.0,197.0,207.0,216.0,0.0
calibration,2024-11-04,25,161,17683,177.9095,151.0,161.0,169.0,178.0,187.0,195.0,205.0,0.0
calibration,2024-11-04,26,108,17683,163.1075,138.0,146.0,155.0,163.0,172.0,180.0,189.0,0.0
calibration,2024-11-04,27,50,17683,107.456,88.0,94.0,100.0,107.0,115.0,121.0,129.0,0.0
calibration,2024-11-04,28,227,17683,223.4675,194.0,205.0,213.0,223.0,234.0,243.0,255.0,0.0
calibration,2024-11-04,29,65,17683,92.3385,73.0,80.0,86.0,92.0,99.0,105.0,111.0,0.0
calibration,2024-11-04,30,396,17683,423.5215,382.0,398.0,409.0,423.0,437.0,450.0,465.0,0.0
calibration,2024-11-04,31,188,17683,263.406,232.0,243.0,252.0,263.0,274.0,285.0,296.02499999999986,0.0
calibration,2024-11-04,32,45,17683,165.401,141.0,150.0,157.0,165.0,174.0,182.0,191.0,0.0
calibration,2024-11-04,33,15,17683,14.912,8.0,10.0,12.0,15.0,17.0,20.0,23.0,0.0
calibration,2024-11-04,34,54,17683,53.442,40.0,45.0,49.0,53.0,58.0,63.0,68.02499999999986,0.0
calibration,2024-11-04,35,26,17683,34.5385,23.0,27.0,30.0,34.0,39.0,43.0,47.0,0.0
calibration,2024-11-04,36,614,17683,607.553,561.0,577.0,591.0,607.0,624.0,640.0,654.0249999999999,0.0
calibration,2024-11-04,37,62,17683,124.2195,103.0,109.0,116.0,124.0,132.0,139.0,146.0,0.0
calibration,2024-11-04,38,286,17683,234.6285,205.0,215.0,224.0,234.0,245.0,255.0,265.0,0.0
calibration,2024-11-04,39,115,17683,188.1575,161.0,171.0,179.0,188.0,198.0,206.0,215.02499999999986,0.0
calibration,2024-11-11,0,16,17582,14.8875,8.0,10.0,12.0,15.0,18.0,20.0,23.0,0.0
calibration,2024-11-11,1,37,17582,74.946,58.0,64.0,69.0,75.0,81.0,87.0,93.0,0.0
calibration,2024-11-11,2,187,17582,313.6015,282.0,291.0,301.0,314.0,325.0,336.10000000000014,348.0,0.0
calibration,2024-11-11,3,982,17582,1174.007,1110.0,1131.0,1151.0,1173.0,1197.0,1218.0,1244.0,0.0
calibration,2024-11-11,4,114,17582,154.7475,132.0,139.0,147.0,155.0,163.0,170.0,177.0,0.0
calibration,2024-11-11,5,311,17582,324.3155,290.0,301.0,312.0,324.0,336.0,348.0,361.0,0.0
calibration,2024-11-11,6,105,17582,159.3495,135.0,143.0,151.0,159.0,168.0,176.0,187.0,0.0
calibration,2024-11-11,7,166,17582,203.141,175.0,186.0,194.0,203.0,212.0,221.0,232.0,0.0
calibration,2024-11-11,8,1797,17582,1465.8775,1390.0,1417.9,1439.0,1465.0,1493.0,1515.0,1541.0,0.0
calibration,2024-11-11,9,18,17582,18.678,11.0,13.0,15.0,18.0,22.0,25.0,28.0,0.0
calibration,2024-11-11,10,198,17582,167.473,142.0,151.0,159.0,168.0,176.0,184.0,193.0,0.0
calibration,2024-11-11,11,1485,17582,1390.0205,1318.0,1344.0,1365.0,1390.0,1415.0,1437.0,1462.0,0.0
calibration,2024-11-11,12,1395,17582,1316.694,1246.0,1270.9,1294.0,1317.0,1341.0,1364.0,1389.0,0.0
calibration,2024-11-11,13,1385,17582,1330.756,1261.0,1283.0,1304.0,1329.0,1357.0,1380.0,1403.0,0.0
calibration,2024-11-11,14,4178,17582,3649.3955,3530.975,3573.0,3611.75,3649.0,3689.0,3727.0,3767.0,0.0
calibration,2024-11-11,15,58,17582,75.5515,59.0,64.0,70.0,75.0,82.0,87.0,93.0,0.0
calibration,2024-11-11,16,291,17582,333.1175,298.0,310.0,320.75,333.0,345.0,356.0,369.0,0.0
calibration,2024-11-11,17,702,17582,625.3435,575.975,594.0,610.0,625.0,642.0,657.0,674.0249999999999,0.0
calibration,2024-11-11,18,71,17582,86.082,68.0,74.0,79.0,86.0,92.0,98.0,106.0,0.0
calibration,2024-11-11,19,1563,17582,1510.651,1438.0,1461.0,1483.75,1510.0,1538.0,1561.0,1588.0499999999997,0.0
calibration,2024-11-11,20,12,17582,44.743,32.0,36.0,40.0,45.0,49.0,53.0,59.0,0.0
calibration,2024-11-11,21,30,17582,59.7855,45.0,50.0,54.0,60.0,65.0,70.0,74.02499999999986,0.0
calibration,2024-11-11,22,159,17582,215.904,188.0,197.0,206.0,216.0,226.0,235.0,246.0,0.0
calibration,2024-11-11,23,70,17582,92.9305,75.0,81.0,86.75,93.0,100.0,105.0,111.0,0.0
calibration,2024-11-11,24,139,17582,186.238,161.0,170.0,177.0,186.0,195.0,204.0,215.0,0.0
calibration,2024-11-11,25,196,17582,167.423,142.0,151.0,158.0,167.0,177.0,184.0,193.0,0.0
calibration,2024-11-11,26,90,17582,137.2465,115.0,122.0,129.0,137.0,145.0,153.0,161.0,0.0
calibration,2024-11-11,27,48,17582,66.238,51.0,56.0,61.0,66.0,72.0,77.0,82.0,0.0
calibration,2024-11-11,28,68,17582,225.4555,197.0,207.0,216.0,225.0,235.0,245.0,255.0,0.0
calibration,2024-11-11,29,41,17582,70.133,54.0,59.900000000000006,65.0,70.0,75.0,81.0,87.0,0.0
calibration,2024-11-11,30,343,17582,406.511,370.0,381.0,392.0,406.0,420.0,432.0,446.02499999999986,0.0
calibration,2024-11-11,31,155,17582,222.33,193.0,204.0,213.0,222.0,232.0,241.0,250.0,0.0
calibration,2024-11-11,32,63,17582,114.4605,93.0,101.0,107.0,114.0,122.0,128.0,136.0,0.0
calibration,2024-11-11,33,17,17582,14.226,7.0,10.0,12.0,14.0,17.0,19.0,22.0,0.0
calibration,2024-11-11,34,29,17582,42.854,30.0,34.900000000000006,38.0,43.0,47.0,52.0,56.0,0.0
calibration,2024-11-11,35,15,17582,34.572,24.0,27.0,31.0,34.0,38.0,42.0,47.0,0.0
calibration,2024-11-11,36,724,17582,613.382,565.0,582.0,597.0,613.0,630.0,645.0,660.0,0.0
calibration,2024-11-11,37,34,17582,77.259,60.0,66.0,71.0,77.0,83.0,89.0,95.0,0.0
calibration,2024-11-11,38,163,17582,248.896,217.0,228.9,238.0,248.0,260.0,270.0,282.0,0.0
calibration,2024-11-11,39,127,17582,154.9815,132.0,140.0,147.0,155.0,163.0,170.0,179.0,0.0
calibration,2024-11-18,0,32,18827,16.003,8.0,11.0,13.0,16.0,19.0,21.0,24.0,0.0
calibration,2024-11-18,1,43,18827,54.406,40.0,45.0,49.75,54.0,59.0,64.0,69.0,0.0
calibration,2024-11-18,2,338,18827,294.4785,263.0,273.0,283.0,295.0,305.25,316.0,328.0,0.0
calibration,2024-11-18,3,1385,18827,1200.3085,1132.0,1157.0,1177.0,1200.0,1224.0,1244.0,1268.0,0.0
calibration,2024-11-18,4,119,18827,150.506,127.0,134.0,142.0,150.0,159.0,167.0,175.0,0.0
calibration,2024-11-18,5,358,18827,367.0895,330.0,342.0,354.0,367.0,380.0,392.0,405.0,0.0
calibration,2024-11-18,6,212,18827,149.8275,125.0,134.0,142.0,150.0,158.0,165.0,173.0,0.0
calibration,2024-11-18,7,234,18827,187.193,161.0,170.0,177.0,187.0,196.0,205.0,215.0,0.0
calibration,2024-11-18,8,1594,18827,1687.9255,1605.0,1635.9,1661.0,1688.0,1715.0,1740.0,1766.0249999999999,0.0
calibration,2024-11-18,9,26,18827,18.9845,11.0,13.0,16.0,19.0,22.0,25.0,28.0,0.0
calibration,2024-11-18,10,396,18827,192.8545,167.0,176.0,184.0,192.0,202.0,210.10000000000014,220.0,0.0
calibration,2024-11-18,11,1555,18827,1482.4385,1409.0,1433.0,1455.0,1482.0,1510.0,1532.1000000000001,1560.0,0.0
calibration,2024-11-18,12,1400,18827,1423.618,1350.0,1375.0,1398.0,1424.0,1449.0,1472.0,1495.0,0.0
calibration,2024-11-18,13,1350,18827,1442.4715,1368.0,1393.0,1418.0,1443.0,1468.0,1490.0,1514.0249999999999,0.0
calibration,2024-11-18,14,4334,18827,4171.0265,4049.975,4093.0,4129.0,4169.0,4213.0,4253.0,4296.0,0.0
calibration,2024-11-18,15,43,18827,74.7975,59.0,64.0,69.0,74.0,81.0,86.0,92.0,0.0
calibration,2024-11-18,16,200,18827,337.262,300.0,314.0,325.0,337.0,349.0,361.0,375.0,0.0
calibration,2024-11-18,17,497,18827,678.658,630.0,645.0,660.0,679.0,696.0,713.0,729.0,0.0
calibration,2024-11-18,18,143,18827,85.8765,69.0,74.0,79.0,86.0,92.0,98.0,105.0,0.0
calibration,2024-11-18,19,1342,18827,1696.795,1619.0,1645.0,1668.0,1696.0,1724.0,1750.0,1779.0,0.0
calibration,2024-11-18,20,17,18827,37.988,27.0,30.0,34.0,38.0,42.0,46.0,50.0,0.0
calibration,2024-11-18,21,58,18827,50.287,37.0,41.0,45.0,50.0,55.0,59.0,65.0,0.0
calibration,2024-11-18,22,198,18827,209.096,181.975,190.0,199.0,209.0,219.0,228.0,237.0,0.0
calibration,2024-11-18,23,133,18827,87.392,70.0,76.0,81.0,87.0,94.0,99.0,106.0,0.0
calibration,2024-11-18,24,152,18827,185.185,158.975,168.0,176.0,185.0,194.0,203.0,211.0,0.0
calibration,2024-11-18,25,210,18827,184.2425,158.0,167.0,175.0,184.0,193.0,202.0,211.02499999999986,0.0
calibration,2024-11-18,26,139,18827,128.637,107.0,114.0,121.0,129.0,136.0,144.0,152.0,0.0
calibration,2024-11-18,27,51,18827,51.4655,38.0,42.0,46.75,51.0,56.0,61.0,67.0,0.0
calibration,2024-11-18,28,222,18827,197.2955,169.0,179.0,188.0,197.0,207.0,215.0,225.0,0.0
calibration,2024-11-18,29,140,18827,68.286,53.0,58.0,63.0,68.0,74.0,79.0,85.0,0.0
calibration,2024-11-18,30,475,18827,397.0295,360.0,372.0,384.0,397.0,410.0,422.0,435.0,0.0
calibration,2024-11-18,31,280,18827,221.9965,193.0,204.0,212.75,222.0,231.0,240.0,251.0,0.0
calibration,2024-11-18,32,60,18827,82.605,66.0,71.0,76.0,82.0,89.0,94.0,101.0,0.0
calibration,2024-11-18,33,11,18827,15.231,8.0,10.0,12.0,15.0,18.0,20.0,23.0,0.0
calibration,2024-11-18,34,22,18827,39.0695,27.0,31.0,34.0,39.0,43.0,47.0,52.0,0.0
calibration,2024-11-18,35,57,18827,25.8125,16.0,19.0,23.0,26.0,29.0,32.0,37.0,0.0
calibration,2024-11-18,36,591,18827,686.228,638.0,652.0,669.0,686.0,703.0,720.0,736.0,0.0
calibration,2024-11-18,37,32,18827,50.895,37.0,42.0,46.0,51.0,56.0,60.0,65.0,0.0
calibration,2024-11-18,38,233,18827,250.2295,218.0,230.0,239.0,250.0,261.0,270.10000000000014,283.0,0.0
calibration,2024-11-18,39,145,18827,142.807,120.0,128.0,135.0,143.0,151.0,158.0,167.0,0.0
calibration,2024-11-25,0,48,16032,14.975,8.0,10.0,12.0,15.0,18.0,20.0,23.0,0.0
calibration,2024-11-25,1,82,16032,41.628,29.0,33.0,37.0,41.5,46.0,50.0,55.0,0.0
calibration,2024-11-25,2,307,16032,250.811,220.975,231.0,240.0,250.0,262.0,271.0,283.0,0.0
calibration,2024-11-25,3,1132,16032,1067.539,1006.0,1026.0,1045.0,1067.0,1090.0,1110.0,1132.0,0.0
calibration,2024-11-25,4,94,16032,122.6395,102.0,108.0,115.0,122.0,130.0,137.0,145.0,0.0
calibration,2024-11-25,5,300,16032,300.9775,268.0,279.0,290.0,301.0,313.0,322.0,334.0,0.0
calibration,2024-11-25,6,176,16032,134.0295,111.0,119.0,126.0,134.0,142.0,149.0,157.0,0.0
calibration,2024-11-25,7,214,16032,166.8945,143.0,150.0,158.0,167.0,176.0,183.0,193.0,0.0
calibration,2024-11-25,8,1284,16032,1439.858,1367.0,1391.0,1415.0,1438.0,1465.0,1490.1000000000001,1512.0249999999999,0.0
calibration,2024-11-25,9,25,16032,17.887,10.0,13.0,15.0,18.0,21.0,23.0,27.0,0.0
calibration,2024-11-25,10,237,16032,210.645,183.0,192.0,201.0,210.0,220.0,229.0,238.0,0.0
calibration,2024-11-25,11,1136,16032,1268.8575,1199.975,1222.0,1244.0,1270.0,1294.0,1313.0,1336.0,0.0
calibration,2024-11-25,12,1104,16032,1214.4605,1146.0,1171.0,1190.0,1214.0,1236.0,1261.0,1288.0,0.0
calibration,2024-11-25,13,1044,16032,1205.919,1140.0,1161.0,1182.0,1206.0,1229.0,1251.0,1274.0249999999999,0.0
calibration,2024-11-25,14,4073,16032,3575.61,3461.0,3498.0,3535.0,3577.0,3617.0,3651.0,3686.0,0.0
calibration,2024-11-25,15,35,16032,55.5865,41.0,46.0,51.0,55.0,60.0,65.0,71.0,0.0
calibration,2024-11-25,16,221,16032,245.7,215.0,226.0,235.0,246.0,256.0,266.0,276.0,0.0
calibration,2024-11-25,17,474,16032,538.6825,492.975,509.0,523.0,539.0,554.0,569.0,586.0,0.0
calibration,2024-11-25,18,109,16032,87.118,69.0,75.0,81.0,87.0,93.0,99.0,107.0,0.0
calibration,2024-11-25,19,1079,16032,1425.827,1356.0,1378.0,1400.0,1425.0,1451.0,1474.1000000000001,1501.0249999999999,0.0
calibration,2024-11-25,20,15,16032,23.915,15.0,18.0,20.0,24.0,27.0,30.0,34.0,0.0
calibration,2024-11-25,21,20,16032,42.722,31.0,35.0,38.0,42.0,47.0,51.0,56.0,0.0
calibration,2024-11-25,22,153,16032,166.4925,142.975,150.0,158.0,167.0,175.0,183.0,193.0,0.0
calibration,2024-11-25,23,94,16032,80.7495,64.0,70.0,75.0,80.0,87.0,93.0,99.0,0.0
calibration,2024-11-25,24,129,16032,151.249,128.975,136.0,143.0,151.0,159.0,167.0,174.02499999999986,0.0
calibration,2024-11-25,25,100,16032,171.0765,146.0,154.0,162.0,171.0,180.0,188.0,197.0,0.0
calibration,2024-11-25,26,109,16032,102.765,84.0,90.0,96.0,102.0,109.0,116.0,123.0,0.0
calibration,2024-11-25,27,46,16032,43.8495,32.0,35.0,39.0,44.0,48.0,52.0,57.0,0.0
calibration,2024-11-25,28,251,16032,162.745,139.0,147.0,154.0,163.0,171.0,179.0,189.0,0.0
calibration,2024-11-25,29,95,16032,72.4805,56.0,62.0,67.0,72.0,78.0,83.0,90.0,0.0
calibration,2024-11-25,30,399,16032,347.893,311.0,324.0,335.0,348.0,361.0,372.0,386.0,0.0
calibration,2024-11-25,31,274,16032,198.025,171.0,180.0,189.0,198.0,207.0,216.0,226.0,0.0
calibration,2024-11-25,32,41,16032,65.1685,50.0,55.0,60.0,65.0,71.0,76.0,81.02499999999986,0.0
calibration,2024-11-25,33,17,16032,13.2075,7.0,9.0,11.0,13.0,15.25,18.0,21.0,0.0
calibration,2024-11-25,34,18,16032,31.178,21.0,24.0,27.0,31.0,35.0,38.0,42.0,0.0
calibration,2024-11-25,35,10,16032,28.047,18.0,21.0,24.0,28.0,31.0,35.0,39.0,0.0
calibration,2024-11-25,36,743,16032,578.0885,532.0,546.0,561.0,578.0,595.0,609.0,626.0,0.0
calibration,2024-11-25,37,39,16032,36.5175,25.0,29.0,32.0,36.0,40.0,44.0,49.0,0.0
calibration,2024-11-25,38,203,16032,206.162,180.0,188.0,197.0,206.0,215.25,224.0,234.0,0.0
calibration,2024-11-25,39,102,16032,118.1815,97.0,104.0,111.0,118.0,125.0,132.0,140.0,0.0
calibration,2024-12-02,0,40,20267,31.8675,21.0,25.0,28.0,32.0,35.0,39.0,44.0,0.0
calibration,2024-12-02,1,62,20267,60.519,45.975,51.0,55.0,61.0,66.0,71.0,75.0,0.0
calibration,2024-12-02,2,246,20267,338.7175,303.0,315.0,326.0,338.0,351.0,362.0,376.0,0.0
calibration,2024-12-02,3,1574,20267,1361.0835,1289.0,1314.9,1336.0,1361.0,1386.0,1407.0,1431.0249999999999,0.0
calibration,2024-12-02,4,114,20267,150.8485,127.0,135.0,142.0,151.0,159.0,167.0,176.0,0.0
calibration,2024-12-02,5,373,20267,364.457,326.975,339.0,351.0,365.0,378.0,389.0,400.0,0.0
calibration,2024-12-02,6,144,20267,187.576,161.0,170.0,178.0,187.0,197.0,205.0,215.0,0.0
calibration,2024-12-02,7,297,20267,226.0685,197.0,207.0,216.0,226.0,236.0,245.0,255.0,0.0
calibration,2024-12-02,8,1726,20267,1795.0655,1711.975,1740.0,1766.0,1795.0,1824.0,1850.0,1877.0,0.0
calibration,2024-12-02,9,19,20267,25.2185,16.0,19.0,22.0,25.0,29.0,32.0,35.0,0.0
calibration,2024-12-02,10,449,20267,297.2535,263.0,275.0,286.0,297.0,309.0,320.0,332.02499999999986,0.0
calibration,2024-12-02,11,1560,20267,1600.5135,1522.0,1548.0,1576.0,1600.0,1627.0,1651.0,1681.0,0.0
calibration,2024-12-02,12,1345,20267,1513.874,1439.0,1463.0,1488.0,1513.0,1540.0,1565.0,1596.0,0.0
calibration,2024-12-02,13,1524,20267,1460.808,1388.975,1411.0,1435.0,1460.0,1487.0,1511.0,1540.0,0.0
calibration,2024-12-02,14,4891,20267,4687.1835,4549.95,4601.0,4640.0,4686.0,4734.25,4775.0,4818.0,0.0
calibration,2024-12-02,15,22,20267,62.4735,48.0,53.0,57.0,62.0,68.0,72.0,77.0,0.0
calibration,2024-12-02,16,205,20267,280.7315,248.0,259.0,270.0,281.0,292.0,302.0,313.0,0.0
calibration,2024-12-02,17,722,20267,664.2155,613.975,631.0,646.0,664.0,683.0,698.0,716.0,0.0
calibration,2024-12-02,18,196,20267,122.174,102.0,108.9,115.0,122.0,129.0,136.0,144.0,0.0
calibration,2024-12-02,19,1463,20267,1676.6965,1599.975,1627.0,1649.0,1676.0,1704.0,1727.0,1756.0,0.0
calibration,2024-12-02,20,14,20267,25.1105,16.0,19.0,22.0,25.0,28.0,32.0,35.0,0.0
calibration,2024-12-02,21,51,20267,45.744,33.0,37.0,41.0,46.0,50.0,54.0,59.0,0.0
calibration,2024-12-02,22,155,20267,206.379,179.0,188.0,196.0,206.0,216.0,225.0,234.02499999999986,0.0
calibration,2024-12-02,23,106,20267,108.6545,90.0,95.0,102.0,109.0,115.0,122.0,129.0,0.0
calibration,2024-12-02,24,177,20267,181.532,156.0,164.0,172.0,182.0,190.0,199.0,209.0,0.0
calibration,2024-12-02,25,210,20267,193.5185,167.0,176.0,184.0,193.0,203.0,212.0,222.02499999999986,0.0
calibration,2024-12-02,26,109,20267,129.227,108.0,115.0,121.0,129.0,137.0,144.0,151.0,0.0
calibration,2024-12-02,27,42,20267,56.775,43.0,47.0,52.0,57.0,62.0,67.0,71.0,0.0
calibration,2024-12-02,28,274,20267,222.0475,191.0,202.0,212.0,222.0,232.0,241.0,252.0,0.0
calibration,2024-12-02,29,161,20267,98.7455,79.0,86.0,92.0,99.0,105.25,111.0,118.0,0.0
calibration,2024-12-02,30,423,20267,465.3365,425.0,438.0,451.0,465.0,480.0,493.0,506.0,0.0
calibration,2024-12-02,31,242,20267,259.066,229.0,238.0,248.0,259.0,270.0,280.0,291.0,0.0
calibration,2024-12-02,32,50,20267,60.5605,45.0,51.0,55.0,61.0,66.0,70.0,75.0,0.0
calibration,2024-12-02,33,11,20267,17.6755,10.0,12.0,15.0,17.0,20.0,23.0,26.0,0.0
calibration,2024-12-02,34,25,20267,35.6065,25.0,28.0,31.0,35.0,39.0,44.0,48.0,0.0
calibration,2024-12-02,35,22,20267,31.28,21.0,24.0,27.0,31.0,35.0,39.0,43.0,0.0
calibration,2024-12-02,36,689,20267,771.6585,717.0,736.0,753.0,772.0,790.0,807.0,824.0,0.0
calibration,2024-12-02,37,46,20267,48.769,35.975,40.0,44.0,48.0,54.0,58.0,63.0,0.0
calibration,2024-12-02,38,316,20267,255.7775,225.0,235.0,245.0,255.0,266.0,277.0,288.02499999999986,0.0
calibration,2024-12-02,39,172,20267,141.578,120.0,127.0,134.0,141.0,149.0,156.0,166.0,0.0
calibration,2024-12-09,0,21,20179,37.8385,26.0,30.0,34.0,37.5,42.0,46.0,51.0,0.0
calibration,2024-12-09,1,86,20179,62.506,48.0,53.0,57.0,62.0,68.0,73.0,78.02499999999986,0.0
calibration,2024-12-09,2,265,20179,299.398,267.0,277.9,288.0,299.0,311.0,322.0,335.0,0.0
calibration,2024-12-09,3,1301,20179,1406.827,1330.0,1357.0,1381.0,1407.0,1431.0,1456.0,1484.0249999999999,0.0
calibration,2024-12-09,4,118,20179,122.689,101.0,108.0,115.0,123.0,130.0,137.0,145.0,0.0
calibration,2024-12-09,5,344,20179,371.84,334.0,348.0,359.0,372.0,384.25,396.0,410.0,0.0
calibration,2024-12-09,6,211,20179,176.803,150.975,160.0,168.0,177.0,186.0,194.0,204.0,0.0
calibration,2024-12-09,7,243,20179,252.9745,223.0,233.0,242.0,253.0,264.0,273.0,284.0,0.0
calibration,2024-12-09,8,1661,20179,1775.6445,1692.0,1720.0,1747.0,1776.0,1805.0,1829.0,1857.0,0.0
calibration,2024-12-09,9,32,20179,24.7805,16.0,18.0,21.0,24.0,28.0,32.0,35.0,0.0
calibration,2024-12-09,10,390,20179,355.8885,320.0,331.0,343.0,356.0,369.0,380.0,394.0,0.0
calibration,2024-12-09,11,1599,20179,1591.03,1515.0,1540.0,1564.75,1592.0,1618.0,1640.0,1666.0,0.0
calibration,2024-12-09,12,1368,20179,1455.65,1380.975,1408.0,1430.0,1455.0,1482.0,1503.0,1530.0,0.0
calibration,2024-12-09,13,1421,20179,1469.752,1393.975,1421.0,1443.0,1470.0,1495.0,1520.0,1545.0,0.0
calibration,2024-12-09,14,5168,20179,4847.092,4715.975,4757.0,4800.0,4847.0,4895.0,4936.1,4992.0,0.0
calibration,2024-12-09,15,30,20179,43.9,31.0,36.0,39.75,44.0,48.0,52.0,57.0,0.0
calibration,2024-12-09,16,313,20179,254.1705,223.0,233.0,243.0,254.0,265.0,275.0,287.0,0.0
calibration,2024-12-09,17,701,20179,664.5115,614.0,632.0,647.0,665.0,681.0,697.0,715.0249999999999,0.0
calibration,2024-12-09,18,167,20179,144.1775,120.0,129.0,136.0,144.0,152.0,159.0,168.0,0.0
calibration,2024-12-09,19,1230,20179,1512.3195,1435.0,1460.0,1487.0,1513.0,1539.0,1562.0,1590.0,0.0
calibration,2024-12-09,20,29,20179,16.4115,9.0,11.0,14.0,16.0,19.0,22.0,25.0,0.0
calibration,2024-12-09,21,42,20179,44.4925,32.0,36.0,40.0,44.0,49.0,53.0,58.0,0.0
calibration,2024-12-09,22,173,20179,185.086,159.0,168.0,176.0,185.0,194.0,203.0,212.0,0.0
calibration,2024-12-09,23,153,20179,112.3575,92.0,99.0,105.0,113.0,119.0,126.0,133.0,0.0
calibration,2024-12-09,24,148,20179,165.774,141.0,149.0,157.0,166.0,174.0,182.0,191.0,0.0
calibration,2024-12-09,25,160,20179,198.977,171.0,181.0,189.0,199.0,209.0,218.0,228.0,0.0
calibration,2024-12-09,26,130,20179,124.09,103.0,110.0,117.0,124.0,131.0,139.0,146.0,0.0
calibration,2024-12-09,27,40,20179,52.153,38.0,43.0,47.0,52.0,57.0,61.0,67.0,0.0
calibration,2024-12-09,28,230,20179,226.3945,197.0,207.0,216.0,226.0,236.0,245.0,256.0,0.0
calibration,2024-12-09,29,222,20179,120.9935,100.0,107.0,114.0,121.0,128.0,135.0,143.0,0.0
calibration,2024-12-09,30,435,20179,454.4645,411.0,428.0,440.0,455.0,469.0,481.0,496.0,0.0
calibration,2024-12-09,31,296,20179,264.3075,232.0,244.0,253.0,264.0,276.0,285.0,296.0,0.0
calibration,2024-12-09,32,67,20179,59.416,44.0,49.0,54.0,59.0,64.0,69.10000000000014,76.0,0.0
calibration,2024-12-09,33,18,20179,15.7055,9.0,11.0,13.0,16.0,18.0,21.0,24.0,0.0
calibration,2024-12-09,34,32,20179,26.279,17.0,20.0,23.0,26.0,30.0,33.0,37.0,0.0
calibration,2024-12-09,35,28,20179,29.1875,19.975,23.0,25.0,29.0,33.0,36.0,40.0,0.0
calibration,2024-12-09,36,681,20179,763.085,710.0,728.0,743.0,763.0,782.0,800.0,817.0,0.0
calibration,2024-12-09,37,56,20179,42.0555,30.0,34.0,38.0,42.0,46.0,51.0,55.0,0.0
calibration,2024-12-09,38,404,20179,253.917,223.0,233.0,243.0,254.0,265.0,274.0,286.02499999999986,0.0
calibration,2024-12-09,39,166,20179,151.635,128.0,136.0,143.0,151.0,160.0,168.0,177.0,0.0
calibration,2024-12-16,0,14,19112,36.0835,25.0,29.0,32.0,36.0,40.0,44.0,48.0,0.0
calibration,2024-12-16,1,127,19112,69.443,54.0,59.0,64.0,69.0,75.0,80.0,86.0,0.0
calibration,2024-12-16,2,222,19112,293.0925,260.0,272.0,282.0,294.0,304.0,314.0,327.0,0.0
calibration,2024-12-16,3,1277,19112,1367.9045,1297.0,1321.0,1344.0,1368.5,1392.0,1415.0,1442.0,0.0
calibration,2024-12-16,4,112,19112,113.089,92.0,100.0,106.0,113.0,120.0,127.0,134.0,0.0
calibration,2024-12-16,5,299,19112,349.367,314.0,325.0,337.0,349.0,361.0,373.0,387.0,0.0
calibration,2024-12-16,6,175,19112,188.8265,163.0,171.0,179.0,189.0,198.0,206.0,217.0,0.0
calibration,2024-12-16,7,182,19112,251.2565,220.0,231.0,240.0,251.0,262.0,272.0,283.02499999999986,0.0
calibration,2024-12-16,8,1805,19112,1590.21,1511.0,1539.0,1564.0,1590.0,1617.0,1640.0,1669.0,0.0
calibration,2024-12-16,9,17,19112,26.138,17.0,20.0,23.0,26.0,29.0,33.0,36.0,0.0
calibration,2024-12-16,10,354,19112,373.9225,337.975,349.0,360.0,374.0,387.0,399.0,412.0,0.0
calibration,2024-12-16,11,1429,19112,1484.4555,1410.975,1438.0,1459.0,1484.0,1510.0,1533.0,1558.0,0.0
calibration,2024-12-16,12,1506,19112,1325.058,1253.0,1278.0,1300.0,1325.0,1350.0,1371.0,1398.0,0.0
calibration,2024-12-16,13,1399,19112,1353.3,1284.975,1304.0,1327.75,1353.0,1378.0,1402.0,1430.0,0.0
calibration,2024-12-16,14,4681,19112,4686.251,4555.0,4598.9,4639.0,4686.0,4733.0,4777.1,4821.0,0.0
calibration,2024-12-16,15,37,19112,33.224,22.0,26.0,29.0,33.0,37.0,41.0,45.024999999999864,0.0
calibration,2024-12-16,16,177,19112,238.662,207.0,218.0,228.0,238.0,250.0,259.0,270.0,0.0
calibration,2024-12-16,17,669,19112,607.3695,560.0,576.0,590.0,607.0,624.0,640.0,658.0,0.0
calibration,2024-12-16,18,135,19112,156.0625,132.0,140.0,147.75,156.0,164.0,172.0,181.0,0.0
calibration,2024-12-16,19,1354,19112,1298.689,1226.0,1253.0,1275.0,1299.0,1323.0,1346.0,1369.0,0.0
calibration,2024-12-16,20,21,19112,19.1985,11.0,14.0,16.0,19.0,22.0,25.0,28.0,0.0
calibration,2024-12-16,21,49,19112,43.3745,31.0,35.0,39.0,43.0,48.0,52.0,58.0,0.0
calibration,2024-12-16,22,186,19112,172.599,147.0,156.0,164.0,172.0,181.0,189.0,200.0,0.0
calibration,2024-12-16,23,143,19112,123.4695,101.0,109.0,116.0,124.0,131.0,138.0,145.0,0.0
calibration,2024-12-16,24,185,19112,153.6405,130.0,138.0,145.0,153.0,162.0,169.10000000000014,179.0,0.0
calibration,2024-12-16,25,97,19112,172.393,147.975,156.0,164.0,172.0,181.0,189.0,198.0,0.0
calibration,2024-12-16,26,118,19112,124.2055,103.0,111.0,117.0,124.0,132.0,138.0,146.0,0.0
calibration,2024-12-16,27,29,19112,45.937,33.0,38.0,41.0,46.0,50.0,55.0,60.0,0.0
calibration,2024-12-16,28,194,19112,248.078,218.0,229.0,237.0,248.0,259.0,268.0,279.0,0.0
calibration,2024-12-16,29,144,19112,156.838,133.0,140.0,148.0,157.0,165.0,173.0,182.02499999999986,0.0
calibration,2024-12-16,30,415,19112,439.404,398.975,414.0,426.0,439.0,453.0,467.0,481.0,0.0
calibration,2024-12-16,31,257,19112,277.8465,246.0,257.0,266.0,278.0,289.0,300.0,312.0,0.0
calibration,2024-12-16,32,147,19112,55.646,41.0,46.0,50.0,55.0,61.0,65.0,71.0,0.0
calibration,2024-12-16,33,15,19112,14.8135,8.0,10.0,12.0,15.0,17.0,20.0,23.0,0.0
calibration,2024-12-16,34,12,19112,24.8955,15.0,19.0,22.0,25.0,28.0,31.0,35.0,0.0
calibration,2024-12-16,35,30,19112,30.0185,20.0,23.0,26.0,30.0,34.0,37.0,41.0,0.0
calibration,2024-12-16,36,541,19112,686.327,637.0,654.0,668.0,686.0,703.0,720.0,741.0,0.0
calibration,2024-12-16,37,136,19112,43.956,32.0,35.0,39.0,44.0,48.0,53.0,57.0,0.0
calibration,2024-12-16,38,217,19112,292.791,260.0,270.0,281.0,292.0,304.0,316.0,327.02499999999986,0.0
calibration,2024-12-16,39,205,19112,148.7655,125.0,134.0,141.0,149.0,157.0,164.0,172.0,0.0
calibration,2024-12-23,0,21,15816,25.867,16.0,20.0,22.0,25.0,29.0,33.0,37.0,0.0
calibration,2024-12-23,1,165,15816,74.7925,59.0,64.0,69.0,75.0,80.0,86.0,92.0,0.0
calibration,2024-12-23,2,157,15816,218.073,188.0,200.0,208.0,218.0,228.0,238.0,248.0,0.0
calibration,2024-12-23,3,937,15816,1105.702,1041.0,1064.0,1084.0,1104.0,1128.0,1150.0,1172.0,0.0
calibration,2024-12-23,4,54,15816,91.784,73.0,79.0,86.0,91.0,98.0,104.0,111.02499999999986,0.0
calibration,2024-12-23,5,265,15816,275.639,243.0,254.0,264.0,276.0,287.0,297.0,309.0,0.0
calibration,2024-12-23,6,157,15816,147.804,124.0,132.0,139.0,148.0,156.0,164.0,172.0,0.0
calibration,2024-12-23,7,142,15816,196.1315,170.0,178.0,186.0,196.0,205.0,214.0,223.02499999999986,0.0
calibration,2024-12-23,8,1471,15816,1354.695,1284.975,1307.0,1331.0,1354.0,1379.0,1401.0,1425.0249999999999,0.0
calibration,2024-12-23,9,14,15816,19.5395,12.0,14.0,17.0,19.0,22.0,25.0,29.0,0.0
calibration,2024-12-23,10,290,15816,299.1935,267.0,278.0,288.0,299.0,311.0,322.0,334.0,0.0
calibration,2024-12-23,11,1020,15816,1198.2475,1133.0,1154.0,1174.0,1198.0,1223.0,1243.0,1269.0,0.0
calibration,2024-12-23,12,1297,15816,1113.716,1050.0,1072.0,1091.0,1114.0,1136.0,1156.0,1178.0249999999999,0.0
calibration,2024-12-23,13,1135,15816,1126.835,1061.0,1083.0,1103.0,1126.0,1150.0,1171.0,1193.0,0.0
calibration,2024-12-23,14,3727,15816,3935.5295,3815.975,3857.0,3895.0,3934.0,3977.25,4015.0,4054.0,0.0
calibration,2024-12-23,15,45,15816,26.027,17.0,19.0,23.0,26.0,29.0,33.0,36.0,0.0
calibration,2024-12-23,16,130,15816,192.137,165.0,174.0,182.0,192.0,202.0,210.0,220.02499999999986,0.0
calibration,2024-12-23,17,420,15816,537.198,493.0,509.0,521.0,537.0,553.0,567.0,585.0,0.0
calibration,2024-12-23,18,79,15816,126.655,105.0,112.0,119.0,126.0,134.0,142.0,151.0,0.0
calibration,2024-12-23,19,1240,15816,1071.297,1012.0,1031.0,1049.0,1071.0,1093.0,1112.1000000000001,1137.0,0.0
calibration,2024-12-23,20,18,15816,16.777,9.0,11.0,14.0,17.0,20.0,22.0,25.0,0.0
calibration,2024-12-23,21,33,15816,34.335,23.0,27.0,30.0,34.0,38.0,42.0,46.0,0.0
calibration,2024-12-23,22,164,15816,139.505,117.975,124.0,132.0,139.0,147.0,154.0,164.0,0.0
calibration,2024-12-23,23,87,15816,103.6715,84.0,91.0,97.0,103.0,110.0,117.0,124.0,0.0
calibration,2024-12-23,24,127,15816,133.7275,112.0,119.0,126.0,134.0,142.0,148.0,156.02499999999986,0.0
calibration,2024-12-23,25,134,15816,119.032,98.0,105.0,111.0,119.0,126.0,133.0,141.0,0.0
calibration,2024-12-23,26,72,15816,97.5445,78.0,85.0,91.0,97.5,104.0,110.0,118.0,0.0
calibration,2024-12-23,27,33,15816,32.984,23.0,26.0,29.0,33.0,37.0,40.0,45.0,0.0
calibration,2024-12-23,28,159,15816,198.9075,172.0,181.0,189.0,199.0,208.0,218.0,228.0,0.0
calibration,2024-12-23,29,153,15816,129.866,108.0,115.0,122.0,130.0,137.0,145.0,153.0,0.0
calibration,2024-12-23,30,335,15816,349.5075,315.0,325.0,337.0,349.0,363.0,373.0,385.0,0.0
calibration,2024-12-23,31,275,15816,223.878,194.975,204.0,213.0,224.0,234.0,243.0,256.0,0.0
calibration,2024-12-23,32,171,15816,63.712,48.0,54.0,58.0,64.0,69.0,74.0,80.0,0.0
calibration,2024-12-23,33,14,15816,13.094,6.0,8.0,11.0,13.0,15.0,18.0,21.0,0.0
calibration,2024-12-23,34,15,15816,18.5905,11.0,13.0,16.0,18.0,21.0,24.0,28.0,0.0
calibration,2024-12-23,35,17,15816,18.9935,11.0,14.0,16.0,19.0,22.0,25.0,28.0,0.0
calibration,2024-12-23,36,640,15816,554.963,510.975,525.0,538.0,555.0,571.0,584.0,601.0249999999999,0.0
calibration,2024-12-23,37,171,15816,57.9605,43.0,48.0,53.0,58.0,63.0,68.0,73.0,0.0
calibration,2024-12-23,38,207,15816,238.915,210.0,219.0,228.0,239.0,250.0,259.0,270.0,0.0
calibration,2024-12-23,39,225,15816,134.823,112.0,121.0,127.0,134.5,142.0,150.0,157.0,0.0
validation,2025-01-06,0,9,23771,30.7805,20.0,24.0,27.0,31.0,34.0,38.0,43.0,0.0
validation,2025-01-06,1,300,23771,139.136,116.0,124.0,131.0,140.0,147.0,154.0,162.0,0.0
validation,2025-01-06,2,361,23771,280.998,249.0,259.0,270.0,281.0,292.0,303.0,314.02499999999986,0.0
validation,2025-01-06,3,1270,23771,1603.6985,1523.0,1551.0,1576.0,1604.0,1632.0,1656.1000000000001,1682.0,0.0
validation,2025-01-06,4,102,23771,125.6375,104.0,112.0,118.0,125.0,133.0,140.0,149.0,0.0
validation,2025-01-06,5,329,23771,404.0075,366.0,380.0,391.0,403.0,417.25,428.0,445.0,0.0
validation,2025-01-06,6,198,23771,217.184,187.0,198.0,207.0,217.0,227.0,236.0,246.0,0.0
validation,2025-01-06,7,203,23771,272.5045,240.0,252.0,261.0,273.0,283.0,294.0,304.0,0.0
validation,2025-01-06,8,1749,23771,2103.006,2010.0,2044.0,2071.0,2102.0,2134.0,2162.0,2196.0,0.0
validation,2025-01-06,9,18,23771,26.218,17.0,20.0,23.0,26.0,30.0,33.0,37.0,0.0
validation,2025-01-06,10,461,23771,467.9605,425.0,440.0,454.0,468.0,483.0,495.0,508.02499999999986,0.0
validation,2025-01-06,11,1569,23771,1767.2495,1688.975,1713.0,1738.0,1767.0,1797.0,1822.0,1850.0249999999999,0.0
validation,2025-01-06,12,1893,23771,1739.894,1660.0,1686.0,1711.0,1740.0,1768.0,1795.0,1826.0249999999999,0.0
validation,2025-01-06,13,1761,23771,1727.829,1644.0,1674.0,1700.0,1728.0,1755.0,1781.0,1809.0249999999999,0.0
validation,2025-01-06,14,6552,23771,5823.368,5670.95,5730.0,5772.0,5822.0,5871.0,5919.0,5977.0,0.0
validation,2025-01-06,15,51,23771,42.624,31.0,35.0,38.0,42.0,47.0,51.0,56.0,0.0
validation,2025-01-06,16,223,23771,260.377,231.0,240.0,249.0,260.0,271.0,281.0,291.02499999999986,0.0
validation,2025-01-06,17,697,23771,792.9825,740.0,758.0,774.0,793.0,812.0,828.0,850.0,0.0
validation,2025-01-06,18,79,23771,182.559,156.0,165.0,173.0,182.0,192.0,200.0,211.0,0.0
validation,2025-01-06,19,1751,23771,1666.4385,1588.975,1615.9,1640.0,1667.0,1694.0,1718.0,1745.0249999999999,0.0
validation,2025-01-06,20,14,23771,26.16,17.0,20.0,23.0,26.0,29.0,33.0,37.0,0.0
validation,2025-01-06,21,28,23771,55.209,41.0,46.0,50.0,55.0,60.0,65.0,70.02499999999986,0.0
validation,2025-01-06,22,171,23771,214.052,188.0,197.0,204.0,213.0,224.0,233.0,244.02499999999986,0.0
validation,2025-01-06,23,118,23771,154.27,130.0,139.0,146.0,154.0,162.25,170.0,178.0,0.0
validation,2025-01-06,24,222,23771,201.2195,174.0,183.0,192.0,201.0,211.0,220.0,231.0,0.0
validation,2025-01-06,25,187,23771,189.6725,164.0,173.0,181.0,190.0,199.0,207.0,216.0,0.0
validation,2025-01-06,26,119,23771,135.8045,113.0,121.0,128.0,136.0,143.0,151.0,159.0,0.0
validation,2025-01-06,27,31,23771,45.511,33.0,37.0,41.0,45.0,50.0,54.0,59.0,0.0
validation,2025-01-06,28,122,23771,270.538,240.0,250.0,259.0,271.0,281.0,291.0,302.0,0.0
validation,2025-01-06,29,199,23771,214.4505,187.0,196.0,204.0,214.0,224.0,233.0,244.0,0.0
validation,2025-01-06,30,375,23771,507.401,463.0,478.0,492.0,507.0,523.0,537.0,552.0249999999999,0.0
validation,2025-01-06,31,357,23771,337.4315,301.0,314.0,325.0,338.0,350.0,361.0,374.0,0.0
validation,2025-01-06,32,386,23771,137.6555,115.0,123.0,130.0,138.0,145.0,152.0,161.0,0.0
validation,2025-01-06,33,18,23771,18.6525,11.0,13.0,16.0,19.0,21.0,24.0,28.0,0.0
validation,2025-01-06,34,32,23771,26.735,17.0,20.0,23.0,27.0,30.0,33.0,37.0,0.0
validation,2025-01-06,35,11,23771,30.7375,20.0,24.0,27.0,30.0,34.0,38.0,42.0,0.0
validation,2025-01-06,36,772,23771,803.79,748.0,768.0,785.0,803.0,823.0,840.0,860.0,0.0
validation,2025-01-06,37,398,23771,129.8465,109.0,115.9,122.0,130.0,137.0,144.0,152.0,0.0
validation,2025-01-06,38,257,23771,360.581,321.975,336.0,348.0,361.0,374.0,384.0,396.0,0.0
validation,2025-01-06,39,378,23771,241.656,212.0,222.0,231.0,241.0,252.0,262.0,274.0,0.0
validation,2025-01-13,0,4,68406,57.3045,43.0,48.0,52.0,57.0,62.0,67.0,73.0,0.0
validation,2025-01-13,1,302,68406,588.876,540.0,556.0,572.0,589.0,606.0,621.0,638.0249999999999,0.0
validation,2025-01-13,2,300,68406,872.8365,815.0,835.0,853.0,873.0,893.0,910.1000000000001,928.0,0.0
validation,2025-01-13,3,1327,68406,4147.628,4027.975,4066.0,4105.0,4148.0,4190.0,4229.1,4274.025,0.0
validation,2025-01-13,4,133,68406,335.711,300.0,313.0,323.0,336.0,347.0,358.0,374.0,0.0
validation,2025-01-13,5,287,68406,1071.3125,1009.0,1030.0,1050.0,1071.0,1092.0,1112.0,1136.0,0.0
validation,2025-01-13,6,139,68406,642.896,593.975,612.0,626.0,642.0,660.0,677.0,694.0249999999999,0.0
validation,2025-01-13,7,212,68406,668.271,616.975,635.0,651.0,668.0,686.0,702.0,720.0,0.0
validation,2025-01-13,8,39844,68406,5795.2135,5650.975,5694.0,5743.0,5794.0,5847.0,5894.0,5945.025,0.0
validation,2025-01-13,9,27,68406,71.297,55.0,61.0,65.0,71.0,76.0,82.0,89.0,0.0
validation,2025-01-13,10,267,68406,1296.498,1226.0,1249.0,1272.0,1296.0,1321.0,1344.1000000000001,1367.0249999999999,0.0
validation,2025-01-13,11,1766,68406,4870.186,4737.0,4784.0,4821.0,4868.0,4918.0,4962.1,5000.0,0.0
validation,2025-01-13,12,2466,68406,5254.6285,5104.0,5161.0,5207.0,5256.0,5304.0,5346.0,5396.025,0.0
validation,2025-01-13,13,2339,68406,4956.0035,4820.0,4867.0,4908.0,4957.0,5002.25,5044.0,5086.025,0.0
validation,2025-01-13,14,11579,68406,17449.076,17193.95,17284.9,17359.75,17446.0,17533.0,17622.0,17712.05,0.0
validation,2025-01-13,15,36,68406,142.393,119.0,127.9,134.0,142.0,151.0,158.0,166.0,0.0
validation,2025-01-13,16,123,68406,730.0485,679.975,695.9,711.0,729.0,749.0,766.0,783.0,0.0
validation,2025-01-13,17,577,68406,2154.1495,2062.0,2092.0,2122.0,2154.0,2187.0,2215.0,2247.0,0.0
validation,2025-01-13,18,131,68406,399.519,359.975,374.0,387.0,399.0,413.0,426.0,438.0,0.0
validation,2025-01-13,19,2290,68406,4836.6505,4700.0,4747.0,4789.0,4837.0,4886.0,4925.1,4968.0,0.0
validation,2025-01-13,20,26,68406,72.2185,56.0,62.0,66.0,72.0,78.0,83.0,89.0,0.0
validation,2025-01-13,21,46,68406,132.8745,112.0,118.0,125.0,133.0,141.0,147.0,156.0,0.0
validation,2025-01-13,22,116,68406,602.6515,553.0,572.0,587.0,602.0,620.0,634.0,650.0,0.0
validation,2025-01-13,23,84,68406,434.3755,395.975,407.0,420.0,435.0,449.0,460.0,473.0,0.0
validation,2025-01-13,24,183,68406,591.266,544.0,559.0,575.0,592.0,608.0,622.0,639.0,0.0
validation,2025-01-13,25,220,68406,501.939,459.975,475.0,487.0,502.0,516.0,530.0,545.0249999999999,0.0
validation,2025-01-13,26,121,68406,381.2625,344.975,357.0,368.0,381.0,394.0,406.0,421.0,0.0
validation,2025-01-13,27,28,68406,116.4,95.0,102.0,109.0,116.0,124.0,130.0,137.0,0.0
validation,2025-01-13,28,136,68406,611.2935,563.0,580.0,596.0,611.0,627.25,643.0,659.0249999999999,0.0
validation,2025-01-13,29,239,68406,623.023,573.0,591.0,607.0,624.0,640.0,654.0,672.0,0.0
validation,2025-01-13,30,449,68406,1351.849,1278.0,1306.0,1327.0,1351.0,1378.0,1399.1000000000001,1427.0,0.0
validation,2025-01-13,31,321,68406,1028.1315,968.0,986.0,1006.0,1028.0,1050.0,1070.0,1091.0,0.0
validation,2025-01-13,32,350,68406,669.7085,619.0,636.0,652.0,670.0,687.0,702.0,720.0,0.0
validation,2025-01-13,33,15,68406,57.1655,43.0,48.0,52.0,57.0,62.0,67.0,73.0,0.0
validation,2025-01-13,34,22,68406,79.5275,62.0,68.0,73.0,80.0,85.0,91.0,97.0,0.0
validation,2025-01-13,35,24,68406,75.202,59.0,65.0,69.0,75.0,81.0,87.0,93.0,0.0
validation,2025-01-13,36,874,68406,2283.1585,2187.0,2221.9,2250.0,2283.0,2315.25,2347.0,2380.0,0.0
validation,2025-01-13,37,397,68406,660.811,612.0,628.0,643.0,661.0,678.0,694.0,709.0749999999996,0.0
validation,2025-01-13,38,265,68406,941.211,885.0,902.0,921.0,941.0,961.0,981.0,1003.0,0.0
validation,2025-01-13,39,341,68406,844.466,788.975,807.0,824.0,844.0,863.0,882.0,902.0,0.0
validation,2025-01-20,0,10,43200,16.572,9.0,11.0,14.0,16.0,19.0,22.0,25.0,0.0
validation,2025-01-20,1,199,43200,303.7505,271.0,281.0,291.0,304.0,315.0,326.0,338.02499999999986,0.0
validation,2025-01-20,2,433,43200,353.535,317.975,329.0,341.0,353.0,366.0,378.0,392.0,0.0
validation,2025-01-20,3,1784,43200,1636.317,1557.0,1582.9,1609.0,1637.0,1664.25,1688.0,1716.0,0.0
validation,2025-01-20,4,151,43200,136.6505,114.975,122.0,129.0,137.0,144.0,151.0,159.0,0.0
validation,2025-01-20,5,355,43200,401.6465,364.0,377.0,388.0,401.0,415.0,427.0,441.02499999999986,0.0
validation,2025-01-20,6,175,43200,227.4515,199.975,209.0,217.0,227.0,237.0,247.10000000000014,257.0,0.0
validation,2025-01-20,7,274,43200,251.3365,222.0,231.0,240.75,251.0,262.0,272.0,283.0,0.0
validation,2025-01-20,8,12073,43200,15245.002,15000.9,15085.9,15167.0,15247.0,15328.0,15401.0,15486.025,0.0
validation,2025-01-20,9,30,43200,26.071,17.0,20.0,23.0,26.0,30.0,33.0,37.0,0.0
validation,2025-01-20,10,195,43200,466.1985,423.0,439.0,451.0,466.0,480.0,494.0,510.02499999999986,0.0
validation,2025-01-20,11,1964,43200,1967.777,1888.0,1912.0,1937.75,1967.0,1997.0,2023.0,2054.0,0.0
validation,2025-01-20,12,2618,43200,2433.474,2339.0,2370.0,2399.0,2434.0,2466.0,2498.1000000000004,2531.0249999999996,0.0
validation,2025-01-20,13,2251,43200,2252.8195,2161.975,2193.0,2221.0,2253.0,2285.0,2312.0,2347.0,0.0
validation,2025-01-20,14,13209,43200,9016.339,8829.975,8891.0,8951.75,9018.0,9080.0,9134.1,9206.025,0.0
validation,2025-01-20,15,50,43200,57.73,43.0,48.0,53.0,57.0,63.0,68.0,74.0,0.0
validation,2025-01-20,16,175,43200,222.498,195.0,203.0,212.0,222.0,233.0,242.0,252.02499999999986,0.0
validation,2025-01-20,17,717,43200,803.2825,748.0,766.0,784.0,803.0,822.0,840.0,859.0,0.0
validation,2025-01-20,18,89,43200,144.8025,121.975,129.0,136.0,145.0,153.0,160.0,170.0,0.0
validation,2025-01-20,19,2466,43200,2254.521,2162.0,2194.0,2222.0,2255.0,2286.0,2315.1000000000004,2345.0249999999996,0.0
validation,2025-01-20,20,12,43200,27.3775,17.0,21.0,24.0,27.0,31.0,34.0,39.0,0.0
validation,2025-01-20,21,57,43200,53.3475,40.0,44.0,48.0,53.0,58.0,63.0,68.0,0.0
validation,2025-01-20,22,226,43200,216.6485,187.0,198.0,207.0,216.0,227.0,236.0,246.0,0.0
validation,2025-01-20,23,99,43200,146.904,124.0,131.9,139.0,147.0,155.0,162.0,171.0,0.0
validation,2025-01-20,24,298,43200,243.6285,215.0,224.0,233.0,243.0,254.0,263.0,275.0,0.0
validation,2025-01-20,25,237,43200,216.75,189.0,198.0,207.0,217.0,226.0,235.0,246.0,0.0
validation,2025-01-20,26,135,43200,146.4285,123.0,131.0,138.0,147.0,154.0,162.0,171.0,0.0
validation,2025-01-20,27,38,43200,41.351,29.975,33.0,37.0,41.0,46.0,49.100000000000136,54.0,0.0
validation,2025-01-20,28,102,43200,207.732,181.0,190.0,198.0,208.0,217.0,226.0,236.0,0.0
validation,2025-01-20,29,116,43200,250.1805,221.975,230.0,240.0,250.0,261.0,270.0,281.0,0.0
validation,2025-01-20,30,359,43200,534.358,490.0,505.0,518.0,534.0,551.0,564.0,581.0,0.0
validation,2025-01-20,31,300,43200,410.746,373.975,386.0,397.0,410.0,423.25,437.0,451.0,0.0
validation,2025-01-20,32,279,43200,358.5735,322.0,335.0,346.0,358.0,371.0,384.0,395.02499999999986,0.0
validation,2025-01-20,33,17,43200,21.426,13.0,16.0,18.0,21.0,24.0,27.0,31.0,0.0
validation,2025-01-20,34,43,43200,28.0565,18.0,21.0,24.0,28.0,31.0,35.0,39.0,0.0
validation,2025-01-20,35,24,43200,28.2335,18.0,22.0,25.0,28.0,32.0,35.0,39.0,0.0
validation,2025-01-20,36,803,43200,960.378,901.0,922.9,939.0,960.0,980.0,1000.0,1024.0,0.0
validation,2025-01-20,37,276,43200,374.1865,335.975,350.0,361.0,374.0,387.0,399.0,414.02499999999986,0.0
validation,2025-01-20,38,255,43200,321.762,285.0,299.0,309.0,322.0,334.0,345.0,357.02499999999986,0.0
validation,2025-01-20,39,306,43200,390.701,354.0,366.0,378.0,390.0,404.0,417.0,431.0,0.0
validation,2025-01-27,0,19,29695,8.804,4.0,5.0,7.0,9.0,11.0,12.0,15.0,0.0
validation,2025-01-27,1,60,29695,189.3395,163.0,172.0,180.0,189.0,198.0,207.0,215.0,0.0
validation,2025-01-27,2,365,29695,246.053,216.0,226.0,236.0,246.0,256.0,266.0,276.0,0.0
validation,2025-01-27,3,2359,29695,1044.213,983.0,1003.0,1021.0,1044.0,1066.0,1085.0,1109.0,0.0
validation,2025-01-27,4,174,29695,86.636,69.0,75.0,80.0,87.0,93.0,99.0,105.02499999999986,0.0
validation,2025-01-27,5,313,29695,243.1175,214.0,223.0,232.0,243.0,254.0,263.0,274.0,0.0
validation,2025-01-27,6,132,29695,132.1835,110.0,118.0,124.75,132.0,140.0,146.0,156.0,0.0
validation,2025-01-27,7,245,29695,162.9915,139.0,147.9,154.0,162.0,171.0,180.0,189.0,0.0
validation,2025-01-27,8,4755,29695,10830.0415,10618.0,10696.0,10760.0,10829.0,10901.0,10965.0,11031.025,0.0
validation,2025-01-27,9,23,29695,17.511,10.0,12.0,15.0,17.0,20.0,23.0,26.0,0.0
validation,2025-01-27,10,135,29695,239.503,208.975,219.0,229.0,239.0,250.0,259.0,269.0,0.0
validation,2025-01-27,11,1537,29695,1240.4515,1172.0,1195.0,1215.75,1240.0,1264.0,1286.0,1314.0249999999999,0.0
validation,2025-01-27,12,2358,29695,1625.6375,1548.0,1574.0,1597.75,1625.0,1652.0,1677.0,1705.0,0.0
validation,2025-01-27,13,1916,29695,1469.672,1394.0,1421.0,1445.0,1470.0,1495.0,1517.0,1547.0,0.0
validation,2025-01-27,14,9239,29695,6892.3595,6732.975,6787.0,6837.0,6892.0,6947.0,7005.0,7053.0,0.0
validation,2025-01-27,15,43,29695,35.972,24.0,28.0,32.0,36.0,40.0,44.0,48.0,0.0
validation,2025-01-27,16,149,29695,128.4975,107.0,114.0,121.0,128.0,136.0,143.0,151.0,0.0
validation,2025-01-27,17,642,29695,473.195,430.0,446.0,458.0,473.0,489.0,501.0,516.0,0.0
validation,2025-01-27,18,89,29695,74.3095,57.0,63.0,68.0,74.0,80.0,85.0,92.0,0.0
validation,2025-01-27,19,2013,29695,1521.9115,1446.0,1471.0,1493.0,1522.0,1548.0,1573.0,1602.0,0.0
validation,2025-01-27,20,20,29695,14.013,7.0,9.0,11.0,14.0,16.0,19.0,22.0,0.0
validation,2025-01-27,21,49,29695,32.2405,22.0,25.0,28.0,32.0,36.0,40.0,44.0,0.0
validation,2025-01-27,22,170,29695,132.496,110.0,118.0,125.0,132.0,140.0,146.10000000000014,155.0,0.0
validation,2025-01-27,23,94,29695,76.703,60.0,66.0,71.0,76.0,83.0,88.0,95.0,0.0
validation,2025-01-27,24,117,29695,163.1965,139.0,147.0,154.0,163.0,172.0,180.0,190.0,0.0
validation,2025-01-27,25,274,29695,152.991,129.0,137.0,145.0,153.0,161.0,169.0,178.0,0.0
validation,2025-01-27,26,76,29695,88.099,71.0,77.0,82.0,88.0,94.0,99.10000000000014,107.0,0.0
validation,2025-01-27,27,30,29695,25.759,16.0,19.0,22.0,26.0,29.0,33.0,36.0,0.0
validation,2025-01-27,28,104,29695,101.8415,82.0,89.0,95.0,102.0,109.0,115.0,122.0,0.0
validation,2025-01-27,29,72,29695,138.8775,116.0,124.0,131.0,139.0,147.0,154.0,162.0,0.0
validation,2025-01-27,30,341,29695,298.931,265.0,277.0,288.0,299.0,311.0,321.0,333.0,0.0
validation,2025-01-27,31,324,29695,246.2925,216.0,227.0,235.0,246.0,257.0,267.0,278.0,0.0
validation,2025-01-27,32,59,29695,233.0145,203.0,213.0,223.0,233.0,244.0,252.10000000000014,263.0,0.0
validation,2025-01-27,33,22,29695,12.705,6.0,8.0,10.0,13.0,15.0,17.0,20.0,0.0
validation,2025-01-27,34,58,29695,22.3095,14.0,16.0,19.0,22.0,25.0,29.0,32.0,0.0
validation,2025-01-27,35,25,29695,15.27,8.0,10.0,13.0,15.0,18.0,20.0,24.0,0.0
validation,2025-01-27,36,834,29695,607.156,561.0,577.0,590.0,606.0,623.0,640.0,658.0,0.0
validation,2025-01-27,37,29,29695,244.081,214.0,225.0,233.0,244.0,254.0,264.0,274.02499999999986,0.0
validation,2025-01-27,38,327,29695,193.292,167.0,175.0,184.0,194.0,202.0,211.0,220.0,0.0
validation,2025-01-27,39,104,29695,245.155,215.0,226.0,235.0,245.0,255.25,265.0,275.0,0.0
validation,2025-02-03,0,4,27661,7.1665,3.0,4.0,5.0,7.0,9.0,11.0,13.0,0.0
validation,2025-02-03,1,103,27661,144.555,121.0,130.0,137.0,144.0,152.0,160.0,169.0,0.0
validation,2025-02-03,2,380,27661,243.981,214.0,223.0,234.0,244.0,254.0,265.0,275.0,0.0
validation,2025-02-03,3,2487,27661,1130.0305,1067.0,1087.0,1107.0,1129.5,1154.0,1173.0,1193.0,0.0
validation,2025-02-03,4,153,27661,94.02,75.0,82.0,87.0,94.0,100.0,107.0,114.0,0.0
validation,2025-02-03,5,308,27661,215.612,188.0,198.0,206.0,215.0,226.0,233.0,244.0,0.0
validation,2025-02-03,6,157,27661,108.153,88.0,95.0,101.0,108.0,115.0,122.0,128.0,0.0
validation,2025-02-03,7,312,27661,156.6085,134.0,140.0,148.0,156.0,165.0,173.0,182.0,0.0
validation,2025-02-03,8,3446,27661,9784.6765,9590.95,9661.0,9718.0,9785.0,9850.0,9910.0,9981.05,0.0
validation,2025-02-03,9,30,27661,16.558,9.0,12.0,14.0,16.0,19.0,22.0,25.0,0.0
validation,2025-02-03,10,190,27661,177.437,152.0,161.0,168.0,177.0,187.0,195.0,205.0,0.0
validation,2025-02-03,11,1697,27661,1144.492,1077.0,1101.0,1122.0,1144.5,1167.25,1187.0,1210.0249999999999,0.0
validation,2025-02-03,12,2133,27661,1564.3785,1486.975,1513.0,1537.0,1564.0,1591.0,1615.1000000000001,1641.0,0.0
validation,2025-02-03,13,2012,27661,1384.873,1310.975,1336.0,1361.0,1385.5,1410.0,1432.0,1454.0249999999999,0.0
validation,2025-02-03,14,8267,27661,6795.944,6634.0,6687.9,6739.0,6793.0,6852.0,6910.0,6964.0,0.0
validation,2025-02-03,15,59,27661,30.179,20.0,23.0,26.0,30.0,34.0,37.0,42.0,0.0
validation,2025-02-03,16,185,27661,112.0345,92.0,99.0,105.0,112.0,119.0,125.0,132.02499999999986,0.0
validation,2025-02-03,17,649,27661,441.075,401.0,415.0,427.0,441.0,454.0,469.0,485.0,0.0
validation,2025-02-03,18,81,27661,65.1125,49.0,54.0,60.0,65.0,70.25,75.0,81.0,0.0
validation,2025-02-03,19,1871,27661,1428.573,1355.0,1381.0,1403.0,1429.0,1454.0,1476.0,1501.0249999999999,0.0
validation,2025-02-03,20,10,27661,12.26,6.0,8.0,10.0,12.0,15.0,17.0,20.0,0.0
validation,2025-02-03,21,34,27661,30.5745,20.0,24.0,27.0,30.0,34.0,38.0,42.0,0.0
validation,2025-02-03,22,163,27661,114.702,95.0,101.0,108.0,115.0,122.0,128.0,136.0,0.0
validation,2025-02-03,23,83,27661,66.5385,51.0,56.0,61.0,66.0,72.0,77.0,83.0,0.0
validation,2025-02-03,24,120,27661,137.2215,114.0,123.0,129.0,137.0,145.0,152.0,161.0,0.0
validation,2025-02-03,25,281,27661,153.9175,130.0,138.0,145.0,154.0,162.0,169.0,178.0,0.0
validation,2025-02-03,26,78,27661,75.453,59.0,65.0,70.0,75.0,81.0,87.0,93.02499999999986,0.0
validation,2025-02-03,27,44,27661,21.6105,13.0,16.0,19.0,21.0,25.0,27.0,31.0,0.0
validation,2025-02-03,28,104,27661,77.4905,61.0,67.0,71.0,77.0,83.0,89.0,95.0,0.0
validation,2025-02-03,29,93,27661,105.078,84.0,92.0,99.0,105.0,112.0,119.0,125.0,0.0
validation,2025-02-03,30,290,27661,255.408,224.975,235.0,244.0,255.0,267.0,277.0,288.0,0.0
validation,2025-02-03,31,324,27661,218.0225,190.0,199.0,208.0,218.0,227.0,237.0,248.0,0.0
validation,2025-02-03,32,55,27661,179.629,154.975,162.0,170.0,179.0,189.0,197.0,206.0,0.0
validation,2025-02-03,33,20,27661,12.116,6.0,8.0,10.0,12.0,14.0,17.0,19.0,0.0
validation,2025-02-03,34,50,27661,26.1675,17.0,20.0,23.0,26.0,29.0,33.0,37.0,0.0
validation,2025-02-03,35,15,27661,14.44,8.0,10.0,12.0,14.0,17.0,19.0,22.0,0.0
validation,2025-02-03,36,940,27661,550.129,505.0,520.0,534.75,550.0,565.0,580.0,597.0249999999999,0.0
validation,2025-02-03,37,34,27661,184.7335,158.0,168.0,176.0,185.0,194.0,202.0,211.0,0.0
validation,2025-02-03,38,276,27661,185.4795,160.0,168.0,176.0,186.0,194.0,203.0,212.0,0.0
validation,2025-02-03,39,123,27661,189.793,164.0,172.0,180.0,190.0,199.0,208.0,217.0,0.0
validation,2025-02-10,0,3,22784,5.078,1.0,2.0,3.0,5.0,6.0,8.0,10.0,0.0
validation,2025-02-10,1,121,22784,89.343,72.0,77.0,83.0,89.0,96.0,101.0,108.0,0.0
validation,2025-02-10,2,279,22784,199.195,171.0,181.9,189.0,199.0,209.0,217.0,227.02499999999986,0.0
validation,2025-02-10,3,2332,22784,1072.9285,1012.0,1031.0,1051.0,1073.0,1094.0,1113.0,1136.0,0.0
validation,2025-02-10,4,111,22784,82.587,65.0,71.0,76.0,82.0,89.0,95.0,101.0,0.0
validation,2025-02-10,5,273,22784,170.1035,145.0,153.9,161.75,170.0,178.0,187.0,197.0,0.0
validation,2025-02-10,6,144,22784,81.705,65.0,70.0,76.0,82.0,87.0,93.0,100.0,0.0
validation,2025-02-10,7,275,22784,140.4735,119.0,126.0,133.0,140.0,148.0,155.0,164.0,0.0
validation,2025-02-10,8,2583,22784,8107.006,7930.975,7995.0,8050.0,8106.0,8166.0,8219.1,8277.025,0.0
validation,2025-02-10,9,24,22784,14.936,8.0,10.0,12.0,15.0,18.0,20.0,23.0,0.0
validation,2025-02-10,10,182,22784,106.094,85.0,93.0,99.0,106.0,113.0,119.0,127.0,0.0
validation,2025-02-10,11,1288,22784,938.021,881.975,899.0,917.0,937.0,959.0,978.0,998.0,0.0
validation,2025-02-10,12,1443,22784,1291.7985,1222.975,1246.0,1268.0,1292.0,1315.0,1337.0,1363.0,0.0
validation,2025-02-10,13,1796,22784,1147.7885,1084.975,1105.0,1125.0,1148.0,1170.0,1190.0,1212.0,0.0
validation,2025-02-10,14,6304,22784,5702.126,5550.975,5603.0,5651.0,5705.0,5752.0,5798.1,5852.0,0.0
validation,2025-02-10,15,55,22784,25.4495,16.0,19.0,22.0,25.0,29.0,32.0,36.0,0.0
validation,2025-02-10,16,130,22784,85.428,68.0,74.0,79.0,85.0,92.0,97.0,105.0,0.0
validation,2025-02-10,17,494,22784,348.116,314.0,324.0,335.0,348.0,361.0,372.0,384.0,0.0
validation,2025-02-10,18,68,22784,52.767,39.0,44.0,48.0,53.0,58.0,62.0,67.0,0.0
validation,2025-02-10,19,1491,22784,1166.255,1101.0,1123.9,1144.0,1166.0,1189.0,1212.0,1232.0,0.0
validation,2025-02-10,20,8,22784,9.302,4.0,6.0,7.0,9.0,11.0,13.0,16.0,0.0
validation,2025-02-10,21,35,22784,25.3115,16.0,19.0,22.0,25.0,29.0,32.0,35.0,0.0
validation,2025-02-10,22,165,22784,90.756,71.0,78.0,84.0,91.0,97.0,103.0,110.0,0.0
validation,2025-02-10,23,95,22784,48.7835,36.0,40.0,44.0,49.0,53.0,58.0,63.0,0.0
validation,2025-02-10,24,138,22784,96.8435,78.0,84.0,90.0,96.0,103.0,109.0,118.0,0.0
validation,2025-02-10,25,256,22784,136.5255,114.0,122.0,129.0,137.0,144.0,151.0,159.02499999999986,0.0
validation,2025-02-10,26,92,22784,55.1945,41.0,46.0,50.0,55.0,60.0,65.0,70.0,0.0
validation,2025-02-10,27,36,22784,18.961,11.0,13.0,16.0,19.0,22.0,25.0,28.0,0.0
validation,2025-02-10,28,84,22784,60.591,46.0,51.0,55.75,60.0,66.0,70.0,76.0,0.0
validation,2025-02-10,29,120,22784,70.276,54.0,59.900000000000006,64.0,70.0,76.0,82.0,87.0,0.0
validation,2025-02-10,30,357,22784,193.939,167.0,177.0,185.0,194.0,203.0,211.0,220.0,0.0
validation,2025-02-10,31,329,22784,170.765,145.0,154.0,162.0,171.0,180.0,188.0,197.0,0.0
validation,2025-02-10,32,52,22784,100.5455,82.0,88.0,94.0,100.0,107.0,113.0,120.0,0.0
validation,2025-02-10,33,19,22784,10.2445,4.0,6.0,8.0,10.0,12.0,15.0,17.0,0.0
validation,2025-02-10,34,48,22784,23.3975,14.0,17.0,20.0,23.0,27.0,30.0,34.0,0.0
validation,2025-02-10,35,13,22784,12.063,5.0,8.0,10.0,12.0,14.0,17.0,19.0,0.0
validation,2025-02-10,36,1191,22784,465.3475,423.975,438.0,450.0,465.0,480.0,493.0,507.0,0.0
validation,2025-02-10,37,16,22784,99.4685,81.0,87.0,92.0,100.0,106.0,113.0,119.0,0.0
validation,2025-02-10,38,223,22784,151.4025,127.0,136.0,143.0,151.0,159.0,167.0,176.0,0.0
validation,2025-02-10,39,111,22784,117.857,97.975,104.0,111.0,117.0,125.0,131.0,139.0,0.0
validation,2025-02-17,0,4,18877,5.623,1.0,3.0,4.0,5.0,7.0,9.0,11.0,0.0
validation,2025-02-17,1,133,18877,73.82,57.0,63.0,68.0,74.0,80.0,85.0,91.0,0.0
validation,2025-02-17,2,147,18877,222.994,195.975,205.0,213.0,223.0,233.0,242.0,253.0,0.0
validation,2025-02-17,3,1140,18877,1370.548,1297.9,1325.0,1345.0,1370.0,1395.0,1419.0,1448.0,0.0
validation,2025-02-17,4,112,18877,90.3145,72.0,79.0,84.0,90.0,96.0,103.0,110.0,0.0
validation,2025-02-17,5,194,18877,191.2335,165.0,173.0,182.0,191.0,200.0,210.0,220.0,0.0
validation,2025-02-17,6,126,18877,93.4805,76.0,82.0,87.0,93.0,100.0,105.0,113.0,0.0
validation,2025-02-17,7,219,18877,169.0355,144.0,152.0,160.0,169.0,177.0,186.0,194.0,0.0
validation,2025-02-17,8,1973,18877,3497.9465,3382.0,3424.0,3458.0,3498.0,3536.0,3574.0,3612.0,0.0
validation,2025-02-17,9,32,18877,16.4855,9.0,12.0,14.0,16.0,19.0,22.0,25.0,0.0
validation,2025-02-17,10,191,18877,107.9545,88.0,95.0,101.0,108.0,115.0,121.0,129.0,0.0
validation,2025-02-17,11,1146,18877,992.731,931.0,952.0,971.0,993.0,1014.0,1034.0,1056.0,0.0
validation,2025-02-17,12,1536,18877,1309.6855,1237.975,1263.0,1285.0,1310.0,1334.0,1356.0,1380.0,0.0
validation,2025-02-17,13,1723,18877,1220.695,1151.975,1175.0,1197.0,1220.0,1245.0,1266.0,1289.0249999999999,0.0
validation,2025-02-17,14,5166,18877,5663.665,5516.0,5566.0,5611.0,5663.0,5716.0,5763.1,5810.0,0.0
validation,2025-02-17,15,46,18877,31.8935,21.0,25.0,28.0,32.0,36.0,39.0,44.0,0.0
validation,2025-02-17,16,146,18877,97.939,79.0,85.0,91.0,98.0,104.0,110.0,119.0,0.0
validation,2025-02-17,17,500,18877,383.0225,347.0,358.0,369.0,383.0,396.0,409.0,422.0,0.0
validation,2025-02-17,18,53,18877,50.398,37.0,41.0,46.0,50.0,55.0,60.0,65.0,0.0
validation,2025-02-17,19,1392,18877,1199.396,1135.975,1155.0,1175.0,1201.0,1222.25,1243.0,1270.0,0.0
validation,2025-02-17,20,7,18877,7.9155,3.0,4.0,6.0,8.0,10.0,12.0,14.0,0.0
validation,2025-02-17,21,85,18877,27.173,17.975,21.0,24.0,27.0,31.0,34.0,38.0,0.0
validation,2025-02-17,22,204,18877,110.891,90.0,98.0,103.0,111.0,118.0,125.0,132.0,0.0
validation,2025-02-17,23,90,18877,56.722,43.0,47.0,52.0,56.0,62.0,66.0,71.02499999999986,0.0
validation,2025-02-17,24,172,18877,103.048,83.0,90.0,96.0,103.0,110.0,116.0,123.0,0.0
validation,2025-02-17,25,274,18877,160.52,135.0,144.0,152.0,160.0,169.0,177.0,187.0,0.0
validation,2025-02-17,26,124,18877,58.147,44.0,49.0,53.0,58.0,63.0,68.0,74.0,0.0
validation,2025-02-17,27,27,18877,22.791,13.0,17.0,20.0,23.0,26.0,29.0,32.0,0.0
validation,2025-02-17,28,102,18877,60.181,46.0,51.0,55.0,60.0,65.0,70.0,75.0,0.0
validation,2025-02-17,29,164,18877,61.874,47.0,52.0,57.0,62.0,67.0,72.0,77.0,0.0
validation,2025-02-17,30,308,18877,206.4535,179.0,189.0,197.0,206.0,216.0,224.0,236.0,0.0
validation,2025-02-17,31,248,18877,195.0435,168.0,177.0,186.0,195.0,204.0,213.0,222.0,0.0
validation,2025-02-17,32,45,18877,68.0985,52.0,57.0,62.0,68.0,74.0,79.0,85.0,0.0
validation,2025-02-17,33,13,18877,12.0645,6.0,8.0,10.0,12.0,14.0,17.0,19.0,0.0
validation,2025-02-17,34,60,18877,30.4955,20.0,24.0,27.0,30.0,34.0,37.0,42.0,0.0
validation,2025-02-17,35,25,18877,11.8615,6.0,8.0,10.0,12.0,14.0,16.0,19.0,0.0
validation,2025-02-17,36,637,18877,575.938,529.0,544.0,559.75,575.0,592.0,607.0,625.0,0.0
validation,2025-02-17,37,25,18877,54.365,40.0,45.0,49.0,54.0,59.0,64.0,69.02499999999986,0.0
validation,2025-02-17,38,189,18877,165.816,140.0,150.0,157.0,165.0,174.0,183.0,191.0,0.0
validation,2025-02-17,39,99,18877,98.8325,80.0,86.0,92.0,99.0,105.0,112.0,118.02499999999986,0.0
validation,2025-02-24,0,6,22346,6.974,2.0,4.0,5.0,7.0,9.0,10.0,12.0,0.0
validation,2025-02-24,1,140,22346,94.1495,75.0,82.0,88.0,94.0,100.0,107.0,113.0,0.0
validation,2025-02-24,2,401,22346,264.1605,231.975,243.0,253.0,264.0,276.0,286.0,298.0,0.0
validation,2025-02-24,3,1994,22346,1877.1375,1793.975,1822.0,1847.0,1877.0,1906.0,1935.0,1966.0,0.0
validation,2025-02-24,4,134,22346,124.006,103.0,110.0,116.0,124.0,131.0,138.0,147.0,0.0
validation,2025-02-24,5,299,22346,245.6305,215.0,225.0,235.0,245.0,256.0,266.0,276.0,0.0
validation,2025-02-24,6,212,22346,126.2555,105.0,112.0,119.0,126.0,134.0,140.0,148.0,0.0
validation,2025-02-24,7,320,22346,237.224,207.0,217.0,227.0,237.0,248.0,257.0,267.0,0.0
validation,2025-02-24,8,2129,22346,2880.0325,2773.0,2811.0,2843.0,2881.0,2916.25,2949.0,2984.0,0.0
validation,2025-02-24,9,29,22346,24.8875,16.0,19.0,21.0,25.0,28.0,31.0,35.0,0.0
validation,2025-02-24,10,261,22346,157.897,133.975,142.0,149.75,158.0,166.0,174.0,183.0,0.0
validation,2025-02-24,11,1361,22346,1278.4825,1209.0,1233.0,1255.0,1278.0,1303.0,1324.1000000000001,1348.0,0.0
validation,2025-02-24,12,1532,22346,1684.734,1602.975,1632.9,1656.0,1685.0,1713.0,1739.0,1769.0,0.0
validation,2025-02-24,13,1795,22346,1679.306,1603.975,1629.0,1652.0,1679.0,1706.25,1730.0,1757.0,0.0
validation,2025-02-24,14,5921,22346,6537.959,6374.975,6437.0,6482.0,6539.0,6592.0,6641.1,6697.0,0.0
validation,2025-02-24,15,58,22346,45.924,34.0,37.0,41.0,46.0,50.0,54.0,59.0,0.0
validation,2025-02-24,16,206,22346,137.764,116.0,123.0,130.0,138.0,145.0,153.0,161.0,0.0
validation,2025-02-24,17,541,22346,515.0625,473.0,487.0,500.0,515.0,530.0,544.0,559.0,0.0
validation,2025-02-24,18,61,22346,65.711,50.0,56.0,60.0,65.0,71.0,76.0,81.0,0.0
validation,2025-02-24,19,1607,22346,1527.3105,1455.0,1478.0,1502.0,1527.0,1553.0,1577.0,1602.0,0.0
validation,2025-02-24,20,15,22346,10.3555,5.0,6.0,8.0,10.0,12.0,15.0,17.0,0.0
validation,2025-02-24,21,80,22346,45.978,34.0,38.0,41.0,46.0,50.0,55.0,60.0,0.0
validation,2025-02-24,22,230,22346,158.117,134.0,142.0,149.0,158.0,167.0,174.0,184.0,0.0
validation,2025-02-24,23,98,22346,81.7715,65.0,70.0,75.0,82.0,88.0,94.0,99.0,0.0
validation,2025-02-24,24,82,22346,123.696,103.0,110.0,116.0,123.0,131.0,138.0,147.0,0.0
validation,2025-02-24,25,323,22346,244.611,213.975,225.0,234.75,244.0,255.0,265.0,276.0,0.0
validation,2025-02-24,26,154,22346,83.7045,67.0,72.0,78.0,83.0,90.0,95.0,102.0,0.0
validation,2025-02-24,27,28,22346,31.1015,21.0,24.0,27.0,31.0,35.0,39.0,43.0,0.0
validation,2025-02-24,28,93,22346,88.879,72.0,77.0,82.0,89.0,95.0,101.0,107.0,0.0
validation,2025-02-24,29,192,22346,101.586,83.0,88.0,95.0,101.0,108.0,115.0,122.0,0.0
validation,2025-02-24,30,416,22346,292.478,260.0,270.0,281.0,292.0,304.0,315.0,328.0,0.0
validation,2025-02-24,31,318,22346,276.278,245.0,255.0,265.0,276.0,287.0,297.0,309.0,0.0
validation,2025-02-24,32,54,22346,48.0385,35.0,39.0,43.0,48.0,53.0,57.0,62.0,0.0
validation,2025-02-24,33,21,22346,16.778,9.0,12.0,14.0,17.0,19.0,22.0,25.0,0.0
validation,2025-02-24,34,46,22346,49.089,36.0,40.0,44.0,49.0,53.25,58.0,63.0,0.0
validation,2025-02-24,35,2,22346,17.8975,10.0,12.0,15.0,18.0,21.0,24.0,27.0,0.0
validation,2025-02-24,36,824,22346,811.8255,753.0,776.0,793.0,812.0,830.25,849.0,870.0,0.0
validation,2025-02-24,37,28,22346,23.567,15.0,17.0,20.0,23.0,27.0,30.0,34.0,0.0
validation,2025-02-24,38,216,22346,229.204,201.0,209.0,219.0,229.0,239.25,249.0,258.02499999999986,0.0
validation,2025-02-24,39,119,22346,98.409,79.0,86.0,92.0,98.0,105.0,112.0,120.0,0.0
validation,2025-03-03,0,14,23936,4.7855,1.0,2.0,3.0,5.0,6.0,8.0,9.0,0.0
validation,2025-03-03,1,120,23936,130.2155,109.0,116.0,123.0,130.0,137.0,145.0,153.02499999999986,0.0
validation,2025-03-03,2,402,23936,315.463,280.0,293.0,303.0,315.0,328.0,338.0,350.0,0.0
validation,2025-03-03,3,3464,23936,2075.6225,1981.975,2018.0,2045.0,2076.0,2106.0,2135.0,2164.0,0.0
validation,2025-03-03,4,162,23936,133.4395,110.0,119.0,126.0,134.0,141.0,148.0,157.0,0.0
validation,2025-03-03,5,306,23936,280.737,248.0,259.0,269.0,281.0,292.0,303.0,313.0,0.0
validation,2025-03-03,6,179,23936,166.758,142.0,150.0,158.0,167.0,175.0,184.0,193.02499999999986,0.0
validation,2025-03-03,7,259,23936,294.4005,261.975,273.0,283.0,294.0,306.0,316.0,329.0,0.0
validation,2025-03-03,8,1875,23936,2644.2865,2544.975,2577.0,2611.0,2644.0,2677.25,2711.0,2751.0,0.0
validation,2025-03-03,9,13,23936,29.9405,19.0,23.0,26.0,30.0,34.0,37.0,41.0,0.0
validation,2025-03-03,10,244,23936,215.186,186.0,196.0,205.0,215.0,225.0,234.0,245.0,0.0
validation,2025-03-03,11,1266,23936,1432.941,1361.0,1386.0,1406.0,1431.0,1460.0,1481.1000000000001,1507.0,0.0
validation,2025-03-03,12,1548,23936,1734.406,1655.0,1682.0,1706.0,1734.0,1763.0,1788.0,1815.0249999999999,0.0
validation,2025-03-03,13,1784,23936,1912.175,1828.0,1856.0,1884.0,1913.0,1941.0,1967.0,2000.0249999999999,0.0
validation,2025-03-03,14,6328,23936,6696.3095,6537.95,6594.0,6642.0,6697.0,6749.0,6798.0,6852.025,0.0
validation,2025-03-03,15,38,23936,56.834,43.0,48.0,51.0,57.0,62.0,66.0,72.0,0.0
validation,2025-03-03,16,172,23936,173.881,148.0,157.0,165.0,173.0,182.0,191.0,200.0,0.0
validation,2025-03-03,17,580,23936,570.919,526.0,541.0,555.0,570.0,587.0,600.0,616.0,0.0
validation,2025-03-03,18,69,23936,68.839,53.0,58.0,63.0,69.0,74.0,79.0,85.0,0.0
validation,2025-03-03,19,1792,23936,1659.2125,1582.0,1608.0,1631.0,1659.0,1686.0,1711.0,1740.0,0.0
validation,2025-03-03,20,11,23936,10.6675,5.0,7.0,8.0,10.0,13.0,15.0,17.0,0.0
validation,2025-03-03,21,79,23936,61.303,46.0,51.0,56.0,61.0,66.0,71.0,77.0,0.0
validation,2025-03-03,22,177,23936,199.7405,172.0,181.0,190.0,199.0,209.0,218.0,229.0,0.0
validation,2025-03-03,23,142,23936,95.7505,77.0,83.0,89.0,96.0,102.0,108.0,116.0,0.0
validation,2025-03-03,24,97,23936,133.8805,111.0,119.0,126.0,134.0,142.0,149.0,158.0,0.0
validation,2025-03-03,25,254,23936,296.6105,263.0,274.0,285.0,297.0,308.0,320.0,331.0,0.0
validation,2025-03-03,26,144,23936,117.0865,96.0,104.0,110.0,117.0,124.0,131.0,139.0,0.0
validation,2025-03-03,27,42,23936,35.4345,24.975,28.0,31.0,35.0,39.0,43.0,47.0,0.0
validation,2025-03-03,28,71,23936,100.3595,81.0,88.0,94.0,100.0,107.0,113.0,119.0,0.0
validation,2025-03-03,29,247,23936,148.464,125.0,133.0,140.0,148.0,156.0,164.0,173.0,0.0
validation,2025-03-03,30,455,23936,357.556,323.0,333.0,344.0,358.0,371.0,381.0,394.0,0.0
validation,2025-03-03,31,294,23936,318.496,285.0,297.0,306.0,318.0,331.0,342.0,355.0,0.0
validation,2025-03-03,32,55,23936,54.018,40.0,44.0,49.0,54.0,59.0,64.0,69.0,0.0
validation,2025-03-03,33,21,23936,19.177,11.0,14.0,16.0,19.0,22.0,25.0,28.0,0.0
validation,2025-03-03,34,61,23936,53.2905,39.0,44.0,48.0,53.0,58.0,63.0,68.0,0.0
validation,2025-03-03,35,14,23936,14.659,7.0,10.0,12.0,15.0,17.0,20.0,23.0,0.0
validation,2025-03-03,36,764,23936,937.984,879.0,898.9,917.0,938.0,958.0,977.1000000000001,999.0,0.0
validation,2025-03-03,37,27,23936,27.1285,17.0,20.0,23.0,27.0,31.0,34.0,38.0,0.0
validation,2025-03-03,38,261,23936,236.719,208.0,217.0,226.0,236.0,247.0,257.0,269.0,0.0
validation,2025-03-03,39,105,23936,117.9365,98.0,104.0,111.0,118.0,125.0,131.0,140.0,0.0
validation,2025-03-10,0,0,26061,8.375,3.0,5.0,6.0,8.0,10.0,12.0,15.0,0.0
validation,2025-03-10,1,81,26061,152.8315,128.0,137.0,144.0,153.0,161.0,169.0,178.0,0.0
validation,2025-03-10,2,625,26061,364.18,326.0,339.0,351.0,365.0,377.0,389.0,403.0,0.0
validation,2025-03-10,3,3709,26061,2644.1865,2540.0,2577.0,2609.0,2644.0,2679.0,2713.0,2744.0,0.0
validation,2025-03-10,4,138,26061,154.2115,130.0,137.0,146.0,154.0,163.0,171.0,180.0,0.0
validation,2025-03-10,5,269,26061,317.9395,283.0,296.0,306.0,318.0,330.0,341.0,353.0,0.0
validation,2025-03-10,6,194,26061,196.426,171.0,179.0,187.0,196.0,205.0,214.0,224.0,0.0
validation,2025-03-10,7,303,26061,318.1405,285.0,297.0,306.0,317.0,330.0,341.0,353.0,0.0
validation,2025-03-10,8,1860,26061,2535.34,2435.975,2468.0,2501.75,2536.0,2568.0,2600.0,2638.0249999999996,0.0
validation,2025-03-10,9,19,26061,29.3195,20.0,23.0,25.0,29.0,33.0,36.0,40.0,0.0
validation,2025-03-10,10,186,26061,260.748,229.0,240.0,250.0,261.0,272.0,282.0,295.0,0.0
validation,2025-03-10,11,1569,26061,1500.2645,1423.975,1450.0,1474.0,1500.0,1527.0,1550.0,1575.0249999999999,0.0
validation,2025-03-10,12,1766,26061,1796.206,1714.0,1742.9,1766.0,1795.0,1826.0,1852.1000000000001,1878.0,0.0
validation,2025-03-10,13,2305,26061,2102.963,2009.0,2045.0,2073.0,2104.0,2133.0,2163.0,2194.0,0.0
validation,2025-03-10,14,6720,26061,7029.432,6870.975,6921.0,6971.0,7030.0,7087.0,7137.1,7190.075,0.0
validation,2025-03-10,15,15,26061,58.2685,43.975,49.0,53.0,58.0,63.0,68.0,74.0,0.0
validation,2025-03-10,16,181,26061,194.341,167.0,176.0,185.0,194.0,204.0,213.0,222.0,0.0
validation,2025-03-10,17,638,26061,626.438,578.0,593.0,609.0,627.0,644.0,657.0,675.0,0.0
validation,2025-03-10,18,66,26061,74.7105,58.975,64.0,69.0,74.5,80.0,85.10000000000014,92.0,0.0
validation,2025-03-10,19,1478,26061,1860.9395,1772.0,1804.0,1830.0,1862.0,1891.0,1918.0,1944.0,0.0
validation,2025-03-10,20,12,26061,12.5275,6.0,8.0,10.0,12.0,15.0,17.0,20.0,0.0
validation,2025-03-10,21,77,26061,83.0955,65.0,71.0,77.0,83.0,89.0,95.0,101.0,0.0
validation,2025-03-10,22,214,26061,229.8345,201.0,211.0,220.0,230.0,239.0,249.0,260.0,0.0
validation,2025-03-10,23,144,26061,126.2455,104.0,112.0,118.0,126.0,134.0,141.0,149.0,0.0
validation,2025-03-10,24,152,26061,145.1885,121.0,130.0,137.0,145.0,154.0,161.0,170.0,0.0
validation,2025-03-10,25,256,26061,327.5435,293.0,305.0,316.0,327.0,339.0,351.0,363.02499999999986,0.0
validation,2025-03-10,26,151,26061,152.4125,129.0,137.0,144.0,152.0,161.0,169.0,178.02499999999986,0.0
validation,2025-03-10,27,25,26061,39.6725,28.0,32.0,35.0,40.0,44.0,48.0,52.0,0.0
validation,2025-03-10,28,90,26061,104.0385,85.0,91.0,97.0,104.0,111.0,117.0,124.0,0.0
validation,2025-03-10,29,202,26061,214.2175,186.0,195.0,204.0,214.0,224.0,233.10000000000014,243.0,0.0
validation,2025-03-10,30,370,26061,455.3655,415.0,428.0,442.0,455.5,469.0,481.0,497.02499999999986,0.0
validation,2025-03-10,31,336,26061,352.249,315.0,327.0,339.0,352.0,365.0,377.0,390.0,0.0
validation,2025-03-10,32,40,26061,61.692,47.0,52.0,57.0,62.0,67.0,72.0,78.0,0.0
validation,2025-03-10,33,21,26061,22.25,13.0,16.0,19.0,22.0,25.0,28.0,32.024999999999864,0.0
validation,2025-03-10,34,66,26061,63.8065,48.0,54.0,59.0,63.0,69.0,74.0,80.0,0.0
validation,2025-03-10,35,12,26061,16.2755,9.0,11.0,13.0,16.0,19.0,21.0,24.0,0.0
validation,2025-03-10,36,1392,26061,1011.775,952.0,972.0,990.0,1011.0,1033.0,1053.0,1076.0,0.0
validation,2025-03-10,37,39,26061,28.6245,19.0,22.0,25.0,28.0,32.0,36.0,40.0,0.0
validation,2025-03-10,38,244,26061,263.587,231.0,243.0,252.0,264.0,274.0,284.0,296.0,0.0
validation,2025-03-10,39,96,26061,129.4225,107.0,115.0,122.0,129.0,137.0,145.0,151.0,0.0
validation,2025-03-17,0,3,24172,6.595,2.0,3.0,5.0,6.0,8.0,10.0,12.0,0.0
validation,2025-03-17,1,63,24172,125.8035,105.0,112.0,118.0,126.0,133.0,140.0,148.02499999999986,0.0
validation,2025-03-17,2,570,24172,417.0575,377.975,391.0,404.0,417.0,430.0,443.0,456.0,0.0
validation,2025-03-17,3,2797,24172,2733.341,2629.0,2665.0,2698.0,2732.0,2768.0,2803.0,2837.0,0.0
validation,2025-03-17,4,156,24172,145.0905,122.0,130.0,136.0,145.0,154.0,161.0,168.0,0.0
validation,2025-03-17,5,259,24172,283.578,250.0,261.0,272.75,284.0,295.0,306.0,317.0,0.0
validation,2025-03-17,6,320,24172,188.647,161.0,172.0,180.0,189.0,198.0,205.0,216.0,0.0
validation,2025-03-17,7,163,24172,292.5735,260.0,270.0,281.0,292.0,304.0,315.0,328.0,0.0
validation,2025-03-17,8,1995,24172,2075.82,1984.975,2014.9,2044.0,2077.0,2107.0,2136.0,2168.0249999999996,0.0
validation,2025-03-17,9,15,24172,24.954,16.0,19.0,21.0,25.0,28.0,32.0,36.0,0.0
validation,2025-03-17,10,193,24172,233.619,205.0,215.0,223.0,233.0,244.0,253.0,263.0,0.0
validation,2025-03-17,11,1344,24172,1416.0275,1344.0,1369.0,1391.0,1415.0,1440.25,1464.0,1491.0249999999999,0.0
validation,2025-03-17,12,1727,24172,1690.5425,1612.0,1639.0,1663.0,1690.0,1719.0,1743.0,1771.0,0.0
validation,2025-03-17,13,2093,24172,2016.508,1923.0,1959.0,1987.0,2017.0,2046.0,2074.0,2102.0,0.0
validation,2025-03-17,14,6403,24172,6391.1305,6233.975,6289.9,6336.0,6389.0,6444.0,6492.0,6556.025,0.0
validation,2025-03-17,15,30,24172,41.737,30.0,34.0,37.0,42.0,46.0,50.0,55.0,0.0
validation,2025-03-17,16,204,24172,187.0575,161.0,170.0,177.0,186.0,196.0,206.0,216.0,0.0
validation,2025-03-17,17,519,24172,598.5385,551.0,567.0,582.0,599.0,615.0,630.0,646.0,0.0
validation,2025-03-17,18,75,24172,65.9745,51.0,56.0,60.0,66.0,71.25,76.0,82.0,0.0
validation,2025-03-17,19,1302,24172,1661.943,1583.975,1610.0,1635.0,1663.0,1688.0,1713.0,1739.0,0.0
validation,2025-03-17,20,10,24172,12.119,6.0,8.0,10.0,12.0,14.0,17.0,20.0,0.0
validation,2025-03-17,21,143,24172,85.297,68.0,74.0,79.0,85.0,91.0,97.0,104.0,0.0
validation,2025-03-17,22,325,24172,218.7595,191.0,200.0,209.0,218.0,229.0,238.0,248.0,0.0
validation,2025-03-17,23,187,24172,125.285,104.0,112.0,118.0,125.0,133.0,139.0,147.0,0.0
validation,2025-03-17,24,238,24172,133.7255,112.975,119.0,126.0,134.0,141.0,148.0,156.02499999999986,0.0
validation,2025-03-17,25,271,24172,294.133,261.0,273.0,282.0,294.0,306.0,316.0,328.02499999999986,0.0
validation,2025-03-17,26,114,24172,151.9515,128.0,136.0,144.0,152.0,160.0,168.0,178.0,0.0
validation,2025-03-17,27,33,24172,32.588,22.0,25.0,29.0,32.0,36.0,40.0,44.0,0.0
validation,2025-03-17,28,88,24172,94.39,76.0,82.0,88.0,94.0,101.0,107.0,113.0,0.0
validation,2025-03-17,29,422,24172,213.749,185.975,195.0,204.0,214.0,224.0,232.0,242.0,0.0
validation,2025-03-17,30,377,24172,410.7155,369.0,384.0,397.0,411.0,425.0,437.0,451.0,0.0
validation,2025-03-17,31,322,24172,317.9455,283.0,296.0,306.0,318.0,330.0,340.0,352.0,0.0
validation,2025-03-17,32,45,24172,51.9115,38.0,42.900000000000006,47.0,52.0,56.0,62.0,67.0,0.0
validation,2025-03-17,33,16,24172,20.4105,12.0,15.0,17.0,20.0,23.0,26.0,30.0,0.0
validation,2025-03-17,34,52,24172,61.918,47.0,52.0,57.0,62.0,67.0,72.0,78.0,0.0
validation,2025-03-17,35,10,24172,14.1685,7.0,10.0,11.0,14.0,17.0,19.0,22.0,0.0
validation,2025-03-17,36,951,24172,959.0945,898.975,920.0,938.0,960.0,980.0,999.0,1017.0,0.0
validation,2025-03-17,37,22,24172,31.653,21.0,24.0,28.0,31.0,36.0,39.0,43.0,0.0
validation,2025-03-17,38,179,24172,241.3325,210.0,221.0,230.75,241.0,252.0,262.0,273.0,0.0
validation,2025-03-17,39,136,24172,110.761,91.0,98.0,103.0,110.0,118.0,124.0,133.0,0.0
validation,2025-03-24,0,8,23032,5.6785,1.0,3.0,4.0,6.0,7.0,9.0,11.0,0.0
validation,2025-03-24,1,80,23032,96.7765,78.0,84.0,90.0,97.0,103.0,109.0,116.0,0.0
validation,2025-03-24,2,622,23032,476.51,433.0,448.9,462.0,476.0,491.0,505.0,519.0249999999999,0.0
validation,2025-03-24,3,2806,23032,2853.872,2749.0,2787.0,2817.0,2853.0,2889.0,2923.0,2961.0499999999997,0.0
validation,2025-03-24,4,106,23032,140.405,118.0,126.0,133.0,140.0,148.0,156.0,164.0,0.0
validation,2025-03-24,5,193,23032,270.1245,238.0,249.0,259.0,270.0,281.0,292.0,305.0,0.0
validation,2025-03-24,6,267,23032,215.8035,188.0,197.0,206.0,215.0,226.0,235.0,245.0,0.0
validation,2025-03-24,7,222,23032,249.3175,220.0,230.0,239.0,249.0,260.0,270.0,281.0,0.0
validation,2025-03-24,8,1801,23032,1874.0305,1792.0,1818.0,1845.0,1874.0,1902.0,1929.0,1960.0,0.0
validation,2025-03-24,9,29,23032,18.425,11.0,13.0,15.0,18.0,21.0,24.0,27.0,0.0
validation,2025-03-24,10,129,23032,210.3395,181.0,192.0,201.0,210.0,220.0,229.0,239.0,0.0
validation,2025-03-24,11,1452,23032,1322.725,1252.975,1276.0,1297.0,1322.0,1347.0,1371.1000000000001,1395.0,0.0
validation,2025-03-24,12,1647,23032,1568.795,1495.0,1519.0,1542.75,1568.0,1594.0,1620.0,1644.0,0.0
validation,2025-03-24,13,1777,23032,1902.721,1820.0,1849.0,1874.0,1902.0,1932.0,1959.0,1989.0249999999999,0.0
validation,2025-03-24,14,6264,23032,6051.8305,5904.0,5950.0,6000.0,6053.0,6101.0,6155.0,6206.025,0.0
validation,2025-03-24,15,31,23032,33.7705,24.0,27.0,30.0,34.0,38.0,41.0,45.0,0.0
validation,2025-03-24,16,223,23032,181.908,156.0,165.0,173.0,182.0,191.0,198.0,208.02499999999986,0.0
validation,2025-03-24,17,493,23032,543.2015,498.0,513.0,527.0,543.0,559.0,573.0,591.0,0.0
validation,2025-03-24,18,68,23032,65.204,50.0,55.0,60.0,65.0,71.0,76.0,82.0,0.0
validation,2025-03-24,19,1199,23032,1473.833,1396.0,1424.0,1448.0,1473.0,1500.0,1525.0,1552.0249999999999,0.0
validation,2025-03-24,20,19,23032,11.7505,5.0,7.0,9.0,12.0,14.0,16.0,19.0,0.0
validation,2025-03-24,21,100,23032,90.3345,72.0,78.0,84.0,90.0,97.0,102.0,109.0,0.0
validation,2025-03-24,22,259,23032,225.6995,197.0,207.0,216.0,226.0,236.0,245.0,254.0,0.0
validation,2025-03-24,23,168,23032,136.282,114.0,121.0,128.0,136.0,144.0,152.0,159.0,0.0
validation,2025-03-24,24,168,23032,136.387,115.0,122.0,129.0,136.0,144.0,151.0,160.0,0.0
validation,2025-03-24,25,289,23032,263.317,234.975,244.0,252.0,263.0,274.0,284.0,295.0,0.0
validation,2025-03-24,26,145,23032,134.5425,112.0,119.9,127.0,135.0,142.0,149.0,158.0,0.0
validation,2025-03-24,27,41,23032,30.5695,21.0,24.0,27.0,30.0,34.0,38.0,42.0,0.0
validation,2025-03-24,28,201,23032,82.0625,65.0,71.0,76.0,82.0,88.0,94.0,101.0,0.0
validation,2025-03-24,29,356,23032,253.8045,223.0,233.0,242.0,254.0,265.0,275.0,284.0,0.0
validation,2025-03-24,30,318,23032,385.8485,348.0,360.0,372.0,386.0,400.0,411.0,425.0,0.0
validation,2025-03-24,31,282,23032,303.0665,270.0,281.0,292.0,302.0,315.0,326.0,338.02499999999986,0.0
validation,2025-03-24,32,43,23032,46.605,33.0,38.0,42.0,47.0,51.0,56.0,60.024999999999864,0.0
validation,2025-03-24,33,25,23032,19.0595,11.0,14.0,16.0,19.0,22.0,25.0,28.0,0.0
validation,2025-03-24,34,102,23032,53.738,40.0,45.0,49.0,54.0,58.0,63.0,68.0,0.0
validation,2025-03-24,35,9,23032,9.382,4.0,6.0,7.0,9.0,11.0,14.0,16.0,0.0
validation,2025-03-24,36,666,23032,938.1135,880.0,899.0,917.0,938.0,959.0,978.0,999.0,0.0
validation,2025-03-24,37,62,23032,27.8295,17.975,21.0,24.0,28.0,31.0,34.100000000000136,39.0,0.0
validation,2025-03-24,38,189,23032,215.231,188.0,197.0,205.75,215.0,225.0,234.0,244.0,0.0
validation,2025-03-24,39,173,23032,109.0485,88.0,95.0,102.0,109.0,116.0,123.0,131.0,0.0
validation,2025-03-31,0,0,23586,6.264,2.0,3.0,5.0,6.0,8.0,9.0,12.0,0.0
validation,2025-03-31,1,158,23586,83.4205,67.0,72.0,77.0,83.0,90.0,95.0,102.0,0.0
validation,2025-03-31,2,504,23586,538.7795,495.0,508.9,523.0,539.0,555.0,570.0,585.0249999999999,0.0
validation,2025-03-31,3,3152,23586,3099.373,2990.975,3029.0,3060.0,3099.0,3135.25,3173.0,3214.0,0.0
validation,2025-03-31,4,132,23586,136.3105,114.0,121.0,128.0,136.0,145.0,151.0,160.0,0.0
validation,2025-03-31,5,272,23586,249.4755,220.0,230.0,239.0,249.0,260.0,270.0,282.0,0.0
validation,2025-03-31,6,245,23586,233.9645,205.0,215.0,224.0,233.0,243.0,254.0,264.02499999999986,0.0
validation,2025-03-31,7,183,23586,229.9495,201.0,210.0,219.0,230.0,240.0,250.0,262.0,0.0
validation,2025-03-31,8,1875,23586,1826.861,1740.0,1770.0,1798.0,1826.0,1857.0,1885.0,1919.0,0.0
validation,2025-03-31,9,8,23586,18.7615,11.0,13.0,16.0,19.0,22.0,24.0,28.0,0.0
validation,2025-03-31,10,214,23586,182.594,157.0,165.0,173.0,182.0,191.0,201.0,211.0,0.0
validation,2025-03-31,11,1362,23586,1365.8675,1292.0,1319.0,1341.0,1366.0,1391.0,1411.1000000000001,1436.0,0.0
validation,2025-03-31,12,1637,23586,1622.5955,1539.0,1570.0,1594.0,1623.0,1650.25,1677.0,1707.0,0.0
validation,2025-03-31,13,1936,23586,1931.6295,1848.0,1877.0,1902.0,1931.0,1961.0,1988.0,2017.0,0.0
validation,2025-03-31,14,6333,23586,6238.8925,6087.95,6136.0,6184.0,6238.0,6293.0,6342.0,6398.025,0.0
validation,2025-03-31,15,24,23586,27.924,18.0,21.0,24.0,28.0,31.0,35.0,39.0,0.0
validation,2025-03-31,16,179,23586,189.9625,164.0,173.0,181.0,190.0,199.0,208.0,217.0,0.0
validation,2025-03-31,17,527,23586,541.2005,495.0,511.0,525.0,541.0,557.0,572.0,589.0,0.0
validation,2025-03-31,18,64,23586,67.7745,52.0,57.0,62.0,68.0,73.0,79.0,85.0,0.0
validation,2025-03-31,19,1295,23586,1397.627,1322.975,1349.0,1370.0,1398.0,1423.25,1446.0,1470.0,0.0
validation,2025-03-31,20,11,23586,12.9045,6.975000000000001,8.0,10.0,13.0,15.0,18.0,20.0,0.0
validation,2025-03-31,21,115,23586,96.889,78.0,85.0,90.0,97.0,103.0,110.0,116.0,0.0
validation,2025-03-31,22,198,23586,236.514,206.975,217.0,226.0,236.5,247.0,257.0,267.0,0.0
validation,2025-03-31,23,142,23586,155.634,131.0,140.0,147.0,155.5,164.0,172.0,180.0,0.0
validation,2025-03-31,24,91,23586,158.79,134.0,142.0,150.0,159.0,167.0,176.0,185.0,0.0
validation,2025-03-31,25,244,23586,260.337,230.0,239.0,249.0,260.0,272.0,282.0,292.02499999999986,0.0
validation,2025-03-31,26,86,23586,134.8095,114.0,121.0,127.0,135.0,143.0,149.0,157.0,0.0
validation,2025-03-31,27,37,23586,34.611,24.0,27.0,31.0,34.0,39.0,42.0,46.0,0.0
validation,2025-03-31,28,253,23586,109.934,90.0,96.0,103.0,110.0,117.0,123.0,130.0,0.0
validation,2025-03-31,29,285,23586,297.4845,266.0,275.0,285.0,297.0,309.0,319.0,332.0,0.0
validation,2025-03-31,30,385,23586,368.769,331.0,344.0,355.0,369.0,382.0,394.0,405.02499999999986,0.0
validation,2025-03-31,31,365,23586,299.5225,265.0,278.0,287.0,299.0,312.0,322.0,335.0,0.0
validation,2025-03-31,32,35,23586,44.506,32.0,36.0,40.0,44.0,49.0,53.0,59.0,0.0
validation,2025-03-31,33,18,23586,20.205,12.0,15.0,17.0,20.0,23.0,26.0,29.0,0.0
validation,2025-03-31,34,50,23586,68.2725,53.0,58.0,63.0,68.0,74.0,79.0,85.0,0.0
validation,2025-03-31,35,11,23586,11.2435,5.0,7.0,9.0,11.0,13.0,15.0,18.0,0.0
validation,2025-03-31,36,800,23586,915.499,854.0,877.0,896.0,915.0,936.0,954.0,977.0249999999999,0.0
validation,2025-03-31,37,29,23586,36.7125,26.0,29.0,33.0,37.0,41.0,44.0,49.0,0.0
validation,2025-03-31,38,181,23586,212.2185,184.0,193.0,202.0,212.0,222.0,231.0,241.0,0.0
validation,2025-03-31,39,150,23586,123.9435,102.0,109.0,116.0,124.0,132.0,138.0,146.0,0.0
validation,2025-04-07,0,0,24630,3.139,0.0,1.0,2.0,3.0,4.0,5.0,7.0,0.0
validation,2025-04-07,1,200,24630,97.704,79.0,85.0,91.0,98.0,104.0,110.0,117.0,0.0
validation,2025-04-07,2,480,24630,590.7975,544.0,560.0,575.0,590.0,607.0,622.0,638.0,0.0
validation,2025-04-07,3,3059,24630,3168.52,3062.0,3095.0,3130.0,3169.0,3207.0,3239.0,3279.0,0.0
validation,2025-04-07,4,197,24630,135.336,113.0,121.0,128.0,135.0,143.0,150.0,158.0,0.0
validation,2025-04-07,5,262,24630,252.5455,221.0,232.0,242.0,253.0,263.0,273.0,284.0,0.0
validation,2025-04-07,6,245,24630,261.1535,231.0,240.0,250.0,261.0,272.0,282.0,293.02499999999986,0.0
validation,2025-04-07,7,241,24630,221.781,194.0,203.0,212.0,222.0,232.0,241.0,250.0,0.0
validation,2025-04-07,8,1887,24630,1913.502,1829.0,1859.0,1885.0,1913.0,1942.0,1968.1000000000001,1997.0,0.0
validation,2025-04-07,9,9,24630,18.272,11.0,13.0,15.0,18.0,21.0,24.0,26.0,0.0
validation,2025-04-07,10,220,24630,183.979,157.0,167.0,175.0,184.0,193.0,202.0,212.0,0.0
validation,2025-04-07,11,1465,24630,1457.003,1386.0,1408.0,1431.0,1456.0,1482.0,1506.0,1530.0249999999999,0.0
validation,2025-04-07,12,1560,24630,1723.069,1644.0,1667.0,1694.0,1722.5,1751.0,1777.0,1809.0,0.0
validation,2025-04-07,13,2096,24630,2062.4025,1973.0,2003.0,2031.0,2064.0,2093.0,2119.0,2149.0,0.0
validation,2025-04-07,14,6977,24630,6537.1585,6385.95,6439.0,6484.0,6535.0,6591.0,6641.0,6690.0,0.0
validation,2025-04-07,15,40,24630,25.771,17.0,20.0,22.0,25.0,29.0,33.0,36.0,0.0
validation,2025-04-07,16,204,24630,200.077,174.0,183.0,190.0,200.0,209.0,219.0,229.0,0.0
validation,2025-04-07,17,522,24630,553.4775,507.0,523.9,537.0,553.0,569.0,583.1000000000001,603.0,0.0
validation,2025-04-07,18,110,24630,69.91,53.0,59.0,64.0,70.0,76.0,81.0,87.0,0.0
validation,2025-04-07,19,1318,24630,1340.538,1269.975,1293.0,1315.0,1340.0,1366.0,1388.0,1412.0,0.0
validation,2025-04-07,20,13,24630,13.532,7.0,9.0,11.0,13.0,16.0,18.0,22.0,0.0
validation,2025-04-07,21,134,24630,110.9265,91.0,97.0,104.0,111.0,118.0,125.0,133.0,0.0
validation,2025-04-07,22,239,24630,253.2285,221.0,233.0,243.0,253.0,264.0,274.0,284.0,0.0
validation,2025-04-07,23,155,24630,162.989,139.0,147.0,154.0,163.0,172.0,179.0,188.0,0.0
validation,2025-04-07,24,100,24630,164.77,139.0,149.0,156.0,165.0,173.0,181.0,191.0,0.0
validation,2025-04-07,25,217,24630,269.9985,239.0,248.0,259.0,270.0,281.0,292.0,304.0,0.0
validation,2025-04-07,26,147,24630,126.376,104.0,112.0,119.0,126.0,134.0,141.0,149.0,0.0
validation,2025-04-07,27,11,24630,34.7885,24.0,27.0,31.0,35.0,39.0,43.0,47.0,0.0
validation,2025-04-07,28,208,24630,161.0495,138.0,145.0,152.0,160.0,169.25,178.0,186.0,0.0
validation,2025-04-07,29,281,24630,322.2495,288.0,299.0,310.0,322.0,334.25,345.0,358.0,0.0
validation,2025-04-07,30,399,24630,368.731,330.975,344.0,356.0,368.5,382.0,394.0,407.0,0.0
validation,2025-04-07,31,336,24630,331.959,298.0,309.0,320.0,332.0,344.0,355.0,368.0,0.0
validation,2025-04-07,32,41,24630,42.0845,30.0,34.0,38.0,42.0,46.0,51.0,55.0,0.0
validation,2025-04-07,33,20,24630,20.4185,12.0,15.0,17.0,20.0,23.25,26.0,30.0,0.0
validation,2025-04-07,34,52,24630,68.868,54.0,58.900000000000006,63.0,68.0,74.0,80.0,86.0,0.0
validation,2025-04-07,35,7,24630,10.981,5.0,7.0,9.0,11.0,13.0,15.0,18.0,0.0
validation,2025-04-07,36,813,24630,967.973,910.0,928.0,946.0,968.0,990.0,1009.0,1029.0,0.0
validation,2025-04-07,37,49,24630,39.043,28.0,31.0,35.0,39.0,43.0,47.0,51.0,0.0
validation,2025-04-07,38,138,24630,202.1635,174.0,184.0,192.0,202.0,212.0,220.0,230.0,0.0
validation,2025-04-07,39,178,24630,141.5435,118.0,126.0,133.0,142.0,150.0,157.0,165.0,0.0
validation,2025-04-14,0,2,24059,2.9995,0.0,1.0,2.0,3.0,4.0,5.0,7.0,0.0
validation,2025-04-14,1,345,24059,126.7675,105.0,112.0,119.0,127.0,134.0,141.0,149.0,0.0
validation,2025-04-14,2,602,24059,547.8465,503.0,517.0,532.0,548.0,563.0,577.0,596.0,0.0
validation,2025-04-14,3,2820,24059,2977.304,2867.975,2907.0,2941.0,2978.0,3014.0,3047.0,3082.0499999999997,0.0
validation,2025-04-14,4,208,24059,149.462,125.975,134.0,141.0,149.0,157.25,165.0,173.0,0.0
validation,2025-04-14,5,277,24059,248.2775,218.0,229.0,237.0,248.0,259.0,269.0,279.0,0.0
validation,2025-04-14,6,268,24059,272.107,241.0,251.0,260.0,272.0,283.0,294.0,307.0,0.0
validation,2025-04-14,7,201,24059,204.1305,177.0,186.9,194.0,204.0,213.0,222.0,232.0,0.0
validation,2025-04-14,8,1857,24059,1903.474,1818.975,1849.0,1873.0,1903.0,1933.0,1959.0,1992.0,0.0
validation,2025-04-14,9,19,24059,15.657,9.0,11.0,13.0,15.0,18.0,21.0,24.0,0.0
validation,2025-04-14,10,274,24059,190.817,165.0,173.0,181.0,191.0,200.25,209.0,218.0,0.0
validation,2025-04-14,11,1389,24059,1415.905,1343.0,1369.0,1390.0,1415.0,1441.0,1462.1000000000001,1491.0,0.0
validation,2025-04-14,12,1417,24059,1655.769,1579.975,1603.0,1628.0,1656.0,1683.0,1709.0,1735.0,0.0
validation,2025-04-14,13,2105,24059,1991.185,1908.975,1936.0,1961.0,1991.0,2021.0,2047.0,2073.0,0.0
validation,2025-04-14,14,6784,24059,6548.4885,6390.0,6443.9,6495.0,6548.0,6601.0,6654.1,6711.025,0.0
validation,2025-04-14,15,35,24059,31.6655,21.0,24.900000000000006,28.0,31.0,35.25,39.0,43.0,0.0
validation,2025-04-14,16,197,24059,203.655,176.0,186.0,193.0,204.0,213.0,222.0,233.0,0.0
validation,2025-04-14,17,486,24059,520.824,477.0,492.0,505.0,521.0,536.0,550.0,567.0,0.0
validation,2025-04-14,18,120,24059,80.3835,64.0,70.0,74.0,80.0,86.0,92.0,98.0,0.0
validation,2025-04-14,19,1260,24059,1288.344,1219.95,1242.0,1262.0,1288.0,1313.0,1334.0,1360.0,0.0
validation,2025-04-14,20,9,24059,13.7,7.0,9.0,11.0,14.0,16.0,18.0,21.0,0.0
validation,2025-04-14,21,97,24059,123.9035,103.0,110.0,116.0,124.0,131.25,139.0,146.0,0.0
validation,2025-04-14,22,286,24059,258.268,226.0,237.0,247.0,258.0,269.0,279.0,293.0,0.0
validation,2025-04-14,23,145,24059,164.205,140.0,147.0,155.0,164.0,173.0,180.0,189.0,0.0
validation,2025-04-14,24,71,24059,150.515,126.0,135.0,142.0,151.0,159.0,166.0,174.0,0.0
validation,2025-04-14,25,121,24059,257.389,225.975,236.0,246.0,257.0,269.0,279.0,290.0,0.0
validation,2025-04-14,26,124,24059,123.7005,102.0,109.0,116.0,124.0,131.0,138.0,145.02499999999986,0.0
validation,2025-04-14,27,19,24059,31.151,21.0,24.0,27.0,31.0,35.0,38.0,43.0,0.0
validation,2025-04-14,28,209,24059,188.9285,162.0,172.0,180.0,189.0,198.0,206.0,215.0,0.0
validation,2025-04-14,29,376,24059,339.4005,304.0,315.0,326.0,339.0,352.0,364.0,377.0,0.0
validation,2025-04-14,30,416,24059,372.6435,335.0,349.0,359.0,373.0,385.0,398.0,410.0,0.0
validation,2025-04-14,31,321,24059,329.169,294.0,306.0,317.0,329.0,340.0,353.0,366.0,0.0
validation,2025-04-14,32,23,24059,41.5645,29.0,33.0,37.0,41.0,46.0,50.0,55.0,0.0
validation,2025-04-14,33,9,24059,20.363,12.0,15.0,17.0,20.0,23.0,26.0,29.0,0.0
validation,2025-04-14,34,6,24059,64.874,50.0,55.0,59.0,65.0,70.0,75.0,82.0,0.0
validation,2025-04-14,35,10,24059,9.5975,4.0,6.0,7.0,9.0,12.0,14.0,16.0,0.0
validation,2025-04-14,36,819,24059,813.4895,760.0,779.0,794.0,813.0,832.0,849.0,868.0,0.0
validation,2025-04-14,37,36,24059,41.1975,29.0,33.0,37.0,41.0,46.0,50.0,54.0,0.0
validation,2025-04-14,38,139,24059,173.5705,148.975,157.0,165.0,174.0,182.0,191.0,199.0,0.0
validation,2025-04-14,39,157,24059,161.098,137.0,145.0,153.0,161.0,170.0,177.0,186.0,0.0
validation,2025-04-21,0,2,24459,2.8725,0.0,1.0,2.0,3.0,4.0,5.0,7.0,0.0
validation,2025-04-21,1,182,24459,201.171,173.0,183.0,192.0,201.0,211.0,220.0,229.02499999999986,0.0
validation,2025-04-21,2,606,24459,566.9615,520.0,537.0,550.0,567.0,583.0,598.1000000000001,615.0,0.0
validation,2025-04-21,3,2803,24459,3037.808,2923.0,2963.0,3001.0,3041.0,3076.0,3106.0,3144.0249999999996,0.0
validation,2025-04-21,4,150,24459,165.468,141.0,149.0,156.0,165.0,174.0,182.0,192.0,0.0
validation,2025-04-21,5,299,24459,257.6875,227.0,236.0,246.0,258.0,269.0,278.0,292.0,0.0
validation,2025-04-21,6,209,24459,262.954,232.975,243.0,252.0,263.0,273.0,283.0,295.0,0.0
validation,2025-04-21,7,291,24459,217.4855,188.0,198.0,208.0,217.0,228.0,236.0,246.0,0.0
validation,2025-04-21,8,1951,24459,1904.209,1817.0,1848.0,1874.0,1905.0,1933.0,1960.0,1991.0249999999999,0.0
validation,2025-04-21,9,9,24459,16.8725,9.0,12.0,14.0,17.0,19.0,22.0,26.0,0.0
validation,2025-04-21,10,243,24459,215.6565,186.975,197.0,206.0,215.0,225.0,234.0,246.0,0.0
validation,2025-04-21,11,1356,24459,1454.0475,1382.0,1407.0,1428.0,1452.0,1478.0,1504.0,1532.0,0.0
validation,2025-04-21,12,1760,24459,1605.482,1526.975,1552.9,1579.0,1605.0,1634.0,1659.0,1683.0,0.0
validation,2025-04-21,13,2306,24459,2030.0285,1946.0,1975.0,2001.0,2030.0,2059.0,2087.0,2117.0,0.0
validation,2025-04-21,14,6398,24459,6759.806,6602.0,6652.0,6705.0,6760.0,6816.0,6867.0,6924.0,0.0
validation,2025-04-21,15,41,24459,33.7125,23.0,26.0,30.0,33.0,38.0,41.0,45.0,0.0
validation,2025-04-21,16,254,24459,206.1835,179.975,188.0,197.0,206.0,216.0,225.0,235.0,0.0
validation,2025-04-21,17,460,24459,520.564,478.0,491.0,505.0,521.0,536.0,550.0,566.0,0.0
validation,2025-04-21,18,59,24459,93.105,75.0,81.0,86.0,93.0,100.0,106.0,113.0,0.0
validation,2025-04-21,19,1384,24459,1300.1775,1231.0,1254.0,1276.0,1300.0,1325.0,1347.0,1373.0,0.0
validation,2025-04-21,20,8,24459,13.5275,7.0,9.0,11.0,13.0,16.0,18.0,21.0,0.0
validation,2025-04-21,21,76,24459,114.857,93.0,101.0,108.0,115.0,122.0,129.0,137.0,0.0
validation,2025-04-21,22,262,24459,252.6375,223.0,232.0,242.0,253.0,263.0,274.0,284.0,0.0
validation,2025-04-21,23,136,24459,156.6405,133.0,141.0,148.0,156.5,165.0,173.0,182.0,0.0
validation,2025-04-21,24,154,24459,110.724,90.0,98.0,103.0,110.0,117.0,124.0,133.0,0.0
validation,2025-04-21,25,133,24459,223.9285,193.0,205.0,214.0,224.0,234.0,243.0,254.0,0.0
validation,2025-04-21,26,130,24459,129.3565,107.0,115.0,122.0,129.0,137.0,143.0,152.0,0.0
validation,2025-04-21,27,28,24459,27.917,18.0,21.0,24.0,28.0,31.0,35.0,39.0,0.0
validation,2025-04-21,28,152,24459,223.672,194.0,204.0,213.0,224.0,234.0,243.0,252.0,0.0
validation,2025-04-21,29,323,24459,333.16,298.0,310.0,321.0,333.0,345.0,356.0,367.02499999999986,0.0
validation,2025-04-21,30,523,24459,389.7035,352.975,365.0,377.0,389.0,403.0,415.0,428.0,0.0
validation,2025-04-21,31,388,24459,334.568,301.0,312.9,322.0,334.0,347.0,358.0,370.0,0.0
validation,2025-04-21,32,69,24459,36.7775,24.975,29.0,33.0,37.0,41.0,45.0,49.0,0.0
validation,2025-04-21,33,14,24459,18.7405,11.0,13.0,16.0,19.0,22.0,24.0,28.0,0.0
validation,2025-04-21,34,13,24459,54.257,40.0,45.0,49.0,54.0,59.0,64.0,69.0,0.0
validation,2025-04-21,35,4,24459,9.7435,4.0,6.0,8.0,10.0,12.0,14.0,16.0,0.0
validation,2025-04-21,36,857,24459,794.985,739.0,758.0,774.0,795.0,814.0,833.0,850.0,0.0
validation,2025-04-21,37,59,24459,45.2825,33.0,37.0,41.0,45.0,49.0,54.0,59.0,0.0
validation,2025-04-21,38,135,24459,166.1885,141.0,150.0,158.0,166.0,175.0,184.0,192.0,0.0
validation,2025-04-21,39,232,24459,168.9895,144.0,152.0,160.0,169.0,178.0,186.0,193.02499999999986,0.0
validation,2025-04-28,0,1,23828,1.2135,0.0,0.0,0.0,1.0,2.0,3.0,4.0,0.0
validation,2025-04-28,1,230,23828,218.1095,189.0,199.0,208.0,218.0,228.0,238.0,249.0,0.0
validation,2025-04-28,2,467,23828,539.9955,494.0,510.0,524.0,539.0,556.0,571.0,586.0,0.0
validation,2025-04-28,3,2978,23828,2913.325,2808.95,2844.0,2877.0,2913.0,2951.0,2983.1000000000004,3015.0,0.0
validation,2025-04-28,4,76,23828,169.4265,144.0,153.0,160.0,169.0,178.0,186.0,195.0,0.0
validation,2025-04-28,5,249,23828,273.506,242.0,253.0,263.0,273.0,284.0,295.0,306.02499999999986,0.0
validation,2025-04-28,6,203,23828,238.131,208.0,218.0,228.0,238.0,248.0,258.0,269.02499999999986,0.0
validation,2025-04-28,7,236,23828,225.9385,197.0,206.0,216.0,226.0,236.0,246.0,255.0,0.0
validation,2025-04-28,8,1979,23828,1864.717,1781.0,1812.0,1835.0,1864.0,1894.0,1920.0,1946.0249999999999,0.0
validation,2025-04-28,9,14,23828,11.278,5.0,7.0,9.0,11.0,13.0,16.0,19.0,0.0
validation,2025-04-28,10,225,23828,235.134,205.975,216.0,225.0,235.0,245.0,255.0,266.0,0.0
validation,2025-04-28,11,1296,23828,1372.3325,1298.0,1323.0,1348.0,1372.0,1396.0,1421.0,1445.0249999999999,0.0
validation,2025-04-28,12,1769,23828,1570.0335,1490.0,1519.0,1542.0,1571.0,1597.0,1622.0,1647.0,0.0
validation,2025-04-28,13,2147,23828,2081.388,1995.975,2023.9,2051.0,2081.0,2113.0,2140.0,2170.0,0.0
validation,2025-04-28,14,6753,23828,6519.3895,6361.975,6416.9,6467.0,6520.0,6575.0,6618.0,6676.025,0.0
validation,2025-04-28,15,45,23828,34.5745,24.0,27.0,31.0,34.0,38.0,42.0,46.024999999999864,0.0
validation,2025-04-28,16,237,23828,205.705,177.0,187.0,196.0,206.0,215.0,224.0,234.0,0.0
validation,2025-04-28,17,400,23828,491.716,449.0,464.0,476.0,492.0,507.0,520.0,536.0,0.0
validation,2025-04-28,18,64,23828,87.474,70.0,76.0,81.0,87.0,94.0,100.0,106.0,0.0
validation,2025-04-28,19,1244,23828,1294.4355,1226.0,1251.0,1271.0,1294.0,1317.0,1339.0,1363.0,0.0
validation,2025-04-28,20,13,23828,10.3005,5.0,6.0,8.0,10.0,12.0,14.0,17.0,0.0
validation,2025-04-28,21,73,23828,104.2645,85.0,91.0,97.0,104.0,111.0,118.0,124.02499999999986,0.0
validation,2025-04-28,22,204,23828,242.7775,211.0,223.0,233.0,243.0,254.0,262.0,274.0,0.0
validation,2025-04-28,23,149,23828,142.711,120.0,127.0,134.75,143.0,151.0,158.0,166.0,0.0
validation,2025-04-28,24,78,23828,102.676,83.0,90.0,96.0,103.0,110.0,115.0,123.0,0.0
validation,2025-04-28,25,86,23828,176.3095,151.0,160.0,168.0,176.0,185.0,193.0,202.0,0.0
validation,2025-04-28,26,99,23828,120.0565,99.0,106.0,112.75,120.0,127.25,134.10000000000014,142.0,0.0
validation,2025-04-28,27,33,23828,23.6105,14.0,18.0,20.0,23.0,27.0,30.0,33.0,0.0
validation,2025-04-28,28,172,23828,203.122,176.0,185.0,193.0,203.0,213.0,221.0,230.0,0.0
validation,2025-04-28,29,331,23828,311.68,277.0,288.0,300.0,312.0,324.0,335.0,347.02499999999986,0.0
validation,2025-04-28,30,399,23828,424.846,385.0,398.0,411.0,424.0,439.0,451.0,467.0,0.0
validation,2025-04-28,31,284,23828,347.465,311.0,324.0,335.0,347.0,360.0,371.0,383.0,0.0
validation,2025-04-28,32,42,23828,41.6845,30.0,34.0,37.0,42.0,46.0,50.0,55.0,0.0
validation,2025-04-28,33,9,23828,15.307,8.0,10.0,13.0,15.0,18.0,20.0,24.0,0.0
validation,2025-04-28,34,5,23828,30.1265,20.0,23.0,26.0,30.0,34.0,37.0,41.0,0.0
validation,2025-04-28,35,3,23828,8.1835,3.0,5.0,6.0,8.0,10.0,12.0,14.0,0.0
validation,2025-04-28,36,985,23828,809.5605,753.0,772.0,790.0,810.0,828.0,845.0,866.0,0.0
validation,2025-04-28,37,45,23828,42.802,30.0,35.0,38.0,42.5,47.0,51.0,56.0,0.0
validation,2025-04-28,38,111,23828,146.2165,124.0,131.0,138.0,146.0,155.0,162.0,170.0,0.0
validation,2025-04-28,39,94,23828,176.9035,152.0,160.0,168.0,177.0,186.0,194.0,203.0,0.0
validation,2025-05-05,0,0,24059,1.519,0.0,0.0,1.0,1.0,2.0,3.0,4.0,0.0
validation,2025-05-05,1,194,24059,237.8515,208.0,218.0,227.0,238.0,248.0,257.0,268.0,0.0
validation,2025-05-05,2,502,24059,535.1745,490.0,505.0,520.0,535.0,550.0,564.0,581.0,0.0
validation,2025-05-05,3,3211,24059,2892.221,2784.975,2821.0,2857.0,2892.0,2928.0,2961.0,2999.0249999999996,0.0
validation,2025-05-05,4,99,24059,156.5885,133.0,140.0,148.0,156.0,165.0,173.0,182.0,0.0
validation,2025-05-05,5,282,24059,269.9925,239.0,250.0,259.0,269.0,281.0,291.0,304.0,0.0
validation,2025-05-05,6,160,24059,229.4875,200.0,210.0,219.0,229.0,240.0,249.0,259.02499999999986,0.0
validation,2025-05-05,7,283,24059,240.2655,211.0,221.0,230.0,240.0,250.0,260.0,272.0,0.0
validation,2025-05-05,8,2073,24059,1904.3075,1820.0,1847.0,1875.0,1905.0,1933.0,1959.0,1987.0,0.0
validation,2025-05-05,9,2,24059,12.795,6.0,8.0,10.0,13.0,15.0,18.0,20.0,0.0
validation,2025-05-05,10,195,24059,238.7975,208.0,218.0,229.0,239.0,249.0,259.0,268.02499999999986,0.0
validation,2025-05-05,11,1188,24059,1364.8725,1289.0,1317.0,1339.0,1365.0,1392.0,1413.0,1440.0,0.0
validation,2025-05-05,12,1722,24059,1613.8495,1539.975,1563.0,1587.0,1614.0,1640.0,1664.0,1692.0,0.0
validation,2025-05-05,13,2143,24059,2147.812,2059.975,2088.9,2116.0,2148.0,2179.0,2207.1000000000004,2238.0,0.0
validation,2025-05-05,14,6568,24059,6675.616,6517.0,6569.9,6618.0,6674.0,6732.0,6782.0,6838.049999999999,0.0
validation,2025-05-05,15,24,24059,40.0545,28.0,32.0,36.0,40.0,44.0,48.0,53.0,0.0
validation,2025-05-05,16,176,24059,221.224,192.0,203.0,212.0,221.0,231.0,240.0,251.0,0.0
validation,2025-05-05,17,334,24059,463.5855,422.0,436.0,449.0,464.0,478.0,490.0,505.0,0.0
validation,2025-05-05,18,85,24059,87.8535,71.0,76.0,81.0,88.0,94.0,100.0,107.0,0.0
validation,2025-05-05,19,1518,24059,1292.122,1222.0,1245.0,1268.0,1292.0,1316.0,1338.0,1365.0,0.0
validation,2025-05-05,20,15,24059,10.881,5.0,7.0,9.0,11.0,13.0,15.0,18.0,0.0
validation,2025-05-05,21,89,24059,94.2255,75.0,82.0,87.75,94.0,101.0,106.0,113.02499999999986,0.0
validation,2025-05-05,22,201,24059,246.443,216.0,227.0,236.0,246.0,257.0,266.0,278.0,0.0
validation,2025-05-05,23,146,24059,145.963,122.0,130.0,138.0,146.0,154.0,161.0,172.0,0.0
validation,2025-05-05,24,155,24059,99.6645,80.0,86.0,93.0,100.0,107.0,113.0,120.0,0.0
validation,2025-05-05,25,123,24059,138.5535,117.0,124.0,131.0,138.0,146.0,153.0,161.02499999999986,0.0
validation,2025-05-05,26,98,24059,123.9065,103.0,110.0,117.0,124.0,131.0,138.0,146.0,0.0
validation,2025-05-05,27,30,24059,22.965,14.0,17.0,20.0,23.0,26.0,29.0,32.0,0.0
validation,2025-05-05,28,149,24059,184.196,158.975,167.0,175.0,184.0,193.0,201.0,210.0,0.0
validation,2025-05-05,29,367,24059,325.6045,290.0,303.0,313.0,325.0,338.0,350.0,362.0,0.0
validation,2025-05-05,30,401,24059,431.18,392.0,405.0,416.0,432.0,445.0,457.0,470.0,0.0
validation,2025-05-05,31,288,24059,329.9705,295.0,307.0,317.0,330.0,342.0,353.0,367.0,0.0
validation,2025-05-05,32,28,24059,43.759,31.0,36.0,39.0,44.0,48.0,52.0,56.0,0.0
validation,2025-05-05,33,9,24059,13.1215,7.0,9.0,11.0,13.0,15.0,18.0,21.0,0.0
validation,2025-05-05,34,4,24059,19.1025,11.0,14.0,16.0,19.0,22.0,25.0,28.0,0.0
validation,2025-05-05,35,8,24059,6.185,2.0,3.0,4.0,6.0,8.0,9.0,11.0,0.0
validation,2025-05-05,36,879,24059,861.336,803.0,824.0,842.0,862.0,881.0,899.0,921.0,0.0
validation,2025-05-05,37,76,24059,46.9605,34.0,39.0,42.0,47.0,51.0,56.0,62.0,0.0
validation,2025-05-05,38,113,24059,129.9095,108.0,115.0,122.0,130.0,137.0,145.0,153.02499999999986,0.0
validation,2025-05-05,39,121,24059,164.165,139.0,148.0,155.0,164.0,173.0,181.0,190.0,0.0
validation,2025-05-12,0,7,24214,1.488,0.0,0.0,1.0,1.0,2.0,3.0,4.0,0.0
validation,2025-05-12,1,321,24214,239.1725,210.0,220.0,229.0,239.0,249.0,259.0,270.0,0.0
validation,2025-05-12,2,457,24214,547.4755,504.0,517.0,532.0,547.0,562.0,577.0,594.0,0.0
validation,2025-05-12,3,2669,24214,2965.3135,2851.975,2894.9,2929.0,2965.5,3001.0,3037.0,3070.0249999999996,0.0
validation,2025-05-12,4,99,24214,133.986,112.0,119.0,126.0,134.0,142.0,149.0,157.0,0.0
validation,2025-05-12,5,187,24214,278.3925,247.0,257.0,267.0,278.0,289.0,300.0,312.0,0.0
validation,2025-05-12,6,135,24214,211.0245,183.0,193.0,202.0,211.0,220.0,229.0,239.0,0.0
validation,2025-05-12,7,167,24214,254.4465,223.0,234.0,244.0,254.0,265.0,275.0,286.0,0.0
validation,2025-05-12,8,2206,24214,1974.1865,1884.975,1917.0,1944.75,1974.0,2004.0,2033.1000000000001,2060.0,0.0
validation,2025-05-12,9,7,24214,11.32,5.0,7.0,9.0,11.0,14.0,16.0,19.0,0.0
validation,2025-05-12,10,243,24214,235.3625,206.0,216.0,225.0,235.0,245.25,255.0,265.0,0.0
validation,2025-05-12,11,1464,24214,1314.772,1243.975,1267.0,1289.0,1314.0,1340.0,1363.0,1388.0249999999999,0.0
validation,2025-05-12,12,1805,24214,1676.9765,1595.0,1624.0,1650.0,1677.0,1705.0,1729.0,1758.0,0.0
validation,2025-05-12,13,2197,24214,2184.682,2096.95,2126.0,2154.0,2184.0,2215.0,2246.0,2272.0,0.0
validation,2025-05-12,14,6911,24214,6652.84,6491.0,6550.0,6597.0,6651.0,6708.0,6761.0,6807.025,0.0
validation,2025-05-12,15,30,24214,36.6125,26.0,29.0,32.0,37.0,41.0,44.0,49.0,0.0
validation,2025-05-12,16,160,24214,217.7735,189.975,199.0,208.0,218.0,227.0,237.0,246.0,0.0
validation,2025-05-12,17,479,24214,421.99,382.0,396.0,409.0,422.0,435.0,448.0,461.02499999999986,0.0
validation,2025-05-12,18,46,24214,82.8135,65.0,71.0,76.0,83.0,89.0,94.0,101.0,0.0
validation,2025-05-12,19,1561,24214,1357.5745,1284.0,1312.0,1332.0,1358.0,1383.0,1405.0,1426.0,0.0
validation,2025-05-12,20,6,24214,11.5335,6.0,7.0,9.0,11.0,14.0,16.0,19.0,0.0
validation,2025-05-12,21,70,24214,84.186,67.0,73.0,78.0,84.0,90.0,97.0,103.0,0.0
validation,2025-05-12,22,162,24214,238.892,210.0,219.0,228.0,239.0,249.25,259.0,269.02499999999986,0.0
validation,2025-05-12,23,151,24214,144.752,123.0,130.0,137.0,144.0,153.0,160.0,169.0,0.0
validation,2025-05-12,24,121,24214,115.4815,95.0,102.0,108.0,116.0,123.0,129.0,136.02499999999986,0.0
validation,2025-05-12,25,66,24214,116.6385,96.0,102.0,110.0,117.0,124.0,130.0,138.0,0.0
validation,2025-05-12,26,103,24214,113.7865,94.0,100.0,107.0,113.0,121.0,127.0,135.0,0.0
validation,2025-05-12,27,41,24214,27.867,18.0,21.0,24.0,28.0,31.0,35.0,39.0,0.0
validation,2025-05-12,28,222,24214,171.3595,147.975,155.0,163.0,171.0,180.0,188.0,196.0,0.0
validation,2025-05-12,29,285,24214,351.21,314.0,328.0,339.0,351.0,363.25,375.0,387.0,0.0
validation,2025-05-12,30,440,24214,437.307,396.0,411.0,423.0,437.0,451.25,464.0,479.0,0.0
validation,2025-05-12,31,309,24214,321.977,287.0,299.0,309.0,321.0,335.0,346.0,357.0,0.0
validation,2025-05-12,32,20,24214,40.922,29.0,33.0,37.0,41.0,45.0,49.0,54.0,0.0
validation,2025-05-12,33,4,24214,10.54,5.0,7.0,8.0,10.0,13.0,15.0,17.0,0.0
validation,2025-05-12,34,1,24214,7.21,3.0,4.0,5.0,7.0,9.0,11.0,13.0,0.0
validation,2025-05-12,35,14,24214,6.514,2.0,4.0,5.0,6.0,8.0,10.0,12.0,0.0
validation,2025-05-12,36,776,24214,889.843,830.0,853.0,871.0,890.0,909.0,927.0,947.0,0.0
validation,2025-05-12,37,36,24214,54.4745,40.0,45.0,49.0,54.0,59.0,65.0,69.0,0.0
validation,2025-05-12,38,140,24214,125.2195,104.0,111.0,118.0,125.0,132.0,140.0,147.02499999999986,0.0
validation,2025-05-12,39,96,24214,151.948,128.0,137.0,144.0,152.0,160.0,168.0,176.0,0.0
validation,2025-05-19,0,4,24171,2.7625,0.0,1.0,2.0,3.0,4.0,5.0,6.0,0.0
validation,2025-05-19,1,219,24171,232.273,203.0,213.0,221.0,232.0,243.0,253.0,265.0,0.0
validation,2025-05-19,2,552,24171,509.0705,465.0,480.0,494.0,509.0,524.0,538.0,552.0,0.0
validation,2025-05-19,3,1347,24171,2918.67,2814.975,2849.0,2882.0,2918.0,2956.0,2988.0,3023.0,0.0
validation,2025-05-19,4,106,24171,106.193,86.0,92.0,99.0,106.0,113.0,120.0,127.0,0.0
validation,2025-05-19,5,180,24171,254.95,226.0,235.0,244.0,255.0,265.0,275.0,287.0,0.0
validation,2025-05-19,6,167,24171,177.0265,151.0,160.0,168.0,177.0,186.0,194.10000000000014,204.0,0.0
validation,2025-05-19,7,149,24171,245.104,216.0,226.0,235.0,245.0,255.0,265.0,275.0,0.0
validation,2025-05-19,8,2476,24171,2054.0265,1962.975,1996.0,2023.0,2055.0,2083.0,2111.1000000000004,2143.0,0.0
validation,2025-05-19,9,3,24171,8.27,3.0,5.0,6.0,8.0,10.0,12.0,14.0,0.0
validation,2025-05-19,10,249,24171,227.224,200.0,209.0,217.0,227.0,237.0,247.0,260.0,0.0
validation,2025-05-19,11,1485,24171,1325.956,1254.0,1279.0,1300.0,1326.0,1351.0,1374.0,1403.0,0.0
validation,2025-05-19,12,1777,24171,1765.303,1683.975,1711.0,1736.0,1767.0,1793.0,1818.0,1843.0499999999997,0.0
validation,2025-05-19,13,2180,24171,2199.147,2109.0,2137.0,2167.0,2198.0,2232.0,2261.0,2296.0,0.0
validation,2025-05-19,14,7880,24171,6661.442,6506.0,6559.0,6606.0,6662.0,6716.0,6762.0,6822.0,0.0
validation,2025-05-19,15,28,24171,35.2355,24.0,28.0,31.0,35.0,39.0,43.0,47.0,0.0
validation,2025-05-19,16,196,24171,207.0025,178.0,188.0,198.0,207.0,216.0,225.0,236.0,0.0
validation,2025-05-19,17,405,24171,419.743,380.0,393.0,406.0,420.0,433.0,445.0,459.0,0.0
validation,2025-05-19,18,49,24171,63.917,49.0,54.0,58.75,64.0,69.0,74.0,80.0,0.0
validation,2025-05-19,19,1661,24171,1428.338,1358.0,1381.0,1403.0,1429.0,1452.0,1476.0,1504.0,0.0
validation,2025-05-19,20,5,24171,10.8235,5.0,7.0,8.0,11.0,13.0,15.0,18.0,0.0
validation,2025-05-19,21,38,24171,77.641,61.0,66.0,72.0,78.0,83.0,89.0,96.0,0.0
validation,2025-05-19,22,200,24171,206.7195,177.0,187.9,197.0,207.0,216.0,226.0,236.0,0.0
validation,2025-05-19,23,162,24171,146.046,122.975,131.0,138.0,146.0,154.0,162.0,170.0,0.0
validation,2025-05-19,24,114,24171,127.162,106.0,113.0,119.0,127.0,135.0,141.10000000000014,150.0,0.0
validation,2025-05-19,25,74,24171,102.2775,83.0,89.9,95.0,102.0,109.0,116.0,122.0,0.0
validation,2025-05-19,26,182,24171,107.809,88.0,94.9,101.0,108.0,115.0,121.0,129.0,0.0
validation,2025-05-19,27,29,24171,33.3175,23.0,26.0,29.0,33.0,37.0,41.0,45.0,0.0
validation,2025-05-19,28,151,24171,174.3365,150.0,158.0,166.0,174.0,183.0,191.0,198.0,0.0
validation,2025-05-19,29,372,24171,326.904,291.0,304.0,315.0,327.0,339.0,349.0,364.0,0.0
validation,2025-05-19,30,314,24171,441.495,402.0,415.0,427.0,441.0,456.0,469.10000000000014,484.0,0.0
validation,2025-05-19,31,261,24171,318.1505,284.0,295.0,305.0,318.0,330.0,342.0,354.02499999999986,0.0
validation,2025-05-19,32,47,24171,40.064,28.0,32.0,36.0,40.0,44.0,48.0,53.0,0.0
validation,2025-05-19,33,5,24171,9.237,4.0,5.0,7.0,9.0,11.0,13.0,16.0,0.0
validation,2025-05-19,34,1,24171,5.979,2.0,3.0,4.0,6.0,8.0,9.0,11.0,0.0
validation,2025-05-19,35,8,24171,7.467,2.9750000000000014,4.0,6.0,7.0,9.0,11.0,13.0,0.0
validation,2025-05-19,36,749,24171,876.632,820.0,838.0,855.0,876.0,898.0,915.0,934.0249999999999,0.0
validation,2025-05-19,37,46,24171,54.2895,41.0,45.0,49.0,54.0,59.0,64.0,69.0,0.0
validation,2025-05-19,38,170,24171,124.8065,103.0,110.0,117.0,125.0,132.0,139.0,148.0,0.0
validation,2025-05-19,39,130,24171,135.9815,114.0,121.0,128.0,136.0,144.0,151.0,159.0,0.0
validation,2025-05-26,0,2,24541,3.276,0.0,1.0,2.0,3.0,4.0,6.0,7.0,0.0
validation,2025-05-26,1,301,24541,245.861,216.0,226.0,235.0,245.0,256.0,267.0,277.0,0.0
validation,2025-05-26,2,495,24541,504.164,460.0,475.0,489.0,504.0,519.0,533.0,548.0,0.0
validation,2025-05-26,3,1128,24541,2602.3455,2505.975,2537.0,2569.0,2603.0,2637.0,2668.1000000000004,2699.0,0.0
validation,2025-05-26,4,99,24541,97.0255,77.0,84.0,90.0,97.0,104.0,110.0,116.02499999999986,0.0
validation,2025-05-26,5,133,24541,228.844,199.0,209.0,219.0,229.0,239.0,248.0,259.0,0.0
validation,2025-05-26,6,192,24541,169.442,144.0,152.9,161.0,170.0,178.0,186.0,195.0,0.0
validation,2025-05-26,7,158,24541,213.1495,185.0,195.0,203.0,213.0,223.0,232.0,244.0,0.0
validation,2025-05-26,8,2264,24541,2226.1335,2132.0,2168.0,2195.0,2226.0,2256.0,2288.0,2317.0249999999996,0.0
validation,2025-05-26,9,1,24541,6.8885,2.0,4.0,5.0,7.0,8.0,10.0,12.0,0.0
validation,2025-05-26,10,100,24541,232.1105,202.0,212.0,222.0,232.0,242.0,252.0,263.0,0.0
validation,2025-05-26,11,1798,24541,1383.4375,1312.0,1334.0,1357.0,1384.0,1409.0,1431.0,1460.0249999999999,0.0
validation,2025-05-26,12,1842,24541,1801.4635,1718.975,1748.0,1773.0,1802.0,1828.0,1853.1000000000001,1884.0,0.0
validation,2025-05-26,13,2026,24541,2206.7635,2113.95,2148.0,2175.0,2206.0,2239.25,2267.0,2298.0,0.0
validation,2025-05-26,14,8777,24541,7163.925,7004.0,7053.0,7106.0,7163.0,7223.0,7274.1,7332.025,0.0
validation,2025-05-26,15,31,24541,32.5735,22.0,25.0,29.0,32.0,36.0,40.0,44.0,0.0
validation,2025-05-26,16,165,24541,195.5325,168.0,178.0,186.0,196.0,205.0,213.0,224.0,0.0
validation,2025-05-26,17,403,24541,412.941,374.0,388.0,400.0,413.0,426.0,438.0,452.0,0.0
validation,2025-05-26,18,70,24541,62.296,47.0,52.0,57.0,62.0,67.0,73.0,79.0,0.0
validation,2025-05-26,19,1659,24541,1523.93,1448.0,1473.0,1498.0,1524.0,1549.0,1573.0,1604.0249999999999,0.0
validation,2025-05-26,20,10,24541,10.1885,4.0,6.0,8.0,10.0,12.0,14.0,17.0,0.0
validation,2025-05-26,21,71,24541,68.974,54.0,58.900000000000006,63.0,69.0,74.0,79.0,85.0,0.0
validation,2025-05-26,22,243,24541,195.7675,169.0,177.0,186.0,196.0,205.0,214.0,224.0,0.0
validation,2025-05-26,23,213,24541,154.972,132.0,140.0,147.0,155.0,163.0,171.0,179.0,0.0
validation,2025-05-26,24,91,24541,119.7225,98.0,106.0,112.0,119.0,127.0,134.0,143.0,0.0
validation,2025-05-26,25,82,24541,89.308,71.0,77.0,83.0,89.0,96.0,102.0,107.0,0.0
validation,2025-05-26,26,197,24541,122.9975,102.0,109.0,116.0,123.0,130.0,137.0,144.02499999999986,0.0
validation,2025-05-26,27,28,24541,34.5475,24.0,27.0,30.0,34.0,38.0,42.0,47.0,0.0
validation,2025-05-26,28,193,24541,176.755,151.0,160.0,168.0,177.0,185.0,194.0,204.0,0.0
validation,2025-05-26,29,220,24541,345.7555,311.0,323.0,334.0,346.0,358.0,369.0,382.02499999999986,0.0
validation,2025-05-26,30,247,24541,395.8575,357.975,370.0,383.0,395.0,409.0,421.0,435.02499999999986,0.0
validation,2025-05-26,31,274,24541,291.1,257.0,268.0,279.0,291.0,303.0,314.0,326.0,0.0
validation,2025-05-26,32,39,24541,34.9615,24.0,27.0,31.0,35.0,39.0,43.0,47.0,0.0
validation,2025-05-26,33,1,24541,7.1475,2.0,4.0,5.0,7.0,9.0,11.0,13.0,0.0
validation,2025-05-26,34,0,24541,3.052,0.0,1.0,2.0,3.0,4.0,5.0,7.0,0.0
validation,2025-05-26,35,5,24541,8.667,3.0,5.0,7.0,8.5,11.0,13.0,15.0,0.0
validation,2025-05-26,36,634,24541,863.2215,803.0,823.0,844.0,864.0,883.0,901.0,919.0249999999999,0.0
validation,2025-05-26,37,46,24541,51.928,38.0,43.0,47.0,52.0,57.0,61.0,66.0,0.0
validation,2025-05-26,38,197,24541,136.3795,114.0,122.0,129.0,137.0,144.0,150.0,158.0,0.0
validation,2025-05-26,39,106,24541,112.4,92.0,99.0,105.0,113.0,120.0,126.0,134.0,0.0
validation,2025-06-02,0,1,26597,3.87,1.0,2.0,2.0,4.0,5.0,6.0,8.0,0.0
validation,2025-06-02,1,271,26597,284.1445,251.0,263.0,272.0,284.0,295.0,306.0,318.0,0.0
validation,2025-06-02,2,437,26597,549.891,507.0,520.0,533.0,549.0,566.0,581.0,597.0,0.0
validation,2025-06-02,3,1425,26597,2292.286,2199.975,2232.0,2259.0,2291.0,2324.0,2357.0,2390.0,0.0
validation,2025-06-02,4,117,26597,110.5835,91.0,98.0,103.0,110.0,118.0,125.0,131.0,0.0
validation,2025-06-02,5,185,26597,214.5045,185.975,196.0,205.0,214.0,224.0,233.0,245.0,0.0
validation,2025-06-02,6,152,26597,179.3545,154.975,163.0,170.0,179.0,188.0,196.0,206.0,0.0
validation,2025-06-02,7,193,26597,207.8495,179.975,189.0,198.0,208.0,218.0,226.10000000000014,237.0,0.0
validation,2025-06-02,8,2250,26597,2472.217,2372.975,2407.0,2439.0,2472.0,2507.0,2536.0,2568.0,0.0
validation,2025-06-02,9,7,26597,3.846,1.0,2.0,2.0,4.0,5.0,6.0,8.0,0.0
validation,2025-06-02,10,176,26597,215.925,189.0,197.0,206.0,216.0,226.0,234.0,246.0,0.0
validation,2025-06-02,11,2327,26597,1627.2635,1548.0,1577.0,1600.0,1627.0,1654.0,1679.0,1706.0,0.0
validation,2025-06-02,12,1867,26597,1959.1715,1876.0,1902.9,1929.0,1960.0,1989.0,2015.0,2048.0499999999997,0.0
validation,2025-06-02,13,2122,26597,2342.291,2247.0,2282.0,2310.0,2342.0,2373.0,2404.0,2440.0,0.0
validation,2025-06-02,14,9684,26597,8262.738,8087.975,8146.0,8199.0,8262.0,8326.0,8380.0,8438.025,0.0
validation,2025-06-02,15,30,26597,31.339,21.0,25.0,28.0,31.0,35.0,38.0,42.0,0.0
validation,2025-06-02,16,273,26597,190.9355,166.0,173.0,181.0,191.0,200.0,209.0,218.0,0.0
validation,2025-06-02,17,388,26597,444.005,404.0,417.0,429.0,444.0,458.0,471.0,487.0,0.0
validation,2025-06-02,18,48,26597,68.6675,53.0,59.0,63.0,69.0,74.0,79.0,85.0,0.0
validation,2025-06-02,19,1883,26597,1754.4075,1672.975,1702.0,1726.0,1754.0,1782.0,1811.0,1836.0249999999999,0.0
validation,2025-06-02,20,17,26597,10.087,4.975000000000001,6.0,8.0,10.0,12.0,14.0,17.0,0.0
validation,2025-06-02,21,55,26597,73.7005,57.0,63.0,68.0,73.5,79.0,85.0,91.02499999999986,0.0
validation,2025-06-02,22,165,26597,221.3815,192.975,203.0,211.0,221.0,232.0,240.0,251.0,0.0
validation,2025-06-02,23,169,26597,184.197,159.0,167.0,175.0,184.0,193.0,201.0,212.0,0.0
validation,2025-06-02,24,98,26597,132.355,111.0,118.0,125.0,132.0,140.0,147.0,155.0,0.0
validation,2025-06-02,25,77,26597,94.7745,76.975,83.0,88.0,94.0,101.0,108.0,115.0,0.0
validation,2025-06-02,26,206,26597,159.122,135.0,143.0,151.0,159.0,168.0,176.0,185.0,0.0
validation,2025-06-02,27,18,26597,35.3755,24.0,28.0,31.0,35.0,39.0,43.0,47.0,0.0
validation,2025-06-02,28,207,26597,195.656,168.0,178.0,186.0,196.0,205.0,214.0,223.0,0.0
validation,2025-06-02,29,202,26597,340.952,306.975,318.0,328.0,340.0,353.0,365.0,379.0,0.0
validation,2025-06-02,30,348,26597,385.0075,347.0,360.0,372.0,384.5,398.0,410.0,422.0,0.0
validation,2025-06-02,31,274,26597,310.2375,277.0,288.0,298.0,310.0,322.0,333.0,346.0,0.0
validation,2025-06-02,32,33,26597,36.898,25.0,29.0,33.0,37.0,41.0,45.0,49.0,0.0
validation,2025-06-02,33,3,26597,5.4775,1.0,3.0,4.0,5.0,7.0,9.0,10.024999999999864,0.0
validation,2025-06-02,34,0,26597,1.8805,0.0,0.0,1.0,2.0,3.0,4.0,5.0,0.0
validation,2025-06-02,35,5,26597,9.811,4.0,6.0,8.0,10.0,12.0,14.0,16.0,0.0
validation,2025-06-02,36,587,26597,833.823,778.0,796.0,815.0,833.0,853.0,871.0,891.0249999999999,0.0
validation,2025-06-02,37,37,26597,56.477,43.0,47.0,51.0,56.0,62.0,66.0,71.0,0.0
validation,2025-06-02,38,179,26597,169.906,145.0,154.0,161.0,170.0,178.0,186.0,195.0,0.0
validation,2025-06-02,39,81,26597,124.591,104.0,111.0,117.0,124.0,132.0,139.0,146.0,0.0
validation,2025-06-09,0,3,26606,3.9785,1.0,2.0,3.0,4.0,5.0,7.0,8.0,0.0
validation,2025-06-09,1,372,26606,297.681,263.0,275.0,286.0,298.0,309.0,321.0,332.0,0.0
validation,2025-06-09,2,593,26606,518.9945,474.0,491.0,504.0,519.0,533.0,548.0,565.0,0.0
validation,2025-06-09,3,1035,26606,1756.089,1676.0,1701.0,1726.75,1756.0,1785.0,1810.0,1842.0,0.0
validation,2025-06-09,4,99,26606,112.8315,92.0,99.0,105.0,113.0,120.0,127.0,134.0,0.0
validation,2025-06-09,5,130,26606,183.447,159.975,167.0,174.0,183.0,193.0,201.0,210.02499999999986,0.0
validation,2025-06-09,6,228,26606,173.009,147.0,156.0,164.0,172.0,182.0,191.0,200.0,0.0
validation,2025-06-09,7,187,26606,178.5745,154.0,162.0,169.75,178.0,187.25,196.0,205.0,0.0
validation,2025-06-09,8,2261,26606,2457.5785,2356.0,2393.0,2425.0,2457.0,2493.0,2521.0,2556.0,0.0
validation,2025-06-09,9,3,26606,5.1105,1.0,2.0,3.0,5.0,7.0,8.0,10.0,0.0
validation,2025-06-09,10,120,26606,205.076,177.0,187.0,196.0,205.0,215.0,224.0,233.0,0.0
validation,2025-06-09,11,1957,26606,1890.516,1807.975,1836.9,1862.0,1891.0,1919.0,1946.0,1972.0249999999999,0.0
validation,2025-06-09,12,1679,26606,1948.3665,1856.975,1890.0,1919.0,1949.0,1980.0,2005.0,2032.0,0.0
validation,2025-06-09,13,2325,26606,2277.0615,2187.0,2220.0,2246.0,2277.0,2307.0,2336.0,2365.0249999999996,0.0
validation,2025-06-09,14,10175,26606,8885.818,8700.975,8765.9,8822.0,8885.0,8949.0,9010.1,9072.025,0.0
validation,2025-06-09,15,19,26606,31.837,21.0,25.0,28.0,32.0,36.0,39.0,44.0,0.0
validation,2025-06-09,16,249,26606,211.7955,183.0,193.0,202.0,212.0,221.0,230.0,241.0,0.0
validation,2025-06-09,17,387,26606,447.9755,408.0,421.0,433.0,447.5,462.0,475.0,492.0,0.0
validation,2025-06-09,18,93,26606,57.34,43.0,48.0,52.0,57.0,62.0,67.0,73.0,0.0
validation,2025-06-09,19,1760,26606,1806.446,1722.0,1751.0,1777.0,1807.0,1835.25,1863.0,1892.0,0.0
validation,2025-06-09,20,13,26606,10.4795,5.0,7.0,8.0,10.0,12.0,15.0,17.0,0.0
validation,2025-06-09,21,35,26606,62.6755,48.0,53.0,57.0,63.0,68.0,73.0,78.0,0.0
validation,2025-06-09,22,192,26606,205.9915,178.0,188.0,196.0,206.0,215.0,225.0,235.02499999999986,0.0
validation,2025-06-09,23,218,26606,185.937,160.0,169.0,176.0,185.0,195.0,204.0,212.02499999999986,0.0
validation,2025-06-09,24,84,26606,113.197,94.0,99.0,106.0,114.0,120.0,127.0,134.0,0.0
validation,2025-06-09,25,105,26606,80.371,63.0,69.0,74.0,80.0,86.0,92.0,99.0,0.0
validation,2025-06-09,26,185,26606,183.883,158.0,166.0,175.0,184.0,193.0,201.0,210.0,0.0
validation,2025-06-09,27,21,26606,31.147,21.0,24.0,27.75,31.0,35.0,38.100000000000136,43.0,0.0
validation,2025-06-09,28,263,26606,207.1315,181.0,189.0,198.0,207.0,217.0,225.0,235.0,0.0
validation,2025-06-09,29,247,26606,289.1005,257.0,268.0,278.0,289.0,300.0,311.0,322.0,0.0
validation,2025-06-09,30,301,26606,360.4405,324.0,336.0,347.0,361.0,373.0,385.0,398.0,0.0
validation,2025-06-09,31,294,26606,299.116,267.975,278.0,288.0,299.0,310.0,321.0,332.0,0.0
validation,2025-06-09,32,53,26606,37.2025,26.0,30.0,33.0,37.0,41.0,45.0,50.0,0.0
validation,2025-06-09,33,1,26606,3.7115,1.0,1.0,2.0,4.0,5.0,6.0,8.0,0.0
validation,2025-06-09,34,9,26606,0.8035,0.0,0.0,0.0,1.0,1.0,2.0,3.0,0.0
validation,2025-06-09,35,6,26606,8.7245,3.9750000000000014,5.0,7.0,9.0,11.0,13.0,15.0,0.0
validation,2025-06-09,36,563,26606,733.9775,682.975,701.0,716.0,733.0,752.0,769.0,790.0,0.0
validation,2025-06-09,37,18,26606,44.516,32.0,36.0,40.0,44.0,49.0,53.0,58.0,0.0
validation,2025-06-09,38,230,26606,183.4125,156.975,166.0,174.0,184.0,192.0,201.0,210.0,0.0
validation,2025-06-09,39,93,26606,111.0045,91.0,98.0,104.0,111.0,118.0,124.0,131.0,0.0
validation,2025-06-16,0,1,27105,2.9535,0.0,1.0,2.0,3.0,4.0,5.0,6.0,0.0
validation,2025-06-16,1,174,27105,309.6695,275.0,287.0,298.0,310.0,321.0,332.0,345.0,0.0
validation,2025-06-16,2,615,27105,552.738,510.0,523.9,537.0,553.0,567.0,582.0,599.0,0.0
validation,2025-06-16,3,1302,27105,1311.1675,1241.0,1265.0,1287.0,1312.0,1336.0,1355.1000000000001,1380.0,0.0
validation,2025-06-16,4,131,27105,112.4755,91.0,99.0,105.0,112.0,120.0,126.0,135.02499999999986,0.0
validation,2025-06-16,5,257,27105,166.953,143.0,151.0,159.0,167.0,175.0,183.0,191.0,0.0
validation,2025-06-16,6,85,27105,196.887,170.0,179.0,187.0,197.0,206.0,215.0,226.0,0.0
validation,2025-06-16,7,144,27105,183.2565,157.0,166.0,174.0,183.0,192.0,201.0,210.0,0.0
validation,2025-06-16,8,2406,27105,2459.8285,2360.975,2396.0,2427.0,2460.0,2495.0,2523.0,2555.0,0.0
validation,2025-06-16,9,1,27105,3.9735,1.0,2.0,3.0,4.0,5.0,7.0,8.0,0.0
validation,2025-06-16,10,161,27105,172.0225,148.0,156.0,163.0,172.0,181.0,189.0,198.0,0.0
validation,2025-06-16,11,1928,27105,2011.1095,1927.0,1956.0,1981.0,2011.0,2041.0,2067.0,2096.0249999999996,0.0
validation,2025-06-16,12,1920,27105,1905.5685,1821.0,1850.0,1875.75,1906.0,1934.0,1960.1000000000001,1993.0249999999999,0.0
validation,2025-06-16,13,2091,27105,2300.621,2209.975,2239.0,2267.0,2300.0,2333.0,2364.0,2395.0,0.0
validation,2025-06-16,14,10738,27105,9709.4645,9512.95,9584.0,9646.0,9710.0,9771.0,9834.0,9902.0,0.0
validation,2025-06-16,15,20,27105,28.8915,19.0,22.0,25.0,29.0,33.0,36.0,40.0,0.0
validation,2025-06-16,16,146,27105,234.7685,205.0,214.0,225.0,234.0,245.0,255.0,265.0,0.0
validation,2025-06-16,17,364,27105,420.382,381.0,395.0,406.0,420.0,434.0,447.0,461.02499999999986,0.0
validation,2025-06-16,18,55,27105,69.2965,55.0,59.0,64.0,69.0,75.0,80.0,85.0,0.0
validation,2025-06-16,19,1630,27105,1851.214,1764.0,1796.9,1821.0,1852.0,1880.0,1907.1000000000001,1935.0,0.0
validation,2025-06-16,20,29,27105,12.138,6.0,8.0,10.0,12.0,14.0,17.0,20.0,0.0
validation,2025-06-16,21,62,27105,53.102,40.0,44.0,48.0,53.0,58.0,63.0,68.0,0.0
validation,2025-06-16,22,143,27105,213.108,184.975,194.0,203.0,213.0,223.0,232.0,241.0,0.0
validation,2025-06-16,23,122,27105,202.7335,176.0,185.0,193.0,202.0,212.0,221.10000000000014,232.0,0.0
validation,2025-06-16,24,128,27105,103.212,84.0,91.0,96.0,103.0,110.0,116.0,123.0,0.0
validation,2025-06-16,25,144,27105,89.9245,72.0,78.0,83.0,89.0,97.0,103.0,109.0,0.0
validation,2025-06-16,26,132,27105,204.6155,176.0,185.0,195.0,204.0,214.0,223.0,234.02499999999986,0.0
validation,2025-06-16,27,18,27105,25.954,17.0,19.900000000000006,22.0,26.0,29.0,32.0,37.0,0.0
validation,2025-06-16,28,115,27105,216.504,189.0,198.0,207.0,216.0,226.0,235.0,245.0,0.0
validation,2025-06-16,29,189,27105,277.5785,245.0,256.0,267.0,277.0,288.0,298.0,310.0,0.0
validation,2025-06-16,30,337,27105,321.1915,286.0,298.0,309.0,321.0,333.0,344.0,357.0,0.0
validation,2025-06-16,31,355,27105,293.6185,260.0,272.0,282.0,293.0,305.0,315.0,328.0,0.0
validation,2025-06-16,32,75,27105,46.055,34.0,38.0,41.0,46.0,51.0,55.0,59.0,0.0
validation,2025-06-16,33,12,27105,2.948,0.0,1.0,2.0,3.0,4.0,5.0,7.0,0.0
validation,2025-06-16,34,17,27105,2.8445,0.0,1.0,2.0,3.0,4.0,5.0,7.0,0.0
validation,2025-06-16,35,4,27105,6.542,2.0,3.0,5.0,6.0,8.0,10.0,12.0,0.0
validation,2025-06-16,36,783,27105,674.8775,624.0,642.0,657.0,675.0,692.0,708.0,727.0,0.0
validation,2025-06-16,37,36,27105,39.346,27.0,32.0,35.0,39.0,44.0,48.0,53.0,0.0
validation,2025-06-16,38,161,27105,205.8845,178.975,188.0,196.0,205.0,216.0,224.10000000000014,235.0,0.0
validation,2025-06-16,39,74,27105,109.445,88.975,96.0,102.0,109.0,117.0,124.0,131.02499999999986,0.0
validation,2025-06-23,0,18,27010,2.0095,0.0,0.0,1.0,2.0,3.0,4.0,5.0,0.0
validation,2025-06-23,1,193,27010,288.133,256.0,266.0,276.0,288.0,299.0,310.0,323.0,0.0
validation,2025-06-23,2,506,27010,551.9265,507.0,521.0,535.0,552.0,567.0,583.0,600.0,0.0
validation,2025-06-23,3,1659,27010,1259.588,1192.0,1214.0,1236.0,1258.0,1283.0,1304.0,1331.0,0.0
validation,2025-06-23,4,123,27010,114.82,94.0,101.0,107.0,115.0,122.0,129.0,138.0,0.0
validation,2025-06-23,5,302,27010,181.7315,157.0,165.0,173.0,181.0,190.0,199.0,210.0,0.0
validation,2025-06-23,6,123,27010,168.94,144.0,152.0,160.0,169.0,178.0,186.0,195.0,0.0
validation,2025-06-23,7,98,27010,175.785,151.0,159.0,167.0,176.0,184.0,193.0,203.0,0.0
validation,2025-06-23,8,2545,27010,2365.0475,2271.0,2303.9,2331.0,2365.0,2397.0,2428.0,2461.0,0.0
validation,2025-06-23,9,6,27010,3.3325,0.0,1.0,2.0,3.0,4.0,6.0,7.0,0.0
validation,2025-06-23,10,92,27010,143.5765,122.0,128.0,135.0,143.0,152.0,159.0,168.0,0.0
validation,2025-06-23,11,1761,27010,2062.09,1973.0,2005.0,2032.0,2062.0,2091.25,2119.0,2151.0249999999996,0.0
validation,2025-06-23,12,1811,27010,1882.865,1802.975,1827.0,1852.0,1883.0,1912.0,1939.0,1972.0,0.0
validation,2025-06-23,13,2153,27010,2207.187,2112.0,2148.0,2175.0,2206.0,2239.0,2269.0,2296.0499999999997,0.0
validation,2025-06-23,14,10179,27010,10139.38,9941.0,10004.0,10069.0,10139.0,10208.0,10270.0,10349.0,0.0
validation,2025-06-23,15,24,27010,26.0705,17.0,20.0,23.0,26.0,29.0,33.0,37.0,0.0
validation,2025-06-23,16,201,27010,214.951,186.0,196.0,205.0,215.0,224.0,233.0,245.0,0.0
validation,2025-06-23,17,365,27010,397.4045,357.975,373.0,384.0,397.0,411.0,423.0,436.0,0.0
validation,2025-06-23,18,55,27010,68.693,53.0,58.0,63.0,69.0,74.0,80.0,85.0,0.0
validation,2025-06-23,19,1840,27010,1785.4425,1702.975,1731.0,1758.0,1785.0,1814.0,1840.0,1868.0,0.0
validation,2025-06-23,20,16,27010,18.096,10.0,13.0,15.0,18.0,21.0,24.0,27.0,0.0
validation,2025-06-23,21,44,27010,57.6335,43.0,48.0,52.0,58.0,63.0,68.0,73.0,0.0
validation,2025-06-23,22,116,27010,191.7765,165.975,175.0,183.0,192.0,200.0,210.0,219.0,0.0
validation,2025-06-23,23,106,27010,185.9355,158.0,168.0,177.0,186.0,195.0,203.0,214.0,0.0
validation,2025-06-23,24,85,27010,103.9575,84.0,91.0,97.0,104.0,111.0,117.0,125.0,0.0
validation,2025-06-23,25,110,27010,105.4465,85.0,93.0,98.0,105.0,112.25,119.0,126.0,0.0
validation,2025-06-23,26,186,27010,185.87,160.0,169.0,176.0,186.0,195.0,204.0,212.0,0.0
validation,2025-06-23,27,37,27010,22.0365,13.0,16.0,19.0,22.0,25.0,28.0,32.0,0.0
validation,2025-06-23,28,159,27010,200.7715,173.0,182.0,191.0,201.0,210.25,219.0,229.0,0.0
validation,2025-06-23,29,248,27010,221.472,193.0,203.0,211.0,221.0,231.0,241.0,250.0,0.0
validation,2025-06-23,30,302,27010,318.1385,283.975,295.0,306.0,318.0,330.0,342.0,355.0,0.0
validation,2025-06-23,31,326,27010,308.2155,275.975,286.0,296.0,308.0,320.0,331.0,343.02499999999986,0.0
validation,2025-06-23,32,189,27010,51.8485,39.0,43.0,47.0,52.0,56.0,61.0,66.0,0.0
validation,2025-06-23,33,15,27010,4.6535,1.0,2.0,3.0,4.0,6.0,8.0,9.0,0.0
validation,2025-06-23,34,0,27010,7.0255,2.0,4.0,5.0,7.0,9.0,11.0,13.0,0.0
validation,2025-06-23,35,11,27010,5.347,1.0,3.0,4.0,5.0,7.0,8.0,10.0,0.0
validation,2025-06-23,36,764,27010,661.635,613.0,628.0,644.0,661.0,680.0,696.0,713.0,0.0
validation,2025-06-23,37,45,27010,35.7445,25.0,28.0,32.0,36.0,40.0,44.0,48.0,0.0
validation,2025-06-23,38,130,27010,197.7455,171.0,181.0,188.0,198.0,207.0,215.0,225.0,0.0
validation,2025-06-23,39,67,27010,91.5905,73.0,80.0,85.0,92.0,98.0,104.0,110.02499999999986,0.0
