scenario,cluster_id,start_week,cusum_delay,weekly_delay
growth_10,0,2023-01-30,,
growth_10,0,2023-02-06,,
growth_10,0,2023-02-13,,
growth_10,0,2023-02-20,,
growth_10,0,2023-02-27,,
growth_10,0,2023-03-06,,
growth_10,0,2023-03-13,,
growth_10,0,2023-03-20,,
growth_10,0,2023-03-27,,
growth_10,0,2023-04-03,,
growth_10,0,2023-04-10,,
growth_10,0,2023-04-17,,
growth_10,0,2023-04-24,,
growth_10,0,2023-05-01,,
growth_10,0,2023-05-08,,
growth_10,0,2023-05-15,,
growth_10,0,2023-05-22,,
growth_10,0,2023-05-29,,
growth_10,0,2023-06-05,,
growth_10,0,2023-06-12,,
growth_10,0,2023-06-19,,
growth_10,0,2023-06-26,,
growth_10,0,2023-07-03,,
growth_10,0,2023-07-10,,
growth_10,0,2023-07-17,,
growth_10,0,2023-07-24,,
growth_10,0,2023-07-31,,
growth_10,0,2023-08-07,,
growth_10,0,2023-08-14,,
growth_10,0,2023-08-21,,
growth_10,0,2023-08-28,,
growth_10,0,2023-09-04,,
growth_10,0,2023-09-11,,
growth_10,0,2023-09-18,,
growth_10,0,2023-09-25,,
growth_10,0,2023-10-02,,
growth_10,0,2023-10-09,,
growth_10,0,2023-10-16,,
growth_10,0,2023-10-23,8.0,8.0
growth_10,0,2023-10-30,7.0,7.0
growth_10,0,2023-11-06,6.0,6.0
growth_10,0,2023-11-13,5.0,5.0
growth_10,0,2023-11-20,4.0,4.0
growth_10,0,2023-11-27,3.0,3.0
growth_10,0,2023-12-04,2.0,2.0
growth_10,0,2023-12-11,3.0,1.0
growth_10,0,2023-12-18,,
growth_10,0,2023-12-25,,
growth_10,0,2024-01-01,,
growth_10,0,2024-01-08,,
growth_10,0,2024-01-15,,
growth_10,0,2024-01-22,,8.0
growth_10,0,2024-01-29,8.0,7.0
growth_10,0,2024-02-05,7.0,6.0
growth_10,0,2024-02-12,6.0,5.0
growth_10,0,2024-02-19,5.0,4.0
growth_10,0,2024-02-26,4.0,3.0
growth_10,0,2024-03-04,5.0,2.0
growth_10,0,2024-03-11,4.0,1.0
growth_10,0,2024-03-18,,
growth_10,0,2024-03-25,,
growth_10,0,2024-04-01,,
growth_10,0,2024-04-08,,
growth_10,0,2024-04-15,,
growth_10,0,2024-04-22,,
growth_10,0,2024-04-29,,
growth_10,0,2024-05-06,,
growth_10,0,2024-05-13,,
growth_10,0,2024-05-20,,
growth_10,0,2024-05-27,,
growth_10,0,2024-06-03,,
growth_10,0,2024-06-10,,
growth_10,0,2024-06-17,,
growth_10,0,2024-06-24,,
growth_10,0,2024-07-01,,
growth_10,0,2024-07-08,,
growth_10,0,2024-07-15,,
growth_10,0,2024-07-22,,
growth_10,0,2024-07-29,,
growth_10,0,2024-08-05,,
growth_10,0,2024-08-12,,
growth_10,0,2024-08-19,,
growth_10,0,2024-08-26,,
growth_10,0,2024-09-02,,
growth_10,0,2024-09-09,,
growth_10,0,2024-09-16,,
growth_10,0,2024-09-23,,
growth_10,0,2024-10-07,8.0,
growth_10,0,2024-10-14,7.0,
growth_10,0,2024-10-21,6.0,
growth_10,0,2024-10-28,5.0,
growth_10,0,2024-11-04,,
growth_10,1,2023-01-30,,
growth_10,1,2023-02-06,,
growth_10,1,2023-02-13,,
growth_10,1,2023-02-20,,
growth_10,1,2023-02-27,,
growth_10,1,2023-03-06,,
growth_10,1,2023-03-13,8.0,
growth_10,1,2023-03-20,7.0,8.0
growth_10,1,2023-03-27,6.0,7.0
growth_10,1,2023-04-03,5.0,6.0
growth_10,1,2023-04-10,4.0,5.0
growth_10,1,2023-04-17,3.0,4.0
growth_10,1,2023-04-24,3.0,3.0
growth_10,1,2023-05-01,2.0,2.0
growth_10,1,2023-05-08,2.0,1.0
growth_10,1,2023-05-15,,1.0
growth_10,1,2023-05-22,,
growth_10,1,2023-05-29,,
growth_10,1,2023-06-05,,
growth_10,1,2023-06-12,,
growth_10,1,2023-06-19,,
growth_10,1,2023-06-26,,
growth_10,1,2023-07-03,,
growth_10,1,2023-07-10,,
growth_10,1,2023-07-17,,
growth_10,1,2023-07-24,,
growth_10,1,2023-07-31,,
growth_10,1,2023-08-07,,
growth_10,1,2023-08-14,,
growth_10,1,2023-08-21,,
growth_10,1,2023-08-28,,
growth_10,1,2023-09-04,,
growth_10,1,2023-09-11,,
growth_10,1,2023-09-18,,
growth_10,1,2023-09-25,,
growth_10,1,2023-10-02,,
growth_10,1,2023-10-09,,
growth_10,1,2023-10-16,,
growth_10,1,2023-10-23,,
growth_10,1,2023-10-30,,
growth_10,1,2023-11-06,,
growth_10,1,2023-11-13,,
growth_10,1,2023-11-20,,
growth_10,1,2023-11-27,,
growth_10,1,2023-12-04,,
growth_10,1,2023-12-11,,
growth_10,1,2023-12-18,,
growth_10,1,2023-12-25,,
growth_10,1,2024-01-01,,
growth_10,1,2024-01-08,,
growth_10,1,2024-01-15,,
growth_10,1,2024-01-22,,
growth_10,1,2024-01-29,,
growth_10,1,2024-02-05,,
growth_10,1,2024-02-12,,
growth_10,1,2024-02-19,,
growth_10,1,2024-02-26,,
growth_10,1,2024-03-04,,
growth_10,1,2024-03-11,,
growth_10,1,2024-03-18,,
growth_10,1,2024-03-25,,
growth_10,1,2024-04-01,8.0,
growth_10,1,2024-04-08,7.0,
growth_10,1,2024-04-15,6.0,
growth_10,1,2024-04-22,5.0,
growth_10,1,2024-04-29,4.0,
growth_10,1,2024-05-06,5.0,
growth_10,1,2024-05-13,,
growth_10,1,2024-05-20,,
growth_10,1,2024-05-27,,
growth_10,1,2024-06-03,,
growth_10,1,2024-06-10,,
growth_10,1,2024-06-17,,
growth_10,1,2024-06-24,,
growth_10,1,2024-07-01,,
growth_10,1,2024-07-08,,
growth_10,1,2024-07-15,,
growth_10,1,2024-07-22,,
growth_10,1,2024-07-29,,
growth_10,1,2024-08-05,,
growth_10,1,2024-08-12,,
growth_10,1,2024-08-19,,
growth_10,1,2024-08-26,,
growth_10,1,2024-09-02,,
growth_10,1,2024-09-09,,
growth_10,1,2024-09-16,,
growth_10,1,2024-09-23,,
growth_10,1,2024-10-07,,
growth_10,1,2024-10-14,,
growth_10,1,2024-10-21,,
growth_10,1,2024-10-28,,
growth_10,1,2024-11-04,8.0,
growth_10,2,2023-01-30,,5.0
growth_10,2,2023-02-06,,4.0
growth_10,2,2023-02-13,,3.0
growth_10,2,2023-02-20,,2.0
growth_10,2,2023-02-27,8.0,
growth_10,2,2023-03-06,,
growth_10,2,2023-03-13,,
growth_10,2,2023-03-20,,
growth_10,2,2023-03-27,,
growth_10,2,2023-04-03,,
growth_10,2,2023-04-10,,
growth_10,2,2023-04-17,,
growth_10,2,2023-04-24,,
growth_10,2,2023-05-01,8.0,8.0
growth_10,2,2023-05-08,7.0,7.0
growth_10,2,2023-05-15,6.0,6.0
growth_10,2,2023-05-22,5.0,5.0
growth_10,2,2023-05-29,4.0,4.0
growth_10,2,2023-06-05,3.0,3.0
growth_10,2,2023-06-12,3.0,2.0
growth_10,2,2023-06-19,2.0,1.0
growth_10,2,2023-06-26,4.0,
growth_10,2,2023-07-03,4.0,
growth_10,2,2023-07-10,3.0,
growth_10,2,2023-07-17,5.0,
growth_10,2,2023-07-24,,
growth_10,2,2023-07-31,,
growth_10,2,2023-08-07,,
growth_10,2,2023-08-14,,
growth_10,2,2023-08-21,,
growth_10,2,2023-08-28,,
growth_10,2,2023-09-04,,
growth_10,2,2023-09-11,,
growth_10,2,2023-09-18,,
growth_10,2,2023-09-25,,
growth_10,2,2023-10-02,,
growth_10,2,2023-10-09,,
growth_10,2,2023-10-16,,
growth_10,2,2023-10-23,,
growth_10,2,2023-10-30,,
growth_10,2,2023-11-06,,
growth_10,2,2023-11-13,8.0,8.0
growth_10,2,2023-11-20,7.0,7.0
growth_10,2,2023-11-27,6.0,6.0
growth_10,2,2023-12-04,5.0,5.0
growth_10,2,2023-12-11,4.0,4.0
growth_10,2,2023-12-18,5.0,3.0
growth_10,2,2023-12-25,5.0,2.0
growth_10,2,2024-01-01,4.0,4.0
growth_10,2,2024-01-08,3.0,3.0
growth_10,2,2024-01-15,2.0,2.0
growth_10,2,2024-01-22,,1.0
growth_10,2,2024-01-29,,
growth_10,2,2024-02-05,,
growth_10,2,2024-02-12,,
growth_10,2,2024-02-19,,
growth_10,2,2024-02-26,,
growth_10,2,2024-03-04,,
growth_10,2,2024-03-11,8.0,
growth_10,2,2024-03-18,7.0,
growth_10,2,2024-03-25,6.0,
growth_10,2,2024-04-01,5.0,
growth_10,2,2024-04-08,5.0,
growth_10,2,2024-04-15,8.0,
growth_10,2,2024-04-22,8.0,
growth_10,2,2024-04-29,,
growth_10,2,2024-05-06,,
growth_10,2,2024-05-13,,
growth_10,2,2024-05-20,,
growth_10,2,2024-05-27,,
growth_10,2,2024-06-03,8.0,
growth_10,2,2024-06-10,7.0,
growth_10,2,2024-06-17,6.0,
growth_10,2,2024-06-24,5.0,
growth_10,2,2024-07-01,4.0,
growth_10,2,2024-07-08,3.0,
growth_10,2,2024-07-15,5.0,
growth_10,2,2024-07-22,8.0,
growth_10,2,2024-07-29,,
growth_10,2,2024-08-05,,
growth_10,2,2024-08-12,,
growth_10,2,2024-08-19,,
growth_10,2,2024-08-26,,
growth_10,2,2024-09-02,,
growth_10,2,2024-09-09,,
growth_10,2,2024-09-16,,
growth_10,2,2024-09-23,,
growth_10,2,2024-10-07,,
growth_10,2,2024-10-14,,
growth_10,2,2024-10-21,,
growth_10,2,2024-10-28,,
growth_10,2,2024-11-04,,
growth_10,3,2023-01-30,4.0,3.0
growth_10,3,2023-02-06,3.0,3.0
growth_10,3,2023-02-13,2.0,2.0
growth_10,3,2023-02-20,,1.0
growth_10,3,2023-02-27,,
growth_10,3,2023-03-06,8.0,8.0
growth_10,3,2023-03-13,7.0,7.0
growth_10,3,2023-03-20,6.0,6.0
growth_10,3,2023-03-27,5.0,5.0
growth_10,3,2023-04-03,4.0,4.0
growth_10,3,2023-04-10,3.0,3.0
growth_10,3,2023-04-17,3.0,2.0
growth_10,3,2023-04-24,3.0,1.0
growth_10,3,2023-05-01,5.0,5.0
growth_10,3,2023-05-08,4.0,4.0
growth_10,3,2023-05-15,3.0,3.0
growth_10,3,2023-05-22,2.0,2.0
growth_10,3,2023-05-29,3.0,1.0
growth_10,3,2023-06-05,7.0,7.0
growth_10,3,2023-06-12,6.0,6.0
growth_10,3,2023-06-19,5.0,5.0
growth_10,3,2023-06-26,4.0,4.0
growth_10,3,2023-07-03,3.0,3.0
growth_10,3,2023-07-10,3.0,2.0
growth_10,3,2023-07-17,4.0,1.0
growth_10,3,2023-07-24,7.0,
growth_10,3,2023-07-31,6.0,
growth_10,3,2023-08-07,7.0,
growth_10,3,2023-08-14,,
growth_10,3,2023-08-21,,
growth_10,3,2023-08-28,,
growth_10,3,2023-09-04,,
growth_10,3,2023-09-11,,
growth_10,3,2023-09-18,,
growth_10,3,2023-09-25,,
growth_10,3,2023-10-02,,
growth_10,3,2023-10-09,8.0,8.0
growth_10,3,2023-10-16,7.0,7.0
growth_10,3,2023-10-23,6.0,6.0
growth_10,3,2023-10-30,5.0,5.0
growth_10,3,2023-11-06,4.0,4.0
growth_10,3,2023-11-13,3.0,3.0
growth_10,3,2023-11-20,2.0,2.0
growth_10,3,2023-11-27,7.0,1.0
growth_10,3,2023-12-04,,
growth_10,3,2023-12-11,,
growth_10,3,2023-12-18,,
growth_10,3,2023-12-25,8.0,
growth_10,3,2024-01-01,7.0,
growth_10,3,2024-01-08,6.0,
growth_10,3,2024-01-15,5.0,
growth_10,3,2024-01-22,5.0,
growth_10,3,2024-01-29,4.0,
growth_10,3,2024-02-05,3.0,
growth_10,3,2024-02-12,3.0,
growth_10,3,2024-02-19,8.0,
growth_10,3,2024-02-26,7.0,
growth_10,3,2024-03-04,6.0,
growth_10,3,2024-03-11,5.0,
growth_10,3,2024-03-18,4.0,
growth_10,3,2024-03-25,4.0,
growth_10,3,2024-04-01,6.0,
growth_10,3,2024-04-08,,
growth_10,3,2024-04-15,,
growth_10,3,2024-04-22,,
growth_10,3,2024-04-29,8.0,
growth_10,3,2024-05-06,,
growth_10,3,2024-05-13,,
growth_10,3,2024-05-20,8.0,
growth_10,3,2024-05-27,7.0,
growth_10,3,2024-06-03,7.0,
growth_10,3,2024-06-10,7.0,
growth_10,3,2024-06-17,6.0,
growth_10,3,2024-06-24,5.0,
growth_10,3,2024-07-01,5.0,
growth_10,3,2024-07-08,5.0,7.0
growth_10,3,2024-07-15,5.0,6.0
growth_10,3,2024-07-22,4.0,5.0
growth_10,3,2024-07-29,4.0,4.0
growth_10,3,2024-08-05,3.0,
growth_10,3,2024-08-12,3.0,
growth_10,3,2024-08-19,4.0,
growth_10,3,2024-08-26,4.0,
growth_10,3,2024-09-02,4.0,
growth_10,3,2024-09-09,4.0,
growth_10,3,2024-09-16,3.0,
growth_10,3,2024-09-23,5.0,
growth_10,3,2024-10-07,5.0,
growth_10,3,2024-10-14,7.0,
growth_10,3,2024-10-21,7.0,
growth_10,3,2024-10-28,6.0,
growth_10,3,2024-11-04,5.0,
growth_10,4,2023-01-30,4.0,7.0
growth_10,4,2023-02-06,3.0,6.0
growth_10,4,2023-02-13,5.0,5.0
growth_10,4,2023-02-20,5.0,4.0
growth_10,4,2023-02-27,4.0,3.0
growth_10,4,2023-03-06,,2.0
growth_10,4,2023-03-13,8.0,8.0
growth_10,4,2023-03-20,,7.0
growth_10,4,2023-03-27,,6.0
growth_10,4,2023-04-03,,5.0
growth_10,4,2023-04-10,8.0,4.0
growth_10,4,2023-04-17,7.0,3.0
growth_10,4,2023-04-24,,
growth_10,4,2023-05-01,,
growth_10,4,2023-05-08,,
growth_10,4,2023-05-15,,
growth_10,4,2023-05-22,,
growth_10,4,2023-05-29,,
growth_10,4,2023-06-05,,
growth_10,4,2023-06-12,,
growth_10,4,2023-06-19,8.0,
growth_10,4,2023-06-26,7.0,
growth_10,4,2023-07-03,6.0,
growth_10,4,2023-07-10,5.0,
growth_10,4,2023-07-17,5.0,
growth_10,4,2023-07-24,,
growth_10,4,2023-07-31,,
growth_10,4,2023-08-07,,
growth_10,4,2023-08-14,,
growth_10,4,2023-08-21,,
growth_10,4,2023-08-28,,
growth_10,4,2023-09-04,,
growth_10,4,2023-09-11,,
growth_10,4,2023-09-18,,
growth_10,4,2023-09-25,,
growth_10,4,2023-10-02,,
growth_10,4,2023-10-09,,
growth_10,4,2023-10-16,,
growth_10,4,2023-10-23,,
growth_10,4,2023-10-30,,
growth_10,4,2023-11-06,,
growth_10,4,2023-11-13,,
growth_10,4,2023-11-20,,
growth_10,4,2023-11-27,,
growth_10,4,2023-12-04,8.0,
growth_10,4,2023-12-11,8.0,
growth_10,4,2023-12-18,7.0,
growth_10,4,2023-12-25,,
growth_10,4,2024-01-01,8.0,8.0
growth_10,4,2024-01-08,8.0,7.0
growth_10,4,2024-01-15,7.0,6.0
growth_10,4,2024-01-22,6.0,5.0
growth_10,4,2024-01-29,5.0,4.0
growth_10,4,2024-02-05,4.0,3.0
growth_10,4,2024-02-12,3.0,2.0
growth_10,4,2024-02-19,2.0,4.0
growth_10,4,2024-02-26,3.0,3.0
growth_10,4,2024-03-04,2.0,2.0
growth_10,4,2024-03-11,1.0,1.0
growth_10,4,2024-03-18,,
growth_10,4,2024-03-25,,
growth_10,4,2024-04-01,,
growth_10,4,2024-04-08,,
growth_10,4,2024-04-15,,
growth_10,4,2024-04-22,,
growth_10,4,2024-04-29,,
growth_10,4,2024-05-06,,
growth_10,4,2024-05-13,,
growth_10,4,2024-05-20,,
growth_10,4,2024-05-27,,
growth_10,4,2024-06-03,,
growth_10,4,2024-06-10,,
growth_10,4,2024-06-17,,
growth_10,4,2024-06-24,8.0,
growth_10,4,2024-07-01,7.0,
growth_10,4,2024-07-08,6.0,
growth_10,4,2024-07-15,5.0,
growth_10,4,2024-07-22,,
growth_10,4,2024-07-29,,
growth_10,4,2024-08-05,,
growth_10,4,2024-08-12,,
growth_10,4,2024-08-19,,
growth_10,4,2024-08-26,,
growth_10,4,2024-09-02,,
growth_10,4,2024-09-09,,8.0
growth_10,4,2024-09-16,,7.0
growth_10,4,2024-09-23,,6.0
growth_10,4,2024-10-07,,5.0
growth_10,4,2024-10-14,,
growth_10,4,2024-10-21,,
growth_10,4,2024-10-28,,
growth_10,4,2024-11-04,,
growth_10,5,2023-01-30,,
growth_10,5,2023-02-06,,
growth_10,5,2023-02-13,8.0,8.0
growth_10,5,2023-02-20,7.0,7.0
growth_10,5,2023-02-27,6.0,6.0
growth_10,5,2023-03-06,5.0,5.0
growth_10,5,2023-03-13,4.0,4.0
growth_10,5,2023-03-20,3.0,3.0
growth_10,5,2023-03-27,2.0,2.0
growth_10,5,2023-04-03,3.0,1.0
growth_10,5,2023-04-10,2.0,2.0
growth_10,5,2023-04-17,1.0,1.0
growth_10,5,2023-04-24,3.0,3.0
growth_10,5,2023-05-01,2.0,2.0
growth_10,5,2023-05-08,3.0,1.0
growth_10,5,2023-05-15,2.0,2.0
growth_10,5,2023-05-22,,1.0
growth_10,5,2023-05-29,,
growth_10,5,2023-06-05,,
growth_10,5,2023-06-12,,
growth_10,5,2023-06-19,,
growth_10,5,2023-06-26,,
growth_10,5,2023-07-03,,
growth_10,5,2023-07-10,,
growth_10,5,2023-07-17,,
growth_10,5,2023-07-24,,
growth_10,5,2023-07-31,,
growth_10,5,2023-08-07,,
growth_10,5,2023-08-14,,
growth_10,5,2023-08-21,,
growth_10,5,2023-08-28,,
growth_10,5,2023-09-04,,
growth_10,5,2023-09-11,,
growth_10,5,2023-09-18,,
growth_10,5,2023-09-25,,
growth_10,5,2023-10-02,,
growth_10,5,2023-10-09,,
growth_10,5,2023-10-16,,
growth_10,5,2023-10-23,,
growth_10,5,2023-10-30,,
growth_10,5,2023-11-06,,
growth_10,5,2023-11-13,,
growth_10,5,2023-11-20,,
growth_10,5,2023-11-27,,
growth_10,5,2023-12-04,,
growth_10,5,2023-12-11,,
growth_10,5,2023-12-18,,
growth_10,5,2023-12-25,,
growth_10,5,2024-01-01,,
growth_10,5,2024-01-08,,
growth_10,5,2024-01-15,,
growth_10,5,2024-01-22,,
growth_10,5,2024-01-29,,
growth_10,5,2024-02-05,,
growth_10,5,2024-02-12,,
growth_10,5,2024-02-19,,
growth_10,5,2024-02-26,,
growth_10,5,2024-03-04,,
growth_10,5,2024-03-11,,
growth_10,5,2024-03-18,,
growth_10,5,2024-03-25,,
growth_10,5,2024-04-01,,
growth_10,5,2024-04-08,,
growth_10,5,2024-04-15,,
growth_10,5,2024-04-22,,
growth_10,5,2024-04-29,,
growth_10,5,2024-05-06,,
growth_10,5,2024-05-13,,
growth_10,5,2024-05-20,,
growth_10,5,2024-05-27,,
growth_10,5,2024-06-03,,
growth_10,5,2024-06-10,,
growth_10,5,2024-06-17,,
growth_10,5,2024-06-24,,
growth_10,5,2024-07-01,,
growth_10,5,2024-07-08,,
growth_10,5,2024-07-15,8.0,
growth_10,5,2024-07-22,7.0,
growth_10,5,2024-07-29,6.0,
growth_10,5,2024-08-05,8.0,
growth_10,5,2024-08-12,,
growth_10,5,2024-08-19,,
growth_10,5,2024-08-26,,
growth_10,5,2024-09-02,,
growth_10,5,2024-09-09,,
growth_10,5,2024-09-16,,
growth_10,5,2024-09-23,,
growth_10,5,2024-10-07,,
growth_10,5,2024-10-14,,
growth_10,5,2024-10-21,,
growth_10,5,2024-10-28,,
growth_10,5,2024-11-04,,
growth_10,6,2023-01-30,,
growth_10,6,2023-02-06,8.0,
growth_10,6,2023-02-13,8.0,
growth_10,6,2023-02-20,7.0,
growth_10,6,2023-02-27,7.0,8.0
growth_10,6,2023-03-06,6.0,7.0
growth_10,6,2023-03-13,5.0,6.0
growth_10,6,2023-03-20,4.0,5.0
growth_10,6,2023-03-27,4.0,4.0
growth_10,6,2023-04-03,3.0,3.0
growth_10,6,2023-04-10,2.0,2.0
growth_10,6,2023-04-17,4.0,1.0
growth_10,6,2023-04-24,5.0,3.0
growth_10,6,2023-05-01,4.0,2.0
growth_10,6,2023-05-08,3.0,
growth_10,6,2023-05-15,,
growth_10,6,2023-05-22,,
growth_10,6,2023-05-29,,
growth_10,6,2023-06-05,,
growth_10,6,2023-06-12,,
growth_10,6,2023-06-19,,
growth_10,6,2023-06-26,,
growth_10,6,2023-07-03,,
growth_10,6,2023-07-10,,
growth_10,6,2023-07-17,,
growth_10,6,2023-07-24,8.0,
growth_10,6,2023-07-31,,
growth_10,6,2023-08-07,,
growth_10,6,2023-08-14,,
growth_10,6,2023-08-21,,
growth_10,6,2023-08-28,,
growth_10,6,2023-09-04,,
growth_10,6,2023-09-11,,
growth_10,6,2023-09-18,,
growth_10,6,2023-09-25,,
growth_10,6,2023-10-02,,
growth_10,6,2023-10-09,,
growth_10,6,2023-10-16,,
growth_10,6,2023-10-23,,
growth_10,6,2023-10-30,,
growth_10,6,2023-11-06,,
growth_10,6,2023-11-13,,
growth_10,6,2023-11-20,,
growth_10,6,2023-11-27,,
growth_10,6,2023-12-04,,
growth_10,6,2023-12-11,,
growth_10,6,2023-12-18,,
growth_10,6,2023-12-25,8.0,
growth_10,6,2024-01-01,7.0,
growth_10,6,2024-01-08,7.0,
growth_10,6,2024-01-15,6.0,
growth_10,6,2024-01-22,5.0,
growth_10,6,2024-01-29,4.0,
growth_10,6,2024-02-05,3.0,
growth_10,6,2024-02-12,7.0,
growth_10,6,2024-02-19,,
growth_10,6,2024-02-26,,
growth_10,6,2024-03-04,8.0,
growth_10,6,2024-03-11,7.0,
growth_10,6,2024-03-18,7.0,
growth_10,6,2024-03-25,7.0,
growth_10,6,2024-04-01,7.0,
growth_10,6,2024-04-08,6.0,
growth_10,6,2024-04-15,6.0,
growth_10,6,2024-04-22,6.0,
growth_10,6,2024-04-29,5.0,
growth_10,6,2024-05-06,6.0,
growth_10,6,2024-05-13,5.0,
growth_10,6,2024-05-20,,
growth_10,6,2024-05-27,,
growth_10,6,2024-06-03,,
growth_10,6,2024-06-10,,
growth_10,6,2024-06-17,,8.0
growth_10,6,2024-06-24,,7.0
growth_10,6,2024-07-01,,6.0
growth_10,6,2024-07-08,8.0,5.0
growth_10,6,2024-07-15,7.0,4.0
growth_10,6,2024-07-22,6.0,3.0
growth_10,6,2024-07-29,5.0,2.0
growth_10,6,2024-08-05,6.0,6.0
growth_10,6,2024-08-12,5.0,5.0
growth_10,6,2024-08-19,4.0,4.0
growth_10,6,2024-08-26,3.0,3.0
growth_10,6,2024-09-02,,2.0
growth_10,6,2024-09-09,,1.0
growth_10,6,2024-09-16,,
growth_10,6,2024-09-23,,8.0
growth_10,6,2024-10-07,8.0,7.0
growth_10,6,2024-10-14,7.0,6.0
growth_10,6,2024-10-21,6.0,5.0
growth_10,6,2024-10-28,5.0,4.0
growth_10,6,2024-11-04,4.0,3.0
growth_10,7,2023-01-30,8.0,8.0
growth_10,7,2023-02-06,7.0,7.0
growth_10,7,2023-02-13,6.0,6.0
growth_10,7,2023-02-20,5.0,5.0
growth_10,7,2023-02-27,4.0,4.0
growth_10,7,2023-03-06,3.0,3.0
growth_10,7,2023-03-13,2.0,2.0
growth_10,7,2023-03-20,1.0,1.0
growth_10,7,2023-03-27,2.0,1.0
growth_10,7,2023-04-03,3.0,1.0
growth_10,7,2023-04-10,,
growth_10,7,2023-04-17,,
growth_10,7,2023-04-24,,
growth_10,7,2023-05-01,,
growth_10,7,2023-05-08,,
growth_10,7,2023-05-15,,
growth_10,7,2023-05-22,,
growth_10,7,2023-05-29,,
growth_10,7,2023-06-05,,
growth_10,7,2023-06-12,,
growth_10,7,2023-06-19,,
growth_10,7,2023-06-26,,
growth_10,7,2023-07-03,,
growth_10,7,2023-07-10,,8.0
growth_10,7,2023-07-17,,7.0
growth_10,7,2023-07-24,8.0,6.0
growth_10,7,2023-07-31,7.0,
growth_10,7,2023-08-07,6.0,
growth_10,7,2023-08-14,5.0,
growth_10,7,2023-08-21,6.0,
growth_10,7,2023-08-28,6.0,
growth_10,7,2023-09-04,8.0,
growth_10,7,2023-09-11,7.0,
growth_10,7,2023-09-18,,
growth_10,7,2023-09-25,,
growth_10,7,2023-10-02,,
growth_10,7,2023-10-09,,
growth_10,7,2023-10-16,,
growth_10,7,2023-10-23,,
growth_10,7,2023-10-30,,
growth_10,7,2023-11-06,,
growth_10,7,2023-11-13,,
growth_10,7,2023-11-20,,
growth_10,7,2023-11-27,,
growth_10,7,2023-12-04,,
growth_10,7,2023-12-11,,
growth_10,7,2023-12-18,,
growth_10,7,2023-12-25,,
growth_10,7,2024-01-01,,
growth_10,7,2024-01-08,,
growth_10,7,2024-01-15,,
growth_10,7,2024-01-22,,
growth_10,7,2024-01-29,,
growth_10,7,2024-02-05,,
growth_10,7,2024-02-12,,
growth_10,7,2024-02-19,,
growth_10,7,2024-02-26,,
growth_10,7,2024-03-04,,
growth_10,7,2024-03-11,,
growth_10,7,2024-03-18,,
growth_10,7,2024-03-25,,
growth_10,7,2024-04-01,,
growth_10,7,2024-04-08,,
growth_10,7,2024-04-15,,
growth_10,7,2024-04-22,,
growth_10,7,2024-04-29,,
growth_10,7,2024-05-06,,
growth_10,7,2024-05-13,,
growth_10,7,2024-05-20,,
growth_10,7,2024-05-27,,
growth_10,7,2024-06-03,,
growth_10,7,2024-06-10,,
growth_10,7,2024-06-17,,
growth_10,7,2024-06-24,,
growth_10,7,2024-07-01,,
growth_10,7,2024-07-08,,
growth_10,7,2024-07-15,,
growth_10,7,2024-07-22,,
growth_10,7,2024-07-29,,
growth_10,7,2024-08-05,,
growth_10,7,2024-08-12,,
growth_10,7,2024-08-19,,
growth_10,7,2024-08-26,,
growth_10,7,2024-09-02,,
growth_10,7,2024-09-09,,
growth_10,7,2024-09-16,,
growth_10,7,2024-09-23,,
growth_10,7,2024-10-07,,
growth_10,7,2024-10-14,,
growth_10,7,2024-10-21,,
growth_10,7,2024-10-28,,
growth_10,7,2024-11-04,,
growth_10,8,2023-01-30,,
growth_10,8,2023-02-06,8.0,8.0
growth_10,8,2023-02-13,7.0,7.0
growth_10,8,2023-02-20,6.0,6.0
growth_10,8,2023-02-27,5.0,5.0
growth_10,8,2023-03-06,4.0,4.0
growth_10,8,2023-03-13,3.0,3.0
growth_10,8,2023-03-20,4.0,2.0
growth_10,8,2023-03-27,5.0,5.0
growth_10,8,2023-04-03,4.0,4.0
growth_10,8,2023-04-10,4.0,4.0
growth_10,8,2023-04-17,3.0,3.0
growth_10,8,2023-04-24,2.0,2.0
growth_10,8,2023-05-01,3.0,5.0
growth_10,8,2023-05-08,5.0,4.0
growth_10,8,2023-05-15,4.0,
growth_10,8,2023-05-22,4.0,8.0
growth_10,8,2023-05-29,3.0,7.0
growth_10,8,2023-06-05,4.0,6.0
growth_10,8,2023-06-12,4.0,5.0
growth_10,8,2023-06-19,4.0,4.0
growth_10,8,2023-06-26,3.0,3.0
growth_10,8,2023-07-03,2.0,2.0
growth_10,8,2023-07-10,2.0,1.0
growth_10,8,2023-07-17,6.0,
growth_10,8,2023-07-24,6.0,
growth_10,8,2023-07-31,5.0,
growth_10,8,2023-08-07,5.0,
growth_10,8,2023-08-14,4.0,
growth_10,8,2023-08-21,4.0,8.0
growth_10,8,2023-08-28,3.0,7.0
growth_10,8,2023-09-04,3.0,6.0
growth_10,8,2023-09-11,4.0,5.0
growth_10,8,2023-09-18,4.0,4.0
growth_10,8,2023-09-25,3.0,3.0
growth_10,8,2023-10-02,3.0,4.0
growth_10,8,2023-10-09,3.0,3.0
growth_10,8,2023-10-16,3.0,2.0
growth_10,8,2023-10-23,2.0,2.0
growth_10,8,2023-10-30,3.0,5.0
growth_10,8,2023-11-06,4.0,4.0
growth_10,8,2023-11-13,3.0,3.0
growth_10,8,2023-11-20,3.0,2.0
growth_10,8,2023-11-27,3.0,1.0
growth_10,8,2023-12-04,5.0,8.0
growth_10,8,2023-12-11,4.0,7.0
growth_10,8,2023-12-18,6.0,6.0
growth_10,8,2023-12-25,5.0,5.0
growth_10,8,2024-01-01,5.0,4.0
growth_10,8,2024-01-08,4.0,3.0
growth_10,8,2024-01-15,3.0,2.0
growth_10,8,2024-01-22,2.0,6.0
growth_10,8,2024-01-29,5.0,5.0
growth_10,8,2024-02-05,8.0,4.0
growth_10,8,2024-02-12,7.0,3.0
growth_10,8,2024-02-19,7.0,
growth_10,8,2024-02-26,6.0,
growth_10,8,2024-03-04,5.0,
growth_10,8,2024-03-11,5.0,
growth_10,8,2024-03-18,4.0,
growth_10,8,2024-03-25,4.0,8.0
growth_10,8,2024-04-01,5.0,7.0
growth_10,8,2024-04-08,5.0,6.0
growth_10,8,2024-04-15,5.0,5.0
growth_10,8,2024-04-22,4.0,4.0
growth_10,8,2024-04-29,3.0,3.0
growth_10,8,2024-05-06,4.0,4.0
growth_10,8,2024-05-13,3.0,3.0
growth_10,8,2024-05-20,3.0,2.0
growth_10,8,2024-05-27,3.0,4.0
growth_10,8,2024-06-03,3.0,3.0
growth_10,8,2024-06-10,3.0,2.0
growth_10,8,2024-06-17,3.0,
growth_10,8,2024-06-24,6.0,
growth_10,8,2024-07-01,6.0,
growth_10,8,2024-07-08,5.0,
growth_10,8,2024-07-15,5.0,
growth_10,8,2024-07-22,4.0,
growth_10,8,2024-07-29,5.0,
growth_10,8,2024-08-05,6.0,
growth_10,8,2024-08-12,5.0,8.0
growth_10,8,2024-08-19,5.0,7.0
growth_10,8,2024-08-26,5.0,6.0
growth_10,8,2024-09-02,5.0,5.0
growth_10,8,2024-09-09,4.0,4.0
growth_10,8,2024-09-16,4.0,3.0
growth_10,8,2024-09-23,4.0,4.0
growth_10,8,2024-10-07,3.0,3.0
growth_10,8,2024-10-14,3.0,2.0
growth_10,8,2024-10-21,2.0,4.0
growth_10,8,2024-10-28,3.0,3.0
growth_10,8,2024-11-04,2.0,2.0
growth_10,9,2023-01-30,,
growth_10,9,2023-02-06,,
growth_10,9,2023-02-13,,
growth_10,9,2023-02-20,,
growth_10,9,2023-02-27,,
growth_10,9,2023-03-06,,
growth_10,9,2023-03-13,,
growth_10,9,2023-03-20,,8.0
growth_10,9,2023-03-27,,7.0
growth_10,9,2023-04-03,,6.0
growth_10,9,2023-04-10,,5.0
growth_10,9,2023-04-17,,4.0
growth_10,9,2023-04-24,,3.0
growth_10,9,2023-05-01,,2.0
growth_10,9,2023-05-08,,1.0
growth_10,9,2023-05-15,,
growth_10,9,2023-05-22,,
growth_10,9,2023-05-29,,
growth_10,9,2023-06-05,,
growth_10,9,2023-06-12,,
growth_10,9,2023-06-19,,
growth_10,9,2023-06-26,,
growth_10,9,2023-07-03,,
growth_10,9,2023-07-10,,
growth_10,9,2023-07-17,,
growth_10,9,2023-07-24,,
growth_10,9,2023-07-31,,
growth_10,9,2023-08-07,,
growth_10,9,2023-08-14,,
growth_10,9,2023-08-21,,
growth_10,9,2023-08-28,,
growth_10,9,2023-09-04,,
growth_10,9,2023-09-11,,
growth_10,9,2023-09-18,,
growth_10,9,2023-09-25,,
growth_10,9,2023-10-02,,
growth_10,9,2023-10-09,,
growth_10,9,2023-10-16,,
growth_10,9,2023-10-23,,
growth_10,9,2023-10-30,,
growth_10,9,2023-11-06,,
growth_10,9,2023-11-13,,
growth_10,9,2023-11-20,,
growth_10,9,2023-11-27,,
growth_10,9,2023-12-04,,
growth_10,9,2023-12-11,,
growth_10,9,2023-12-18,,
growth_10,9,2023-12-25,,
growth_10,9,2024-01-01,,
growth_10,9,2024-01-08,,
growth_10,9,2024-01-15,,
growth_10,9,2024-01-22,,
growth_10,9,2024-01-29,,
growth_10,9,2024-02-05,8.0,
growth_10,9,2024-02-12,7.0,
growth_10,9,2024-02-19,6.0,
growth_10,9,2024-02-26,5.0,
growth_10,9,2024-03-04,4.0,
growth_10,9,2024-03-11,8.0,
growth_10,9,2024-03-18,7.0,
growth_10,9,2024-03-25,8.0,
growth_10,9,2024-04-01,,
growth_10,9,2024-04-08,,
growth_10,9,2024-04-15,,
growth_10,9,2024-04-22,,
growth_10,9,2024-04-29,,
growth_10,9,2024-05-06,,
growth_10,9,2024-05-13,,
growth_10,9,2024-05-20,,
growth_10,9,2024-05-27,,
growth_10,9,2024-06-03,,
growth_10,9,2024-06-10,,8.0
growth_10,9,2024-06-17,,7.0
growth_10,9,2024-06-24,,6.0
growth_10,9,2024-07-01,,5.0
growth_10,9,2024-07-08,,4.0
growth_10,9,2024-07-15,,3.0
growth_10,9,2024-07-22,,2.0
growth_10,9,2024-07-29,,1.0
growth_10,9,2024-08-05,,
growth_10,9,2024-08-12,,
growth_10,9,2024-08-19,,
growth_10,9,2024-08-26,,
growth_10,9,2024-09-02,,
growth_10,9,2024-09-09,,
growth_10,9,2024-09-16,,
growth_10,9,2024-09-23,,
growth_10,9,2024-10-07,,
growth_10,9,2024-10-14,,
growth_10,9,2024-10-21,,
growth_10,9,2024-10-28,,
growth_10,9,2024-11-04,,
growth_10,10,2023-01-30,3.0,2.0
growth_10,10,2023-02-06,2.0,1.0
growth_10,10,2023-02-13,8.0,
growth_10,10,2023-02-20,7.0,
growth_10,10,2023-02-27,6.0,
growth_10,10,2023-03-06,5.0,
growth_10,10,2023-03-13,4.0,
growth_10,10,2023-03-20,,
growth_10,10,2023-03-27,,
growth_10,10,2023-04-03,,
growth_10,10,2023-04-10,,
growth_10,10,2023-04-17,,
growth_10,10,2023-04-24,,
growth_10,10,2023-05-01,,
growth_10,10,2023-05-08,,8.0
growth_10,10,2023-05-15,,7.0
growth_10,10,2023-05-22,8.0,6.0
growth_10,10,2023-05-29,7.0,5.0
growth_10,10,2023-06-05,6.0,4.0
growth_10,10,2023-06-12,6.0,3.0
growth_10,10,2023-06-19,5.0,2.0
growth_10,10,2023-06-26,4.0,
growth_10,10,2023-07-03,7.0,
growth_10,10,2023-07-10,6.0,
growth_10,10,2023-07-17,,
growth_10,10,2023-07-24,,
growth_10,10,2023-07-31,8.0,
growth_10,10,2023-08-07,8.0,
growth_10,10,2023-08-14,8.0,
growth_10,10,2023-08-21,7.0,
growth_10,10,2023-08-28,6.0,
growth_10,10,2023-09-04,5.0,
growth_10,10,2023-09-11,4.0,
growth_10,10,2023-09-18,8.0,
growth_10,10,2023-09-25,8.0,
growth_10,10,2023-10-02,,
growth_10,10,2023-10-09,,
growth_10,10,2023-10-16,,
growth_10,10,2023-10-23,8.0,
growth_10,10,2023-10-30,8.0,
growth_10,10,2023-11-06,7.0,
growth_10,10,2023-11-13,6.0,
growth_10,10,2023-11-20,5.0,
growth_10,10,2023-11-27,,
growth_10,10,2023-12-04,,
growth_10,10,2023-12-11,,
growth_10,10,2023-12-18,,
growth_10,10,2023-12-25,,
growth_10,10,2024-01-01,,
growth_10,10,2024-01-08,,
growth_10,10,2024-01-15,,
growth_10,10,2024-01-22,,
growth_10,10,2024-01-29,,
growth_10,10,2024-02-05,,
growth_10,10,2024-02-12,,
growth_10,10,2024-02-19,,
growth_10,10,2024-02-26,,
growth_10,10,2024-03-04,,
growth_10,10,2024-03-11,,
growth_10,10,2024-03-18,,
growth_10,10,2024-03-25,,
growth_10,10,2024-04-01,,
growth_10,10,2024-04-08,8.0,
growth_10,10,2024-04-15,7.0,
growth_10,10,2024-04-22,8.0,
growth_10,10,2024-04-29,,
growth_10,10,2024-05-06,,
growth_10,10,2024-05-13,,
growth_10,10,2024-05-20,,
growth_10,10,2024-05-27,,
growth_10,10,2024-06-03,,
growth_10,10,2024-06-10,,
growth_10,10,2024-06-17,,
growth_10,10,2024-06-24,,
growth_10,10,2024-07-01,,
growth_10,10,2024-07-08,,
growth_10,10,2024-07-15,,8.0
growth_10,10,2024-07-22,8.0,7.0
growth_10,10,2024-07-29,7.0,6.0
growth_10,10,2024-08-05,6.0,5.0
growth_10,10,2024-08-12,5.0,4.0
growth_10,10,2024-08-19,5.0,3.0
growth_10,10,2024-08-26,4.0,2.0
growth_10,10,2024-09-02,3.0,1.0
growth_10,10,2024-09-09,8.0,
growth_10,10,2024-09-16,7.0,
growth_10,10,2024-09-23,6.0,8.0
growth_10,10,2024-10-07,5.0,7.0
growth_10,10,2024-10-14,5.0,6.0
growth_10,10,2024-10-21,5.0,5.0
growth_10,10,2024-10-28,4.0,4.0
growth_10,10,2024-11-04,3.0,3.0
growth_10,11,2023-01-30,3.0,2.0
growth_10,11,2023-02-06,3.0,4.0
growth_10,11,2023-02-13,3.0,3.0
growth_10,11,2023-02-20,2.0,2.0
growth_10,11,2023-02-27,3.0,1.0
growth_10,11,2023-03-06,4.0,4.0
growth_10,11,2023-03-13,3.0,3.0
growth_10,11,2023-03-20,3.0,2.0
growth_10,11,2023-03-27,5.0,1.0
growth_10,11,2023-04-03,7.0,
growth_10,11,2023-04-10,7.0,
growth_10,11,2023-04-17,8.0,
growth_10,11,2023-04-24,7.0,
growth_10,11,2023-05-01,7.0,
growth_10,11,2023-05-08,6.0,
growth_10,11,2023-05-15,6.0,8.0
growth_10,11,2023-05-22,5.0,7.0
growth_10,11,2023-05-29,4.0,6.0
growth_10,11,2023-06-05,5.0,5.0
growth_10,11,2023-06-12,5.0,4.0
growth_10,11,2023-06-19,6.0,3.0
growth_10,11,2023-06-26,6.0,2.0
growth_10,11,2023-07-03,5.0,8.0
growth_10,11,2023-07-10,5.0,7.0
growth_10,11,2023-07-17,5.0,6.0
growth_10,11,2023-07-24,5.0,5.0
growth_10,11,2023-07-31,4.0,4.0
growth_10,11,2023-08-07,3.0,3.0
growth_10,11,2023-08-14,3.0,2.0
growth_10,11,2023-08-21,2.0,1.0
growth_10,11,2023-08-28,5.0,3.0
growth_10,11,2023-09-04,4.0,
growth_10,11,2023-09-11,3.0,
growth_10,11,2023-09-18,5.0,
growth_10,11,2023-09-25,5.0,
growth_10,11,2023-10-02,5.0,8.0
growth_10,11,2023-10-09,5.0,7.0
growth_10,11,2023-10-16,4.0,6.0
growth_10,11,2023-10-23,4.0,5.0
growth_10,11,2023-10-30,3.0,4.0
growth_10,11,2023-11-06,3.0,3.0
growth_10,11,2023-11-13,2.0,2.0
growth_10,11,2023-11-20,3.0,1.0
growth_10,11,2023-11-27,7.0,
growth_10,11,2023-12-04,6.0,
growth_10,11,2023-12-11,6.0,
growth_10,11,2023-12-18,5.0,
growth_10,11,2023-12-25,4.0,
growth_10,11,2024-01-01,4.0,
growth_10,11,2024-01-08,4.0,
growth_10,11,2024-01-15,3.0,
growth_10,11,2024-01-22,5.0,
growth_10,11,2024-01-29,4.0,
growth_10,11,2024-02-05,5.0,
growth_10,11,2024-02-12,6.0,
growth_10,11,2024-02-19,,
growth_10,11,2024-02-26,,
growth_10,11,2024-03-04,,
growth_10,11,2024-03-11,8.0,
growth_10,11,2024-03-18,7.0,
growth_10,11,2024-03-25,6.0,
growth_10,11,2024-04-01,6.0,
growth_10,11,2024-04-08,5.0,
growth_10,11,2024-04-15,5.0,
growth_10,11,2024-04-22,6.0,
growth_10,11,2024-04-29,6.0,
growth_10,11,2024-05-06,6.0,
growth_10,11,2024-05-13,5.0,8.0
growth_10,11,2024-05-20,5.0,7.0
growth_10,11,2024-05-27,4.0,6.0
growth_10,11,2024-06-03,4.0,5.0
growth_10,11,2024-06-10,4.0,4.0
growth_10,11,2024-06-17,3.0,3.0
growth_10,11,2024-06-24,2.0,2.0
growth_10,11,2024-07-01,2.0,1.0
growth_10,11,2024-07-08,4.0,8.0
growth_10,11,2024-07-15,5.0,7.0
growth_10,11,2024-07-22,4.0,6.0
growth_10,11,2024-07-29,4.0,5.0
growth_10,11,2024-08-05,4.0,4.0
growth_10,11,2024-08-12,3.0,3.0
growth_10,11,2024-08-19,3.0,2.0
growth_10,11,2024-08-26,2.0,1.0
growth_10,11,2024-09-02,6.0,6.0
growth_10,11,2024-09-09,5.0,5.0
growth_10,11,2024-09-16,4.0,4.0
growth_10,11,2024-09-23,4.0,3.0
growth_10,11,2024-10-07,5.0,2.0
growth_10,11,2024-10-14,4.0,5.0
growth_10,11,2024-10-21,4.0,4.0
growth_10,11,2024-10-28,4.0,
growth_10,11,2024-11-04,3.0,
growth_10,12,2023-01-30,3.0,3.0
growth_10,12,2023-02-06,3.0,5.0
growth_10,12,2023-02-13,3.0,4.0
growth_10,12,2023-02-20,5.0,
growth_10,12,2023-02-27,5.0,8.0
growth_10,12,2023-03-06,4.0,7.0
growth_10,12,2023-03-13,4.0,6.0
growth_10,12,2023-03-20,4.0,5.0
growth_10,12,2023-03-27,4.0,4.0
growth_10,12,2023-04-03,3.0,3.0
growth_10,12,2023-04-10,3.0,2.0
growth_10,12,2023-04-17,2.0,5.0
growth_10,12,2023-04-24,3.0,4.0
growth_10,12,2023-05-01,3.0,3.0
growth_10,12,2023-05-08,5.0,2.0
growth_10,12,2023-05-15,5.0,6.0
growth_10,12,2023-05-22,4.0,5.0
growth_10,12,2023-05-29,4.0,4.0
growth_10,12,2023-06-05,3.0,3.0
growth_10,12,2023-06-12,4.0,5.0
growth_10,12,2023-06-19,4.0,
growth_10,12,2023-06-26,4.0,
growth_10,12,2023-07-03,4.0,
growth_10,12,2023-07-10,4.0,
growth_10,12,2023-07-17,5.0,8.0
growth_10,12,2023-07-24,5.0,7.0
growth_10,12,2023-07-31,5.0,6.0
growth_10,12,2023-08-07,5.0,5.0
growth_10,12,2023-08-14,4.0,4.0
growth_10,12,2023-08-21,3.0,3.0
growth_10,12,2023-08-28,3.0,7.0
growth_10,12,2023-09-04,3.0,6.0
growth_10,12,2023-09-11,4.0,5.0
growth_10,12,2023-09-18,4.0,6.0
growth_10,12,2023-09-25,3.0,5.0
growth_10,12,2023-10-02,4.0,4.0
growth_10,12,2023-10-09,3.0,3.0
growth_10,12,2023-10-16,3.0,2.0
growth_10,12,2023-10-23,2.0,1.0
growth_10,12,2023-10-30,3.0,6.0
growth_10,12,2023-11-06,4.0,5.0
growth_10,12,2023-11-13,4.0,4.0
growth_10,12,2023-11-20,3.0,3.0
growth_10,12,2023-11-27,2.0,2.0
growth_10,12,2023-12-04,4.0,1.0
growth_10,12,2023-12-11,4.0,3.0
growth_10,12,2023-12-18,3.0,3.0
growth_10,12,2023-12-25,2.0,2.0
growth_10,12,2024-01-01,2.0,1.0
growth_10,12,2024-01-08,4.0,6.0
growth_10,12,2024-01-15,4.0,5.0
growth_10,12,2024-01-22,4.0,4.0
growth_10,12,2024-01-29,3.0,3.0
growth_10,12,2024-02-05,2.0,2.0
growth_10,12,2024-02-12,2.0,1.0
growth_10,12,2024-02-19,2.0,1.0
growth_10,12,2024-02-26,7.0,
growth_10,12,2024-03-04,6.0,
growth_10,12,2024-03-11,5.0,
growth_10,12,2024-03-18,4.0,
growth_10,12,2024-03-25,4.0,8.0
growth_10,12,2024-04-01,3.0,7.0
growth_10,12,2024-04-08,3.0,6.0
growth_10,12,2024-04-15,4.0,5.0
growth_10,12,2024-04-22,4.0,4.0
growth_10,12,2024-04-29,4.0,3.0
growth_10,12,2024-05-06,4.0,8.0
growth_10,12,2024-05-13,3.0,7.0
growth_10,12,2024-05-20,4.0,6.0
growth_10,12,2024-05-27,5.0,5.0
growth_10,12,2024-06-03,5.0,6.0
growth_10,12,2024-06-10,4.0,5.0
growth_10,12,2024-06-17,4.0,4.0
growth_10,12,2024-06-24,3.0,3.0
growth_10,12,2024-07-01,3.0,3.0
growth_10,12,2024-07-08,2.0,2.0
growth_10,12,2024-07-15,3.0,5.0
growth_10,12,2024-07-22,4.0,4.0
growth_10,12,2024-07-29,4.0,3.0
growth_10,12,2024-08-05,3.0,3.0
growth_10,12,2024-08-12,2.0,2.0
growth_10,12,2024-08-19,1.0,1.0
growth_10,12,2024-08-26,4.0,4.0
growth_10,12,2024-09-02,3.0,3.0
growth_10,12,2024-09-09,3.0,5.0
growth_10,12,2024-09-16,3.0,4.0
growth_10,12,2024-09-23,4.0,3.0
growth_10,12,2024-10-07,3.0,5.0
growth_10,12,2024-10-14,3.0,5.0
growth_10,12,2024-10-21,3.0,4.0
growth_10,12,2024-10-28,3.0,3.0
growth_10,12,2024-11-04,3.0,2.0
growth_10,13,2023-01-30,5.0,8.0
growth_10,13,2023-02-06,5.0,7.0
growth_10,13,2023-02-13,6.0,6.0
growth_10,13,2023-02-20,5.0,5.0
growth_10,13,2023-02-27,6.0,4.0
growth_10,13,2023-03-06,5.0,3.0
growth_10,13,2023-03-13,5.0,2.0
growth_10,13,2023-03-20,4.0,7.0
growth_10,13,2023-03-27,5.0,6.0
growth_10,13,2023-04-03,4.0,5.0
growth_10,13,2023-04-10,4.0,4.0
growth_10,13,2023-04-17,3.0,3.0
growth_10,13,2023-04-24,2.0,2.0
growth_10,13,2023-05-01,5.0,1.0
growth_10,13,2023-05-08,5.0,
growth_10,13,2023-05-15,5.0,7.0
growth_10,13,2023-05-22,5.0,6.0
growth_10,13,2023-05-29,4.0,5.0
growth_10,13,2023-06-05,4.0,6.0
growth_10,13,2023-06-12,4.0,5.0
growth_10,13,2023-06-19,4.0,4.0
growth_10,13,2023-06-26,3.0,3.0
growth_10,13,2023-07-03,3.0,2.0
growth_10,13,2023-07-10,3.0,4.0
growth_10,13,2023-07-17,3.0,7.0
growth_10,13,2023-07-24,3.0,6.0
growth_10,13,2023-07-31,4.0,5.0
growth_10,13,2023-08-07,4.0,4.0
growth_10,13,2023-08-14,3.0,3.0
growth_10,13,2023-08-21,3.0,2.0
growth_10,13,2023-08-28,2.0,1.0
growth_10,13,2023-09-04,3.0,5.0
growth_10,13,2023-09-11,4.0,4.0
growth_10,13,2023-09-18,3.0,3.0
growth_10,13,2023-09-25,3.0,2.0
growth_10,13,2023-10-02,2.0,4.0
growth_10,13,2023-10-09,3.0,3.0
growth_10,13,2023-10-16,2.0,2.0
growth_10,13,2023-10-23,2.0,2.0
growth_10,13,2023-10-30,3.0,5.0
growth_10,13,2023-11-06,4.0,4.0
growth_10,13,2023-11-13,5.0,3.0
growth_10,13,2023-11-20,4.0,2.0
growth_10,13,2023-11-27,6.0,6.0
growth_10,13,2023-12-04,5.0,5.0
growth_10,13,2023-12-11,4.0,4.0
growth_10,13,2023-12-18,4.0,3.0
growth_10,13,2023-12-25,4.0,2.0
growth_10,13,2024-01-01,3.0,
growth_10,13,2024-01-08,4.0,
growth_10,13,2024-01-15,3.0,
growth_10,13,2024-01-22,5.0,
growth_10,13,2024-01-29,5.0,
growth_10,13,2024-02-05,5.0,
growth_10,13,2024-02-12,4.0,
growth_10,13,2024-02-19,6.0,
growth_10,13,2024-02-26,7.0,
growth_10,13,2024-03-04,6.0,
growth_10,13,2024-03-11,5.0,
growth_10,13,2024-03-18,5.0,
growth_10,13,2024-03-25,4.0,
growth_10,13,2024-04-01,5.0,
growth_10,13,2024-04-08,5.0,
growth_10,13,2024-04-15,5.0,
growth_10,13,2024-04-22,6.0,
growth_10,13,2024-04-29,5.0,
growth_10,13,2024-05-06,5.0,8.0
growth_10,13,2024-05-13,6.0,7.0
growth_10,13,2024-05-20,5.0,6.0
growth_10,13,2024-05-27,4.0,5.0
growth_10,13,2024-06-03,4.0,4.0
growth_10,13,2024-06-10,3.0,3.0
growth_10,13,2024-06-17,2.0,2.0
growth_10,13,2024-06-24,3.0,1.0
growth_10,13,2024-07-01,3.0,2.0
growth_10,13,2024-07-08,2.0,4.0
growth_10,13,2024-07-15,3.0,3.0
growth_10,13,2024-07-22,4.0,2.0
growth_10,13,2024-07-29,3.0,1.0
growth_10,13,2024-08-05,4.0,6.0
growth_10,13,2024-08-12,4.0,5.0
growth_10,13,2024-08-19,4.0,4.0
growth_10,13,2024-08-26,4.0,3.0
growth_10,13,2024-09-02,3.0,2.0
growth_10,13,2024-09-09,2.0,2.0
growth_10,13,2024-09-16,4.0,4.0
growth_10,13,2024-09-23,4.0,3.0
growth_10,13,2024-10-07,3.0,2.0
growth_10,13,2024-10-14,2.0,3.0
growth_10,13,2024-10-21,2.0,4.0
growth_10,13,2024-10-28,3.0,3.0
growth_10,13,2024-11-04,5.0,5.0
growth_10,14,2023-01-30,7.0,7.0
growth_10,14,2023-02-06,6.0,6.0
growth_10,14,2023-02-13,5.0,5.0
growth_10,14,2023-02-20,5.0,4.0
growth_10,14,2023-02-27,4.0,6.0
growth_10,14,2023-03-06,4.0,5.0
growth_10,14,2023-03-13,4.0,4.0
growth_10,14,2023-03-20,3.0,3.0
growth_10,14,2023-03-27,3.0,2.0
growth_10,14,2023-04-03,2.0,1.0
growth_10,14,2023-04-10,3.0,1.0
growth_10,14,2023-04-17,3.0,2.0
growth_10,14,2023-04-24,3.0,1.0
growth_10,14,2023-05-01,5.0,
growth_10,14,2023-05-08,5.0,
growth_10,14,2023-05-15,5.0,8.0
growth_10,14,2023-05-22,4.0,7.0
growth_10,14,2023-05-29,6.0,6.0
growth_10,14,2023-06-05,5.0,5.0
growth_10,14,2023-06-12,4.0,4.0
growth_10,14,2023-06-19,4.0,3.0
growth_10,14,2023-06-26,4.0,8.0
growth_10,14,2023-07-03,4.0,7.0
growth_10,14,2023-07-10,4.0,6.0
growth_10,14,2023-07-17,4.0,5.0
growth_10,14,2023-07-24,3.0,4.0
growth_10,14,2023-07-31,3.0,3.0
growth_10,14,2023-08-07,2.0,2.0
growth_10,14,2023-08-14,2.0,1.0
growth_10,14,2023-08-21,6.0,
growth_10,14,2023-08-28,6.0,
growth_10,14,2023-09-04,5.0,8.0
growth_10,14,2023-09-11,5.0,7.0
growth_10,14,2023-09-18,5.0,6.0
growth_10,14,2023-09-25,5.0,5.0
growth_10,14,2023-10-02,4.0,4.0
growth_10,14,2023-10-09,3.0,3.0
growth_10,14,2023-10-16,2.0,2.0
growth_10,14,2023-10-23,2.0,1.0
growth_10,14,2023-10-30,4.0,3.0
growth_10,14,2023-11-06,3.0,3.0
growth_10,14,2023-11-13,3.0,3.0
growth_10,14,2023-11-20,2.0,2.0
growth_10,14,2023-11-27,2.0,1.0
growth_10,14,2023-12-04,5.0,5.0
growth_10,14,2023-12-11,5.0,4.0
growth_10,14,2023-12-18,4.0,3.0
growth_10,14,2023-12-25,3.0,
growth_10,14,2024-01-01,3.0,
growth_10,14,2024-01-08,5.0,
growth_10,14,2024-01-15,5.0,
growth_10,14,2024-01-22,6.0,
growth_10,14,2024-01-29,5.0,
growth_10,14,2024-02-05,4.0,
growth_10,14,2024-02-12,4.0,8.0
growth_10,14,2024-02-19,7.0,7.0
growth_10,14,2024-02-26,6.0,6.0
growth_10,14,2024-03-04,6.0,5.0
growth_10,14,2024-03-11,5.0,4.0
growth_10,14,2024-03-18,4.0,3.0
growth_10,14,2024-03-25,3.0,2.0
growth_10,14,2024-04-01,2.0,2.0
growth_10,14,2024-04-08,4.0,4.0
growth_10,14,2024-04-15,4.0,3.0
growth_10,14,2024-04-22,3.0,2.0
growth_10,14,2024-04-29,3.0,
growth_10,14,2024-05-06,4.0,
growth_10,14,2024-05-13,3.0,
growth_10,14,2024-05-20,4.0,
growth_10,14,2024-05-27,4.0,
growth_10,14,2024-06-03,5.0,8.0
growth_10,14,2024-06-10,4.0,7.0
growth_10,14,2024-06-17,4.0,6.0
growth_10,14,2024-06-24,3.0,5.0
growth_10,14,2024-07-01,3.0,4.0
growth_10,14,2024-07-08,3.0,3.0
growth_10,14,2024-07-15,3.0,2.0
growth_10,14,2024-07-22,3.0,1.0
growth_10,14,2024-07-29,3.0,2.0
growth_10,14,2024-08-05,2.0,2.0
growth_10,14,2024-08-12,4.0,5.0
growth_10,14,2024-08-19,4.0,4.0
growth_10,14,2024-08-26,3.0,5.0
growth_10,14,2024-09-02,3.0,4.0
growth_10,14,2024-09-09,3.0,3.0
growth_10,14,2024-09-16,2.0,2.0
growth_10,14,2024-09-23,3.0,1.0
growth_10,14,2024-10-07,3.0,3.0
growth_10,14,2024-10-14,2.0,2.0
growth_10,14,2024-10-21,1.0,1.0
growth_10,14,2024-10-28,3.0,3.0
growth_10,14,2024-11-04,3.0,2.0
growth_10,15,2023-01-30,,
growth_10,15,2023-02-06,,
growth_10,15,2023-02-13,,
growth_10,15,2023-02-20,,
growth_10,15,2023-02-27,8.0,
growth_10,15,2023-03-06,7.0,
growth_10,15,2023-03-13,,
growth_10,15,2023-03-20,8.0,8.0
growth_10,15,2023-03-27,7.0,7.0
growth_10,15,2023-04-03,6.0,6.0
growth_10,15,2023-04-10,5.0,5.0
growth_10,15,2023-04-17,4.0,4.0
growth_10,15,2023-04-24,3.0,3.0
growth_10,15,2023-05-01,2.0,2.0
growth_10,15,2023-05-08,1.0,1.0
growth_10,15,2023-05-15,,
growth_10,15,2023-05-22,,
growth_10,15,2023-05-29,,
growth_10,15,2023-06-05,,
growth_10,15,2023-06-12,,
growth_10,15,2023-06-19,,
growth_10,15,2023-06-26,,
growth_10,15,2023-07-03,,
growth_10,15,2023-07-10,,
growth_10,15,2023-07-17,,
growth_10,15,2023-07-24,,
growth_10,15,2023-07-31,,
growth_10,15,2023-08-07,,
growth_10,15,2023-08-14,,
growth_10,15,2023-08-21,,
growth_10,15,2023-08-28,,
growth_10,15,2023-09-04,,
growth_10,15,2023-09-11,,
growth_10,15,2023-09-18,,
growth_10,15,2023-09-25,,
growth_10,15,2023-10-02,,
growth_10,15,2023-10-09,,
growth_10,15,2023-10-16,,
growth_10,15,2023-10-23,,
growth_10,15,2023-10-30,,
growth_10,15,2023-11-06,,
growth_10,15,2023-11-13,,
growth_10,15,2023-11-20,,
growth_10,15,2023-11-27,,
growth_10,15,2023-12-04,,
growth_10,15,2023-12-11,,
growth_10,15,2023-12-18,,
growth_10,15,2023-12-25,8.0,8.0
growth_10,15,2024-01-01,7.0,7.0
growth_10,15,2024-01-08,6.0,6.0
growth_10,15,2024-01-15,,5.0
growth_10,15,2024-01-22,,4.0
growth_10,15,2024-01-29,,3.0
growth_10,15,2024-02-05,,2.0
growth_10,15,2024-02-12,,1.0
growth_10,15,2024-02-19,,
growth_10,15,2024-02-26,,
growth_10,15,2024-03-04,,
growth_10,15,2024-03-11,,
growth_10,15,2024-03-18,,
growth_10,15,2024-03-25,,
growth_10,15,2024-04-01,,
growth_10,15,2024-04-08,,
growth_10,15,2024-04-15,,
growth_10,15,2024-04-22,,
growth_10,15,2024-04-29,,
growth_10,15,2024-05-06,,
growth_10,15,2024-05-13,,
growth_10,15,2024-05-20,,
growth_10,15,2024-05-27,,
growth_10,15,2024-06-03,,
growth_10,15,2024-06-10,,
growth_10,15,2024-06-17,,
growth_10,15,2024-06-24,,
growth_10,15,2024-07-01,,
growth_10,15,2024-07-08,,
growth_10,15,2024-07-15,,
growth_10,15,2024-07-22,,
growth_10,15,2024-07-29,,
growth_10,15,2024-08-05,,
growth_10,15,2024-08-12,,
growth_10,15,2024-08-19,,
growth_10,15,2024-08-26,,
growth_10,15,2024-09-02,,
growth_10,15,2024-09-09,,
growth_10,15,2024-09-16,,
growth_10,15,2024-09-23,,
growth_10,15,2024-10-07,,
growth_10,15,2024-10-14,,
growth_10,15,2024-10-21,,
growth_10,15,2024-10-28,,
growth_10,15,2024-11-04,,
growth_10,16,2023-01-30,4.0,4.0
growth_10,16,2023-02-06,3.0,3.0
growth_10,16,2023-02-13,2.0,2.0
growth_10,16,2023-02-20,1.0,1.0
growth_10,16,2023-02-27,,
growth_10,16,2023-03-06,,
growth_10,16,2023-03-13,,
growth_10,16,2023-03-20,,
growth_10,16,2023-03-27,,
growth_10,16,2023-04-03,,
growth_10,16,2023-04-10,,
growth_10,16,2023-04-17,,
growth_10,16,2023-04-24,8.0,
growth_10,16,2023-05-01,7.0,
growth_10,16,2023-05-08,6.0,
growth_10,16,2023-05-15,6.0,
growth_10,16,2023-05-22,6.0,
growth_10,16,2023-05-29,5.0,
growth_10,16,2023-06-05,4.0,
growth_10,16,2023-06-12,4.0,
growth_10,16,2023-06-19,5.0,
growth_10,16,2023-06-26,4.0,
growth_10,16,2023-07-03,4.0,
growth_10,16,2023-07-10,,
growth_10,16,2023-07-17,,
growth_10,16,2023-07-24,,
growth_10,16,2023-07-31,,
growth_10,16,2023-08-07,,
growth_10,16,2023-08-14,,
growth_10,16,2023-08-21,,
growth_10,16,2023-08-28,,
growth_10,16,2023-09-04,,
growth_10,16,2023-09-11,,
growth_10,16,2023-09-18,,
growth_10,16,2023-09-25,,
growth_10,16,2023-10-02,,
growth_10,16,2023-10-09,,
growth_10,16,2023-10-16,,
growth_10,16,2023-10-23,,
growth_10,16,2023-10-30,,
growth_10,16,2023-11-06,,
growth_10,16,2023-11-13,,
growth_10,16,2023-11-20,,
growth_10,16,2023-11-27,,
growth_10,16,2023-12-04,8.0,8.0
growth_10,16,2023-12-11,7.0,
growth_10,16,2023-12-18,6.0,
growth_10,16,2023-12-25,5.0,
growth_10,16,2024-01-01,4.0,
growth_10,16,2024-01-08,4.0,
growth_10,16,2024-01-15,3.0,
growth_10,16,2024-01-22,3.0,8.0
growth_10,16,2024-01-29,,7.0
growth_10,16,2024-02-05,8.0,6.0
growth_10,16,2024-02-12,7.0,5.0
growth_10,16,2024-02-19,6.0,4.0
growth_10,16,2024-02-26,5.0,3.0
growth_10,16,2024-03-04,5.0,2.0
growth_10,16,2024-03-11,4.0,1.0
growth_10,16,2024-03-18,,
growth_10,16,2024-03-25,,
growth_10,16,2024-04-01,,
growth_10,16,2024-04-08,,
growth_10,16,2024-04-15,,
growth_10,16,2024-04-22,,
growth_10,16,2024-04-29,,
growth_10,16,2024-05-06,,
growth_10,16,2024-05-13,,
growth_10,16,2024-05-20,,
growth_10,16,2024-05-27,,
growth_10,16,2024-06-03,,
growth_10,16,2024-06-10,,
growth_10,16,2024-06-17,,
growth_10,16,2024-06-24,,
growth_10,16,2024-07-01,,
growth_10,16,2024-07-08,,
growth_10,16,2024-07-15,,
growth_10,16,2024-07-22,,
growth_10,16,2024-07-29,,
growth_10,16,2024-08-05,,
growth_10,16,2024-08-12,,
growth_10,16,2024-08-19,,
growth_10,16,2024-08-26,,
growth_10,16,2024-09-02,,
growth_10,16,2024-09-09,,
growth_10,16,2024-09-16,,
growth_10,16,2024-09-23,,
growth_10,16,2024-10-07,,
growth_10,16,2024-10-14,,
growth_10,16,2024-10-21,,
growth_10,16,2024-10-28,,
growth_10,16,2024-11-04,,
growth_10,17,2023-01-30,3.0,3.0
growth_10,17,2023-02-06,3.0,2.0
growth_10,17,2023-02-13,2.0,1.0
growth_10,17,2023-02-20,3.0,1.0
growth_10,17,2023-02-27,3.0,2.0
growth_10,17,2023-03-06,,
growth_10,17,2023-03-13,,
growth_10,17,2023-03-20,,
growth_10,17,2023-03-27,8.0,
growth_10,17,2023-04-03,7.0,
growth_10,17,2023-04-10,7.0,
growth_10,17,2023-04-17,6.0,
growth_10,17,2023-04-24,,
growth_10,17,2023-05-01,8.0,
growth_10,17,2023-05-08,8.0,8.0
growth_10,17,2023-05-15,7.0,7.0
growth_10,17,2023-05-22,6.0,6.0
growth_10,17,2023-05-29,5.0,5.0
growth_10,17,2023-06-05,4.0,4.0
growth_10,17,2023-06-12,,3.0
growth_10,17,2023-06-19,,
growth_10,17,2023-06-26,8.0,
growth_10,17,2023-07-03,7.0,
growth_10,17,2023-07-10,6.0,
growth_10,17,2023-07-17,8.0,8.0
growth_10,17,2023-07-24,7.0,7.0
growth_10,17,2023-07-31,6.0,6.0
growth_10,17,2023-08-07,5.0,5.0
growth_10,17,2023-08-14,4.0,4.0
growth_10,17,2023-08-21,4.0,3.0
growth_10,17,2023-08-28,3.0,2.0
growth_10,17,2023-09-04,5.0,1.0
growth_10,17,2023-09-11,6.0,
growth_10,17,2023-09-18,6.0,
growth_10,17,2023-09-25,5.0,
growth_10,17,2023-10-02,5.0,
growth_10,17,2023-10-09,4.0,
growth_10,17,2023-10-16,3.0,
growth_10,17,2023-10-23,,
growth_10,17,2023-10-30,,
growth_10,17,2023-11-06,,
growth_10,17,2023-11-13,,
growth_10,17,2023-11-20,,
growth_10,17,2023-11-27,8.0,
growth_10,17,2023-12-04,7.0,
growth_10,17,2023-12-11,6.0,
growth_10,17,2023-12-18,5.0,
growth_10,17,2023-12-25,5.0,
growth_10,17,2024-01-01,4.0,
growth_10,17,2024-01-08,5.0,
growth_10,17,2024-01-15,6.0,
growth_10,17,2024-01-22,7.0,
growth_10,17,2024-01-29,7.0,
growth_10,17,2024-02-05,6.0,
growth_10,17,2024-02-12,5.0,
growth_10,17,2024-02-19,6.0,
growth_10,17,2024-02-26,7.0,
growth_10,17,2024-03-04,6.0,8.0
growth_10,17,2024-03-11,5.0,7.0
growth_10,17,2024-03-18,6.0,6.0
growth_10,17,2024-03-25,5.0,5.0
growth_10,17,2024-04-01,4.0,4.0
growth_10,17,2024-04-08,4.0,3.0
growth_10,17,2024-04-15,4.0,
growth_10,17,2024-04-22,6.0,
growth_10,17,2024-04-29,,
growth_10,17,2024-05-06,,
growth_10,17,2024-05-13,,
growth_10,17,2024-05-20,,
growth_10,17,2024-05-27,,
growth_10,17,2024-06-03,,
growth_10,17,2024-06-10,8.0,
growth_10,17,2024-06-17,8.0,
growth_10,17,2024-06-24,7.0,
growth_10,17,2024-07-01,7.0,
growth_10,17,2024-07-08,7.0,
growth_10,17,2024-07-15,,
growth_10,17,2024-07-22,,
growth_10,17,2024-07-29,8.0,
growth_10,17,2024-08-05,8.0,
growth_10,17,2024-08-12,7.0,
growth_10,17,2024-08-19,6.0,
growth_10,17,2024-08-26,5.0,
growth_10,17,2024-09-02,6.0,
growth_10,17,2024-09-09,8.0,
growth_10,17,2024-09-16,8.0,
growth_10,17,2024-09-23,7.0,
growth_10,17,2024-10-07,,
growth_10,17,2024-10-14,,
growth_10,17,2024-10-21,8.0,
growth_10,17,2024-10-28,7.0,
growth_10,17,2024-11-04,7.0,
growth_10,18,2023-01-30,4.0,4.0
growth_10,18,2023-02-06,3.0,3.0
growth_10,18,2023-02-13,2.0,2.0
growth_10,18,2023-02-20,1.0,1.0
growth_10,18,2023-02-27,3.0,1.0
growth_10,18,2023-03-06,,
growth_10,18,2023-03-13,,
growth_10,18,2023-03-20,,
growth_10,18,2023-03-27,,
growth_10,18,2023-04-03,,
growth_10,18,2023-04-10,8.0,
growth_10,18,2023-04-17,7.0,
growth_10,18,2023-04-24,6.0,
growth_10,18,2023-05-01,6.0,
growth_10,18,2023-05-08,,
growth_10,18,2023-05-15,,
growth_10,18,2023-05-22,,
growth_10,18,2023-05-29,,
growth_10,18,2023-06-05,,
growth_10,18,2023-06-12,,
growth_10,18,2023-06-19,,
growth_10,18,2023-06-26,,
growth_10,18,2023-07-03,,
growth_10,18,2023-07-10,,
growth_10,18,2023-07-17,,
growth_10,18,2023-07-24,,
growth_10,18,2023-07-31,,
growth_10,18,2023-08-07,8.0,
growth_10,18,2023-08-14,8.0,
growth_10,18,2023-08-21,8.0,
growth_10,18,2023-08-28,,
growth_10,18,2023-09-04,,
growth_10,18,2023-09-11,,
growth_10,18,2023-09-18,,
growth_10,18,2023-09-25,,
growth_10,18,2023-10-02,,
growth_10,18,2023-10-09,,
growth_10,18,2023-10-16,,
growth_10,18,2023-10-23,,
growth_10,18,2023-10-30,8.0,8.0
growth_10,18,2023-11-06,7.0,7.0
growth_10,18,2023-11-13,,6.0
growth_10,18,2023-11-20,8.0,5.0
growth_10,18,2023-11-27,7.0,4.0
growth_10,18,2023-12-04,7.0,3.0
growth_10,18,2023-12-11,6.0,2.0
growth_10,18,2023-12-18,5.0,1.0
growth_10,18,2023-12-25,,
growth_10,18,2024-01-01,,
growth_10,18,2024-01-08,,
growth_10,18,2024-01-15,,
growth_10,18,2024-01-22,,
growth_10,18,2024-01-29,,8.0
growth_10,18,2024-02-05,8.0,7.0
growth_10,18,2024-02-12,7.0,6.0
growth_10,18,2024-02-19,6.0,5.0
growth_10,18,2024-02-26,5.0,4.0
growth_10,18,2024-03-04,4.0,3.0
growth_10,18,2024-03-11,3.0,2.0
growth_10,18,2024-03-18,2.0,1.0
growth_10,18,2024-03-25,7.0,
growth_10,18,2024-04-01,7.0,
growth_10,18,2024-04-08,6.0,
growth_10,18,2024-04-15,5.0,
growth_10,18,2024-04-22,4.0,
growth_10,18,2024-04-29,3.0,
growth_10,18,2024-05-06,3.0,
growth_10,18,2024-05-13,,
growth_10,18,2024-05-20,,
growth_10,18,2024-05-27,,
growth_10,18,2024-06-03,,
growth_10,18,2024-06-10,,
growth_10,18,2024-06-17,,
growth_10,18,2024-06-24,,
growth_10,18,2024-07-01,,
growth_10,18,2024-07-08,,
growth_10,18,2024-07-15,,
growth_10,18,2024-07-22,,
growth_10,18,2024-07-29,,
growth_10,18,2024-08-05,,
growth_10,18,2024-08-12,8.0,8.0
growth_10,18,2024-08-19,7.0,7.0
growth_10,18,2024-08-26,6.0,6.0
growth_10,18,2024-09-02,5.0,5.0
growth_10,18,2024-09-09,,4.0
growth_10,18,2024-09-16,,3.0
growth_10,18,2024-09-23,,2.0
growth_10,18,2024-10-07,,1.0
growth_10,18,2024-10-14,8.0,6.0
growth_10,18,2024-10-21,7.0,5.0
growth_10,18,2024-10-28,6.0,4.0
growth_10,18,2024-11-04,5.0,
growth_10,19,2023-01-30,3.0,7.0
growth_10,19,2023-02-06,5.0,6.0
growth_10,19,2023-02-13,5.0,5.0
growth_10,19,2023-02-20,4.0,4.0
growth_10,19,2023-02-27,4.0,3.0
growth_10,19,2023-03-06,4.0,2.0
growth_10,19,2023-03-13,4.0,
growth_10,19,2023-03-20,4.0,
growth_10,19,2023-03-27,3.0,8.0
growth_10,19,2023-04-03,3.0,7.0
growth_10,19,2023-04-10,4.0,6.0
growth_10,19,2023-04-17,5.0,5.0
growth_10,19,2023-04-24,5.0,4.0
growth_10,19,2023-05-01,4.0,3.0
growth_10,19,2023-05-08,3.0,2.0
growth_10,19,2023-05-15,3.0,1.0
growth_10,19,2023-05-22,3.0,4.0
growth_10,19,2023-05-29,3.0,3.0
growth_10,19,2023-06-05,3.0,
growth_10,19,2023-06-12,4.0,
growth_10,19,2023-06-19,6.0,
growth_10,19,2023-06-26,,
growth_10,19,2023-07-03,8.0,8.0
growth_10,19,2023-07-10,8.0,7.0
growth_10,19,2023-07-17,7.0,6.0
growth_10,19,2023-07-24,7.0,5.0
growth_10,19,2023-07-31,6.0,4.0
growth_10,19,2023-08-07,6.0,3.0
growth_10,19,2023-08-14,5.0,8.0
growth_10,19,2023-08-21,4.0,7.0
growth_10,19,2023-08-28,6.0,6.0
growth_10,19,2023-09-04,5.0,5.0
growth_10,19,2023-09-11,4.0,4.0
growth_10,19,2023-09-18,4.0,3.0
growth_10,19,2023-09-25,3.0,3.0
growth_10,19,2023-10-02,2.0,
growth_10,19,2023-10-09,8.0,
growth_10,19,2023-10-16,8.0,
growth_10,19,2023-10-23,8.0,
growth_10,19,2023-10-30,7.0,
growth_10,19,2023-11-06,6.0,
growth_10,19,2023-11-13,8.0,8.0
growth_10,19,2023-11-20,7.0,7.0
growth_10,19,2023-11-27,6.0,6.0
growth_10,19,2023-12-04,5.0,5.0
growth_10,19,2023-12-11,4.0,4.0
growth_10,19,2023-12-18,3.0,3.0
growth_10,19,2023-12-25,2.0,2.0
growth_10,19,2024-01-01,1.0,1.0
growth_10,19,2024-01-08,6.0,7.0
growth_10,19,2024-01-15,5.0,6.0
growth_10,19,2024-01-22,4.0,5.0
growth_10,19,2024-01-29,4.0,4.0
growth_10,19,2024-02-05,3.0,3.0
growth_10,19,2024-02-12,3.0,2.0
growth_10,19,2024-02-19,2.0,3.0
growth_10,19,2024-02-26,2.0,2.0
growth_10,19,2024-03-04,4.0,6.0
growth_10,19,2024-03-11,5.0,5.0
growth_10,19,2024-03-18,4.0,4.0
growth_10,19,2024-03-25,4.0,3.0
growth_10,19,2024-04-01,5.0,2.0
growth_10,19,2024-04-08,5.0,
growth_10,19,2024-04-15,6.0,
growth_10,19,2024-04-22,5.0,
growth_10,19,2024-04-29,7.0,
growth_10,19,2024-05-06,7.0,8.0
growth_10,19,2024-05-13,6.0,7.0
growth_10,19,2024-05-20,6.0,6.0
growth_10,19,2024-05-27,5.0,5.0
growth_10,19,2024-06-03,4.0,4.0
growth_10,19,2024-06-10,3.0,3.0
growth_10,19,2024-06-17,3.0,
growth_10,19,2024-06-24,3.0,
growth_10,19,2024-07-01,4.0,
growth_10,19,2024-07-08,4.0,
growth_10,19,2024-07-15,5.0,
growth_10,19,2024-07-22,7.0,
growth_10,19,2024-07-29,7.0,
growth_10,19,2024-08-05,7.0,
growth_10,19,2024-08-12,8.0,
growth_10,19,2024-08-19,7.0,
growth_10,19,2024-08-26,6.0,
growth_10,19,2024-09-02,5.0,8.0
growth_10,19,2024-09-09,5.0,7.0
growth_10,19,2024-09-16,5.0,6.0
growth_10,19,2024-09-23,5.0,5.0
growth_10,19,2024-10-07,4.0,4.0
growth_10,19,2024-10-14,3.0,3.0
growth_10,19,2024-10-21,2.0,2.0
growth_10,19,2024-10-28,2.0,1.0
growth_10,19,2024-11-04,8.0,1.0
growth_10,20,2023-01-30,5.0,3.0
growth_10,20,2023-02-06,4.0,2.0
growth_10,20,2023-02-13,4.0,1.0
growth_10,20,2023-02-20,6.0,6.0
growth_10,20,2023-02-27,5.0,5.0
growth_10,20,2023-03-06,4.0,4.0
growth_10,20,2023-03-13,3.0,3.0
growth_10,20,2023-03-20,2.0,2.0
growth_10,20,2023-03-27,1.0,1.0
growth_10,20,2023-04-03,,
growth_10,20,2023-04-10,,
growth_10,20,2023-04-17,,
growth_10,20,2023-04-24,,
growth_10,20,2023-05-01,,
growth_10,20,2023-05-08,,
growth_10,20,2023-05-15,,
growth_10,20,2023-05-22,,
growth_10,20,2023-05-29,,
growth_10,20,2023-06-05,,
growth_10,20,2023-06-12,,
growth_10,20,2023-06-19,,
growth_10,20,2023-06-26,,
growth_10,20,2023-07-03,,
growth_10,20,2023-07-10,,
growth_10,20,2023-07-17,,
growth_10,20,2023-07-24,,
growth_10,20,2023-07-31,,
growth_10,20,2023-08-07,,
growth_10,20,2023-08-14,,
growth_10,20,2023-08-21,,
growth_10,20,2023-08-28,,
growth_10,20,2023-09-04,,
growth_10,20,2023-09-11,,
growth_10,20,2023-09-18,,
growth_10,20,2023-09-25,,
growth_10,20,2023-10-02,,
growth_10,20,2023-10-09,,
growth_10,20,2023-10-16,,
growth_10,20,2023-10-23,,
growth_10,20,2023-10-30,,
growth_10,20,2023-11-06,,
growth_10,20,2023-11-13,,
growth_10,20,2023-11-20,,
growth_10,20,2023-11-27,,
growth_10,20,2023-12-04,8.0,8.0
growth_10,20,2023-12-11,7.0,7.0
growth_10,20,2023-12-18,6.0,6.0
growth_10,20,2023-12-25,5.0,5.0
growth_10,20,2024-01-01,4.0,4.0
growth_10,20,2024-01-08,3.0,3.0
growth_10,20,2024-01-15,3.0,2.0
growth_10,20,2024-01-22,2.0,1.0
growth_10,20,2024-01-29,,
growth_10,20,2024-02-05,,
growth_10,20,2024-02-12,,
growth_10,20,2024-02-19,,
growth_10,20,2024-02-26,,
growth_10,20,2024-03-04,,
growth_10,20,2024-03-11,,
growth_10,20,2024-03-18,,
growth_10,20,2024-03-25,,
growth_10,20,2024-04-01,,
growth_10,20,2024-04-08,,
growth_10,20,2024-04-15,,
growth_10,20,2024-04-22,,
growth_10,20,2024-04-29,,
growth_10,20,2024-05-06,,
growth_10,20,2024-05-13,,
growth_10,20,2024-05-20,,
growth_10,20,2024-05-27,,
growth_10,20,2024-06-03,,
growth_10,20,2024-06-10,,
growth_10,20,2024-06-17,,
growth_10,20,2024-06-24,,
growth_10,20,2024-07-01,,
growth_10,20,2024-07-08,,
growth_10,20,2024-07-15,,
growth_10,20,2024-07-22,,
growth_10,20,2024-07-29,,
growth_10,20,2024-08-05,,
growth_10,20,2024-08-12,,
growth_10,20,2024-08-19,,
growth_10,20,2024-08-26,,
growth_10,20,2024-09-02,,
growth_10,20,2024-09-09,,
growth_10,20,2024-09-16,,
growth_10,20,2024-09-23,,
growth_10,20,2024-10-07,,
growth_10,20,2024-10-14,,
growth_10,20,2024-10-21,,
growth_10,20,2024-10-28,,
growth_10,20,2024-11-04,,
growth_10,21,2023-01-30,4.0,2.0
growth_10,21,2023-02-06,3.0,
growth_10,21,2023-02-13,5.0,
growth_10,21,2023-02-20,6.0,
growth_10,21,2023-02-27,,
growth_10,21,2023-03-06,,
growth_10,21,2023-03-13,,
growth_10,21,2023-03-20,,8.0
growth_10,21,2023-03-27,,7.0
growth_10,21,2023-04-03,,6.0
growth_10,21,2023-04-10,,
growth_10,21,2023-04-17,,
growth_10,21,2023-04-24,,
growth_10,21,2023-05-01,,
growth_10,21,2023-05-08,,
growth_10,21,2023-05-15,,
growth_10,21,2023-05-22,,
growth_10,21,2023-05-29,8.0,
growth_10,21,2023-06-05,8.0,
growth_10,21,2023-06-12,7.0,
growth_10,21,2023-06-19,6.0,
growth_10,21,2023-06-26,6.0,
growth_10,21,2023-07-03,8.0,
growth_10,21,2023-07-10,8.0,
growth_10,21,2023-07-17,,
growth_10,21,2023-07-24,,
growth_10,21,2023-07-31,,
growth_10,21,2023-08-07,,
growth_10,21,2023-08-14,,
growth_10,21,2023-08-21,,
growth_10,21,2023-08-28,,
growth_10,21,2023-09-04,,
growth_10,21,2023-09-11,,
growth_10,21,2023-09-18,,
growth_10,21,2023-09-25,,
growth_10,21,2023-10-02,,
growth_10,21,2023-10-09,,
growth_10,21,2023-10-16,,
growth_10,21,2023-10-23,,
growth_10,21,2023-10-30,,
growth_10,21,2023-11-06,,8.0
growth_10,21,2023-11-13,,7.0
growth_10,21,2023-11-20,,6.0
growth_10,21,2023-11-27,,5.0
growth_10,21,2023-12-04,,
growth_10,21,2023-12-11,,
growth_10,21,2023-12-18,,
growth_10,21,2023-12-25,,
growth_10,21,2024-01-01,,
growth_10,21,2024-01-08,,
growth_10,21,2024-01-15,,
growth_10,21,2024-01-22,,
growth_10,21,2024-01-29,,
growth_10,21,2024-02-05,,
growth_10,21,2024-02-12,,
growth_10,21,2024-02-19,,
growth_10,21,2024-02-26,,
growth_10,21,2024-03-04,,
growth_10,21,2024-03-11,,
growth_10,21,2024-03-18,,
growth_10,21,2024-03-25,,
growth_10,21,2024-04-01,,
growth_10,21,2024-04-08,,
growth_10,21,2024-04-15,,
growth_10,21,2024-04-22,,
growth_10,21,2024-04-29,8.0,
growth_10,21,2024-05-06,7.0,
growth_10,21,2024-05-13,6.0,
growth_10,21,2024-05-20,5.0,
growth_10,21,2024-05-27,5.0,8.0
growth_10,21,2024-06-03,4.0,7.0
growth_10,21,2024-06-10,3.0,6.0
growth_10,21,2024-06-17,5.0,5.0
growth_10,21,2024-06-24,,4.0
growth_10,21,2024-07-01,,3.0
growth_10,21,2024-07-08,,
growth_10,21,2024-07-15,,
growth_10,21,2024-07-22,,
growth_10,21,2024-07-29,,
growth_10,21,2024-08-05,,
growth_10,21,2024-08-12,,
growth_10,21,2024-08-19,,
growth_10,21,2024-08-26,,
growth_10,21,2024-09-02,,
growth_10,21,2024-09-09,,
growth_10,21,2024-09-16,,
growth_10,21,2024-09-23,,
growth_10,21,2024-10-07,,
growth_10,21,2024-10-14,,
growth_10,21,2024-10-21,,
growth_10,21,2024-10-28,,
growth_10,21,2024-11-04,,
growth_10,22,2023-01-30,,
growth_10,22,2023-02-06,,
growth_10,22,2023-02-13,,
growth_10,22,2023-02-20,,
growth_10,22,2023-02-27,,
growth_10,22,2023-03-06,,
growth_10,22,2023-03-13,,
growth_10,22,2023-03-20,,
growth_10,22,2023-03-27,,
growth_10,22,2023-04-03,,
growth_10,22,2023-04-10,,
growth_10,22,2023-04-17,,
growth_10,22,2023-04-24,,
growth_10,22,2023-05-01,,
growth_10,22,2023-05-08,,
growth_10,22,2023-05-15,,
growth_10,22,2023-05-22,,
growth_10,22,2023-05-29,,
growth_10,22,2023-06-05,,
growth_10,22,2023-06-12,,
growth_10,22,2023-06-19,,
growth_10,22,2023-06-26,,
growth_10,22,2023-07-03,8.0,8.0
growth_10,22,2023-07-10,7.0,7.0
growth_10,22,2023-07-17,6.0,6.0
growth_10,22,2023-07-24,5.0,5.0
growth_10,22,2023-07-31,8.0,4.0
growth_10,22,2023-08-07,7.0,3.0
growth_10,22,2023-08-14,6.0,2.0
growth_10,22,2023-08-21,6.0,6.0
growth_10,22,2023-08-28,5.0,5.0
growth_10,22,2023-09-04,4.0,4.0
growth_10,22,2023-09-11,4.0,3.0
growth_10,22,2023-09-18,3.0,2.0
growth_10,22,2023-09-25,3.0,1.0
growth_10,22,2023-10-02,,
growth_10,22,2023-10-09,,
growth_10,22,2023-10-16,,
growth_10,22,2023-10-23,,
growth_10,22,2023-10-30,,
growth_10,22,2023-11-06,,
growth_10,22,2023-11-13,8.0,
growth_10,22,2023-11-20,7.0,
growth_10,22,2023-11-27,6.0,
growth_10,22,2023-12-04,6.0,
growth_10,22,2023-12-11,5.0,
growth_10,22,2023-12-18,5.0,
growth_10,22,2023-12-25,5.0,
growth_10,22,2024-01-01,4.0,
growth_10,22,2024-01-08,6.0,
growth_10,22,2024-01-15,5.0,
growth_10,22,2024-01-22,,
growth_10,22,2024-01-29,,
growth_10,22,2024-02-05,,
growth_10,22,2024-02-12,,
growth_10,22,2024-02-19,8.0,
growth_10,22,2024-02-26,7.0,8.0
growth_10,22,2024-03-04,7.0,7.0
growth_10,22,2024-03-11,6.0,6.0
growth_10,22,2024-03-18,5.0,5.0
growth_10,22,2024-03-25,4.0,4.0
growth_10,22,2024-04-01,4.0,3.0
growth_10,22,2024-04-08,,
growth_10,22,2024-04-15,,8.0
growth_10,22,2024-04-22,,7.0
growth_10,22,2024-04-29,,6.0
growth_10,22,2024-05-06,,5.0
growth_10,22,2024-05-13,,4.0
growth_10,22,2024-05-20,,3.0
growth_10,22,2024-05-27,,2.0
growth_10,22,2024-06-03,,
growth_10,22,2024-06-10,,
growth_10,22,2024-06-17,,
growth_10,22,2024-06-24,,
growth_10,22,2024-07-01,,
growth_10,22,2024-07-08,,
growth_10,22,2024-07-15,,
growth_10,22,2024-07-22,8.0,
growth_10,22,2024-07-29,8.0,
growth_10,22,2024-08-05,7.0,
growth_10,22,2024-08-12,8.0,
growth_10,22,2024-08-19,8.0,
growth_10,22,2024-08-26,7.0,
growth_10,22,2024-09-02,,
growth_10,22,2024-09-09,,
growth_10,22,2024-09-16,,
growth_10,22,2024-09-23,,
growth_10,22,2024-10-07,,
growth_10,22,2024-10-14,,
growth_10,22,2024-10-21,,
growth_10,22,2024-10-28,,
growth_10,22,2024-11-04,,
growth_10,23,2023-01-30,4.0,2.0
growth_10,23,2023-02-06,4.0,1.0
growth_10,23,2023-02-13,,
growth_10,23,2023-02-20,,
growth_10,23,2023-02-27,,
growth_10,23,2023-03-06,,
growth_10,23,2023-03-13,,
growth_10,23,2023-03-20,,
growth_10,23,2023-03-27,,
growth_10,23,2023-04-03,,
growth_10,23,2023-04-10,8.0,8.0
growth_10,23,2023-04-17,7.0,7.0
growth_10,23,2023-04-24,6.0,6.0
growth_10,23,2023-05-01,5.0,5.0
growth_10,23,2023-05-08,4.0,4.0
growth_10,23,2023-05-15,3.0,3.0
growth_10,23,2023-05-22,2.0,2.0
growth_10,23,2023-05-29,1.0,1.0
growth_10,23,2023-06-05,,1.0
growth_10,23,2023-06-12,,
growth_10,23,2023-06-19,,
growth_10,23,2023-06-26,,
growth_10,23,2023-07-03,,
growth_10,23,2023-07-10,,
growth_10,23,2023-07-17,,
growth_10,23,2023-07-24,,
growth_10,23,2023-07-31,,
growth_10,23,2023-08-07,,
growth_10,23,2023-08-14,,
growth_10,23,2023-08-21,,
growth_10,23,2023-08-28,,
growth_10,23,2023-09-04,,
growth_10,23,2023-09-11,,
growth_10,23,2023-09-18,,
growth_10,23,2023-09-25,,
growth_10,23,2023-10-02,,
growth_10,23,2023-10-09,,
growth_10,23,2023-10-16,,
growth_10,23,2023-10-23,,
growth_10,23,2023-10-30,,
growth_10,23,2023-11-06,,
growth_10,23,2023-11-13,,
growth_10,23,2023-11-20,,
growth_10,23,2023-11-27,,
growth_10,23,2023-12-04,,
growth_10,23,2023-12-11,,
growth_10,23,2023-12-18,,
growth_10,23,2023-12-25,,
growth_10,23,2024-01-01,,
growth_10,23,2024-01-08,,
growth_10,23,2024-01-15,,
growth_10,23,2024-01-22,,
growth_10,23,2024-01-29,,
growth_10,23,2024-02-05,,
growth_10,23,2024-02-12,,
growth_10,23,2024-02-19,,
growth_10,23,2024-02-26,,
growth_10,23,2024-03-04,,
growth_10,23,2024-03-11,,
growth_10,23,2024-03-18,,
growth_10,23,2024-03-25,,
growth_10,23,2024-04-01,,
growth_10,23,2024-04-08,,
growth_10,23,2024-04-15,,
growth_10,23,2024-04-22,,
growth_10,23,2024-04-29,,
growth_10,23,2024-05-06,,
growth_10,23,2024-05-13,,
growth_10,23,2024-05-20,,
growth_10,23,2024-05-27,,
growth_10,23,2024-06-03,,
growth_10,23,2024-06-10,,
growth_10,23,2024-06-17,,
growth_10,23,2024-06-24,,
growth_10,23,2024-07-01,,
growth_10,23,2024-07-08,,
growth_10,23,2024-07-15,,
growth_10,23,2024-07-22,,
growth_10,23,2024-07-29,,
growth_10,23,2024-08-05,,
growth_10,23,2024-08-12,,
growth_10,23,2024-08-19,,
growth_10,23,2024-08-26,,
growth_10,23,2024-09-02,,
growth_10,23,2024-09-09,,
growth_10,23,2024-09-16,,
growth_10,23,2024-09-23,,
growth_10,23,2024-10-07,,
growth_10,23,2024-10-14,,
growth_10,23,2024-10-21,,
growth_10,23,2024-10-28,,
growth_10,23,2024-11-04,,
growth_10,24,2023-01-30,,
growth_10,24,2023-02-06,,
growth_10,24,2023-02-13,,
growth_10,24,2023-02-20,8.0,
growth_10,24,2023-02-27,,
growth_10,24,2023-03-06,,
growth_10,24,2023-03-13,,
growth_10,24,2023-03-20,,8.0
growth_10,24,2023-03-27,8.0,7.0
growth_10,24,2023-04-03,7.0,6.0
growth_10,24,2023-04-10,6.0,5.0
growth_10,24,2023-04-17,5.0,4.0
growth_10,24,2023-04-24,4.0,3.0
growth_10,24,2023-05-01,3.0,2.0
growth_10,24,2023-05-08,7.0,7.0
growth_10,24,2023-05-15,7.0,6.0
growth_10,24,2023-05-22,6.0,5.0
growth_10,24,2023-05-29,5.0,4.0
growth_10,24,2023-06-05,5.0,3.0
growth_10,24,2023-06-12,4.0,2.0
growth_10,24,2023-06-19,3.0,1.0
growth_10,24,2023-06-26,,
growth_10,24,2023-07-03,,
growth_10,24,2023-07-10,,
growth_10,24,2023-07-17,,
growth_10,24,2023-07-24,8.0,
growth_10,24,2023-07-31,7.0,
growth_10,24,2023-08-07,,
growth_10,24,2023-08-14,,
growth_10,24,2023-08-21,,
growth_10,24,2023-08-28,,
growth_10,24,2023-09-04,,
growth_10,24,2023-09-11,,
growth_10,24,2023-09-18,,
growth_10,24,2023-09-25,,
growth_10,24,2023-10-02,,
growth_10,24,2023-10-09,,
growth_10,24,2023-10-16,,
growth_10,24,2023-10-23,,8.0
growth_10,24,2023-10-30,,7.0
growth_10,24,2023-11-06,,6.0
growth_10,24,2023-11-13,8.0,5.0
growth_10,24,2023-11-20,8.0,4.0
growth_10,24,2023-11-27,7.0,3.0
growth_10,24,2023-12-04,6.0,2.0
growth_10,24,2023-12-11,5.0,1.0
growth_10,24,2023-12-18,8.0,
growth_10,24,2023-12-25,8.0,
growth_10,24,2024-01-01,7.0,
growth_10,24,2024-01-08,7.0,
growth_10,24,2024-01-15,6.0,
growth_10,24,2024-01-22,5.0,
growth_10,24,2024-01-29,4.0,
growth_10,24,2024-02-05,5.0,
growth_10,24,2024-02-12,,
growth_10,24,2024-02-19,,
growth_10,24,2024-02-26,8.0,8.0
growth_10,24,2024-03-04,7.0,7.0
growth_10,24,2024-03-11,6.0,6.0
growth_10,24,2024-03-18,5.0,5.0
growth_10,24,2024-03-25,4.0,4.0
growth_10,24,2024-04-01,4.0,3.0
growth_10,24,2024-04-08,3.0,2.0
growth_10,24,2024-04-15,2.0,1.0
growth_10,24,2024-04-22,3.0,
growth_10,24,2024-04-29,,
growth_10,24,2024-05-06,,
growth_10,24,2024-05-13,,
growth_10,24,2024-05-20,,
growth_10,24,2024-05-27,,
growth_10,24,2024-06-03,,
growth_10,24,2024-06-10,,
growth_10,24,2024-06-17,,
growth_10,24,2024-06-24,,
growth_10,24,2024-07-01,,
growth_10,24,2024-07-08,,
growth_10,24,2024-07-15,,
growth_10,24,2024-07-22,,
growth_10,24,2024-07-29,,
growth_10,24,2024-08-05,,
growth_10,24,2024-08-12,,
growth_10,24,2024-08-19,,
growth_10,24,2024-08-26,,
growth_10,24,2024-09-02,,
growth_10,24,2024-09-09,,
growth_10,24,2024-09-16,,
growth_10,24,2024-09-23,,
growth_10,24,2024-10-07,,
growth_10,24,2024-10-14,,
growth_10,24,2024-10-21,,
growth_10,24,2024-10-28,,
growth_10,24,2024-11-04,,
growth_10,25,2023-01-30,2.0,2.0
growth_10,25,2023-02-06,1.0,1.0
growth_10,25,2023-02-13,8.0,
growth_10,25,2023-02-20,7.0,
growth_10,25,2023-02-27,7.0,
growth_10,25,2023-03-06,6.0,
growth_10,25,2023-03-13,5.0,
growth_10,25,2023-03-20,4.0,
growth_10,25,2023-03-27,,
growth_10,25,2023-04-03,,
growth_10,25,2023-04-10,,
growth_10,25,2023-04-17,,
growth_10,25,2023-04-24,,
growth_10,25,2023-05-01,,
growth_10,25,2023-05-08,,
growth_10,25,2023-05-15,,
growth_10,25,2023-05-22,,
growth_10,25,2023-05-29,,
growth_10,25,2023-06-05,8.0,
growth_10,25,2023-06-12,7.0,
growth_10,25,2023-06-19,7.0,
growth_10,25,2023-06-26,,
growth_10,25,2023-07-03,,
growth_10,25,2023-07-10,8.0,
growth_10,25,2023-07-17,7.0,
growth_10,25,2023-07-24,8.0,
growth_10,25,2023-07-31,7.0,
growth_10,25,2023-08-07,6.0,
growth_10,25,2023-08-14,,
growth_10,25,2023-08-21,,
growth_10,25,2023-08-28,,
growth_10,25,2023-09-04,,
growth_10,25,2023-09-11,,
growth_10,25,2023-09-18,,
growth_10,25,2023-09-25,,
growth_10,25,2023-10-02,,
growth_10,25,2023-10-09,,
growth_10,25,2023-10-16,,
growth_10,25,2023-10-23,8.0,
growth_10,25,2023-10-30,7.0,
growth_10,25,2023-11-06,6.0,
growth_10,25,2023-11-13,6.0,
growth_10,25,2023-11-20,5.0,
growth_10,25,2023-11-27,,
growth_10,25,2023-12-04,,
growth_10,25,2023-12-11,,
growth_10,25,2023-12-18,,
growth_10,25,2023-12-25,,
growth_10,25,2024-01-01,,
growth_10,25,2024-01-08,,
growth_10,25,2024-01-15,,
growth_10,25,2024-01-22,,
growth_10,25,2024-01-29,,
growth_10,25,2024-02-05,,
growth_10,25,2024-02-12,,
growth_10,25,2024-02-19,,
growth_10,25,2024-02-26,,
growth_10,25,2024-03-04,,
growth_10,25,2024-03-11,,
growth_10,25,2024-03-18,,8.0
growth_10,25,2024-03-25,8.0,7.0
growth_10,25,2024-04-01,7.0,6.0
growth_10,25,2024-04-08,6.0,5.0
growth_10,25,2024-04-15,5.0,4.0
growth_10,25,2024-04-22,4.0,3.0
growth_10,25,2024-04-29,3.0,2.0
growth_10,25,2024-05-06,2.0,1.0
growth_10,25,2024-05-13,2.0,2.0
growth_10,25,2024-05-20,3.0,1.0
growth_10,25,2024-05-27,5.0,5.0
growth_10,25,2024-06-03,4.0,4.0
growth_10,25,2024-06-10,6.0,3.0
growth_10,25,2024-06-17,7.0,2.0
growth_10,25,2024-06-24,6.0,1.0
growth_10,25,2024-07-01,,
growth_10,25,2024-07-08,,
growth_10,25,2024-07-15,,
growth_10,25,2024-07-22,,
growth_10,25,2024-07-29,,
growth_10,25,2024-08-05,,
growth_10,25,2024-08-12,,
growth_10,25,2024-08-19,,
growth_10,25,2024-08-26,,
growth_10,25,2024-09-02,,
growth_10,25,2024-09-09,,
growth_10,25,2024-09-16,,
growth_10,25,2024-09-23,,
growth_10,25,2024-10-07,,
growth_10,25,2024-10-14,,
growth_10,25,2024-10-21,,
growth_10,25,2024-10-28,,
growth_10,25,2024-11-04,,
growth_10,26,2023-01-30,,
growth_10,26,2023-02-06,,
growth_10,26,2023-02-13,,
growth_10,26,2023-02-20,,
growth_10,26,2023-02-27,,
growth_10,26,2023-03-06,,
growth_10,26,2023-03-13,,
growth_10,26,2023-03-20,,
growth_10,26,2023-03-27,,
growth_10,26,2023-04-03,,
growth_10,26,2023-04-10,,
growth_10,26,2023-04-17,,
growth_10,26,2023-04-24,,
growth_10,26,2023-05-01,,
growth_10,26,2023-05-08,,
growth_10,26,2023-05-15,8.0,8.0
growth_10,26,2023-05-22,7.0,7.0
growth_10,26,2023-05-29,6.0,6.0
growth_10,26,2023-06-05,5.0,5.0
growth_10,26,2023-06-12,4.0,
growth_10,26,2023-06-19,3.0,
growth_10,26,2023-06-26,2.0,
growth_10,26,2023-07-03,,
growth_10,26,2023-07-10,,
growth_10,26,2023-07-17,,
growth_10,26,2023-07-24,,
growth_10,26,2023-07-31,,
growth_10,26,2023-08-07,,
growth_10,26,2023-08-14,8.0,
growth_10,26,2023-08-21,7.0,
growth_10,26,2023-08-28,6.0,
growth_10,26,2023-09-04,5.0,
growth_10,26,2023-09-11,4.0,
growth_10,26,2023-09-18,,
growth_10,26,2023-09-25,,
growth_10,26,2023-10-02,,
growth_10,26,2023-10-09,,
growth_10,26,2023-10-16,,
growth_10,26,2023-10-23,8.0,8.0
growth_10,26,2023-10-30,7.0,7.0
growth_10,26,2023-11-06,6.0,6.0
growth_10,26,2023-11-13,5.0,5.0
growth_10,26,2023-11-20,4.0,4.0
growth_10,26,2023-11-27,3.0,3.0
growth_10,26,2023-12-04,2.0,2.0
growth_10,26,2023-12-11,2.0,1.0
growth_10,26,2023-12-18,,
growth_10,26,2023-12-25,,
growth_10,26,2024-01-01,,
growth_10,26,2024-01-08,,
growth_10,26,2024-01-15,8.0,8.0
growth_10,26,2024-01-22,7.0,7.0
growth_10,26,2024-01-29,6.0,6.0
growth_10,26,2024-02-05,5.0,5.0
growth_10,26,2024-02-12,4.0,4.0
growth_10,26,2024-02-19,6.0,3.0
growth_10,26,2024-02-26,5.0,2.0
growth_10,26,2024-03-04,4.0,
growth_10,26,2024-03-11,,
growth_10,26,2024-03-18,,
growth_10,26,2024-03-25,,
growth_10,26,2024-04-01,,
growth_10,26,2024-04-08,,
growth_10,26,2024-04-15,,
growth_10,26,2024-04-22,,
growth_10,26,2024-04-29,,
growth_10,26,2024-05-06,,
growth_10,26,2024-05-13,,
growth_10,26,2024-05-20,,
growth_10,26,2024-05-27,,
growth_10,26,2024-06-03,,
growth_10,26,2024-06-10,,
growth_10,26,2024-06-17,,
growth_10,26,2024-06-24,,
growth_10,26,2024-07-01,,
growth_10,26,2024-07-08,,
growth_10,26,2024-07-15,,
growth_10,26,2024-07-22,,
growth_10,26,2024-07-29,,
growth_10,26,2024-08-05,,
growth_10,26,2024-08-12,,
growth_10,26,2024-08-19,,
growth_10,26,2024-08-26,,
growth_10,26,2024-09-02,,
growth_10,26,2024-09-09,,
growth_10,26,2024-09-16,,
growth_10,26,2024-09-23,,
growth_10,26,2024-10-07,,
growth_10,26,2024-10-14,,
growth_10,26,2024-10-21,,
growth_10,26,2024-10-28,,
growth_10,26,2024-11-04,,
growth_10,27,2023-01-30,2.0,1.0
growth_10,27,2023-02-06,,
growth_10,27,2023-02-13,,
growth_10,27,2023-02-20,,
growth_10,27,2023-02-27,,
growth_10,27,2023-03-06,,
growth_10,27,2023-03-13,,
growth_10,27,2023-03-20,,8.0
growth_10,27,2023-03-27,,7.0
growth_10,27,2023-04-03,,6.0
growth_10,27,2023-04-10,,5.0
growth_10,27,2023-04-17,,4.0
growth_10,27,2023-04-24,,3.0
growth_10,27,2023-05-01,,2.0
growth_10,27,2023-05-08,,1.0
growth_10,27,2023-05-15,,8.0
growth_10,27,2023-05-22,8.0,7.0
growth_10,27,2023-05-29,7.0,6.0
growth_10,27,2023-06-05,6.0,5.0
growth_10,27,2023-06-12,5.0,4.0
growth_10,27,2023-06-19,4.0,3.0
growth_10,27,2023-06-26,3.0,2.0
growth_10,27,2023-07-03,,1.0
growth_10,27,2023-07-10,,
growth_10,27,2023-07-17,,
growth_10,27,2023-07-24,,
growth_10,27,2023-07-31,,
growth_10,27,2023-08-07,,
growth_10,27,2023-08-14,,
growth_10,27,2023-08-21,,
growth_10,27,2023-08-28,,
growth_10,27,2023-09-04,,
growth_10,27,2023-09-11,,
growth_10,27,2023-09-18,,
growth_10,27,2023-09-25,,
growth_10,27,2023-10-02,,
growth_10,27,2023-10-09,,
growth_10,27,2023-10-16,,
growth_10,27,2023-10-23,,
growth_10,27,2023-10-30,,
growth_10,27,2023-11-06,,
growth_10,27,2023-11-13,,
growth_10,27,2023-11-20,,
growth_10,27,2023-11-27,,
growth_10,27,2023-12-04,,
growth_10,27,2023-12-11,8.0,
growth_10,27,2023-12-18,7.0,
growth_10,27,2023-12-25,,
growth_10,27,2024-01-01,,
growth_10,27,2024-01-08,,
growth_10,27,2024-01-15,,
growth_10,27,2024-01-22,,
growth_10,27,2024-01-29,,
growth_10,27,2024-02-05,,
growth_10,27,2024-02-12,,
growth_10,27,2024-02-19,,
growth_10,27,2024-02-26,,
growth_10,27,2024-03-04,,8.0
growth_10,27,2024-03-11,,7.0
growth_10,27,2024-03-18,,6.0
growth_10,27,2024-03-25,,5.0
growth_10,27,2024-04-01,,4.0
growth_10,27,2024-04-08,,3.0
growth_10,27,2024-04-15,,2.0
growth_10,27,2024-04-22,,1.0
growth_10,27,2024-04-29,,
growth_10,27,2024-05-06,,
growth_10,27,2024-05-13,,
growth_10,27,2024-05-20,,
growth_10,27,2024-05-27,,
growth_10,27,2024-06-03,8.0,
growth_10,27,2024-06-10,7.0,
growth_10,27,2024-06-17,6.0,
growth_10,27,2024-06-24,5.0,
growth_10,27,2024-07-01,4.0,
growth_10,27,2024-07-08,4.0,
growth_10,27,2024-07-15,4.0,
growth_10,27,2024-07-22,,
growth_10,27,2024-07-29,,
growth_10,27,2024-08-05,,
growth_10,27,2024-08-12,,
growth_10,27,2024-08-19,,
growth_10,27,2024-08-26,,
growth_10,27,2024-09-02,,
growth_10,27,2024-09-09,,
growth_10,27,2024-09-16,,
growth_10,27,2024-09-23,,
growth_10,27,2024-10-07,,
growth_10,27,2024-10-14,,
growth_10,27,2024-10-21,,
growth_10,27,2024-10-28,,
growth_10,27,2024-11-04,,
growth_10,28,2023-01-30,,8.0
growth_10,28,2023-02-06,,7.0
growth_10,28,2023-02-13,,6.0
growth_10,28,2023-02-20,,5.0
growth_10,28,2023-02-27,,4.0
growth_10,28,2023-03-06,,3.0
growth_10,28,2023-03-13,,2.0
growth_10,28,2023-03-20,,1.0
growth_10,28,2023-03-27,,
growth_10,28,2023-04-03,,
growth_10,28,2023-04-10,,
growth_10,28,2023-04-17,,
growth_10,28,2023-04-24,,
growth_10,28,2023-05-01,,
growth_10,28,2023-05-08,,
growth_10,28,2023-05-15,,
growth_10,28,2023-05-22,,
growth_10,28,2023-05-29,,
growth_10,28,2023-06-05,8.0,
growth_10,28,2023-06-12,7.0,
growth_10,28,2023-06-19,6.0,
growth_10,28,2023-06-26,,
growth_10,28,2023-07-03,,
growth_10,28,2023-07-10,,
growth_10,28,2023-07-17,,
growth_10,28,2023-07-24,,
growth_10,28,2023-07-31,,
growth_10,28,2023-08-07,,
growth_10,28,2023-08-14,,
growth_10,28,2023-08-21,,
growth_10,28,2023-08-28,,
growth_10,28,2023-09-04,,
growth_10,28,2023-09-11,,
growth_10,28,2023-09-18,,8.0
growth_10,28,2023-09-25,8.0,7.0
growth_10,28,2023-10-02,7.0,6.0
growth_10,28,2023-10-09,6.0,5.0
growth_10,28,2023-10-16,5.0,4.0
growth_10,28,2023-10-23,5.0,3.0
growth_10,28,2023-10-30,4.0,2.0
growth_10,28,2023-11-06,3.0,1.0
growth_10,28,2023-11-13,,8.0
growth_10,28,2023-11-20,,
growth_10,28,2023-11-27,,
growth_10,28,2023-12-04,,
growth_10,28,2023-12-11,,
growth_10,28,2023-12-18,8.0,
growth_10,28,2023-12-25,7.0,
growth_10,28,2024-01-01,6.0,
growth_10,28,2024-01-08,5.0,
growth_10,28,2024-01-15,4.0,
growth_10,28,2024-01-22,3.0,
growth_10,28,2024-01-29,7.0,
growth_10,28,2024-02-05,,
growth_10,28,2024-02-12,,
growth_10,28,2024-02-19,,
growth_10,28,2024-02-26,8.0,
growth_10,28,2024-03-04,7.0,
growth_10,28,2024-03-11,,
growth_10,28,2024-03-18,,
growth_10,28,2024-03-25,,
growth_10,28,2024-04-01,,
growth_10,28,2024-04-08,,
growth_10,28,2024-04-15,,
growth_10,28,2024-04-22,,
growth_10,28,2024-04-29,,
growth_10,28,2024-05-06,,
growth_10,28,2024-05-13,,
growth_10,28,2024-05-20,,
growth_10,28,2024-05-27,,
growth_10,28,2024-06-03,,
growth_10,28,2024-06-10,,
growth_10,28,2024-06-17,,
growth_10,28,2024-06-24,,
growth_10,28,2024-07-01,,
growth_10,28,2024-07-08,,
growth_10,28,2024-07-15,,
growth_10,28,2024-07-22,,
growth_10,28,2024-07-29,,
growth_10,28,2024-08-05,,
growth_10,28,2024-08-12,,
growth_10,28,2024-08-19,,
growth_10,28,2024-08-26,,
growth_10,28,2024-09-02,,
growth_10,28,2024-09-09,,
growth_10,28,2024-09-16,,
growth_10,28,2024-09-23,,
growth_10,28,2024-10-07,,
growth_10,28,2024-10-14,,
growth_10,28,2024-10-21,,
growth_10,28,2024-10-28,,
growth_10,28,2024-11-04,,
growth_10,29,2023-01-30,,
growth_10,29,2023-02-06,,
growth_10,29,2023-02-13,,
growth_10,29,2023-02-20,8.0,8.0
growth_10,29,2023-02-27,7.0,7.0
growth_10,29,2023-03-06,6.0,6.0
growth_10,29,2023-03-13,5.0,5.0
growth_10,29,2023-03-20,4.0,4.0
growth_10,29,2023-03-27,,3.0
growth_10,29,2023-04-03,,2.0
growth_10,29,2023-04-10,,1.0
growth_10,29,2023-04-17,,
growth_10,29,2023-04-24,,
growth_10,29,2023-05-01,8.0,
growth_10,29,2023-05-08,7.0,
growth_10,29,2023-05-15,,
growth_10,29,2023-05-22,,
growth_10,29,2023-05-29,,
growth_10,29,2023-06-05,8.0,
growth_10,29,2023-06-12,7.0,
growth_10,29,2023-06-19,6.0,
growth_10,29,2023-06-26,5.0,
growth_10,29,2023-07-03,5.0,
growth_10,29,2023-07-10,4.0,
growth_10,29,2023-07-17,3.0,
growth_10,29,2023-07-24,6.0,
growth_10,29,2023-07-31,,
growth_10,29,2023-08-07,,
growth_10,29,2023-08-14,,
growth_10,29,2023-08-21,,
growth_10,29,2023-08-28,,
growth_10,29,2023-09-04,,
growth_10,29,2023-09-11,,
growth_10,29,2023-09-18,,
growth_10,29,2023-09-25,,
growth_10,29,2023-10-02,,
growth_10,29,2023-10-09,8.0,
growth_10,29,2023-10-16,7.0,
growth_10,29,2023-10-23,,
growth_10,29,2023-10-30,,
growth_10,29,2023-11-06,,
growth_10,29,2023-11-13,,
growth_10,29,2023-11-20,,
growth_10,29,2023-11-27,,
growth_10,29,2023-12-04,,
growth_10,29,2023-12-11,,
growth_10,29,2023-12-18,,
growth_10,29,2023-12-25,,
growth_10,29,2024-01-01,,
growth_10,29,2024-01-08,,
growth_10,29,2024-01-15,,
growth_10,29,2024-01-22,,
growth_10,29,2024-01-29,8.0,
growth_10,29,2024-02-05,7.0,
growth_10,29,2024-02-12,7.0,
growth_10,29,2024-02-19,6.0,
growth_10,29,2024-02-26,5.0,
growth_10,29,2024-03-04,4.0,
growth_10,29,2024-03-11,4.0,
growth_10,29,2024-03-18,3.0,
growth_10,29,2024-03-25,7.0,
growth_10,29,2024-04-01,6.0,
growth_10,29,2024-04-08,5.0,
growth_10,29,2024-04-15,6.0,
growth_10,29,2024-04-22,,
growth_10,29,2024-04-29,,
growth_10,29,2024-05-06,,
growth_10,29,2024-05-13,,8.0
growth_10,29,2024-05-20,8.0,7.0
growth_10,29,2024-05-27,7.0,6.0
growth_10,29,2024-06-03,6.0,5.0
growth_10,29,2024-06-10,5.0,4.0
growth_10,29,2024-06-17,4.0,3.0
growth_10,29,2024-06-24,3.0,2.0
growth_10,29,2024-07-01,2.0,
growth_10,29,2024-07-08,,
growth_10,29,2024-07-15,,
growth_10,29,2024-07-22,8.0,
growth_10,29,2024-07-29,7.0,
growth_10,29,2024-08-05,6.0,
growth_10,29,2024-08-12,5.0,
growth_10,29,2024-08-19,4.0,
growth_10,29,2024-08-26,,
growth_10,29,2024-09-02,,
growth_10,29,2024-09-09,,
growth_10,29,2024-09-16,,
growth_10,29,2024-09-23,,8.0
growth_10,29,2024-10-07,8.0,7.0
growth_10,29,2024-10-14,7.0,6.0
growth_10,29,2024-10-21,7.0,5.0
growth_10,29,2024-10-28,6.0,4.0
growth_10,29,2024-11-04,5.0,3.0
growth_10,30,2023-01-30,,5.0
growth_10,30,2023-02-06,,4.0
growth_10,30,2023-02-13,,3.0
growth_10,30,2023-02-20,,2.0
growth_10,30,2023-02-27,,
growth_10,30,2023-03-06,,8.0
growth_10,30,2023-03-13,,7.0
growth_10,30,2023-03-20,8.0,6.0
growth_10,30,2023-03-27,7.0,5.0
growth_10,30,2023-04-03,6.0,4.0
growth_10,30,2023-04-10,5.0,3.0
growth_10,30,2023-04-17,4.0,2.0
growth_10,30,2023-04-24,4.0,6.0
growth_10,30,2023-05-01,5.0,5.0
growth_10,30,2023-05-08,4.0,4.0
growth_10,30,2023-05-15,3.0,3.0
growth_10,30,2023-05-22,3.0,2.0
growth_10,30,2023-05-29,5.0,1.0
growth_10,30,2023-06-05,,
growth_10,30,2023-06-12,8.0,
growth_10,30,2023-06-19,7.0,
growth_10,30,2023-06-26,6.0,
growth_10,30,2023-07-03,5.0,
growth_10,30,2023-07-10,4.0,
growth_10,30,2023-07-17,4.0,
growth_10,30,2023-07-24,3.0,
growth_10,30,2023-07-31,,
growth_10,30,2023-08-07,,
growth_10,30,2023-08-14,,
growth_10,30,2023-08-21,,
growth_10,30,2023-08-28,,
growth_10,30,2023-09-04,,
growth_10,30,2023-09-11,,
growth_10,30,2023-09-18,,8.0
growth_10,30,2023-09-25,,7.0
growth_10,30,2023-10-02,,6.0
growth_10,30,2023-10-09,,5.0
growth_10,30,2023-10-16,,4.0
growth_10,30,2023-10-23,,3.0
growth_10,30,2023-10-30,,
growth_10,30,2023-11-06,,
growth_10,30,2023-11-13,,
growth_10,30,2023-11-20,8.0,8.0
growth_10,30,2023-11-27,7.0,7.0
growth_10,30,2023-12-04,6.0,6.0
growth_10,30,2023-12-11,5.0,5.0
growth_10,30,2023-12-18,4.0,4.0
growth_10,30,2023-12-25,3.0,3.0
growth_10,30,2024-01-01,3.0,2.0
growth_10,30,2024-01-08,2.0,1.0
growth_10,30,2024-01-15,,8.0
growth_10,30,2024-01-22,,7.0
growth_10,30,2024-01-29,,6.0
growth_10,30,2024-02-05,,5.0
growth_10,30,2024-02-12,,4.0
growth_10,30,2024-02-19,,3.0
growth_10,30,2024-02-26,,2.0
growth_10,30,2024-03-04,8.0,1.0
growth_10,30,2024-03-11,,
growth_10,30,2024-03-18,,
growth_10,30,2024-03-25,8.0,
growth_10,30,2024-04-01,8.0,
growth_10,30,2024-04-08,7.0,
growth_10,30,2024-04-15,6.0,
growth_10,30,2024-04-22,5.0,8.0
growth_10,30,2024-04-29,6.0,7.0
growth_10,30,2024-05-06,5.0,6.0
growth_10,30,2024-05-13,5.0,5.0
growth_10,30,2024-05-20,4.0,4.0
growth_10,30,2024-05-27,3.0,3.0
growth_10,30,2024-06-03,2.0,2.0
growth_10,30,2024-06-10,2.0,1.0
growth_10,30,2024-06-17,5.0,
growth_10,30,2024-06-24,,
growth_10,30,2024-07-01,,
growth_10,30,2024-07-08,,
growth_10,30,2024-07-15,,
growth_10,30,2024-07-22,,
growth_10,30,2024-07-29,,
growth_10,30,2024-08-05,,
growth_10,30,2024-08-12,,
growth_10,30,2024-08-19,,
growth_10,30,2024-08-26,,
growth_10,30,2024-09-02,,
growth_10,30,2024-09-09,,
growth_10,30,2024-09-16,,
growth_10,30,2024-09-23,,
growth_10,30,2024-10-07,,
growth_10,30,2024-10-14,,
growth_10,30,2024-10-21,,
growth_10,30,2024-10-28,,
growth_10,30,2024-11-04,,
growth_10,31,2023-01-30,,
growth_10,31,2023-02-06,8.0,8.0
growth_10,31,2023-02-13,7.0,7.0
growth_10,31,2023-02-20,6.0,6.0
growth_10,31,2023-02-27,5.0,5.0
growth_10,31,2023-03-06,4.0,4.0
growth_10,31,2023-03-13,3.0,3.0
growth_10,31,2023-03-20,2.0,2.0
growth_10,31,2023-03-27,1.0,1.0
growth_10,31,2023-04-03,,
growth_10,31,2023-04-10,,
growth_10,31,2023-04-17,,
growth_10,31,2023-04-24,,
growth_10,31,2023-05-01,,
growth_10,31,2023-05-08,,
growth_10,31,2023-05-15,,
growth_10,31,2023-05-22,8.0,8.0
growth_10,31,2023-05-29,7.0,7.0
growth_10,31,2023-06-05,6.0,6.0
growth_10,31,2023-06-12,5.0,5.0
growth_10,31,2023-06-19,4.0,
growth_10,31,2023-06-26,,
growth_10,31,2023-07-03,,
growth_10,31,2023-07-10,,
growth_10,31,2023-07-17,,
growth_10,31,2023-07-24,,
growth_10,31,2023-07-31,,8.0
growth_10,31,2023-08-07,,7.0
growth_10,31,2023-08-14,8.0,6.0
growth_10,31,2023-08-21,7.0,5.0
growth_10,31,2023-08-28,6.0,4.0
growth_10,31,2023-09-04,5.0,3.0
growth_10,31,2023-09-11,,2.0
growth_10,31,2023-09-18,,1.0
growth_10,31,2023-09-25,,
growth_10,31,2023-10-02,,
growth_10,31,2023-10-09,,
growth_10,31,2023-10-16,,
growth_10,31,2023-10-23,,
growth_10,31,2023-10-30,,
growth_10,31,2023-11-06,,
growth_10,31,2023-11-13,,
growth_10,31,2023-11-20,,
growth_10,31,2023-11-27,,
growth_10,31,2023-12-04,,
growth_10,31,2023-12-11,,
growth_10,31,2023-12-18,,8.0
growth_10,31,2023-12-25,8.0,7.0
growth_10,31,2024-01-01,7.0,6.0
growth_10,31,2024-01-08,6.0,5.0
growth_10,31,2024-01-15,5.0,4.0
growth_10,31,2024-01-22,4.0,3.0
growth_10,31,2024-01-29,3.0,2.0
growth_10,31,2024-02-05,5.0,1.0
growth_10,31,2024-02-12,6.0,4.0
growth_10,31,2024-02-19,5.0,3.0
growth_10,31,2024-02-26,5.0,2.0
growth_10,31,2024-03-04,5.0,
growth_10,31,2024-03-11,,
growth_10,31,2024-03-18,,
growth_10,31,2024-03-25,,
growth_10,31,2024-04-01,,
growth_10,31,2024-04-08,,
growth_10,31,2024-04-15,,
growth_10,31,2024-04-22,,
growth_10,31,2024-04-29,,
growth_10,31,2024-05-06,,
growth_10,31,2024-05-13,,
growth_10,31,2024-05-20,,
growth_10,31,2024-05-27,,
growth_10,31,2024-06-03,,
growth_10,31,2024-06-10,,
growth_10,31,2024-06-17,,
growth_10,31,2024-06-24,,
growth_10,31,2024-07-01,,
growth_10,31,2024-07-08,,
growth_10,31,2024-07-15,,
growth_10,31,2024-07-22,,
growth_10,31,2024-07-29,,
growth_10,31,2024-08-05,,
growth_10,31,2024-08-12,,
growth_10,31,2024-08-19,,
growth_10,31,2024-08-26,,
growth_10,31,2024-09-02,,
growth_10,31,2024-09-09,,
growth_10,31,2024-09-16,,
growth_10,31,2024-09-23,,
growth_10,31,2024-10-07,,
growth_10,31,2024-10-14,,
growth_10,31,2024-10-21,,
growth_10,31,2024-10-28,,
growth_10,31,2024-11-04,,
growth_10,32,2023-01-30,,
growth_10,32,2023-02-06,,
growth_10,32,2023-02-13,,
growth_10,32,2023-02-20,,
growth_10,32,2023-02-27,,
growth_10,32,2023-03-06,,
growth_10,32,2023-03-13,,
growth_10,32,2023-03-20,,
growth_10,32,2023-03-27,,
growth_10,32,2023-04-03,8.0,
growth_10,32,2023-04-10,7.0,
growth_10,32,2023-04-17,6.0,8.0
growth_10,32,2023-04-24,6.0,7.0
growth_10,32,2023-05-01,5.0,6.0
growth_10,32,2023-05-08,4.0,5.0
growth_10,32,2023-05-15,4.0,4.0
growth_10,32,2023-05-22,3.0,3.0
growth_10,32,2023-05-29,2.0,2.0
growth_10,32,2023-06-05,7.0,1.0
growth_10,32,2023-06-12,,
growth_10,32,2023-06-19,,
growth_10,32,2023-06-26,,
growth_10,32,2023-07-03,,
growth_10,32,2023-07-10,,
growth_10,32,2023-07-17,,
growth_10,32,2023-07-24,8.0,
growth_10,32,2023-07-31,7.0,
growth_10,32,2023-08-07,,
growth_10,32,2023-08-14,,
growth_10,32,2023-08-21,,
growth_10,32,2023-08-28,,
growth_10,32,2023-09-04,8.0,8.0
growth_10,32,2023-09-11,7.0,7.0
growth_10,32,2023-09-18,6.0,6.0
growth_10,32,2023-09-25,6.0,5.0
growth_10,32,2023-10-02,7.0,4.0
growth_10,32,2023-10-09,7.0,3.0
growth_10,32,2023-10-16,6.0,2.0
growth_10,32,2023-10-23,5.0,1.0
growth_10,32,2023-10-30,,
growth_10,32,2023-11-06,8.0,
growth_10,32,2023-11-13,,
growth_10,32,2023-11-20,,
growth_10,32,2023-11-27,,
growth_10,32,2023-12-04,,
growth_10,32,2023-12-11,,
growth_10,32,2023-12-18,,
growth_10,32,2023-12-25,,
growth_10,32,2024-01-01,,
growth_10,32,2024-01-08,,
growth_10,32,2024-01-15,8.0,
growth_10,32,2024-01-22,7.0,
growth_10,32,2024-01-29,6.0,
growth_10,32,2024-02-05,5.0,
growth_10,32,2024-02-12,4.0,
growth_10,32,2024-02-19,3.0,
growth_10,32,2024-02-26,4.0,
growth_10,32,2024-03-04,3.0,
growth_10,32,2024-03-11,,
growth_10,32,2024-03-18,,
growth_10,32,2024-03-25,,
growth_10,32,2024-04-01,,
growth_10,32,2024-04-08,,
growth_10,32,2024-04-15,,
growth_10,32,2024-04-22,,
growth_10,32,2024-04-29,,
growth_10,32,2024-05-06,,
growth_10,32,2024-05-13,,
growth_10,32,2024-05-20,,
growth_10,32,2024-05-27,,
growth_10,32,2024-06-03,,
growth_10,32,2024-06-10,,
growth_10,32,2024-06-17,,
growth_10,32,2024-06-24,,
growth_10,32,2024-07-01,,
growth_10,32,2024-07-08,,
growth_10,32,2024-07-15,,
growth_10,32,2024-07-22,,
growth_10,32,2024-07-29,,
growth_10,32,2024-08-05,,
growth_10,32,2024-08-12,,
growth_10,32,2024-08-19,,
growth_10,32,2024-08-26,,
growth_10,32,2024-09-02,,
growth_10,32,2024-09-09,,
growth_10,32,2024-09-16,,
growth_10,32,2024-09-23,,
growth_10,32,2024-10-07,,
growth_10,32,2024-10-14,,
growth_10,32,2024-10-21,,
growth_10,32,2024-10-28,,8.0
growth_10,32,2024-11-04,8.0,7.0
growth_10,33,2023-01-30,,
growth_10,33,2023-02-06,,
growth_10,33,2023-02-13,,
growth_10,33,2023-02-20,,
growth_10,33,2023-02-27,,
growth_10,33,2023-03-06,,
growth_10,33,2023-03-13,,
growth_10,33,2023-03-20,,
growth_10,33,2023-03-27,,
growth_10,33,2023-04-03,8.0,
growth_10,33,2023-04-10,7.0,
growth_10,33,2023-04-17,7.0,
growth_10,33,2023-04-24,6.0,
growth_10,33,2023-05-01,5.0,
growth_10,33,2023-05-08,4.0,
growth_10,33,2023-05-15,,
growth_10,33,2023-05-22,8.0,
growth_10,33,2023-05-29,,
growth_10,33,2023-06-05,,
growth_10,33,2023-06-12,,
growth_10,33,2023-06-19,,
growth_10,33,2023-06-26,,
growth_10,33,2023-07-03,,
growth_10,33,2023-07-10,,
growth_10,33,2023-07-17,,
growth_10,33,2023-07-24,,
growth_10,33,2023-07-31,,
growth_10,33,2023-08-07,,
growth_10,33,2023-08-14,,
growth_10,33,2023-08-21,,
growth_10,33,2023-08-28,,
growth_10,33,2023-09-04,,
growth_10,33,2023-09-11,,
growth_10,33,2023-09-18,,
growth_10,33,2023-09-25,,
growth_10,33,2023-10-02,,8.0
growth_10,33,2023-10-09,,7.0
growth_10,33,2023-10-16,,6.0
growth_10,33,2023-10-23,,5.0
growth_10,33,2023-10-30,,4.0
growth_10,33,2023-11-06,,3.0
growth_10,33,2023-11-13,,2.0
growth_10,33,2023-11-20,,
growth_10,33,2023-11-27,,
growth_10,33,2023-12-04,,
growth_10,33,2023-12-11,,
growth_10,33,2023-12-18,,
growth_10,33,2023-12-25,,
growth_10,33,2024-01-01,,
growth_10,33,2024-01-08,,
growth_10,33,2024-01-15,8.0,8.0
growth_10,33,2024-01-22,7.0,7.0
growth_10,33,2024-01-29,6.0,6.0
growth_10,33,2024-02-05,5.0,5.0
growth_10,33,2024-02-12,5.0,4.0
growth_10,33,2024-02-19,4.0,3.0
growth_10,33,2024-02-26,3.0,2.0
growth_10,33,2024-03-04,2.0,1.0
growth_10,33,2024-03-11,,1.0
growth_10,33,2024-03-18,,
growth_10,33,2024-03-25,,
growth_10,33,2024-04-01,,
growth_10,33,2024-04-08,,8.0
growth_10,33,2024-04-15,,7.0
growth_10,33,2024-04-22,8.0,6.0
growth_10,33,2024-04-29,7.0,
growth_10,33,2024-05-06,6.0,
growth_10,33,2024-05-13,6.0,
growth_10,33,2024-05-20,5.0,
growth_10,33,2024-05-27,,
growth_10,33,2024-06-03,,
growth_10,33,2024-06-10,,
growth_10,33,2024-06-17,,
growth_10,33,2024-06-24,,
growth_10,33,2024-07-01,,
growth_10,33,2024-07-08,,
growth_10,33,2024-07-15,,
growth_10,33,2024-07-22,,
growth_10,33,2024-07-29,,
growth_10,33,2024-08-05,,
growth_10,33,2024-08-12,,
growth_10,33,2024-08-19,,
growth_10,33,2024-08-26,,
growth_10,33,2024-09-02,,
growth_10,33,2024-09-09,,
growth_10,33,2024-09-16,,
growth_10,33,2024-09-23,,
growth_10,33,2024-10-07,,
growth_10,33,2024-10-14,,
growth_10,33,2024-10-21,,
growth_10,33,2024-10-28,,
growth_10,33,2024-11-04,,
growth_10,34,2023-01-30,7.0,5.0
growth_10,34,2023-02-06,,4.0
growth_10,34,2023-02-13,,3.0
growth_10,34,2023-02-20,,
growth_10,34,2023-02-27,8.0,8.0
growth_10,34,2023-03-06,7.0,7.0
growth_10,34,2023-03-13,6.0,6.0
growth_10,34,2023-03-20,5.0,5.0
growth_10,34,2023-03-27,7.0,4.0
growth_10,34,2023-04-03,6.0,3.0
growth_10,34,2023-04-10,5.0,2.0
growth_10,34,2023-04-17,4.0,1.0
growth_10,34,2023-04-24,3.0,3.0
growth_10,34,2023-05-01,4.0,2.0
growth_10,34,2023-05-08,4.0,1.0
growth_10,34,2023-05-15,,
growth_10,34,2023-05-22,,
growth_10,34,2023-05-29,,
growth_10,34,2023-06-05,,
growth_10,34,2023-06-12,,
growth_10,34,2023-06-19,,
growth_10,34,2023-06-26,,
growth_10,34,2023-07-03,,
growth_10,34,2023-07-10,,
growth_10,34,2023-07-17,,
growth_10,34,2023-07-24,,
growth_10,34,2023-07-31,,
growth_10,34,2023-08-07,,
growth_10,34,2023-08-14,,
growth_10,34,2023-08-21,,
growth_10,34,2023-08-28,,
growth_10,34,2023-09-04,,
growth_10,34,2023-09-11,,
growth_10,34,2023-09-18,,
growth_10,34,2023-09-25,,
growth_10,34,2023-10-02,,
growth_10,34,2023-10-09,,
growth_10,34,2023-10-16,,
growth_10,34,2023-10-23,,
growth_10,34,2023-10-30,,
growth_10,34,2023-11-06,,
growth_10,34,2023-11-13,,
growth_10,34,2023-11-20,,
growth_10,34,2023-11-27,,
growth_10,34,2023-12-04,,
growth_10,34,2023-12-11,,
growth_10,34,2023-12-18,,
growth_10,34,2023-12-25,8.0,
growth_10,34,2024-01-01,7.0,
growth_10,34,2024-01-08,6.0,
growth_10,34,2024-01-15,5.0,
growth_10,34,2024-01-22,4.0,
growth_10,34,2024-01-29,,
growth_10,34,2024-02-05,,
growth_10,34,2024-02-12,,
growth_10,34,2024-02-19,,
growth_10,34,2024-02-26,,
growth_10,34,2024-03-04,,
growth_10,34,2024-03-11,,
growth_10,34,2024-03-18,,
growth_10,34,2024-03-25,,
growth_10,34,2024-04-01,,
growth_10,34,2024-04-08,,
growth_10,34,2024-04-15,,
growth_10,34,2024-04-22,,
growth_10,34,2024-04-29,,
growth_10,34,2024-05-06,,
growth_10,34,2024-05-13,,
growth_10,34,2024-05-20,,
growth_10,34,2024-05-27,,
growth_10,34,2024-06-03,,
growth_10,34,2024-06-10,,
growth_10,34,2024-06-17,,
growth_10,34,2024-06-24,,
growth_10,34,2024-07-01,,
growth_10,34,2024-07-08,,
growth_10,34,2024-07-15,,
growth_10,34,2024-07-22,,
growth_10,34,2024-07-29,,
growth_10,34,2024-08-05,,
growth_10,34,2024-08-12,,
growth_10,34,2024-08-19,,
growth_10,34,2024-08-26,,
growth_10,34,2024-09-02,,
growth_10,34,2024-09-09,,
growth_10,34,2024-09-16,,
growth_10,34,2024-09-23,,
growth_10,34,2024-10-07,,
growth_10,34,2024-10-14,,
growth_10,34,2024-10-21,,
growth_10,34,2024-10-28,,
growth_10,34,2024-11-04,,
growth_10,35,2023-01-30,3.0,2.0
growth_10,35,2023-02-06,2.0,2.0
growth_10,35,2023-02-13,,1.0
growth_10,35,2023-02-20,,
growth_10,35,2023-02-27,,
growth_10,35,2023-03-06,8.0,8.0
growth_10,35,2023-03-13,7.0,7.0
growth_10,35,2023-03-20,6.0,6.0
growth_10,35,2023-03-27,5.0,5.0
growth_10,35,2023-04-03,4.0,4.0
growth_10,35,2023-04-10,,3.0
growth_10,35,2023-04-17,,2.0
growth_10,35,2023-04-24,,1.0
growth_10,35,2023-05-01,8.0,5.0
growth_10,35,2023-05-08,7.0,6.0
growth_10,35,2023-05-15,6.0,5.0
growth_10,35,2023-05-22,5.0,4.0
growth_10,35,2023-05-29,4.0,3.0
growth_10,35,2023-06-05,3.0,2.0
growth_10,35,2023-06-12,2.0,1.0
growth_10,35,2023-06-19,6.0,7.0
growth_10,35,2023-06-26,6.0,6.0
growth_10,35,2023-07-03,5.0,5.0
growth_10,35,2023-07-10,4.0,4.0
growth_10,35,2023-07-17,3.0,3.0
growth_10,35,2023-07-24,6.0,2.0
growth_10,35,2023-07-31,,1.0
growth_10,35,2023-08-07,,
growth_10,35,2023-08-14,8.0,
growth_10,35,2023-08-21,7.0,
growth_10,35,2023-08-28,,
growth_10,35,2023-09-04,,
growth_10,35,2023-09-11,,
growth_10,35,2023-09-18,,
growth_10,35,2023-09-25,,
growth_10,35,2023-10-02,,
growth_10,35,2023-10-09,,
growth_10,35,2023-10-16,,
growth_10,35,2023-10-23,,
growth_10,35,2023-10-30,,
growth_10,35,2023-11-06,,
growth_10,35,2023-11-13,,
growth_10,35,2023-11-20,,
growth_10,35,2023-11-27,,
growth_10,35,2023-12-04,,
growth_10,35,2023-12-11,,
growth_10,35,2023-12-18,,
growth_10,35,2023-12-25,,
growth_10,35,2024-01-01,,
growth_10,35,2024-01-08,,
growth_10,35,2024-01-15,,
growth_10,35,2024-01-22,,
growth_10,35,2024-01-29,,
growth_10,35,2024-02-05,,
growth_10,35,2024-02-12,,
growth_10,35,2024-02-19,,
growth_10,35,2024-02-26,,
growth_10,35,2024-03-04,,
growth_10,35,2024-03-11,,
growth_10,35,2024-03-18,,
growth_10,35,2024-03-25,,
growth_10,35,2024-04-01,,
growth_10,35,2024-04-08,,
growth_10,35,2024-04-15,,
growth_10,35,2024-04-22,,
growth_10,35,2024-04-29,,
growth_10,35,2024-05-06,,
growth_10,35,2024-05-13,,
growth_10,35,2024-05-20,,
growth_10,35,2024-05-27,,
growth_10,35,2024-06-03,,
growth_10,35,2024-06-10,,
growth_10,35,2024-06-17,,
growth_10,35,2024-06-24,,
growth_10,35,2024-07-01,,
growth_10,35,2024-07-08,,
growth_10,35,2024-07-15,,
growth_10,35,2024-07-22,,
growth_10,35,2024-07-29,,
growth_10,35,2024-08-05,,
growth_10,35,2024-08-12,,
growth_10,35,2024-08-19,,8.0
growth_10,35,2024-08-26,,7.0
growth_10,35,2024-09-02,,6.0
growth_10,35,2024-09-09,,5.0
growth_10,35,2024-09-16,,
growth_10,35,2024-09-23,,8.0
growth_10,35,2024-10-07,,7.0
growth_10,35,2024-10-14,,6.0
growth_10,35,2024-10-21,,5.0
growth_10,35,2024-10-28,,4.0
growth_10,35,2024-11-04,,3.0
growth_10,36,2023-01-30,2.0,1.0
growth_10,36,2023-02-06,,
growth_10,36,2023-02-13,,
growth_10,36,2023-02-20,,
growth_10,36,2023-02-27,,
growth_10,36,2023-03-06,8.0,
growth_10,36,2023-03-13,8.0,
growth_10,36,2023-03-20,,
growth_10,36,2023-03-27,,
growth_10,36,2023-04-03,,
growth_10,36,2023-04-10,8.0,
growth_10,36,2023-04-17,8.0,
growth_10,36,2023-04-24,7.0,
growth_10,36,2023-05-01,6.0,
growth_10,36,2023-05-08,5.0,
growth_10,36,2023-05-15,4.0,8.0
growth_10,36,2023-05-22,4.0,7.0
growth_10,36,2023-05-29,6.0,6.0
growth_10,36,2023-06-05,5.0,5.0
growth_10,36,2023-06-12,,4.0
growth_10,36,2023-06-19,8.0,3.0
growth_10,36,2023-06-26,7.0,2.0
growth_10,36,2023-07-03,,1.0
growth_10,36,2023-07-10,,
growth_10,36,2023-07-17,,8.0
growth_10,36,2023-07-24,,7.0
growth_10,36,2023-07-31,,6.0
growth_10,36,2023-08-07,8.0,5.0
growth_10,36,2023-08-14,7.0,4.0
growth_10,36,2023-08-21,6.0,3.0
growth_10,36,2023-08-28,,2.0
growth_10,36,2023-09-04,,1.0
growth_10,36,2023-09-11,,
growth_10,36,2023-09-18,,
growth_10,36,2023-09-25,8.0,
growth_10,36,2023-10-02,7.0,
growth_10,36,2023-10-09,8.0,
growth_10,36,2023-10-16,7.0,
growth_10,36,2023-10-23,6.0,8.0
growth_10,36,2023-10-30,5.0,7.0
growth_10,36,2023-11-06,5.0,6.0
growth_10,36,2023-11-13,5.0,5.0
growth_10,36,2023-11-20,4.0,4.0
growth_10,36,2023-11-27,3.0,3.0
growth_10,36,2023-12-04,2.0,2.0
growth_10,36,2023-12-11,2.0,1.0
growth_10,36,2023-12-18,4.0,
growth_10,36,2023-12-25,,
growth_10,36,2024-01-01,,
growth_10,36,2024-01-08,,
growth_10,36,2024-01-15,,
growth_10,36,2024-01-22,,
growth_10,36,2024-01-29,,
growth_10,36,2024-02-05,,
growth_10,36,2024-02-12,,
growth_10,36,2024-02-19,,
growth_10,36,2024-02-26,,
growth_10,36,2024-03-04,,
growth_10,36,2024-03-11,,
growth_10,36,2024-03-18,,
growth_10,36,2024-03-25,,
growth_10,36,2024-04-01,,
growth_10,36,2024-04-08,,
growth_10,36,2024-04-15,,
growth_10,36,2024-04-22,,
growth_10,36,2024-04-29,8.0,
growth_10,36,2024-05-06,7.0,
growth_10,36,2024-05-13,8.0,
growth_10,36,2024-05-20,8.0,
growth_10,36,2024-05-27,,
growth_10,36,2024-06-03,8.0,
growth_10,36,2024-06-10,8.0,
growth_10,36,2024-06-17,,
growth_10,36,2024-06-24,,
growth_10,36,2024-07-01,8.0,
growth_10,36,2024-07-08,8.0,
growth_10,36,2024-07-15,7.0,
growth_10,36,2024-07-22,,
growth_10,36,2024-07-29,,
growth_10,36,2024-08-05,,
growth_10,36,2024-08-12,,
growth_10,36,2024-08-19,,
growth_10,36,2024-08-26,,
growth_10,36,2024-09-02,,
growth_10,36,2024-09-09,,
growth_10,36,2024-09-16,,
growth_10,36,2024-09-23,,
growth_10,36,2024-10-07,8.0,
growth_10,36,2024-10-14,7.0,7.0
growth_10,36,2024-10-21,6.0,6.0
growth_10,36,2024-10-28,,5.0
growth_10,36,2024-11-04,,4.0
growth_10,37,2023-01-30,7.0,6.0
growth_10,37,2023-02-06,6.0,5.0
growth_10,37,2023-02-13,5.0,4.0
growth_10,37,2023-02-20,4.0,3.0
growth_10,37,2023-02-27,3.0,2.0
growth_10,37,2023-03-06,2.0,1.0
growth_10,37,2023-03-13,,8.0
growth_10,37,2023-03-20,,7.0
growth_10,37,2023-03-27,,6.0
growth_10,37,2023-04-03,,5.0
growth_10,37,2023-04-10,,4.0
growth_10,37,2023-04-17,,3.0
growth_10,37,2023-04-24,8.0,2.0
growth_10,37,2023-05-01,7.0,1.0
growth_10,37,2023-05-08,,
growth_10,37,2023-05-15,,
growth_10,37,2023-05-22,,
growth_10,37,2023-05-29,,
growth_10,37,2023-06-05,,
growth_10,37,2023-06-12,,
growth_10,37,2023-06-19,,
growth_10,37,2023-06-26,,
growth_10,37,2023-07-03,,
growth_10,37,2023-07-10,,
growth_10,37,2023-07-17,,
growth_10,37,2023-07-24,,
growth_10,37,2023-07-31,,
growth_10,37,2023-08-07,,
growth_10,37,2023-08-14,,
growth_10,37,2023-08-21,,
growth_10,37,2023-08-28,,
growth_10,37,2023-09-04,,
growth_10,37,2023-09-11,,
growth_10,37,2023-09-18,,
growth_10,37,2023-09-25,,
growth_10,37,2023-10-02,,
growth_10,37,2023-10-09,,
growth_10,37,2023-10-16,,
growth_10,37,2023-10-23,,
growth_10,37,2023-10-30,,
growth_10,37,2023-11-06,,
growth_10,37,2023-11-13,8.0,
growth_10,37,2023-11-20,8.0,8.0
growth_10,37,2023-11-27,7.0,7.0
growth_10,37,2023-12-04,6.0,6.0
growth_10,37,2023-12-11,5.0,5.0
growth_10,37,2023-12-18,4.0,4.0
growth_10,37,2023-12-25,3.0,3.0
growth_10,37,2024-01-01,7.0,2.0
growth_10,37,2024-01-08,6.0,1.0
growth_10,37,2024-01-15,5.0,
growth_10,37,2024-01-22,4.0,
growth_10,37,2024-01-29,3.0,
growth_10,37,2024-02-05,4.0,
growth_10,37,2024-02-12,,
growth_10,37,2024-02-19,,
growth_10,37,2024-02-26,,
growth_10,37,2024-03-04,,
growth_10,37,2024-03-11,,
growth_10,37,2024-03-18,8.0,
growth_10,37,2024-03-25,7.0,
growth_10,37,2024-04-01,6.0,
growth_10,37,2024-04-08,5.0,
growth_10,37,2024-04-15,,
growth_10,37,2024-04-22,,
growth_10,37,2024-04-29,,
growth_10,37,2024-05-06,,
growth_10,37,2024-05-13,,
growth_10,37,2024-05-20,,
growth_10,37,2024-05-27,,
growth_10,37,2024-06-03,,
growth_10,37,2024-06-10,,
growth_10,37,2024-06-17,,
growth_10,37,2024-06-24,,
growth_10,37,2024-07-01,,
growth_10,37,2024-07-08,,
growth_10,37,2024-07-15,,
growth_10,37,2024-07-22,,
growth_10,37,2024-07-29,,
growth_10,37,2024-08-05,,
growth_10,37,2024-08-12,,
growth_10,37,2024-08-19,,
growth_10,37,2024-08-26,,
growth_10,37,2024-09-02,,
growth_10,37,2024-09-09,,
growth_10,37,2024-09-16,,
growth_10,37,2024-09-23,,
growth_10,37,2024-10-07,,
growth_10,37,2024-10-14,,
growth_10,37,2024-10-21,,
growth_10,37,2024-10-28,,8.0
growth_10,37,2024-11-04,8.0,7.0
growth_10,38,2023-01-30,3.0,1.0
growth_10,38,2023-02-06,,2.0
growth_10,38,2023-02-13,,1.0
growth_10,38,2023-02-20,,
growth_10,38,2023-02-27,,
growth_10,38,2023-03-06,,
growth_10,38,2023-03-13,,
growth_10,38,2023-03-20,,
growth_10,38,2023-03-27,,
growth_10,38,2023-04-03,,
growth_10,38,2023-04-10,,
growth_10,38,2023-04-17,,
growth_10,38,2023-04-24,,
growth_10,38,2023-05-01,,
growth_10,38,2023-05-08,,
growth_10,38,2023-05-15,,
growth_10,38,2023-05-22,,
growth_10,38,2023-05-29,8.0,
growth_10,38,2023-06-05,7.0,
growth_10,38,2023-06-12,6.0,
growth_10,38,2023-06-19,5.0,
growth_10,38,2023-06-26,4.0,
growth_10,38,2023-07-03,4.0,
growth_10,38,2023-07-10,,
growth_10,38,2023-07-17,,
growth_10,38,2023-07-24,,
growth_10,38,2023-07-31,,
growth_10,38,2023-08-07,,
growth_10,38,2023-08-14,,
growth_10,38,2023-08-21,,
growth_10,38,2023-08-28,,
growth_10,38,2023-09-04,,
growth_10,38,2023-09-11,,
growth_10,38,2023-09-18,,
growth_10,38,2023-09-25,,
growth_10,38,2023-10-02,,
growth_10,38,2023-10-09,,
growth_10,38,2023-10-16,,
growth_10,38,2023-10-23,,
growth_10,38,2023-10-30,8.0,
growth_10,38,2023-11-06,7.0,
growth_10,38,2023-11-13,,
growth_10,38,2023-11-20,,
growth_10,38,2023-11-27,,
growth_10,38,2023-12-04,,
growth_10,38,2023-12-11,,
growth_10,38,2023-12-18,,
growth_10,38,2023-12-25,8.0,
growth_10,38,2024-01-01,7.0,
growth_10,38,2024-01-08,6.0,
growth_10,38,2024-01-15,5.0,8.0
growth_10,38,2024-01-22,4.0,7.0
growth_10,38,2024-01-29,8.0,6.0
growth_10,38,2024-02-05,7.0,5.0
growth_10,38,2024-02-12,6.0,4.0
growth_10,38,2024-02-19,5.0,3.0
growth_10,38,2024-02-26,4.0,2.0
growth_10,38,2024-03-04,7.0,
growth_10,38,2024-03-11,,
growth_10,38,2024-03-18,,
growth_10,38,2024-03-25,,
growth_10,38,2024-04-01,,
growth_10,38,2024-04-08,,
growth_10,38,2024-04-15,,
growth_10,38,2024-04-22,,
growth_10,38,2024-04-29,,
growth_10,38,2024-05-06,,
growth_10,38,2024-05-13,,
growth_10,38,2024-05-20,,
growth_10,38,2024-05-27,,
growth_10,38,2024-06-03,,
growth_10,38,2024-06-10,,
growth_10,38,2024-06-17,,
growth_10,38,2024-06-24,,
growth_10,38,2024-07-01,,
growth_10,38,2024-07-08,,
growth_10,38,2024-07-15,,
growth_10,38,2024-07-22,,
growth_10,38,2024-07-29,,
growth_10,38,2024-08-05,,
growth_10,38,2024-08-12,,
growth_10,38,2024-08-19,,
growth_10,38,2024-08-26,,
growth_10,38,2024-09-02,,
growth_10,38,2024-09-09,,
growth_10,38,2024-09-16,,
growth_10,38,2024-09-23,,
growth_10,38,2024-10-07,,
growth_10,38,2024-10-14,,
growth_10,38,2024-10-21,,
growth_10,38,2024-10-28,,
growth_10,38,2024-11-04,,
growth_10,39,2023-01-30,,3.0
growth_10,39,2023-02-06,,2.0
growth_10,39,2023-02-13,,1.0
growth_10,39,2023-02-20,,
growth_10,39,2023-02-27,,
growth_10,39,2023-03-06,,
growth_10,39,2023-03-13,,
growth_10,39,2023-03-20,8.0,8.0
growth_10,39,2023-03-27,7.0,7.0
growth_10,39,2023-04-03,6.0,6.0
growth_10,39,2023-04-10,5.0,5.0
growth_10,39,2023-04-17,4.0,4.0
growth_10,39,2023-04-24,3.0,3.0
growth_10,39,2023-05-01,4.0,2.0
growth_10,39,2023-05-08,3.0,1.0
growth_10,39,2023-05-15,7.0,7.0
growth_10,39,2023-05-22,6.0,6.0
growth_10,39,2023-05-29,5.0,5.0
growth_10,39,2023-06-05,5.0,4.0
growth_10,39,2023-06-12,4.0,3.0
growth_10,39,2023-06-19,3.0,2.0
growth_10,39,2023-06-26,2.0,1.0
growth_10,39,2023-07-03,2.0,2.0
growth_10,39,2023-07-10,4.0,1.0
growth_10,39,2023-07-17,,3.0
growth_10,39,2023-07-24,,2.0
growth_10,39,2023-07-31,,1.0
growth_10,39,2023-08-07,,
growth_10,39,2023-08-14,,
growth_10,39,2023-08-21,,
growth_10,39,2023-08-28,,
growth_10,39,2023-09-04,,
growth_10,39,2023-09-11,,
growth_10,39,2023-09-18,,
growth_10,39,2023-09-25,,
growth_10,39,2023-10-02,,
growth_10,39,2023-10-09,,
growth_10,39,2023-10-16,,
growth_10,39,2023-10-23,,
growth_10,39,2023-10-30,,
growth_10,39,2023-11-06,,
growth_10,39,2023-11-13,,
growth_10,39,2023-11-20,,
growth_10,39,2023-11-27,,
growth_10,39,2023-12-04,,
growth_10,39,2023-12-11,,
growth_10,39,2023-12-18,,
growth_10,39,2023-12-25,,
growth_10,39,2024-01-01,,
growth_10,39,2024-01-08,,
growth_10,39,2024-01-15,,
growth_10,39,2024-01-22,,
growth_10,39,2024-01-29,,8.0
growth_10,39,2024-02-05,8.0,7.0
growth_10,39,2024-02-12,7.0,6.0
growth_10,39,2024-02-19,6.0,5.0
growth_10,39,2024-02-26,5.0,4.0
growth_10,39,2024-03-04,4.0,3.0
growth_10,39,2024-03-11,3.0,2.0
growth_10,39,2024-03-18,5.0,1.0
growth_10,39,2024-03-25,5.0,5.0
growth_10,39,2024-04-01,5.0,4.0
growth_10,39,2024-04-08,4.0,3.0
growth_10,39,2024-04-15,3.0,
growth_10,39,2024-04-22,3.0,
growth_10,39,2024-04-29,,
growth_10,39,2024-05-06,,
growth_10,39,2024-05-13,,
growth_10,39,2024-05-20,,
growth_10,39,2024-05-27,,
growth_10,39,2024-06-03,,
growth_10,39,2024-06-10,,
growth_10,39,2024-06-17,,
growth_10,39,2024-06-24,,
growth_10,39,2024-07-01,,
growth_10,39,2024-07-08,,
growth_10,39,2024-07-15,,
growth_10,39,2024-07-22,,
growth_10,39,2024-07-29,,
growth_10,39,2024-08-05,,
growth_10,39,2024-08-12,,
growth_10,39,2024-08-19,,
growth_10,39,2024-08-26,,
growth_10,39,2024-09-02,,
growth_10,39,2024-09-09,,
growth_10,39,2024-09-16,,
growth_10,39,2024-09-23,,
growth_10,39,2024-10-07,,
growth_10,39,2024-10-14,,
growth_10,39,2024-10-21,,
growth_10,39,2024-10-28,,
growth_10,39,2024-11-04,8.0,
growth_20,0,2023-01-30,5.0,
growth_20,0,2023-02-06,4.0,
growth_20,0,2023-02-13,8.0,
growth_20,0,2023-02-20,7.0,
growth_20,0,2023-02-27,,
growth_20,0,2023-03-06,,
growth_20,0,2023-03-13,,
growth_20,0,2023-03-20,,
growth_20,0,2023-03-27,,
growth_20,0,2023-04-03,,
growth_20,0,2023-04-10,,
growth_20,0,2023-04-17,,
growth_20,0,2023-04-24,,
growth_20,0,2023-05-01,,
growth_20,0,2023-05-08,,
growth_20,0,2023-05-15,,
growth_20,0,2023-05-22,,
growth_20,0,2023-05-29,,
growth_20,0,2023-06-05,,
growth_20,0,2023-06-12,,
growth_20,0,2023-06-19,,
growth_20,0,2023-06-26,,
growth_20,0,2023-07-03,,
growth_20,0,2023-07-10,8.0,
growth_20,0,2023-07-17,7.0,
growth_20,0,2023-07-24,6.0,
growth_20,0,2023-07-31,8.0,
growth_20,0,2023-08-07,7.0,
growth_20,0,2023-08-14,6.0,
growth_20,0,2023-08-21,,
growth_20,0,2023-08-28,,
growth_20,0,2023-09-04,,
growth_20,0,2023-09-11,,
growth_20,0,2023-09-18,,
growth_20,0,2023-09-25,,
growth_20,0,2023-10-02,,
growth_20,0,2023-10-09,,
growth_20,0,2023-10-16,,
growth_20,0,2023-10-23,8.0,8.0
growth_20,0,2023-10-30,7.0,7.0
growth_20,0,2023-11-06,6.0,6.0
growth_20,0,2023-11-13,5.0,5.0
growth_20,0,2023-11-20,4.0,4.0
growth_20,0,2023-11-27,3.0,3.0
growth_20,0,2023-12-04,2.0,2.0
growth_20,0,2023-12-11,1.0,1.0
growth_20,0,2023-12-18,,
growth_20,0,2023-12-25,,
growth_20,0,2024-01-01,,
growth_20,0,2024-01-08,,
growth_20,0,2024-01-15,,
growth_20,0,2024-01-22,8.0,8.0
growth_20,0,2024-01-29,7.0,7.0
growth_20,0,2024-02-05,6.0,6.0
growth_20,0,2024-02-12,5.0,5.0
growth_20,0,2024-02-19,4.0,4.0
growth_20,0,2024-02-26,3.0,3.0
growth_20,0,2024-03-04,3.0,2.0
growth_20,0,2024-03-11,2.0,1.0
growth_20,0,2024-03-18,,
growth_20,0,2024-03-25,,
growth_20,0,2024-04-01,,
growth_20,0,2024-04-08,,
growth_20,0,2024-04-15,,
growth_20,0,2024-04-22,,
growth_20,0,2024-04-29,,8.0
growth_20,0,2024-05-06,,7.0
growth_20,0,2024-05-13,,6.0
growth_20,0,2024-05-20,,5.0
growth_20,0,2024-05-27,,4.0
growth_20,0,2024-06-03,8.0,3.0
growth_20,0,2024-06-10,7.0,2.0
growth_20,0,2024-06-17,6.0,6.0
growth_20,0,2024-06-24,5.0,5.0
growth_20,0,2024-07-01,,4.0
growth_20,0,2024-07-08,,3.0
growth_20,0,2024-07-15,,2.0
growth_20,0,2024-07-22,,
growth_20,0,2024-07-29,,
growth_20,0,2024-08-05,,
growth_20,0,2024-08-12,,8.0
growth_20,0,2024-08-19,,7.0
growth_20,0,2024-08-26,8.0,6.0
growth_20,0,2024-09-02,7.0,5.0
growth_20,0,2024-09-09,6.0,4.0
growth_20,0,2024-09-16,5.0,3.0
growth_20,0,2024-09-23,8.0,
growth_20,0,2024-10-07,7.0,
growth_20,0,2024-10-14,7.0,
growth_20,0,2024-10-21,6.0,
growth_20,0,2024-10-28,5.0,
growth_20,0,2024-11-04,4.0,
growth_20,1,2023-01-30,4.0,4.0
growth_20,1,2023-02-06,7.0,3.0
growth_20,1,2023-02-13,,
growth_20,1,2023-02-20,,
growth_20,1,2023-02-27,,
growth_20,1,2023-03-06,8.0,8.0
growth_20,1,2023-03-13,7.0,7.0
growth_20,1,2023-03-20,7.0,6.0
growth_20,1,2023-03-27,6.0,5.0
growth_20,1,2023-04-03,5.0,4.0
growth_20,1,2023-04-10,4.0,3.0
growth_20,1,2023-04-17,3.0,2.0
growth_20,1,2023-04-24,2.0,2.0
growth_20,1,2023-05-01,2.0,2.0
growth_20,1,2023-05-08,1.0,1.0
growth_20,1,2023-05-15,,1.0
growth_20,1,2023-05-22,,
growth_20,1,2023-05-29,8.0,
growth_20,1,2023-06-05,7.0,
growth_20,1,2023-06-12,7.0,
growth_20,1,2023-06-19,6.0,
growth_20,1,2023-06-26,5.0,
growth_20,1,2023-07-03,4.0,
growth_20,1,2023-07-10,4.0,
growth_20,1,2023-07-17,,
growth_20,1,2023-07-24,,
growth_20,1,2023-07-31,,
growth_20,1,2023-08-07,,
growth_20,1,2023-08-14,,
growth_20,1,2023-08-21,,
growth_20,1,2023-08-28,,
growth_20,1,2023-09-04,,
growth_20,1,2023-09-11,,
growth_20,1,2023-09-18,,
growth_20,1,2023-09-25,,
growth_20,1,2023-10-02,,
growth_20,1,2023-10-09,,
growth_20,1,2023-10-16,,
growth_20,1,2023-10-23,,
growth_20,1,2023-10-30,8.0,
growth_20,1,2023-11-06,7.0,
growth_20,1,2023-11-13,6.0,
growth_20,1,2023-11-20,5.0,
growth_20,1,2023-11-27,8.0,
growth_20,1,2023-12-04,,
growth_20,1,2023-12-11,8.0,
growth_20,1,2023-12-18,,
growth_20,1,2023-12-25,8.0,
growth_20,1,2024-01-01,8.0,
growth_20,1,2024-01-08,7.0,
growth_20,1,2024-01-15,,
growth_20,1,2024-01-22,,
growth_20,1,2024-01-29,,
growth_20,1,2024-02-05,,
growth_20,1,2024-02-12,,
growth_20,1,2024-02-19,,
growth_20,1,2024-02-26,,
growth_20,1,2024-03-04,,
growth_20,1,2024-03-11,8.0,
growth_20,1,2024-03-18,7.0,
growth_20,1,2024-03-25,7.0,
growth_20,1,2024-04-01,6.0,
growth_20,1,2024-04-08,5.0,
growth_20,1,2024-04-15,4.0,
growth_20,1,2024-04-22,4.0,
growth_20,1,2024-04-29,3.0,
growth_20,1,2024-05-06,3.0,
growth_20,1,2024-05-13,,
growth_20,1,2024-05-20,,
growth_20,1,2024-05-27,,
growth_20,1,2024-06-03,,
growth_20,1,2024-06-10,,
growth_20,1,2024-06-17,,
growth_20,1,2024-06-24,,
growth_20,1,2024-07-01,,
growth_20,1,2024-07-08,,
growth_20,1,2024-07-15,,
growth_20,1,2024-07-22,,
growth_20,1,2024-07-29,,
growth_20,1,2024-08-05,,
growth_20,1,2024-08-12,,
growth_20,1,2024-08-19,8.0,
growth_20,1,2024-08-26,,
growth_20,1,2024-09-02,,
growth_20,1,2024-09-09,,
growth_20,1,2024-09-16,,
growth_20,1,2024-09-23,,
growth_20,1,2024-10-07,,8.0
growth_20,1,2024-10-14,,7.0
growth_20,1,2024-10-21,,6.0
growth_20,1,2024-10-28,8.0,5.0
growth_20,1,2024-11-04,7.0,4.0
growth_20,2,2023-01-30,5.0,5.0
growth_20,2,2023-02-06,4.0,4.0
growth_20,2,2023-02-13,3.0,3.0
growth_20,2,2023-02-20,5.0,2.0
growth_20,2,2023-02-27,6.0,1.0
growth_20,2,2023-03-06,7.0,7.0
growth_20,2,2023-03-13,6.0,6.0
growth_20,2,2023-03-20,5.0,5.0
growth_20,2,2023-03-27,4.0,4.0
growth_20,2,2023-04-03,,3.0
growth_20,2,2023-04-10,,
growth_20,2,2023-04-17,,8.0
growth_20,2,2023-04-24,8.0,7.0
growth_20,2,2023-05-01,7.0,6.0
growth_20,2,2023-05-08,6.0,5.0
growth_20,2,2023-05-15,6.0,4.0
growth_20,2,2023-05-22,5.0,5.0
growth_20,2,2023-05-29,4.0,4.0
growth_20,2,2023-06-05,3.0,3.0
growth_20,2,2023-06-12,3.0,2.0
growth_20,2,2023-06-19,2.0,1.0
growth_20,2,2023-06-26,3.0,4.0
growth_20,2,2023-07-03,3.0,3.0
growth_20,2,2023-07-10,2.0,2.0
growth_20,2,2023-07-17,3.0,
growth_20,2,2023-07-24,5.0,
growth_20,2,2023-07-31,8.0,
growth_20,2,2023-08-07,7.0,
growth_20,2,2023-08-14,6.0,
growth_20,2,2023-08-21,8.0,
growth_20,2,2023-08-28,7.0,
growth_20,2,2023-09-04,6.0,
growth_20,2,2023-09-11,6.0,
growth_20,2,2023-09-18,,
growth_20,2,2023-09-25,,
growth_20,2,2023-10-02,,
growth_20,2,2023-10-09,,
growth_20,2,2023-10-16,,
growth_20,2,2023-10-23,,
growth_20,2,2023-10-30,,
growth_20,2,2023-11-06,,
growth_20,2,2023-11-13,8.0,8.0
growth_20,2,2023-11-20,7.0,7.0
growth_20,2,2023-11-27,6.0,6.0
growth_20,2,2023-12-04,5.0,5.0
growth_20,2,2023-12-11,4.0,4.0
growth_20,2,2023-12-18,3.0,3.0
growth_20,2,2023-12-25,2.0,2.0
growth_20,2,2024-01-01,3.0,1.0
growth_20,2,2024-01-08,3.0,3.0
growth_20,2,2024-01-15,2.0,2.0
growth_20,2,2024-01-22,2.0,1.0
growth_20,2,2024-01-29,,
growth_20,2,2024-02-05,,
growth_20,2,2024-02-12,,
growth_20,2,2024-02-19,,
growth_20,2,2024-02-26,,
growth_20,2,2024-03-04,8.0,
growth_20,2,2024-03-11,7.0,
growth_20,2,2024-03-18,6.0,
growth_20,2,2024-03-25,6.0,
growth_20,2,2024-04-01,5.0,
growth_20,2,2024-04-08,4.0,
growth_20,2,2024-04-15,3.0,
growth_20,2,2024-04-22,3.0,
growth_20,2,2024-04-29,6.0,
growth_20,2,2024-05-06,6.0,
growth_20,2,2024-05-13,,
growth_20,2,2024-05-20,,8.0
growth_20,2,2024-05-27,8.0,7.0
growth_20,2,2024-06-03,7.0,6.0
growth_20,2,2024-06-10,6.0,5.0
growth_20,2,2024-06-17,5.0,5.0
growth_20,2,2024-06-24,4.0,4.0
growth_20,2,2024-07-01,3.0,
growth_20,2,2024-07-08,3.0,
growth_20,2,2024-07-15,4.0,
growth_20,2,2024-07-22,4.0,
growth_20,2,2024-07-29,5.0,
growth_20,2,2024-08-05,5.0,
growth_20,2,2024-08-12,5.0,
growth_20,2,2024-08-19,5.0,
growth_20,2,2024-08-26,4.0,
growth_20,2,2024-09-02,5.0,
growth_20,2,2024-09-09,8.0,
growth_20,2,2024-09-16,7.0,
growth_20,2,2024-09-23,8.0,
growth_20,2,2024-10-07,8.0,
growth_20,2,2024-10-14,,
growth_20,2,2024-10-21,,
growth_20,2,2024-10-28,,
growth_20,2,2024-11-04,,
growth_20,3,2023-01-30,4.0,3.0
growth_20,3,2023-02-06,3.0,2.0
growth_20,3,2023-02-13,2.0,1.0
growth_20,3,2023-02-20,6.0,1.0
growth_20,3,2023-02-27,6.0,5.0
growth_20,3,2023-03-06,5.0,4.0
growth_20,3,2023-03-13,4.0,6.0
growth_20,3,2023-03-20,5.0,5.0
growth_20,3,2023-03-27,4.0,5.0
growth_20,3,2023-04-03,4.0,4.0
growth_20,3,2023-04-10,3.0,3.0
growth_20,3,2023-04-17,2.0,2.0
growth_20,3,2023-04-24,2.0,1.0
growth_20,3,2023-05-01,4.0,5.0
growth_20,3,2023-05-08,4.0,4.0
growth_20,3,2023-05-15,3.0,3.0
growth_20,3,2023-05-22,2.0,2.0
growth_20,3,2023-05-29,1.0,1.0
growth_20,3,2023-06-05,4.0,7.0
growth_20,3,2023-06-12,5.0,6.0
growth_20,3,2023-06-19,5.0,5.0
growth_20,3,2023-06-26,4.0,4.0
growth_20,3,2023-07-03,3.0,3.0
growth_20,3,2023-07-10,2.0,2.0
growth_20,3,2023-07-17,2.0,1.0
growth_20,3,2023-07-24,4.0,3.0
growth_20,3,2023-07-31,3.0,2.0
growth_20,3,2023-08-07,3.0,5.0
growth_20,3,2023-08-14,4.0,4.0
growth_20,3,2023-08-21,5.0,3.0
growth_20,3,2023-08-28,4.0,2.0
growth_20,3,2023-09-04,3.0,3.0
growth_20,3,2023-09-11,6.0,2.0
growth_20,3,2023-09-18,5.0,
growth_20,3,2023-09-25,5.0,
growth_20,3,2023-10-02,4.0,8.0
growth_20,3,2023-10-09,4.0,7.0
growth_20,3,2023-10-16,5.0,6.0
growth_20,3,2023-10-23,4.0,5.0
growth_20,3,2023-10-30,4.0,4.0
growth_20,3,2023-11-06,3.0,3.0
growth_20,3,2023-11-13,3.0,3.0
growth_20,3,2023-11-20,2.0,2.0
growth_20,3,2023-11-27,3.0,1.0
growth_20,3,2023-12-04,5.0,6.0
growth_20,3,2023-12-11,5.0,5.0
growth_20,3,2023-12-18,4.0,4.0
growth_20,3,2023-12-25,4.0,3.0
growth_20,3,2024-01-01,4.0,4.0
growth_20,3,2024-01-08,3.0,3.0
growth_20,3,2024-01-15,4.0,5.0
growth_20,3,2024-01-22,4.0,4.0
growth_20,3,2024-01-29,3.0,3.0
growth_20,3,2024-02-05,3.0,2.0
growth_20,3,2024-02-12,2.0,2.0
growth_20,3,2024-02-19,4.0,1.0
growth_20,3,2024-02-26,5.0,3.0
growth_20,3,2024-03-04,5.0,5.0
growth_20,3,2024-03-11,4.0,4.0
growth_20,3,2024-03-18,3.0,3.0
growth_20,3,2024-03-25,3.0,2.0
growth_20,3,2024-04-01,2.0,
growth_20,3,2024-04-08,3.0,
growth_20,3,2024-04-15,5.0,
growth_20,3,2024-04-22,5.0,
growth_20,3,2024-04-29,4.0,
growth_20,3,2024-05-06,4.0,
growth_20,3,2024-05-13,4.0,
growth_20,3,2024-05-20,4.0,
growth_20,3,2024-05-27,4.0,
growth_20,3,2024-06-03,3.0,8.0
growth_20,3,2024-06-10,4.0,7.0
growth_20,3,2024-06-17,4.0,6.0
growth_20,3,2024-06-24,4.0,5.0
growth_20,3,2024-07-01,3.0,4.0
growth_20,3,2024-07-08,3.0,3.0
growth_20,3,2024-07-15,3.0,2.0
growth_20,3,2024-07-22,3.0,4.0
growth_20,3,2024-07-29,3.0,3.0
growth_20,3,2024-08-05,3.0,3.0
growth_20,3,2024-08-12,2.0,2.0
growth_20,3,2024-08-19,2.0,1.0
growth_20,3,2024-08-26,3.0,3.0
growth_20,3,2024-09-02,3.0,4.0
growth_20,3,2024-09-09,3.0,3.0
growth_20,3,2024-09-16,3.0,3.0
growth_20,3,2024-09-23,2.0,2.0
growth_20,3,2024-10-07,3.0,7.0
growth_20,3,2024-10-14,4.0,6.0
growth_20,3,2024-10-21,5.0,5.0
growth_20,3,2024-10-28,4.0,4.0
growth_20,3,2024-11-04,4.0,3.0
growth_20,4,2023-01-30,3.0,2.0
growth_20,4,2023-02-06,2.0,2.0
growth_20,4,2023-02-13,3.0,5.0
growth_20,4,2023-02-20,4.0,4.0
growth_20,4,2023-02-27,4.0,3.0
growth_20,4,2023-03-06,3.0,2.0
growth_20,4,2023-03-13,2.0,1.0
growth_20,4,2023-03-20,6.0,7.0
growth_20,4,2023-03-27,6.0,6.0
growth_20,4,2023-04-03,5.0,5.0
growth_20,4,2023-04-10,4.0,4.0
growth_20,4,2023-04-17,4.0,3.0
growth_20,4,2023-04-24,4.0,2.0
growth_20,4,2023-05-01,4.0,1.0
growth_20,4,2023-05-08,5.0,
growth_20,4,2023-05-15,5.0,
growth_20,4,2023-05-22,6.0,
growth_20,4,2023-05-29,5.0,
growth_20,4,2023-06-05,7.0,
growth_20,4,2023-06-12,6.0,
growth_20,4,2023-06-19,6.0,
growth_20,4,2023-06-26,5.0,
growth_20,4,2023-07-03,5.0,
growth_20,4,2023-07-10,4.0,
growth_20,4,2023-07-17,3.0,
growth_20,4,2023-07-24,3.0,
growth_20,4,2023-07-31,4.0,8.0
growth_20,4,2023-08-07,6.0,7.0
growth_20,4,2023-08-14,6.0,6.0
growth_20,4,2023-08-21,5.0,5.0
growth_20,4,2023-08-28,4.0,4.0
growth_20,4,2023-09-04,4.0,3.0
growth_20,4,2023-09-11,5.0,2.0
growth_20,4,2023-09-18,4.0,
growth_20,4,2023-09-25,,
growth_20,4,2023-10-02,,
growth_20,4,2023-10-09,,
growth_20,4,2023-10-16,,
growth_20,4,2023-10-23,,
growth_20,4,2023-10-30,,
growth_20,4,2023-11-06,,8.0
growth_20,4,2023-11-13,,7.0
growth_20,4,2023-11-20,8.0,6.0
growth_20,4,2023-11-27,7.0,
growth_20,4,2023-12-04,7.0,
growth_20,4,2023-12-11,6.0,
growth_20,4,2023-12-18,5.0,
growth_20,4,2023-12-25,4.0,
growth_20,4,2024-01-01,4.0,8.0
growth_20,4,2024-01-08,4.0,7.0
growth_20,4,2024-01-15,4.0,6.0
growth_20,4,2024-01-22,5.0,5.0
growth_20,4,2024-01-29,5.0,4.0
growth_20,4,2024-02-05,4.0,3.0
growth_20,4,2024-02-12,3.0,2.0
growth_20,4,2024-02-19,2.0,1.0
growth_20,4,2024-02-26,2.0,3.0
growth_20,4,2024-03-04,2.0,2.0
growth_20,4,2024-03-11,1.0,1.0
growth_20,4,2024-03-18,3.0,3.0
growth_20,4,2024-03-25,,2.0
growth_20,4,2024-04-01,,
growth_20,4,2024-04-08,,
growth_20,4,2024-04-15,8.0,
growth_20,4,2024-04-22,7.0,
growth_20,4,2024-04-29,6.0,
growth_20,4,2024-05-06,5.0,
growth_20,4,2024-05-13,5.0,
growth_20,4,2024-05-20,4.0,
growth_20,4,2024-05-27,4.0,
growth_20,4,2024-06-03,4.0,
growth_20,4,2024-06-10,4.0,
growth_20,4,2024-06-17,5.0,
growth_20,4,2024-06-24,5.0,8.0
growth_20,4,2024-07-01,5.0,7.0
growth_20,4,2024-07-08,4.0,6.0
growth_20,4,2024-07-15,4.0,5.0
growth_20,4,2024-07-22,4.0,4.0
growth_20,4,2024-07-29,3.0,3.0
growth_20,4,2024-08-05,6.0,
growth_20,4,2024-08-12,7.0,
growth_20,4,2024-08-19,8.0,
growth_20,4,2024-08-26,8.0,
growth_20,4,2024-09-02,,
growth_20,4,2024-09-09,8.0,8.0
growth_20,4,2024-09-16,7.0,7.0
growth_20,4,2024-09-23,6.0,6.0
growth_20,4,2024-10-07,5.0,5.0
growth_20,4,2024-10-14,,4.0
growth_20,4,2024-10-21,8.0,3.0
growth_20,4,2024-10-28,7.0,2.0
growth_20,4,2024-11-04,7.0,
growth_20,5,2023-01-30,,7.0
growth_20,5,2023-02-06,8.0,6.0
growth_20,5,2023-02-13,7.0,7.0
growth_20,5,2023-02-20,7.0,6.0
growth_20,5,2023-02-27,6.0,5.0
growth_20,5,2023-03-06,5.0,4.0
growth_20,5,2023-03-13,4.0,4.0
growth_20,5,2023-03-20,3.0,3.0
growth_20,5,2023-03-27,2.0,2.0
growth_20,5,2023-04-03,3.0,1.0
growth_20,5,2023-04-10,2.0,2.0
growth_20,5,2023-04-17,1.0,1.0
growth_20,5,2023-04-24,3.0,3.0
growth_20,5,2023-05-01,2.0,2.0
growth_20,5,2023-05-08,1.0,1.0
growth_20,5,2023-05-15,2.0,2.0
growth_20,5,2023-05-22,1.0,1.0
growth_20,5,2023-05-29,,
growth_20,5,2023-06-05,,
growth_20,5,2023-06-12,,
growth_20,5,2023-06-19,,
growth_20,5,2023-06-26,,
growth_20,5,2023-07-03,,
growth_20,5,2023-07-10,,
growth_20,5,2023-07-17,,
growth_20,5,2023-07-24,8.0,
growth_20,5,2023-07-31,8.0,
growth_20,5,2023-08-07,8.0,
growth_20,5,2023-08-14,,
growth_20,5,2023-08-21,,
growth_20,5,2023-08-28,8.0,
growth_20,5,2023-09-04,,
growth_20,5,2023-09-11,,
growth_20,5,2023-09-18,,
growth_20,5,2023-09-25,,
growth_20,5,2023-10-02,,7.0
growth_20,5,2023-10-09,,6.0
growth_20,5,2023-10-16,8.0,
growth_20,5,2023-10-23,7.0,
growth_20,5,2023-10-30,7.0,
growth_20,5,2023-11-06,,
growth_20,5,2023-11-13,,
growth_20,5,2023-11-20,,
growth_20,5,2023-11-27,,
growth_20,5,2023-12-04,,
growth_20,5,2023-12-11,,
growth_20,5,2023-12-18,8.0,
growth_20,5,2023-12-25,8.0,
growth_20,5,2024-01-01,8.0,
growth_20,5,2024-01-08,7.0,
growth_20,5,2024-01-15,7.0,
growth_20,5,2024-01-22,7.0,
growth_20,5,2024-01-29,7.0,
growth_20,5,2024-02-05,,
growth_20,5,2024-02-12,,
growth_20,5,2024-02-19,,
growth_20,5,2024-02-26,,
growth_20,5,2024-03-04,,
growth_20,5,2024-03-11,,
growth_20,5,2024-03-18,,
growth_20,5,2024-03-25,,
growth_20,5,2024-04-01,,
growth_20,5,2024-04-08,,
growth_20,5,2024-04-15,,
growth_20,5,2024-04-22,,
growth_20,5,2024-04-29,,
growth_20,5,2024-05-06,,
growth_20,5,2024-05-13,,
growth_20,5,2024-05-20,,
growth_20,5,2024-05-27,,
growth_20,5,2024-06-03,,
growth_20,5,2024-06-10,,
growth_20,5,2024-06-17,,
growth_20,5,2024-06-24,,
growth_20,5,2024-07-01,,
growth_20,5,2024-07-08,8.0,
growth_20,5,2024-07-15,7.0,
growth_20,5,2024-07-22,6.0,
growth_20,5,2024-07-29,5.0,
growth_20,5,2024-08-05,5.0,
growth_20,5,2024-08-12,4.0,
growth_20,5,2024-08-19,6.0,
growth_20,5,2024-08-26,5.0,
growth_20,5,2024-09-02,7.0,
growth_20,5,2024-09-09,,
growth_20,5,2024-09-16,,
growth_20,5,2024-09-23,,
growth_20,5,2024-10-07,,
growth_20,5,2024-10-14,,
growth_20,5,2024-10-21,,
growth_20,5,2024-10-28,,
growth_20,5,2024-11-04,,
growth_20,6,2023-01-30,4.0,8.0
growth_20,6,2023-02-06,5.0,7.0
growth_20,6,2023-02-13,5.0,6.0
growth_20,6,2023-02-20,5.0,5.0
growth_20,6,2023-02-27,4.0,4.0
growth_20,6,2023-03-06,4.0,3.0
growth_20,6,2023-03-13,3.0,2.0
growth_20,6,2023-03-20,3.0,4.0
growth_20,6,2023-03-27,3.0,4.0
growth_20,6,2023-04-03,3.0,3.0
growth_20,6,2023-04-10,2.0,2.0
growth_20,6,2023-04-17,1.0,1.0
growth_20,6,2023-04-24,4.0,3.0
growth_20,6,2023-05-01,3.0,2.0
growth_20,6,2023-05-08,2.0,1.0
growth_20,6,2023-05-15,3.0,7.0
growth_20,6,2023-05-22,6.0,6.0
growth_20,6,2023-05-29,7.0,5.0
growth_20,6,2023-06-05,7.0,4.0
growth_20,6,2023-06-12,6.0,6.0
growth_20,6,2023-06-19,5.0,5.0
growth_20,6,2023-06-26,4.0,4.0
growth_20,6,2023-07-03,5.0,8.0
growth_20,6,2023-07-10,5.0,7.0
growth_20,6,2023-07-17,4.0,6.0
growth_20,6,2023-07-24,5.0,5.0
growth_20,6,2023-07-31,4.0,4.0
growth_20,6,2023-08-07,4.0,3.0
growth_20,6,2023-08-14,4.0,
growth_20,6,2023-08-21,4.0,
growth_20,6,2023-08-28,5.0,
growth_20,6,2023-09-04,5.0,
growth_20,6,2023-09-11,5.0,
growth_20,6,2023-09-18,5.0,
growth_20,6,2023-09-25,4.0,8.0
growth_20,6,2023-10-02,7.0,7.0
growth_20,6,2023-10-09,6.0,6.0
growth_20,6,2023-10-16,5.0,5.0
growth_20,6,2023-10-23,5.0,4.0
growth_20,6,2023-10-30,4.0,
growth_20,6,2023-11-06,6.0,
growth_20,6,2023-11-13,,
growth_20,6,2023-11-20,8.0,8.0
growth_20,6,2023-11-27,7.0,7.0
growth_20,6,2023-12-04,6.0,6.0
growth_20,6,2023-12-11,5.0,5.0
growth_20,6,2023-12-18,5.0,4.0
growth_20,6,2023-12-25,5.0,3.0
growth_20,6,2024-01-01,4.0,2.0
growth_20,6,2024-01-08,5.0,5.0
growth_20,6,2024-01-15,5.0,5.0
growth_20,6,2024-01-22,4.0,4.0
growth_20,6,2024-01-29,3.0,3.0
growth_20,6,2024-02-05,2.0,2.0
growth_20,6,2024-02-12,2.0,2.0
growth_20,6,2024-02-19,5.0,6.0
growth_20,6,2024-02-26,5.0,
growth_20,6,2024-03-04,4.0,8.0
growth_20,6,2024-03-11,5.0,7.0
growth_20,6,2024-03-18,4.0,6.0
growth_20,6,2024-03-25,4.0,5.0
growth_20,6,2024-04-01,4.0,4.0
growth_20,6,2024-04-08,4.0,8.0
growth_20,6,2024-04-15,3.0,7.0
growth_20,6,2024-04-22,4.0,6.0
growth_20,6,2024-04-29,4.0,5.0
growth_20,6,2024-05-06,4.0,4.0
growth_20,6,2024-05-13,3.0,
growth_20,6,2024-05-20,3.0,
growth_20,6,2024-05-27,3.0,
growth_20,6,2024-06-03,6.0,
growth_20,6,2024-06-10,6.0,
growth_20,6,2024-06-17,6.0,8.0
growth_20,6,2024-06-24,5.0,7.0
growth_20,6,2024-07-01,6.0,6.0
growth_20,6,2024-07-08,5.0,5.0
growth_20,6,2024-07-15,4.0,4.0
growth_20,6,2024-07-22,5.0,3.0
growth_20,6,2024-07-29,4.0,2.0
growth_20,6,2024-08-05,3.0,1.0
growth_20,6,2024-08-12,3.0,2.0
growth_20,6,2024-08-19,3.0,4.0
growth_20,6,2024-08-26,3.0,3.0
growth_20,6,2024-09-02,2.0,2.0
growth_20,6,2024-09-09,3.0,1.0
growth_20,6,2024-09-16,5.0,
growth_20,6,2024-09-23,6.0,8.0
growth_20,6,2024-10-07,7.0,7.0
growth_20,6,2024-10-14,6.0,6.0
growth_20,6,2024-10-21,5.0,5.0
growth_20,6,2024-10-28,4.0,4.0
growth_20,6,2024-11-04,3.0,3.0
growth_20,7,2023-01-30,7.0,3.0
growth_20,7,2023-02-06,7.0,2.0
growth_20,7,2023-02-13,6.0,6.0
growth_20,7,2023-02-20,5.0,5.0
growth_20,7,2023-02-27,4.0,4.0
growth_20,7,2023-03-06,3.0,3.0
growth_20,7,2023-03-13,2.0,2.0
growth_20,7,2023-03-20,1.0,1.0
growth_20,7,2023-03-27,1.0,1.0
growth_20,7,2023-04-03,2.0,1.0
growth_20,7,2023-04-10,,
growth_20,7,2023-04-17,8.0,
growth_20,7,2023-04-24,7.0,
growth_20,7,2023-05-01,6.0,
growth_20,7,2023-05-08,6.0,
growth_20,7,2023-05-15,8.0,
growth_20,7,2023-05-22,7.0,
growth_20,7,2023-05-29,8.0,
growth_20,7,2023-06-05,8.0,
growth_20,7,2023-06-12,7.0,
growth_20,7,2023-06-19,7.0,
growth_20,7,2023-06-26,,
growth_20,7,2023-07-03,,
growth_20,7,2023-07-10,8.0,8.0
growth_20,7,2023-07-17,7.0,7.0
growth_20,7,2023-07-24,6.0,6.0
growth_20,7,2023-07-31,6.0,5.0
growth_20,7,2023-08-07,5.0,4.0
growth_20,7,2023-08-14,5.0,3.0
growth_20,7,2023-08-21,4.0,2.0
growth_20,7,2023-08-28,3.0,
growth_20,7,2023-09-04,5.0,
growth_20,7,2023-09-11,4.0,
growth_20,7,2023-09-18,5.0,
growth_20,7,2023-09-25,5.0,
growth_20,7,2023-10-02,5.0,
growth_20,7,2023-10-09,5.0,
growth_20,7,2023-10-16,8.0,
growth_20,7,2023-10-23,,
growth_20,7,2023-10-30,,
growth_20,7,2023-11-06,,
growth_20,7,2023-11-13,,
growth_20,7,2023-11-20,8.0,
growth_20,7,2023-11-27,8.0,
growth_20,7,2023-12-04,8.0,
growth_20,7,2023-12-11,7.0,
growth_20,7,2023-12-18,6.0,
growth_20,7,2023-12-25,,
growth_20,7,2024-01-01,,
growth_20,7,2024-01-08,,
growth_20,7,2024-01-15,,
growth_20,7,2024-01-22,,
growth_20,7,2024-01-29,8.0,
growth_20,7,2024-02-05,8.0,
growth_20,7,2024-02-12,7.0,
growth_20,7,2024-02-19,6.0,
growth_20,7,2024-02-26,5.0,
growth_20,7,2024-03-04,4.0,
growth_20,7,2024-03-11,7.0,
growth_20,7,2024-03-18,7.0,
growth_20,7,2024-03-25,7.0,
growth_20,7,2024-04-01,,
growth_20,7,2024-04-08,8.0,
growth_20,7,2024-04-15,7.0,
growth_20,7,2024-04-22,6.0,
growth_20,7,2024-04-29,8.0,
growth_20,7,2024-05-06,7.0,
growth_20,7,2024-05-13,6.0,
growth_20,7,2024-05-20,5.0,
growth_20,7,2024-05-27,5.0,
growth_20,7,2024-06-03,8.0,
growth_20,7,2024-06-10,7.0,
growth_20,7,2024-06-17,7.0,
growth_20,7,2024-06-24,6.0,
growth_20,7,2024-07-01,,
growth_20,7,2024-07-08,8.0,
growth_20,7,2024-07-15,7.0,
growth_20,7,2024-07-22,,
growth_20,7,2024-07-29,,
growth_20,7,2024-08-05,,
growth_20,7,2024-08-12,8.0,8.0
growth_20,7,2024-08-19,7.0,7.0
growth_20,7,2024-08-26,7.0,6.0
growth_20,7,2024-09-02,6.0,5.0
growth_20,7,2024-09-09,5.0,4.0
growth_20,7,2024-09-16,4.0,3.0
growth_20,7,2024-09-23,3.0,2.0
growth_20,7,2024-10-07,2.0,
growth_20,7,2024-10-14,7.0,
growth_20,7,2024-10-21,7.0,
growth_20,7,2024-10-28,6.0,
growth_20,7,2024-11-04,5.0,
growth_20,8,2023-01-30,4.0,4.0
growth_20,8,2023-02-06,4.0,3.0
growth_20,8,2023-02-13,4.0,4.0
growth_20,8,2023-02-20,3.0,3.0
growth_20,8,2023-02-27,4.0,4.0
growth_20,8,2023-03-06,3.0,3.0
growth_20,8,2023-03-13,3.0,2.0
growth_20,8,2023-03-20,2.0,2.0
growth_20,8,2023-03-27,3.0,1.0
growth_20,8,2023-04-03,3.0,2.0
growth_20,8,2023-04-10,2.0,3.0
growth_20,8,2023-04-17,2.0,2.0
growth_20,8,2023-04-24,2.0,1.0
growth_20,8,2023-05-01,2.0,1.0
growth_20,8,2023-05-08,3.0,2.0
growth_20,8,2023-05-15,3.0,3.0
growth_20,8,2023-05-22,3.0,2.0
growth_20,8,2023-05-29,2.0,1.0
growth_20,8,2023-06-05,2.0,2.0
growth_20,8,2023-06-12,2.0,2.0
growth_20,8,2023-06-19,2.0,2.0
growth_20,8,2023-06-26,2.0,1.0
growth_20,8,2023-07-03,2.0,2.0
growth_20,8,2023-07-10,1.0,1.0
growth_20,8,2023-07-17,3.0,3.0
growth_20,8,2023-07-24,3.0,2.0
growth_20,8,2023-07-31,3.0,5.0
growth_20,8,2023-08-07,3.0,4.0
growth_20,8,2023-08-14,3.0,3.0
growth_20,8,2023-08-21,3.0,2.0
growth_20,8,2023-08-28,2.0,2.0
growth_20,8,2023-09-04,2.0,2.0
growth_20,8,2023-09-11,2.0,2.0
growth_20,8,2023-09-18,3.0,3.0
growth_20,8,2023-09-25,3.0,2.0
growth_20,8,2023-10-02,2.0,2.0
growth_20,8,2023-10-09,2.0,1.0
growth_20,8,2023-10-16,2.0,2.0
growth_20,8,2023-10-23,2.0,1.0
growth_20,8,2023-10-30,2.0,1.0
growth_20,8,2023-11-06,2.0,2.0
growth_20,8,2023-11-13,2.0,3.0
growth_20,8,2023-11-20,2.0,2.0
growth_20,8,2023-11-27,2.0,1.0
growth_20,8,2023-12-04,3.0,3.0
growth_20,8,2023-12-11,3.0,3.0
growth_20,8,2023-12-18,3.0,2.0
growth_20,8,2023-12-25,2.0,2.0
growth_20,8,2024-01-01,3.0,4.0
growth_20,8,2024-01-08,3.0,3.0
growth_20,8,2024-01-15,2.0,2.0
growth_20,8,2024-01-22,2.0,1.0
growth_20,8,2024-01-29,3.0,1.0
growth_20,8,2024-02-05,4.0,4.0
growth_20,8,2024-02-12,3.0,3.0
growth_20,8,2024-02-19,2.0,2.0
growth_20,8,2024-02-26,3.0,1.0
growth_20,8,2024-03-04,4.0,3.0
growth_20,8,2024-03-11,3.0,3.0
growth_20,8,2024-03-18,2.0,2.0
growth_20,8,2024-03-25,2.0,2.0
growth_20,8,2024-04-01,2.0,2.0
growth_20,8,2024-04-08,2.0,4.0
growth_20,8,2024-04-15,3.0,3.0
growth_20,8,2024-04-22,3.0,2.0
growth_20,8,2024-04-29,2.0,3.0
growth_20,8,2024-05-06,2.0,2.0
growth_20,8,2024-05-13,2.0,1.0
growth_20,8,2024-05-20,2.0,2.0
growth_20,8,2024-05-27,2.0,1.0
growth_20,8,2024-06-03,2.0,2.0
growth_20,8,2024-06-10,2.0,2.0
growth_20,8,2024-06-17,2.0,1.0
growth_20,8,2024-06-24,2.0,3.0
growth_20,8,2024-07-01,2.0,2.0
growth_20,8,2024-07-08,3.0,3.0
growth_20,8,2024-07-15,3.0,2.0
growth_20,8,2024-07-22,3.0,2.0
growth_20,8,2024-07-29,2.0,2.0
growth_20,8,2024-08-05,2.0,2.0
growth_20,8,2024-08-12,2.0,4.0
growth_20,8,2024-08-19,3.0,3.0
growth_20,8,2024-08-26,3.0,3.0
growth_20,8,2024-09-02,2.0,2.0
growth_20,8,2024-09-09,2.0,2.0
growth_20,8,2024-09-16,3.0,3.0
growth_20,8,2024-09-23,2.0,2.0
growth_20,8,2024-10-07,2.0,1.0
growth_20,8,2024-10-14,2.0,2.0
growth_20,8,2024-10-21,2.0,1.0
growth_20,8,2024-10-28,2.0,1.0
growth_20,8,2024-11-04,2.0,1.0
growth_20,9,2023-01-30,8.0,
growth_20,9,2023-02-06,,
growth_20,9,2023-02-13,,
growth_20,9,2023-02-20,,
growth_20,9,2023-02-27,,
growth_20,9,2023-03-06,,
growth_20,9,2023-03-13,,
growth_20,9,2023-03-20,8.0,8.0
growth_20,9,2023-03-27,7.0,7.0
growth_20,9,2023-04-03,6.0,6.0
growth_20,9,2023-04-10,5.0,5.0
growth_20,9,2023-04-17,4.0,4.0
growth_20,9,2023-04-24,,3.0
growth_20,9,2023-05-01,,2.0
growth_20,9,2023-05-08,8.0,1.0
growth_20,9,2023-05-15,7.0,2.0
growth_20,9,2023-05-22,,
growth_20,9,2023-05-29,,
growth_20,9,2023-06-05,,
growth_20,9,2023-06-12,8.0,
growth_20,9,2023-06-19,,
growth_20,9,2023-06-26,8.0,8.0
growth_20,9,2023-07-03,7.0,7.0
growth_20,9,2023-07-10,6.0,
growth_20,9,2023-07-17,6.0,
growth_20,9,2023-07-24,5.0,
growth_20,9,2023-07-31,,
growth_20,9,2023-08-07,,
growth_20,9,2023-08-14,,
growth_20,9,2023-08-21,,
growth_20,9,2023-08-28,,
growth_20,9,2023-09-04,,
growth_20,9,2023-09-11,,
growth_20,9,2023-09-18,,
growth_20,9,2023-09-25,,
growth_20,9,2023-10-02,,
growth_20,9,2023-10-09,,
growth_20,9,2023-10-16,,
growth_20,9,2023-10-23,8.0,
growth_20,9,2023-10-30,8.0,
growth_20,9,2023-11-06,7.0,
growth_20,9,2023-11-13,6.0,
growth_20,9,2023-11-20,5.0,
growth_20,9,2023-11-27,5.0,
growth_20,9,2023-12-04,6.0,
growth_20,9,2023-12-11,5.0,
growth_20,9,2023-12-18,8.0,8.0
growth_20,9,2023-12-25,8.0,7.0
growth_20,9,2024-01-01,7.0,6.0
growth_20,9,2024-01-08,6.0,5.0
growth_20,9,2024-01-15,8.0,
growth_20,9,2024-01-22,8.0,
growth_20,9,2024-01-29,7.0,
growth_20,9,2024-02-05,6.0,
growth_20,9,2024-02-12,6.0,
growth_20,9,2024-02-19,5.0,
growth_20,9,2024-02-26,4.0,
growth_20,9,2024-03-04,3.0,
growth_20,9,2024-03-11,3.0,8.0
growth_20,9,2024-03-18,4.0,7.0
growth_20,9,2024-03-25,6.0,6.0
growth_20,9,2024-04-01,6.0,5.0
growth_20,9,2024-04-08,5.0,4.0
growth_20,9,2024-04-15,5.0,3.0
growth_20,9,2024-04-22,4.0,2.0
growth_20,9,2024-04-29,3.0,
growth_20,9,2024-05-06,,
growth_20,9,2024-05-13,,
growth_20,9,2024-05-20,,
growth_20,9,2024-05-27,,
growth_20,9,2024-06-03,,
growth_20,9,2024-06-10,8.0,8.0
growth_20,9,2024-06-17,7.0,7.0
growth_20,9,2024-06-24,6.0,6.0
growth_20,9,2024-07-01,5.0,5.0
growth_20,9,2024-07-08,4.0,4.0
growth_20,9,2024-07-15,3.0,3.0
growth_20,9,2024-07-22,2.0,2.0
growth_20,9,2024-07-29,5.0,1.0
growth_20,9,2024-08-05,,
growth_20,9,2024-08-12,,
growth_20,9,2024-08-19,,
growth_20,9,2024-08-26,,
growth_20,9,2024-09-02,,
growth_20,9,2024-09-09,,
growth_20,9,2024-09-16,,
growth_20,9,2024-09-23,,
growth_20,9,2024-10-07,,
growth_20,9,2024-10-14,,
growth_20,9,2024-10-21,8.0,
growth_20,9,2024-10-28,7.0,
growth_20,9,2024-11-04,,
growth_20,10,2023-01-30,3.0,2.0
growth_20,10,2023-02-06,2.0,1.0
growth_20,10,2023-02-13,6.0,7.0
growth_20,10,2023-02-20,6.0,6.0
growth_20,10,2023-02-27,5.0,5.0
growth_20,10,2023-03-06,4.0,4.0
growth_20,10,2023-03-13,4.0,4.0
growth_20,10,2023-03-20,3.0,8.0
growth_20,10,2023-03-27,2.0,7.0
growth_20,10,2023-04-03,,6.0
growth_20,10,2023-04-10,,5.0
growth_20,10,2023-04-17,,4.0
growth_20,10,2023-04-24,,3.0
growth_20,10,2023-05-01,,
growth_20,10,2023-05-08,8.0,8.0
growth_20,10,2023-05-15,7.0,7.0
growth_20,10,2023-05-22,6.0,6.0
growth_20,10,2023-05-29,5.0,5.0
growth_20,10,2023-06-05,4.0,4.0
growth_20,10,2023-06-12,4.0,3.0
growth_20,10,2023-06-19,4.0,2.0
growth_20,10,2023-06-26,3.0,1.0
growth_20,10,2023-07-03,4.0,6.0
growth_20,10,2023-07-10,3.0,5.0
growth_20,10,2023-07-17,5.0,4.0
growth_20,10,2023-07-24,4.0,3.0
growth_20,10,2023-07-31,3.0,8.0
growth_20,10,2023-08-07,4.0,7.0
growth_20,10,2023-08-14,6.0,6.0
growth_20,10,2023-08-21,6.0,5.0
growth_20,10,2023-08-28,5.0,4.0
growth_20,10,2023-09-04,4.0,3.0
growth_20,10,2023-09-11,4.0,2.0
growth_20,10,2023-09-18,3.0,8.0
growth_20,10,2023-09-25,6.0,7.0
growth_20,10,2023-10-02,6.0,6.0
growth_20,10,2023-10-09,6.0,5.0
growth_20,10,2023-10-16,5.0,4.0
growth_20,10,2023-10-23,5.0,3.0
growth_20,10,2023-10-30,4.0,
growth_20,10,2023-11-06,5.0,
growth_20,10,2023-11-13,5.0,
growth_20,10,2023-11-20,5.0,
growth_20,10,2023-11-27,4.0,
growth_20,10,2023-12-04,3.0,
growth_20,10,2023-12-11,8.0,
growth_20,10,2023-12-18,8.0,
growth_20,10,2023-12-25,7.0,
growth_20,10,2024-01-01,6.0,
growth_20,10,2024-01-08,6.0,
growth_20,10,2024-01-15,,
growth_20,10,2024-01-22,,
growth_20,10,2024-01-29,,
growth_20,10,2024-02-05,,
growth_20,10,2024-02-12,,
growth_20,10,2024-02-19,,
growth_20,10,2024-02-26,,
growth_20,10,2024-03-04,8.0,8.0
growth_20,10,2024-03-11,8.0,7.0
growth_20,10,2024-03-18,7.0,6.0
growth_20,10,2024-03-25,6.0,5.0
growth_20,10,2024-04-01,5.0,4.0
growth_20,10,2024-04-08,5.0,3.0
growth_20,10,2024-04-15,4.0,2.0
growth_20,10,2024-04-22,3.0,
growth_20,10,2024-04-29,5.0,
growth_20,10,2024-05-06,6.0,
growth_20,10,2024-05-13,5.0,
growth_20,10,2024-05-20,5.0,
growth_20,10,2024-05-27,5.0,
growth_20,10,2024-06-03,7.0,
growth_20,10,2024-06-10,6.0,
growth_20,10,2024-06-17,6.0,
growth_20,10,2024-06-24,,
growth_20,10,2024-07-01,,
growth_20,10,2024-07-08,,
growth_20,10,2024-07-15,,8.0
growth_20,10,2024-07-22,8.0,7.0
growth_20,10,2024-07-29,7.0,6.0
growth_20,10,2024-08-05,6.0,5.0
growth_20,10,2024-08-12,5.0,4.0
growth_20,10,2024-08-19,4.0,3.0
growth_20,10,2024-08-26,3.0,2.0
growth_20,10,2024-09-02,2.0,1.0
growth_20,10,2024-09-09,6.0,5.0
growth_20,10,2024-09-16,5.0,4.0
growth_20,10,2024-09-23,4.0,3.0
growth_20,10,2024-10-07,3.0,7.0
growth_20,10,2024-10-14,4.0,6.0
growth_20,10,2024-10-21,4.0,5.0
growth_20,10,2024-10-28,4.0,4.0
growth_20,10,2024-11-04,3.0,3.0
growth_20,11,2023-01-30,3.0,2.0
growth_20,11,2023-02-06,2.0,1.0
growth_20,11,2023-02-13,2.0,2.0
growth_20,11,2023-02-20,2.0,1.0
growth_20,11,2023-02-27,1.0,1.0
growth_20,11,2023-03-06,3.0,2.0
growth_20,11,2023-03-13,2.0,1.0
growth_20,11,2023-03-20,2.0,2.0
growth_20,11,2023-03-27,2.0,1.0
growth_20,11,2023-04-03,3.0,4.0
growth_20,11,2023-04-10,3.0,3.0
growth_20,11,2023-04-17,3.0,5.0
growth_20,11,2023-04-24,3.0,4.0
growth_20,11,2023-05-01,3.0,3.0
growth_20,11,2023-05-08,3.0,5.0
growth_20,11,2023-05-15,3.0,4.0
growth_20,11,2023-05-22,3.0,3.0
growth_20,11,2023-05-29,3.0,2.0
growth_20,11,2023-06-05,3.0,3.0
growth_20,11,2023-06-12,2.0,2.0
growth_20,11,2023-06-19,3.0,3.0
growth_20,11,2023-06-26,2.0,2.0
growth_20,11,2023-07-03,2.0,1.0
growth_20,11,2023-07-10,4.0,4.0
growth_20,11,2023-07-17,3.0,3.0
growth_20,11,2023-07-24,3.0,3.0
growth_20,11,2023-07-31,2.0,2.0
growth_20,11,2023-08-07,3.0,3.0
growth_20,11,2023-08-14,2.0,2.0
growth_20,11,2023-08-21,2.0,1.0
growth_20,11,2023-08-28,3.0,1.0
growth_20,11,2023-09-04,3.0,2.0
growth_20,11,2023-09-11,2.0,1.0
growth_20,11,2023-09-18,2.0,2.0
growth_20,11,2023-09-25,2.0,2.0
growth_20,11,2023-10-02,3.0,3.0
growth_20,11,2023-10-09,3.0,2.0
growth_20,11,2023-10-16,3.0,3.0
growth_20,11,2023-10-23,3.0,2.0
growth_20,11,2023-10-30,2.0,2.0
growth_20,11,2023-11-06,2.0,2.0
growth_20,11,2023-11-13,2.0,1.0
growth_20,11,2023-11-20,2.0,1.0
growth_20,11,2023-11-27,4.0,4.0
growth_20,11,2023-12-04,4.0,4.0
growth_20,11,2023-12-11,3.0,3.0
growth_20,11,2023-12-18,2.0,2.0
growth_20,11,2023-12-25,3.0,3.0
growth_20,11,2024-01-01,3.0,3.0
growth_20,11,2024-01-08,2.0,2.0
growth_20,11,2024-01-15,2.0,1.0
growth_20,11,2024-01-22,2.0,2.0
growth_20,11,2024-01-29,2.0,1.0
growth_20,11,2024-02-05,3.0,3.0
growth_20,11,2024-02-12,3.0,3.0
growth_20,11,2024-02-19,2.0,2.0
growth_20,11,2024-02-26,2.0,
growth_20,11,2024-03-04,3.0,8.0
growth_20,11,2024-03-11,5.0,7.0
growth_20,11,2024-03-18,5.0,6.0
growth_20,11,2024-03-25,4.0,5.0
growth_20,11,2024-04-01,4.0,4.0
growth_20,11,2024-04-08,3.0,3.0
growth_20,11,2024-04-15,3.0,2.0
growth_20,11,2024-04-22,2.0,3.0
growth_20,11,2024-04-29,3.0,5.0
growth_20,11,2024-05-06,3.0,4.0
growth_20,11,2024-05-13,3.0,3.0
growth_20,11,2024-05-20,3.0,2.0
growth_20,11,2024-05-27,3.0,3.0
growth_20,11,2024-06-03,2.0,2.0
growth_20,11,2024-06-10,2.0,2.0
growth_20,11,2024-06-17,2.0,3.0
growth_20,11,2024-06-24,2.0,2.0
growth_20,11,2024-07-01,1.0,1.0
growth_20,11,2024-07-08,3.0,4.0
growth_20,11,2024-07-15,3.0,3.0
growth_20,11,2024-07-22,3.0,2.0
growth_20,11,2024-07-29,2.0,2.0
growth_20,11,2024-08-05,3.0,4.0
growth_20,11,2024-08-12,3.0,3.0
growth_20,11,2024-08-19,2.0,2.0
growth_20,11,2024-08-26,2.0,1.0
growth_20,11,2024-09-02,3.0,4.0
growth_20,11,2024-09-09,3.0,3.0
growth_20,11,2024-09-16,3.0,2.0
growth_20,11,2024-09-23,3.0,3.0
growth_20,11,2024-10-07,2.0,2.0
growth_20,11,2024-10-14,2.0,1.0
growth_20,11,2024-10-21,3.0,3.0
growth_20,11,2024-10-28,3.0,2.0
growth_20,11,2024-11-04,2.0,2.0
growth_20,12,2023-01-30,2.0,2.0
growth_20,12,2023-02-06,2.0,1.0
growth_20,12,2023-02-13,2.0,1.0
growth_20,12,2023-02-20,2.0,2.0
growth_20,12,2023-02-27,2.0,2.0
growth_20,12,2023-03-06,3.0,1.0
growth_20,12,2023-03-13,3.0,2.0
growth_20,12,2023-03-20,2.0,2.0
growth_20,12,2023-03-27,2.0,2.0
growth_20,12,2023-04-03,2.0,2.0
growth_20,12,2023-04-10,2.0,2.0
growth_20,12,2023-04-17,2.0,1.0
growth_20,12,2023-04-24,2.0,1.0
growth_20,12,2023-05-01,2.0,1.0
growth_20,12,2023-05-08,2.0,2.0
growth_20,12,2023-05-15,3.0,1.0
growth_20,12,2023-05-22,3.0,3.0
growth_20,12,2023-05-29,2.0,2.0
growth_20,12,2023-06-05,2.0,2.0
growth_20,12,2023-06-12,2.0,2.0
growth_20,12,2023-06-19,2.0,1.0
growth_20,12,2023-06-26,3.0,3.0
growth_20,12,2023-07-03,2.0,2.0
growth_20,12,2023-07-10,2.0,2.0
growth_20,12,2023-07-17,2.0,2.0
growth_20,12,2023-07-24,2.0,2.0
growth_20,12,2023-07-31,3.0,3.0
growth_20,12,2023-08-07,3.0,2.0
growth_20,12,2023-08-14,2.0,2.0
growth_20,12,2023-08-21,2.0,2.0
growth_20,12,2023-08-28,2.0,2.0
growth_20,12,2023-09-04,2.0,1.0
growth_20,12,2023-09-11,2.0,3.0
growth_20,12,2023-09-18,2.0,2.0
growth_20,12,2023-09-25,2.0,2.0
growth_20,12,2023-10-02,2.0,2.0
growth_20,12,2023-10-09,2.0,1.0
growth_20,12,2023-10-16,2.0,2.0
growth_20,12,2023-10-23,2.0,1.0
growth_20,12,2023-10-30,2.0,2.0
growth_20,12,2023-11-06,2.0,1.0
growth_20,12,2023-11-13,3.0,3.0
growth_20,12,2023-11-20,3.0,2.0
growth_20,12,2023-11-27,2.0,2.0
growth_20,12,2023-12-04,1.0,1.0
growth_20,12,2023-12-11,3.0,3.0
growth_20,12,2023-12-18,2.0,2.0
growth_20,12,2023-12-25,2.0,1.0
growth_20,12,2024-01-01,1.0,1.0
growth_20,12,2024-01-08,2.0,2.0
growth_20,12,2024-01-15,2.0,2.0
growth_20,12,2024-01-22,2.0,3.0
growth_20,12,2024-01-29,2.0,2.0
growth_20,12,2024-02-05,2.0,2.0
growth_20,12,2024-02-12,1.0,1.0
growth_20,12,2024-02-19,1.0,1.0
growth_20,12,2024-02-26,3.0,5.0
growth_20,12,2024-03-04,4.0,4.0
growth_20,12,2024-03-11,4.0,3.0
growth_20,12,2024-03-18,3.0,3.0
growth_20,12,2024-03-25,3.0,2.0
growth_20,12,2024-04-01,2.0,2.0
growth_20,12,2024-04-08,2.0,2.0
growth_20,12,2024-04-15,2.0,2.0
growth_20,12,2024-04-22,2.0,3.0
growth_20,12,2024-04-29,3.0,2.0
growth_20,12,2024-05-06,2.0,2.0
growth_20,12,2024-05-13,2.0,1.0
growth_20,12,2024-05-20,2.0,2.0
growth_20,12,2024-05-27,2.0,1.0
growth_20,12,2024-06-03,3.0,2.0
growth_20,12,2024-06-10,3.0,3.0
growth_20,12,2024-06-17,3.0,2.0
growth_20,12,2024-06-24,2.0,1.0
growth_20,12,2024-07-01,2.0,2.0
growth_20,12,2024-07-08,2.0,1.0
growth_20,12,2024-07-15,2.0,1.0
growth_20,12,2024-07-22,2.0,2.0
growth_20,12,2024-07-29,2.0,2.0
growth_20,12,2024-08-05,2.0,2.0
growth_20,12,2024-08-12,2.0,1.0
growth_20,12,2024-08-19,1.0,1.0
growth_20,12,2024-08-26,3.0,2.0
growth_20,12,2024-09-02,2.0,2.0
growth_20,12,2024-09-09,2.0,2.0
growth_20,12,2024-09-16,2.0,1.0
growth_20,12,2024-09-23,2.0,2.0
growth_20,12,2024-10-07,2.0,2.0
growth_20,12,2024-10-14,2.0,1.0
growth_20,12,2024-10-21,2.0,2.0
growth_20,12,2024-10-28,2.0,2.0
growth_20,12,2024-11-04,2.0,1.0
growth_20,13,2023-01-30,3.0,2.0
growth_20,13,2023-02-06,2.0,2.0
growth_20,13,2023-02-13,3.0,1.0
growth_20,13,2023-02-20,3.0,2.0
growth_20,13,2023-02-27,3.0,4.0
growth_20,13,2023-03-06,3.0,3.0
growth_20,13,2023-03-13,2.0,2.0
growth_20,13,2023-03-20,2.0,1.0
growth_20,13,2023-03-27,3.0,3.0
growth_20,13,2023-04-03,3.0,2.0
growth_20,13,2023-04-10,2.0,3.0
growth_20,13,2023-04-17,3.0,2.0
growth_20,13,2023-04-24,2.0,2.0
growth_20,13,2023-05-01,3.0,1.0
growth_20,13,2023-05-08,3.0,2.0
growth_20,13,2023-05-15,3.0,3.0
growth_20,13,2023-05-22,3.0,3.0
growth_20,13,2023-05-29,2.0,2.0
growth_20,13,2023-06-05,2.0,2.0
growth_20,13,2023-06-12,2.0,2.0
growth_20,13,2023-06-19,2.0,2.0
growth_20,13,2023-06-26,2.0,1.0
growth_20,13,2023-07-03,2.0,2.0
growth_20,13,2023-07-10,2.0,1.0
growth_20,13,2023-07-17,2.0,2.0
growth_20,13,2023-07-24,2.0,2.0
growth_20,13,2023-07-31,2.0,1.0
growth_20,13,2023-08-07,2.0,2.0
growth_20,13,2023-08-14,3.0,3.0
growth_20,13,2023-08-21,2.0,2.0
growth_20,13,2023-08-28,2.0,1.0
growth_20,13,2023-09-04,2.0,1.0
growth_20,13,2023-09-11,2.0,2.0
growth_20,13,2023-09-18,2.0,3.0
growth_20,13,2023-09-25,2.0,2.0
growth_20,13,2023-10-02,2.0,1.0
growth_20,13,2023-10-09,2.0,1.0
growth_20,13,2023-10-16,2.0,1.0
growth_20,13,2023-10-23,2.0,1.0
growth_20,13,2023-10-30,2.0,1.0
growth_20,13,2023-11-06,3.0,4.0
growth_20,13,2023-11-13,3.0,3.0
growth_20,13,2023-11-20,2.0,2.0
growth_20,13,2023-11-27,2.0,1.0
growth_20,13,2023-12-04,4.0,4.0
growth_20,13,2023-12-11,3.0,3.0
growth_20,13,2023-12-18,3.0,2.0
growth_20,13,2023-12-25,2.0,2.0
growth_20,13,2024-01-01,2.0,1.0
growth_20,13,2024-01-08,2.0,2.0
growth_20,13,2024-01-15,2.0,1.0
growth_20,13,2024-01-22,2.0,2.0
growth_20,13,2024-01-29,2.0,4.0
growth_20,13,2024-02-05,3.0,3.0
growth_20,13,2024-02-12,3.0,2.0
growth_20,13,2024-02-19,2.0,2.0
growth_20,13,2024-02-26,2.0,2.0
growth_20,13,2024-03-04,3.0,3.0
growth_20,13,2024-03-11,3.0,2.0
growth_20,13,2024-03-18,2.0,2.0
growth_20,13,2024-03-25,3.0,3.0
growth_20,13,2024-04-01,3.0,2.0
growth_20,13,2024-04-08,2.0,2.0
growth_20,13,2024-04-15,3.0,3.0
growth_20,13,2024-04-22,3.0,2.0
growth_20,13,2024-04-29,3.0,3.0
growth_20,13,2024-05-06,3.0,2.0
growth_20,13,2024-05-13,3.0,3.0
growth_20,13,2024-05-20,3.0,2.0
growth_20,13,2024-05-27,2.0,2.0
growth_20,13,2024-06-03,3.0,3.0
growth_20,13,2024-06-10,3.0,2.0
growth_20,13,2024-06-17,2.0,2.0
growth_20,13,2024-06-24,2.0,1.0
growth_20,13,2024-07-01,2.0,2.0
growth_20,13,2024-07-08,2.0,1.0
growth_20,13,2024-07-15,2.0,1.0
growth_20,13,2024-07-22,2.0,2.0
growth_20,13,2024-07-29,2.0,1.0
growth_20,13,2024-08-05,3.0,2.0
growth_20,13,2024-08-12,2.0,2.0
growth_20,13,2024-08-19,2.0,1.0
growth_20,13,2024-08-26,3.0,2.0
growth_20,13,2024-09-02,2.0,2.0
growth_20,13,2024-09-09,2.0,1.0
growth_20,13,2024-09-16,2.0,1.0
growth_20,13,2024-09-23,3.0,3.0
growth_20,13,2024-10-07,2.0,2.0
growth_20,13,2024-10-14,2.0,1.0
growth_20,13,2024-10-21,2.0,1.0
growth_20,13,2024-10-28,2.0,1.0
growth_20,13,2024-11-04,2.0,2.0
growth_20,14,2023-01-30,3.0,5.0
growth_20,14,2023-02-06,4.0,4.0
growth_20,14,2023-02-13,3.0,3.0
growth_20,14,2023-02-20,3.0,3.0
growth_20,14,2023-02-27,3.0,3.0
growth_20,14,2023-03-06,2.0,2.0
growth_20,14,2023-03-13,2.0,1.0
growth_20,14,2023-03-20,3.0,3.0
growth_20,14,2023-03-27,2.0,2.0
growth_20,14,2023-04-03,2.0,1.0
growth_20,14,2023-04-10,1.0,1.0
growth_20,14,2023-04-17,2.0,2.0
growth_20,14,2023-04-24,2.0,1.0
growth_20,14,2023-05-01,3.0,3.0
growth_20,14,2023-05-08,3.0,3.0
growth_20,14,2023-05-15,2.0,2.0
growth_20,14,2023-05-22,2.0,3.0
growth_20,14,2023-05-29,3.0,3.0
growth_20,14,2023-06-05,3.0,2.0
growth_20,14,2023-06-12,2.0,2.0
growth_20,14,2023-06-19,3.0,3.0
growth_20,14,2023-06-26,2.0,2.0
growth_20,14,2023-07-03,2.0,1.0
growth_20,14,2023-07-10,3.0,2.0
growth_20,14,2023-07-17,3.0,3.0
growth_20,14,2023-07-24,2.0,2.0
growth_20,14,2023-07-31,2.0,1.0
growth_20,14,2023-08-07,2.0,1.0
growth_20,14,2023-08-14,1.0,1.0
growth_20,14,2023-08-21,3.0,3.0
growth_20,14,2023-08-28,3.0,2.0
growth_20,14,2023-09-04,3.0,3.0
growth_20,14,2023-09-11,3.0,3.0
growth_20,14,2023-09-18,3.0,2.0
growth_20,14,2023-09-25,2.0,2.0
growth_20,14,2023-10-02,2.0,2.0
growth_20,14,2023-10-09,3.0,2.0
growth_20,14,2023-10-16,2.0,2.0
growth_20,14,2023-10-23,1.0,1.0
growth_20,14,2023-10-30,3.0,1.0
growth_20,14,2023-11-06,3.0,2.0
growth_20,14,2023-11-13,2.0,1.0
growth_20,14,2023-11-20,2.0,1.0
growth_20,14,2023-11-27,2.0,1.0
growth_20,14,2023-12-04,2.0,1.0
growth_20,14,2023-12-11,3.0,4.0
growth_20,14,2023-12-18,3.0,3.0
growth_20,14,2023-12-25,3.0,2.0
growth_20,14,2024-01-01,2.0,1.0
growth_20,14,2024-01-08,2.0,2.0
growth_20,14,2024-01-15,2.0,1.0
growth_20,14,2024-01-22,3.0,3.0
growth_20,14,2024-01-29,3.0,3.0
growth_20,14,2024-02-05,2.0,2.0
growth_20,14,2024-02-12,2.0,3.0
growth_20,14,2024-02-19,2.0,2.0
growth_20,14,2024-02-26,2.0,2.0
growth_20,14,2024-03-04,3.0,1.0
growth_20,14,2024-03-11,3.0,4.0
growth_20,14,2024-03-18,3.0,3.0
growth_20,14,2024-03-25,2.0,2.0
growth_20,14,2024-04-01,2.0,1.0
growth_20,14,2024-04-08,2.0,1.0
growth_20,14,2024-04-15,3.0,3.0
growth_20,14,2024-04-22,2.0,2.0
growth_20,14,2024-04-29,2.0,1.0
growth_20,14,2024-05-06,2.0,2.0
growth_20,14,2024-05-13,2.0,1.0
growth_20,14,2024-05-20,2.0,2.0
growth_20,14,2024-05-27,2.0,3.0
growth_20,14,2024-06-03,3.0,2.0
growth_20,14,2024-06-10,2.0,2.0
growth_20,14,2024-06-17,2.0,2.0
growth_20,14,2024-06-24,2.0,2.0
growth_20,14,2024-07-01,2.0,2.0
growth_20,14,2024-07-08,2.0,1.0
growth_20,14,2024-07-15,2.0,2.0
growth_20,14,2024-07-22,2.0,1.0
growth_20,14,2024-07-29,2.0,2.0
growth_20,14,2024-08-05,2.0,1.0
growth_20,14,2024-08-12,2.0,1.0
growth_20,14,2024-08-19,3.0,3.0
growth_20,14,2024-08-26,3.0,2.0
growth_20,14,2024-09-02,2.0,2.0
growth_20,14,2024-09-09,2.0,1.0
growth_20,14,2024-09-16,2.0,1.0
growth_20,14,2024-09-23,2.0,1.0
growth_20,14,2024-10-07,3.0,2.0
growth_20,14,2024-10-14,2.0,2.0
growth_20,14,2024-10-21,1.0,1.0
growth_20,14,2024-10-28,2.0,1.0
growth_20,14,2024-11-04,2.0,2.0
growth_20,15,2023-01-30,6.0,
growth_20,15,2023-02-06,5.0,
growth_20,15,2023-02-13,4.0,
growth_20,15,2023-02-20,4.0,
growth_20,15,2023-02-27,6.0,8.0
growth_20,15,2023-03-06,7.0,7.0
growth_20,15,2023-03-13,6.0,6.0
growth_20,15,2023-03-20,5.0,5.0
growth_20,15,2023-03-27,4.0,4.0
growth_20,15,2023-04-03,3.0,3.0
growth_20,15,2023-04-10,5.0,2.0
growth_20,15,2023-04-17,4.0,4.0
growth_20,15,2023-04-24,3.0,3.0
growth_20,15,2023-05-01,2.0,2.0
growth_20,15,2023-05-08,1.0,1.0
growth_20,15,2023-05-15,7.0,2.0
growth_20,15,2023-05-22,,
growth_20,15,2023-05-29,,
growth_20,15,2023-06-05,,
growth_20,15,2023-06-12,,
growth_20,15,2023-06-19,,
growth_20,15,2023-06-26,,
growth_20,15,2023-07-03,,
growth_20,15,2023-07-10,,
growth_20,15,2023-07-17,,
growth_20,15,2023-07-24,,
growth_20,15,2023-07-31,,
growth_20,15,2023-08-07,,
growth_20,15,2023-08-14,,
growth_20,15,2023-08-21,,
growth_20,15,2023-08-28,,
growth_20,15,2023-09-04,,
growth_20,15,2023-09-11,,
growth_20,15,2023-09-18,,
growth_20,15,2023-09-25,,
growth_20,15,2023-10-02,,
growth_20,15,2023-10-09,,
growth_20,15,2023-10-16,,
growth_20,15,2023-10-23,,
growth_20,15,2023-10-30,8.0,
growth_20,15,2023-11-06,7.0,
growth_20,15,2023-11-13,6.0,
growth_20,15,2023-11-20,5.0,
growth_20,15,2023-11-27,4.0,
growth_20,15,2023-12-04,,
growth_20,15,2023-12-11,,
growth_20,15,2023-12-18,,
growth_20,15,2023-12-25,8.0,8.0
growth_20,15,2024-01-01,7.0,7.0
growth_20,15,2024-01-08,6.0,6.0
growth_20,15,2024-01-15,5.0,5.0
growth_20,15,2024-01-22,4.0,4.0
growth_20,15,2024-01-29,3.0,3.0
growth_20,15,2024-02-05,,2.0
growth_20,15,2024-02-12,,1.0
growth_20,15,2024-02-19,,
growth_20,15,2024-02-26,,
growth_20,15,2024-03-04,,
growth_20,15,2024-03-11,,
growth_20,15,2024-03-18,,
growth_20,15,2024-03-25,8.0,
growth_20,15,2024-04-01,,
growth_20,15,2024-04-08,,
growth_20,15,2024-04-15,,
growth_20,15,2024-04-22,,
growth_20,15,2024-04-29,,
growth_20,15,2024-05-06,,
growth_20,15,2024-05-13,,
growth_20,15,2024-05-20,8.0,
growth_20,15,2024-05-27,7.0,
growth_20,15,2024-06-03,,
growth_20,15,2024-06-10,,
growth_20,15,2024-06-17,,
growth_20,15,2024-06-24,,
growth_20,15,2024-07-01,8.0,
growth_20,15,2024-07-08,8.0,
growth_20,15,2024-07-15,,
growth_20,15,2024-07-22,,
growth_20,15,2024-07-29,,
growth_20,15,2024-08-05,,
growth_20,15,2024-08-12,,
growth_20,15,2024-08-19,,
growth_20,15,2024-08-26,,
growth_20,15,2024-09-02,,
growth_20,15,2024-09-09,,
growth_20,15,2024-09-16,,
growth_20,15,2024-09-23,,
growth_20,15,2024-10-07,,
growth_20,15,2024-10-14,,
growth_20,15,2024-10-21,,
growth_20,15,2024-10-28,,
growth_20,15,2024-11-04,,
growth_20,16,2023-01-30,4.0,4.0
growth_20,16,2023-02-06,3.0,3.0
growth_20,16,2023-02-13,2.0,2.0
growth_20,16,2023-02-20,1.0,1.0
growth_20,16,2023-02-27,7.0,
growth_20,16,2023-03-06,,
growth_20,16,2023-03-13,,
growth_20,16,2023-03-20,,
growth_20,16,2023-03-27,,
growth_20,16,2023-04-03,,
growth_20,16,2023-04-10,,
growth_20,16,2023-04-17,8.0,8.0
growth_20,16,2023-04-24,7.0,7.0
growth_20,16,2023-05-01,7.0,6.0
growth_20,16,2023-05-08,6.0,5.0
growth_20,16,2023-05-15,5.0,8.0
growth_20,16,2023-05-22,4.0,
growth_20,16,2023-05-29,3.0,8.0
growth_20,16,2023-06-05,3.0,7.0
growth_20,16,2023-06-12,4.0,6.0
growth_20,16,2023-06-19,4.0,5.0
growth_20,16,2023-06-26,4.0,4.0
growth_20,16,2023-07-03,3.0,3.0
growth_20,16,2023-07-10,,2.0
growth_20,16,2023-07-17,8.0,
growth_20,16,2023-07-24,,
growth_20,16,2023-07-31,,
growth_20,16,2023-08-07,,
growth_20,16,2023-08-14,,
growth_20,16,2023-08-21,8.0,
growth_20,16,2023-08-28,7.0,
growth_20,16,2023-09-04,6.0,
growth_20,16,2023-09-11,,
growth_20,16,2023-09-18,,
growth_20,16,2023-09-25,,
growth_20,16,2023-10-02,,
growth_20,16,2023-10-09,,
growth_20,16,2023-10-16,,
growth_20,16,2023-10-23,,
growth_20,16,2023-10-30,,
growth_20,16,2023-11-06,,
growth_20,16,2023-11-13,,8.0
growth_20,16,2023-11-20,,7.0
growth_20,16,2023-11-27,8.0,6.0
growth_20,16,2023-12-04,7.0,5.0
growth_20,16,2023-12-11,6.0,4.0
growth_20,16,2023-12-18,5.0,6.0
growth_20,16,2023-12-25,4.0,5.0
growth_20,16,2024-01-01,4.0,4.0
growth_20,16,2024-01-08,3.0,3.0
growth_20,16,2024-01-15,2.0,2.0
growth_20,16,2024-01-22,3.0,1.0
growth_20,16,2024-01-29,7.0,7.0
growth_20,16,2024-02-05,6.0,6.0
growth_20,16,2024-02-12,6.0,5.0
growth_20,16,2024-02-19,5.0,4.0
growth_20,16,2024-02-26,4.0,3.0
growth_20,16,2024-03-04,3.0,2.0
growth_20,16,2024-03-11,3.0,1.0
growth_20,16,2024-03-18,,
growth_20,16,2024-03-25,,
growth_20,16,2024-04-01,,
growth_20,16,2024-04-08,,
growth_20,16,2024-04-15,,
growth_20,16,2024-04-22,8.0,
growth_20,16,2024-04-29,7.0,
growth_20,16,2024-05-06,7.0,
growth_20,16,2024-05-13,6.0,
growth_20,16,2024-05-20,8.0,
growth_20,16,2024-05-27,7.0,
growth_20,16,2024-06-03,8.0,
growth_20,16,2024-06-10,,
growth_20,16,2024-06-17,,
growth_20,16,2024-06-24,,
growth_20,16,2024-07-01,,
growth_20,16,2024-07-08,,
growth_20,16,2024-07-15,,
growth_20,16,2024-07-22,,
growth_20,16,2024-07-29,,
growth_20,16,2024-08-05,8.0,
growth_20,16,2024-08-12,,
growth_20,16,2024-08-19,8.0,
growth_20,16,2024-08-26,8.0,
growth_20,16,2024-09-02,8.0,
growth_20,16,2024-09-09,7.0,
growth_20,16,2024-09-16,,
growth_20,16,2024-09-23,,
growth_20,16,2024-10-07,,
growth_20,16,2024-10-14,,
growth_20,16,2024-10-21,,
growth_20,16,2024-10-28,,
growth_20,16,2024-11-04,,
growth_20,17,2023-01-30,3.0,3.0
growth_20,17,2023-02-06,2.0,2.0
growth_20,17,2023-02-13,2.0,1.0
growth_20,17,2023-02-20,2.0,1.0
growth_20,17,2023-02-27,2.0,2.0
growth_20,17,2023-03-06,2.0,1.0
growth_20,17,2023-03-13,7.0,
growth_20,17,2023-03-20,6.0,
growth_20,17,2023-03-27,5.0,
growth_20,17,2023-04-03,5.0,5.0
growth_20,17,2023-04-10,4.0,4.0
growth_20,17,2023-04-17,3.0,
growth_20,17,2023-04-24,3.0,
growth_20,17,2023-05-01,3.0,
growth_20,17,2023-05-08,3.0,8.0
growth_20,17,2023-05-15,5.0,7.0
growth_20,17,2023-05-22,5.0,6.0
growth_20,17,2023-05-29,4.0,5.0
growth_20,17,2023-06-05,4.0,4.0
growth_20,17,2023-06-12,3.0,3.0
growth_20,17,2023-06-19,2.0,2.0
growth_20,17,2023-06-26,6.0,1.0
growth_20,17,2023-07-03,5.0,5.0
growth_20,17,2023-07-10,5.0,4.0
growth_20,17,2023-07-17,4.0,3.0
growth_20,17,2023-07-24,3.0,2.0
growth_20,17,2023-07-31,2.0,2.0
growth_20,17,2023-08-07,4.0,5.0
growth_20,17,2023-08-14,4.0,4.0
growth_20,17,2023-08-21,3.0,3.0
growth_20,17,2023-08-28,2.0,2.0
growth_20,17,2023-09-04,2.0,1.0
growth_20,17,2023-09-11,4.0,4.0
growth_20,17,2023-09-18,3.0,3.0
growth_20,17,2023-09-25,4.0,4.0
growth_20,17,2023-10-02,3.0,3.0
growth_20,17,2023-10-09,3.0,2.0
growth_20,17,2023-10-16,2.0,3.0
growth_20,17,2023-10-23,3.0,3.0
growth_20,17,2023-10-30,3.0,8.0
growth_20,17,2023-11-06,5.0,7.0
growth_20,17,2023-11-13,6.0,6.0
growth_20,17,2023-11-20,5.0,5.0
growth_20,17,2023-11-27,5.0,4.0
growth_20,17,2023-12-04,4.0,3.0
growth_20,17,2023-12-11,3.0,3.0
growth_20,17,2023-12-18,4.0,4.0
growth_20,17,2023-12-25,4.0,3.0
growth_20,17,2024-01-01,3.0,2.0
growth_20,17,2024-01-08,2.0,2.0
growth_20,17,2024-01-15,3.0,6.0
growth_20,17,2024-01-22,3.0,5.0
growth_20,17,2024-01-29,4.0,4.0
growth_20,17,2024-02-05,3.0,3.0
growth_20,17,2024-02-12,3.0,5.0
growth_20,17,2024-02-19,3.0,4.0
growth_20,17,2024-02-26,3.0,3.0
growth_20,17,2024-03-04,4.0,2.0
growth_20,17,2024-03-11,3.0,5.0
growth_20,17,2024-03-18,3.0,4.0
growth_20,17,2024-03-25,3.0,3.0
growth_20,17,2024-04-01,3.0,2.0
growth_20,17,2024-04-08,3.0,3.0
growth_20,17,2024-04-15,3.0,2.0
growth_20,17,2024-04-22,2.0,1.0
growth_20,17,2024-04-29,4.0,5.0
growth_20,17,2024-05-06,4.0,4.0
growth_20,17,2024-05-13,4.0,3.0
growth_20,17,2024-05-20,3.0,8.0
growth_20,17,2024-05-27,3.0,7.0
growth_20,17,2024-06-03,5.0,6.0
growth_20,17,2024-06-10,5.0,5.0
growth_20,17,2024-06-17,4.0,4.0
growth_20,17,2024-06-24,3.0,3.0
growth_20,17,2024-07-01,4.0,2.0
growth_20,17,2024-07-08,4.0,4.0
growth_20,17,2024-07-15,4.0,3.0
growth_20,17,2024-07-22,3.0,2.0
growth_20,17,2024-07-29,3.0,8.0
growth_20,17,2024-08-05,4.0,7.0
growth_20,17,2024-08-12,5.0,6.0
growth_20,17,2024-08-19,5.0,5.0
growth_20,17,2024-08-26,4.0,4.0
growth_20,17,2024-09-02,3.0,3.0
growth_20,17,2024-09-09,3.0,2.0
growth_20,17,2024-09-16,2.0,8.0
growth_20,17,2024-09-23,4.0,7.0
growth_20,17,2024-10-07,4.0,6.0
growth_20,17,2024-10-14,4.0,5.0
growth_20,17,2024-10-21,4.0,4.0
growth_20,17,2024-10-28,3.0,3.0
growth_20,17,2024-11-04,4.0,2.0
growth_20,18,2023-01-30,4.0,4.0
growth_20,18,2023-02-06,3.0,3.0
growth_20,18,2023-02-13,2.0,2.0
growth_20,18,2023-02-20,1.0,1.0
growth_20,18,2023-02-27,2.0,1.0
growth_20,18,2023-03-06,4.0,
growth_20,18,2023-03-13,6.0,
growth_20,18,2023-03-20,7.0,
growth_20,18,2023-03-27,7.0,
growth_20,18,2023-04-03,6.0,
growth_20,18,2023-04-10,6.0,
growth_20,18,2023-04-17,5.0,
growth_20,18,2023-04-24,5.0,
growth_20,18,2023-05-01,4.0,
growth_20,18,2023-05-08,4.0,
growth_20,18,2023-05-15,3.0,
growth_20,18,2023-05-22,6.0,
growth_20,18,2023-05-29,7.0,
growth_20,18,2023-06-05,6.0,
growth_20,18,2023-06-12,5.0,
growth_20,18,2023-06-19,7.0,
growth_20,18,2023-06-26,6.0,
growth_20,18,2023-07-03,7.0,
growth_20,18,2023-07-10,7.0,
growth_20,18,2023-07-17,6.0,
growth_20,18,2023-07-24,5.0,
growth_20,18,2023-07-31,6.0,
growth_20,18,2023-08-07,5.0,
growth_20,18,2023-08-14,4.0,
growth_20,18,2023-08-21,4.0,
growth_20,18,2023-08-28,4.0,
growth_20,18,2023-09-04,4.0,
growth_20,18,2023-09-11,5.0,
growth_20,18,2023-09-18,7.0,
growth_20,18,2023-09-25,7.0,
growth_20,18,2023-10-02,8.0,
growth_20,18,2023-10-09,,
growth_20,18,2023-10-16,,
growth_20,18,2023-10-23,,
growth_20,18,2023-10-30,8.0,8.0
growth_20,18,2023-11-06,7.0,7.0
growth_20,18,2023-11-13,6.0,6.0
growth_20,18,2023-11-20,5.0,5.0
growth_20,18,2023-11-27,4.0,4.0
growth_20,18,2023-12-04,3.0,3.0
growth_20,18,2023-12-11,4.0,2.0
growth_20,18,2023-12-18,4.0,1.0
growth_20,18,2023-12-25,4.0,
growth_20,18,2024-01-01,6.0,
growth_20,18,2024-01-08,5.0,
growth_20,18,2024-01-15,,
growth_20,18,2024-01-22,,
growth_20,18,2024-01-29,8.0,8.0
growth_20,18,2024-02-05,7.0,7.0
growth_20,18,2024-02-12,6.0,6.0
growth_20,18,2024-02-19,5.0,5.0
growth_20,18,2024-02-26,4.0,4.0
growth_20,18,2024-03-04,3.0,3.0
growth_20,18,2024-03-11,3.0,2.0
growth_20,18,2024-03-18,2.0,1.0
growth_20,18,2024-03-25,6.0,1.0
growth_20,18,2024-04-01,6.0,6.0
growth_20,18,2024-04-08,5.0,5.0
growth_20,18,2024-04-15,4.0,4.0
growth_20,18,2024-04-22,3.0,3.0
growth_20,18,2024-04-29,2.0,2.0
growth_20,18,2024-05-06,3.0,1.0
growth_20,18,2024-05-13,2.0,2.0
growth_20,18,2024-05-20,,1.0
growth_20,18,2024-05-27,,
growth_20,18,2024-06-03,,
growth_20,18,2024-06-10,8.0,
growth_20,18,2024-06-17,,
growth_20,18,2024-06-24,,
growth_20,18,2024-07-01,,
growth_20,18,2024-07-08,,
growth_20,18,2024-07-15,,
growth_20,18,2024-07-22,8.0,
growth_20,18,2024-07-29,,
growth_20,18,2024-08-05,,
growth_20,18,2024-08-12,8.0,8.0
growth_20,18,2024-08-19,7.0,7.0
growth_20,18,2024-08-26,6.0,6.0
growth_20,18,2024-09-02,5.0,5.0
growth_20,18,2024-09-09,4.0,4.0
growth_20,18,2024-09-16,3.0,3.0
growth_20,18,2024-09-23,2.0,2.0
growth_20,18,2024-10-07,7.0,1.0
growth_20,18,2024-10-14,6.0,6.0
growth_20,18,2024-10-21,5.0,5.0
growth_20,18,2024-10-28,5.0,4.0
growth_20,18,2024-11-04,4.0,3.0
growth_20,19,2023-01-30,2.0,1.0
growth_20,19,2023-02-06,3.0,2.0
growth_20,19,2023-02-13,2.0,2.0
growth_20,19,2023-02-20,3.0,3.0
growth_20,19,2023-02-27,3.0,3.0
growth_20,19,2023-03-06,2.0,2.0
growth_20,19,2023-03-13,2.0,1.0
growth_20,19,2023-03-20,3.0,3.0
growth_20,19,2023-03-27,2.0,2.0
growth_20,19,2023-04-03,2.0,1.0
growth_20,19,2023-04-10,2.0,2.0
growth_20,19,2023-04-17,3.0,3.0
growth_20,19,2023-04-24,4.0,2.0
growth_20,19,2023-05-01,3.0,3.0
growth_20,19,2023-05-08,2.0,2.0
growth_20,19,2023-05-15,2.0,1.0
growth_20,19,2023-05-22,2.0,2.0
growth_20,19,2023-05-29,2.0,1.0
growth_20,19,2023-06-05,2.0,2.0
growth_20,19,2023-06-12,2.0,1.0
growth_20,19,2023-06-19,3.0,3.0
growth_20,19,2023-06-26,3.0,
growth_20,19,2023-07-03,3.0,8.0
growth_20,19,2023-07-10,3.0,7.0
growth_20,19,2023-07-17,4.0,6.0
growth_20,19,2023-07-24,5.0,5.0
growth_20,19,2023-07-31,4.0,4.0
growth_20,19,2023-08-07,3.0,3.0
growth_20,19,2023-08-14,3.0,2.0
growth_20,19,2023-08-21,2.0,1.0
growth_20,19,2023-08-28,3.0,3.0
growth_20,19,2023-09-04,3.0,3.0
growth_20,19,2023-09-11,3.0,4.0
growth_20,19,2023-09-18,3.0,3.0
growth_20,19,2023-09-25,3.0,2.0
growth_20,19,2023-10-02,2.0,1.0
growth_20,19,2023-10-09,2.0,1.0
growth_20,19,2023-10-16,4.0,4.0
growth_20,19,2023-10-23,4.0,3.0
growth_20,19,2023-10-30,4.0,2.0
growth_20,19,2023-11-06,4.0,5.0
growth_20,19,2023-11-13,4.0,4.0
growth_20,19,2023-11-20,3.0,3.0
growth_20,19,2023-11-27,3.0,3.0
growth_20,19,2023-12-04,3.0,5.0
growth_20,19,2023-12-11,3.0,4.0
growth_20,19,2023-12-18,3.0,3.0
growth_20,19,2023-12-25,2.0,2.0
growth_20,19,2024-01-01,1.0,1.0
growth_20,19,2024-01-08,4.0,4.0
growth_20,19,2024-01-15,4.0,3.0
growth_20,19,2024-01-22,3.0,2.0
growth_20,19,2024-01-29,2.0,2.0
growth_20,19,2024-02-05,2.0,3.0
growth_20,19,2024-02-12,2.0,2.0
growth_20,19,2024-02-19,2.0,1.0
growth_20,19,2024-02-26,2.0,1.0
growth_20,19,2024-03-04,2.0,1.0
growth_20,19,2024-03-11,3.0,3.0
growth_20,19,2024-03-18,3.0,2.0
growth_20,19,2024-03-25,3.0,3.0
growth_20,19,2024-04-01,3.0,2.0
growth_20,19,2024-04-08,2.0,1.0
growth_20,19,2024-04-15,3.0,3.0
growth_20,19,2024-04-22,3.0,2.0
growth_20,19,2024-04-29,3.0,6.0
growth_20,19,2024-05-06,3.0,5.0
growth_20,19,2024-05-13,4.0,4.0
growth_20,19,2024-05-20,4.0,3.0
growth_20,19,2024-05-27,3.0,4.0
growth_20,19,2024-06-03,3.0,3.0
growth_20,19,2024-06-10,3.0,2.0
growth_20,19,2024-06-17,2.0,2.0
growth_20,19,2024-06-24,2.0,1.0
growth_20,19,2024-07-01,2.0,2.0
growth_20,19,2024-07-08,2.0,2.0
growth_20,19,2024-07-15,3.0,3.0
growth_20,19,2024-07-22,3.0,4.0
growth_20,19,2024-07-29,3.0,3.0
growth_20,19,2024-08-05,4.0,2.0
growth_20,19,2024-08-12,4.0,5.0
growth_20,19,2024-08-19,4.0,4.0
growth_20,19,2024-08-26,3.0,3.0
growth_20,19,2024-09-02,3.0,5.0
growth_20,19,2024-09-09,3.0,4.0
growth_20,19,2024-09-16,3.0,3.0
growth_20,19,2024-09-23,3.0,2.0
growth_20,19,2024-10-07,3.0,3.0
growth_20,19,2024-10-14,3.0,3.0
growth_20,19,2024-10-21,2.0,2.0
growth_20,19,2024-10-28,2.0,1.0
growth_20,19,2024-11-04,2.0,1.0
growth_20,20,2023-01-30,3.0,3.0
growth_20,20,2023-02-06,3.0,2.0
growth_20,20,2023-02-13,3.0,1.0
growth_20,20,2023-02-20,6.0,6.0
growth_20,20,2023-02-27,5.0,5.0
growth_20,20,2023-03-06,4.0,4.0
growth_20,20,2023-03-13,3.0,3.0
growth_20,20,2023-03-20,2.0,2.0
growth_20,20,2023-03-27,1.0,1.0
growth_20,20,2023-04-03,,
growth_20,20,2023-04-10,,
growth_20,20,2023-04-17,,
growth_20,20,2023-04-24,,
growth_20,20,2023-05-01,,
growth_20,20,2023-05-08,,
growth_20,20,2023-05-15,,
growth_20,20,2023-05-22,,
growth_20,20,2023-05-29,,
growth_20,20,2023-06-05,,
growth_20,20,2023-06-12,,
growth_20,20,2023-06-19,,
growth_20,20,2023-06-26,,
growth_20,20,2023-07-03,,
growth_20,20,2023-07-10,,
growth_20,20,2023-07-17,,
growth_20,20,2023-07-24,,
growth_20,20,2023-07-31,,
growth_20,20,2023-08-07,,
growth_20,20,2023-08-14,,
growth_20,20,2023-08-21,,
growth_20,20,2023-08-28,,
growth_20,20,2023-09-04,,
growth_20,20,2023-09-11,,
growth_20,20,2023-09-18,,
growth_20,20,2023-09-25,,
growth_20,20,2023-10-02,,
growth_20,20,2023-10-09,,
growth_20,20,2023-10-16,,
growth_20,20,2023-10-23,,
growth_20,20,2023-10-30,,
growth_20,20,2023-11-06,,
growth_20,20,2023-11-13,,
growth_20,20,2023-11-20,,
growth_20,20,2023-11-27,8.0,
growth_20,20,2023-12-04,7.0,8.0
growth_20,20,2023-12-11,6.0,7.0
growth_20,20,2023-12-18,6.0,6.0
growth_20,20,2023-12-25,5.0,5.0
growth_20,20,2024-01-01,4.0,4.0
growth_20,20,2024-01-08,3.0,3.0
growth_20,20,2024-01-15,2.0,2.0
growth_20,20,2024-01-22,2.0,1.0
growth_20,20,2024-01-29,8.0,
growth_20,20,2024-02-05,,
growth_20,20,2024-02-12,,
growth_20,20,2024-02-19,,
growth_20,20,2024-02-26,,
growth_20,20,2024-03-04,,
growth_20,20,2024-03-11,,
growth_20,20,2024-03-18,,
growth_20,20,2024-03-25,,
growth_20,20,2024-04-01,,
growth_20,20,2024-04-08,,
growth_20,20,2024-04-15,,
growth_20,20,2024-04-22,,
growth_20,20,2024-04-29,,
growth_20,20,2024-05-06,,
growth_20,20,2024-05-13,,
growth_20,20,2024-05-20,,
growth_20,20,2024-05-27,,
growth_20,20,2024-06-03,,
growth_20,20,2024-06-10,8.0,
growth_20,20,2024-06-17,7.0,
growth_20,20,2024-06-24,6.0,
growth_20,20,2024-07-01,5.0,
growth_20,20,2024-07-08,,
growth_20,20,2024-07-15,,
growth_20,20,2024-07-22,,
growth_20,20,2024-07-29,,
growth_20,20,2024-08-05,,
growth_20,20,2024-08-12,,
growth_20,20,2024-08-19,,
growth_20,20,2024-08-26,,
growth_20,20,2024-09-02,,
growth_20,20,2024-09-09,,
growth_20,20,2024-09-16,,
growth_20,20,2024-09-23,,
growth_20,20,2024-10-07,,
growth_20,20,2024-10-14,,
growth_20,20,2024-10-21,,
growth_20,20,2024-10-28,,
growth_20,20,2024-11-04,,
growth_20,21,2023-01-30,3.0,2.0
growth_20,21,2023-02-06,2.0,1.0
growth_20,21,2023-02-13,3.0,
growth_20,21,2023-02-20,4.0,
growth_20,21,2023-02-27,5.0,
growth_20,21,2023-03-06,4.0,
growth_20,21,2023-03-13,,
growth_20,21,2023-03-20,,8.0
growth_20,21,2023-03-27,,7.0
growth_20,21,2023-04-03,,6.0
growth_20,21,2023-04-10,,5.0
growth_20,21,2023-04-17,8.0,4.0
growth_20,21,2023-04-24,8.0,3.0
growth_20,21,2023-05-01,8.0,2.0
growth_20,21,2023-05-08,7.0,5.0
growth_20,21,2023-05-15,7.0,4.0
growth_20,21,2023-05-22,6.0,3.0
growth_20,21,2023-05-29,5.0,
growth_20,21,2023-06-05,4.0,8.0
growth_20,21,2023-06-12,6.0,7.0
growth_20,21,2023-06-19,5.0,6.0
growth_20,21,2023-06-26,5.0,5.0
growth_20,21,2023-07-03,4.0,4.0
growth_20,21,2023-07-10,4.0,
growth_20,21,2023-07-17,4.0,
growth_20,21,2023-07-24,5.0,
growth_20,21,2023-07-31,8.0,
growth_20,21,2023-08-07,,
growth_20,21,2023-08-14,,
growth_20,21,2023-08-21,,
growth_20,21,2023-08-28,,
growth_20,21,2023-09-04,,
growth_20,21,2023-09-11,,
growth_20,21,2023-09-18,,
growth_20,21,2023-09-25,,
growth_20,21,2023-10-02,,
growth_20,21,2023-10-09,,
growth_20,21,2023-10-16,,
growth_20,21,2023-10-23,,
growth_20,21,2023-10-30,,
growth_20,21,2023-11-06,,8.0
growth_20,21,2023-11-13,,7.0
growth_20,21,2023-11-20,8.0,6.0
growth_20,21,2023-11-27,7.0,5.0
growth_20,21,2023-12-04,,4.0
growth_20,21,2023-12-11,,3.0
growth_20,21,2023-12-18,,2.0
growth_20,21,2023-12-25,,
growth_20,21,2024-01-01,,
growth_20,21,2024-01-08,8.0,
growth_20,21,2024-01-15,,
growth_20,21,2024-01-22,,
growth_20,21,2024-01-29,,
growth_20,21,2024-02-05,,8.0
growth_20,21,2024-02-12,,7.0
growth_20,21,2024-02-19,,6.0
growth_20,21,2024-02-26,8.0,
growth_20,21,2024-03-04,7.0,
growth_20,21,2024-03-11,6.0,
growth_20,21,2024-03-18,5.0,
growth_20,21,2024-03-25,4.0,
growth_20,21,2024-04-01,,
growth_20,21,2024-04-08,,
growth_20,21,2024-04-15,8.0,
growth_20,21,2024-04-22,7.0,
growth_20,21,2024-04-29,6.0,8.0
growth_20,21,2024-05-06,5.0,7.0
growth_20,21,2024-05-13,5.0,6.0
growth_20,21,2024-05-20,5.0,5.0
growth_20,21,2024-05-27,4.0,8.0
growth_20,21,2024-06-03,3.0,7.0
growth_20,21,2024-06-10,3.0,6.0
growth_20,21,2024-06-17,4.0,5.0
growth_20,21,2024-06-24,4.0,4.0
growth_20,21,2024-07-01,3.0,3.0
growth_20,21,2024-07-08,2.0,2.0
growth_20,21,2024-07-15,7.0,1.0
growth_20,21,2024-07-22,7.0,
growth_20,21,2024-07-29,8.0,
growth_20,21,2024-08-05,8.0,
growth_20,21,2024-08-12,8.0,
growth_20,21,2024-08-19,7.0,
growth_20,21,2024-08-26,6.0,
growth_20,21,2024-09-02,6.0,
growth_20,21,2024-09-09,,
growth_20,21,2024-09-16,,
growth_20,21,2024-09-23,,
growth_20,21,2024-10-07,,
growth_20,21,2024-10-14,,
growth_20,21,2024-10-21,,
growth_20,21,2024-10-28,,
growth_20,21,2024-11-04,,
growth_20,22,2023-01-30,7.0,
growth_20,22,2023-02-06,6.0,
growth_20,22,2023-02-13,6.0,
growth_20,22,2023-02-20,7.0,
growth_20,22,2023-02-27,6.0,
growth_20,22,2023-03-06,5.0,
growth_20,22,2023-03-13,5.0,
growth_20,22,2023-03-20,5.0,
growth_20,22,2023-03-27,4.0,
growth_20,22,2023-04-03,6.0,
growth_20,22,2023-04-10,6.0,
growth_20,22,2023-04-17,5.0,8.0
growth_20,22,2023-04-24,4.0,7.0
growth_20,22,2023-05-01,5.0,6.0
growth_20,22,2023-05-08,5.0,5.0
growth_20,22,2023-05-15,6.0,4.0
growth_20,22,2023-05-22,5.0,5.0
growth_20,22,2023-05-29,4.0,4.0
growth_20,22,2023-06-05,5.0,8.0
growth_20,22,2023-06-12,6.0,7.0
growth_20,22,2023-06-19,6.0,6.0
growth_20,22,2023-06-26,5.0,5.0
growth_20,22,2023-07-03,5.0,4.0
growth_20,22,2023-07-10,4.0,7.0
growth_20,22,2023-07-17,4.0,6.0
growth_20,22,2023-07-24,5.0,5.0
growth_20,22,2023-07-31,4.0,4.0
growth_20,22,2023-08-07,5.0,3.0
growth_20,22,2023-08-14,4.0,2.0
growth_20,22,2023-08-21,4.0,1.0
growth_20,22,2023-08-28,4.0,5.0
growth_20,22,2023-09-04,4.0,4.0
growth_20,22,2023-09-11,3.0,3.0
growth_20,22,2023-09-18,2.0,2.0
growth_20,22,2023-09-25,2.0,1.0
growth_20,22,2023-10-02,7.0,
growth_20,22,2023-10-09,7.0,
growth_20,22,2023-10-16,6.0,
growth_20,22,2023-10-23,,
growth_20,22,2023-10-30,,
growth_20,22,2023-11-06,8.0,
growth_20,22,2023-11-13,8.0,8.0
growth_20,22,2023-11-20,7.0,7.0
growth_20,22,2023-11-27,6.0,6.0
growth_20,22,2023-12-04,5.0,5.0
growth_20,22,2023-12-11,4.0,4.0
growth_20,22,2023-12-18,3.0,3.0
growth_20,22,2023-12-25,3.0,2.0
growth_20,22,2024-01-01,3.0,4.0
growth_20,22,2024-01-08,3.0,3.0
growth_20,22,2024-01-15,3.0,2.0
growth_20,22,2024-01-22,4.0,
growth_20,22,2024-01-29,7.0,
growth_20,22,2024-02-05,6.0,
growth_20,22,2024-02-12,6.0,
growth_20,22,2024-02-19,5.0,
growth_20,22,2024-02-26,5.0,8.0
growth_20,22,2024-03-04,4.0,7.0
growth_20,22,2024-03-11,4.0,6.0
growth_20,22,2024-03-18,4.0,5.0
growth_20,22,2024-03-25,4.0,4.0
growth_20,22,2024-04-01,3.0,3.0
growth_20,22,2024-04-08,3.0,2.0
growth_20,22,2024-04-15,2.0,1.0
growth_20,22,2024-04-22,7.0,7.0
growth_20,22,2024-04-29,6.0,6.0
growth_20,22,2024-05-06,5.0,5.0
growth_20,22,2024-05-13,4.0,4.0
growth_20,22,2024-05-20,3.0,3.0
growth_20,22,2024-05-27,4.0,2.0
growth_20,22,2024-06-03,4.0,1.0
growth_20,22,2024-06-10,,
growth_20,22,2024-06-17,,
growth_20,22,2024-06-24,,
growth_20,22,2024-07-01,,
growth_20,22,2024-07-08,8.0,
growth_20,22,2024-07-15,7.0,
growth_20,22,2024-07-22,6.0,
growth_20,22,2024-07-29,5.0,
growth_20,22,2024-08-05,5.0,
growth_20,22,2024-08-12,5.0,
growth_20,22,2024-08-19,4.0,
growth_20,22,2024-08-26,4.0,
growth_20,22,2024-09-02,4.0,
growth_20,22,2024-09-09,4.0,
growth_20,22,2024-09-16,5.0,
growth_20,22,2024-09-23,6.0,
growth_20,22,2024-10-07,5.0,
growth_20,22,2024-10-14,7.0,
growth_20,22,2024-10-21,,
growth_20,22,2024-10-28,8.0,
growth_20,22,2024-11-04,7.0,
growth_20,23,2023-01-30,3.0,2.0
growth_20,23,2023-02-06,2.0,1.0
growth_20,23,2023-02-13,7.0,6.0
growth_20,23,2023-02-20,,5.0
growth_20,23,2023-02-27,,4.0
growth_20,23,2023-03-06,,3.0
growth_20,23,2023-03-13,,
growth_20,23,2023-03-20,,
growth_20,23,2023-03-27,,
growth_20,23,2023-04-03,,
growth_20,23,2023-04-10,8.0,8.0
growth_20,23,2023-04-17,7.0,7.0
growth_20,23,2023-04-24,6.0,6.0
growth_20,23,2023-05-01,5.0,5.0
growth_20,23,2023-05-08,4.0,4.0
growth_20,23,2023-05-15,3.0,3.0
growth_20,23,2023-05-22,2.0,2.0
growth_20,23,2023-05-29,1.0,1.0
growth_20,23,2023-06-05,4.0,1.0
growth_20,23,2023-06-12,8.0,7.0
growth_20,23,2023-06-19,7.0,6.0
growth_20,23,2023-06-26,6.0,
growth_20,23,2023-07-03,5.0,
growth_20,23,2023-07-10,,
growth_20,23,2023-07-17,,
growth_20,23,2023-07-24,,
growth_20,23,2023-07-31,,
growth_20,23,2023-08-07,,
growth_20,23,2023-08-14,,
growth_20,23,2023-08-21,,
growth_20,23,2023-08-28,,
growth_20,23,2023-09-04,,
growth_20,23,2023-09-11,,
growth_20,23,2023-09-18,,
growth_20,23,2023-09-25,,
growth_20,23,2023-10-02,,
growth_20,23,2023-10-09,8.0,
growth_20,23,2023-10-16,7.0,
growth_20,23,2023-10-23,,
growth_20,23,2023-10-30,,
growth_20,23,2023-11-06,,
growth_20,23,2023-11-13,,
growth_20,23,2023-11-20,,
growth_20,23,2023-11-27,,
growth_20,23,2023-12-04,,
growth_20,23,2023-12-11,,
growth_20,23,2023-12-18,,
growth_20,23,2023-12-25,,
growth_20,23,2024-01-01,,
growth_20,23,2024-01-08,,
growth_20,23,2024-01-15,,
growth_20,23,2024-01-22,,
growth_20,23,2024-01-29,8.0,
growth_20,23,2024-02-05,7.0,
growth_20,23,2024-02-12,7.0,
growth_20,23,2024-02-19,6.0,
growth_20,23,2024-02-26,5.0,
growth_20,23,2024-03-04,,
growth_20,23,2024-03-11,8.0,
growth_20,23,2024-03-18,8.0,
growth_20,23,2024-03-25,,
growth_20,23,2024-04-01,,
growth_20,23,2024-04-08,8.0,
growth_20,23,2024-04-15,7.0,
growth_20,23,2024-04-22,8.0,
growth_20,23,2024-04-29,7.0,
growth_20,23,2024-05-06,,
growth_20,23,2024-05-13,,
growth_20,23,2024-05-20,,
growth_20,23,2024-05-27,,
growth_20,23,2024-06-03,,
growth_20,23,2024-06-10,,
growth_20,23,2024-06-17,,
growth_20,23,2024-06-24,,
growth_20,23,2024-07-01,,
growth_20,23,2024-07-08,,
growth_20,23,2024-07-15,,
growth_20,23,2024-07-22,,
growth_20,23,2024-07-29,,
growth_20,23,2024-08-05,,
growth_20,23,2024-08-12,,
growth_20,23,2024-08-19,,
growth_20,23,2024-08-26,,
growth_20,23,2024-09-02,,
growth_20,23,2024-09-09,,
growth_20,23,2024-09-16,,
growth_20,23,2024-09-23,,
growth_20,23,2024-10-07,,
growth_20,23,2024-10-14,,
growth_20,23,2024-10-21,,
growth_20,23,2024-10-28,,
growth_20,23,2024-11-04,,
growth_20,24,2023-01-30,5.0,
growth_20,24,2023-02-06,4.0,
growth_20,24,2023-02-13,3.0,
growth_20,24,2023-02-20,4.0,
growth_20,24,2023-02-27,6.0,
growth_20,24,2023-03-06,6.0,
growth_20,24,2023-03-13,5.0,
growth_20,24,2023-03-20,5.0,8.0
growth_20,24,2023-03-27,7.0,7.0
growth_20,24,2023-04-03,6.0,6.0
growth_20,24,2023-04-10,5.0,5.0
growth_20,24,2023-04-17,4.0,4.0
growth_20,24,2023-04-24,3.0,3.0
growth_20,24,2023-05-01,3.0,2.0
growth_20,24,2023-05-08,2.0,1.0
growth_20,24,2023-05-15,6.0,6.0
growth_20,24,2023-05-22,5.0,5.0
growth_20,24,2023-05-29,4.0,4.0
growth_20,24,2023-06-05,3.0,3.0
growth_20,24,2023-06-12,3.0,2.0
growth_20,24,2023-06-19,2.0,1.0
growth_20,24,2023-06-26,5.0,
growth_20,24,2023-07-03,6.0,
growth_20,24,2023-07-10,7.0,
growth_20,24,2023-07-17,6.0,
growth_20,24,2023-07-24,5.0,
growth_20,24,2023-07-31,4.0,
growth_20,24,2023-08-07,4.0,
growth_20,24,2023-08-14,5.0,
growth_20,24,2023-08-21,4.0,
growth_20,24,2023-08-28,,
growth_20,24,2023-09-04,,
growth_20,24,2023-09-11,,
growth_20,24,2023-09-18,,
growth_20,24,2023-09-25,,
growth_20,24,2023-10-02,,
growth_20,24,2023-10-09,,
growth_20,24,2023-10-16,,
growth_20,24,2023-10-23,8.0,8.0
growth_20,24,2023-10-30,7.0,7.0
growth_20,24,2023-11-06,6.0,6.0
growth_20,24,2023-11-13,5.0,5.0
growth_20,24,2023-11-20,4.0,4.0
growth_20,24,2023-11-27,3.0,3.0
growth_20,24,2023-12-04,4.0,2.0
growth_20,24,2023-12-11,4.0,1.0
growth_20,24,2023-12-18,4.0,8.0
growth_20,24,2023-12-25,3.0,7.0
growth_20,24,2024-01-01,6.0,6.0
growth_20,24,2024-01-08,5.0,5.0
growth_20,24,2024-01-15,5.0,4.0
growth_20,24,2024-01-22,4.0,3.0
growth_20,24,2024-01-29,3.0,
growth_20,24,2024-02-05,3.0,
growth_20,24,2024-02-12,4.0,
growth_20,24,2024-02-19,6.0,
growth_20,24,2024-02-26,6.0,8.0
growth_20,24,2024-03-04,6.0,7.0
growth_20,24,2024-03-11,6.0,6.0
growth_20,24,2024-03-18,5.0,5.0
growth_20,24,2024-03-25,4.0,4.0
growth_20,24,2024-04-01,3.0,3.0
growth_20,24,2024-04-08,2.0,2.0
growth_20,24,2024-04-15,2.0,1.0
growth_20,24,2024-04-22,3.0,3.0
growth_20,24,2024-04-29,4.0,2.0
growth_20,24,2024-05-06,,
growth_20,24,2024-05-13,,
growth_20,24,2024-05-20,,
growth_20,24,2024-05-27,,
growth_20,24,2024-06-03,,
growth_20,24,2024-06-10,8.0,
growth_20,24,2024-06-17,,
growth_20,24,2024-06-24,8.0,
growth_20,24,2024-07-01,8.0,
growth_20,24,2024-07-08,7.0,
growth_20,24,2024-07-15,6.0,
growth_20,24,2024-07-22,6.0,
growth_20,24,2024-07-29,7.0,
growth_20,24,2024-08-05,7.0,
growth_20,24,2024-08-12,6.0,
growth_20,24,2024-08-19,7.0,
growth_20,24,2024-08-26,,
growth_20,24,2024-09-02,,
growth_20,24,2024-09-09,8.0,
growth_20,24,2024-09-16,,
growth_20,24,2024-09-23,,
growth_20,24,2024-10-07,,
growth_20,24,2024-10-14,,
growth_20,24,2024-10-21,,
growth_20,24,2024-10-28,,
growth_20,24,2024-11-04,,
growth_20,25,2023-01-30,2.0,2.0
growth_20,25,2023-02-06,1.0,1.0
growth_20,25,2023-02-13,6.0,6.0
growth_20,25,2023-02-20,5.0,5.0
growth_20,25,2023-02-27,4.0,4.0
growth_20,25,2023-03-06,4.0,3.0
growth_20,25,2023-03-13,3.0,2.0
growth_20,25,2023-03-20,3.0,8.0
growth_20,25,2023-03-27,3.0,7.0
growth_20,25,2023-04-03,4.0,6.0
growth_20,25,2023-04-10,5.0,5.0
growth_20,25,2023-04-17,6.0,4.0
growth_20,25,2023-04-24,5.0,
growth_20,25,2023-05-01,4.0,
growth_20,25,2023-05-08,8.0,
growth_20,25,2023-05-15,7.0,
growth_20,25,2023-05-22,6.0,
growth_20,25,2023-05-29,6.0,
growth_20,25,2023-06-05,5.0,8.0
growth_20,25,2023-06-12,5.0,7.0
growth_20,25,2023-06-19,4.0,6.0
growth_20,25,2023-06-26,4.0,5.0
growth_20,25,2023-07-03,4.0,4.0
growth_20,25,2023-07-10,4.0,3.0
growth_20,25,2023-07-17,5.0,2.0
growth_20,25,2023-07-24,5.0,5.0
growth_20,25,2023-07-31,5.0,4.0
growth_20,25,2023-08-07,4.0,6.0
growth_20,25,2023-08-14,4.0,5.0
growth_20,25,2023-08-21,4.0,4.0
growth_20,25,2023-08-28,4.0,3.0
growth_20,25,2023-09-04,6.0,
growth_20,25,2023-09-11,5.0,
growth_20,25,2023-09-18,,
growth_20,25,2023-09-25,8.0,
growth_20,25,2023-10-02,8.0,
growth_20,25,2023-10-09,7.0,
growth_20,25,2023-10-16,6.0,
growth_20,25,2023-10-23,5.0,8.0
growth_20,25,2023-10-30,5.0,7.0
growth_20,25,2023-11-06,4.0,6.0
growth_20,25,2023-11-13,5.0,5.0
growth_20,25,2023-11-20,4.0,4.0
growth_20,25,2023-11-27,3.0,3.0
growth_20,25,2023-12-04,3.0,2.0
growth_20,25,2023-12-11,3.0,7.0
growth_20,25,2023-12-18,6.0,6.0
growth_20,25,2023-12-25,7.0,5.0
growth_20,25,2024-01-01,6.0,4.0
growth_20,25,2024-01-08,5.0,3.0
growth_20,25,2024-01-15,4.0,
growth_20,25,2024-01-22,5.0,
growth_20,25,2024-01-29,,
growth_20,25,2024-02-05,,
growth_20,25,2024-02-12,,
growth_20,25,2024-02-19,,
growth_20,25,2024-02-26,8.0,
growth_20,25,2024-03-04,8.0,
growth_20,25,2024-03-11,7.0,
growth_20,25,2024-03-18,7.0,8.0
growth_20,25,2024-03-25,7.0,7.0
growth_20,25,2024-04-01,6.0,6.0
growth_20,25,2024-04-08,5.0,5.0
growth_20,25,2024-04-15,4.0,4.0
growth_20,25,2024-04-22,3.0,3.0
growth_20,25,2024-04-29,3.0,2.0
growth_20,25,2024-05-06,2.0,1.0
growth_20,25,2024-05-13,2.0,2.0
growth_20,25,2024-05-20,3.0,1.0
growth_20,25,2024-05-27,3.0,2.0
growth_20,25,2024-06-03,3.0,4.0
growth_20,25,2024-06-10,3.0,3.0
growth_20,25,2024-06-17,2.0,2.0
growth_20,25,2024-06-24,4.0,1.0
growth_20,25,2024-07-01,5.0,
growth_20,25,2024-07-08,4.0,
growth_20,25,2024-07-15,4.0,8.0
growth_20,25,2024-07-22,7.0,7.0
growth_20,25,2024-07-29,6.0,6.0
growth_20,25,2024-08-05,5.0,5.0
growth_20,25,2024-08-12,6.0,4.0
growth_20,25,2024-08-19,6.0,3.0
growth_20,25,2024-08-26,5.0,2.0
growth_20,25,2024-09-02,4.0,8.0
growth_20,25,2024-09-09,7.0,7.0
growth_20,25,2024-09-16,7.0,6.0
growth_20,25,2024-09-23,7.0,5.0
growth_20,25,2024-10-07,6.0,
growth_20,25,2024-10-14,5.0,8.0
growth_20,25,2024-10-21,4.0,7.0
growth_20,25,2024-10-28,4.0,6.0
growth_20,25,2024-11-04,6.0,5.0
growth_20,26,2023-01-30,,
growth_20,26,2023-02-06,,
growth_20,26,2023-02-13,,
growth_20,26,2023-02-20,,
growth_20,26,2023-02-27,,
growth_20,26,2023-03-06,,
growth_20,26,2023-03-13,,
growth_20,26,2023-03-20,,
growth_20,26,2023-03-27,,
growth_20,26,2023-04-03,,
growth_20,26,2023-04-10,,
growth_20,26,2023-04-17,8.0,
growth_20,26,2023-04-24,7.0,
growth_20,26,2023-05-01,,
growth_20,26,2023-05-08,8.0,8.0
growth_20,26,2023-05-15,7.0,7.0
growth_20,26,2023-05-22,6.0,6.0
growth_20,26,2023-05-29,6.0,5.0
growth_20,26,2023-06-05,5.0,4.0
growth_20,26,2023-06-12,4.0,3.0
growth_20,26,2023-06-19,3.0,2.0
growth_20,26,2023-06-26,2.0,2.0
growth_20,26,2023-07-03,4.0,1.0
growth_20,26,2023-07-10,7.0,
growth_20,26,2023-07-17,7.0,
growth_20,26,2023-07-24,8.0,
growth_20,26,2023-07-31,7.0,
growth_20,26,2023-08-07,7.0,
growth_20,26,2023-08-14,6.0,
growth_20,26,2023-08-21,5.0,
growth_20,26,2023-08-28,4.0,
growth_20,26,2023-09-04,4.0,
growth_20,26,2023-09-11,3.0,
growth_20,26,2023-09-18,3.0,
growth_20,26,2023-09-25,8.0,
growth_20,26,2023-10-02,,
growth_20,26,2023-10-09,,
growth_20,26,2023-10-16,,8.0
growth_20,26,2023-10-23,8.0,7.0
growth_20,26,2023-10-30,7.0,6.0
growth_20,26,2023-11-06,6.0,5.0
growth_20,26,2023-11-13,5.0,4.0
growth_20,26,2023-11-20,4.0,3.0
growth_20,26,2023-11-27,3.0,3.0
growth_20,26,2023-12-04,2.0,2.0
growth_20,26,2023-12-11,2.0,1.0
growth_20,26,2023-12-18,,
growth_20,26,2023-12-25,8.0,
growth_20,26,2024-01-01,7.0,
growth_20,26,2024-01-08,6.0,
growth_20,26,2024-01-15,5.0,8.0
growth_20,26,2024-01-22,4.0,7.0
growth_20,26,2024-01-29,4.0,6.0
growth_20,26,2024-02-05,4.0,5.0
growth_20,26,2024-02-12,4.0,4.0
growth_20,26,2024-02-19,4.0,3.0
growth_20,26,2024-02-26,3.0,2.0
growth_20,26,2024-03-04,2.0,1.0
growth_20,26,2024-03-11,4.0,
growth_20,26,2024-03-18,6.0,
growth_20,26,2024-03-25,7.0,
growth_20,26,2024-04-01,,
growth_20,26,2024-04-08,,
growth_20,26,2024-04-15,8.0,
growth_20,26,2024-04-22,8.0,
growth_20,26,2024-04-29,7.0,
growth_20,26,2024-05-06,8.0,
growth_20,26,2024-05-13,,
growth_20,26,2024-05-20,,
growth_20,26,2024-05-27,,
growth_20,26,2024-06-03,,
growth_20,26,2024-06-10,,
growth_20,26,2024-06-17,,
growth_20,26,2024-06-24,,
growth_20,26,2024-07-01,,
growth_20,26,2024-07-08,,
growth_20,26,2024-07-15,8.0,8.0
growth_20,26,2024-07-22,7.0,7.0
growth_20,26,2024-07-29,6.0,6.0
growth_20,26,2024-08-05,5.0,5.0
growth_20,26,2024-08-12,4.0,4.0
growth_20,26,2024-08-19,3.0,3.0
growth_20,26,2024-08-26,,2.0
growth_20,26,2024-09-02,,
growth_20,26,2024-09-09,,
growth_20,26,2024-09-16,,
growth_20,26,2024-09-23,,
growth_20,26,2024-10-07,,
growth_20,26,2024-10-14,,
growth_20,26,2024-10-21,,
growth_20,26,2024-10-28,,
growth_20,26,2024-11-04,,
growth_20,27,2023-01-30,1.0,1.0
growth_20,27,2023-02-06,6.0,
growth_20,27,2023-02-13,8.0,
growth_20,27,2023-02-20,8.0,
growth_20,27,2023-02-27,,
growth_20,27,2023-03-06,,
growth_20,27,2023-03-13,,
growth_20,27,2023-03-20,,8.0
growth_20,27,2023-03-27,,7.0
growth_20,27,2023-04-03,8.0,6.0
growth_20,27,2023-04-10,7.0,5.0
growth_20,27,2023-04-17,6.0,4.0
growth_20,27,2023-04-24,5.0,3.0
growth_20,27,2023-05-01,7.0,2.0
growth_20,27,2023-05-08,6.0,1.0
growth_20,27,2023-05-15,8.0,5.0
growth_20,27,2023-05-22,7.0,4.0
growth_20,27,2023-05-29,6.0,3.0
growth_20,27,2023-06-05,5.0,5.0
growth_20,27,2023-06-12,4.0,4.0
growth_20,27,2023-06-19,4.0,3.0
growth_20,27,2023-06-26,3.0,2.0
growth_20,27,2023-07-03,2.0,1.0
growth_20,27,2023-07-10,8.0,
growth_20,27,2023-07-17,,
growth_20,27,2023-07-24,,
growth_20,27,2023-07-31,8.0,
growth_20,27,2023-08-07,7.0,
growth_20,27,2023-08-14,6.0,
growth_20,27,2023-08-21,6.0,
growth_20,27,2023-08-28,7.0,
growth_20,27,2023-09-04,6.0,
growth_20,27,2023-09-11,6.0,
growth_20,27,2023-09-18,,
growth_20,27,2023-09-25,8.0,8.0
growth_20,27,2023-10-02,7.0,7.0
growth_20,27,2023-10-09,7.0,6.0
growth_20,27,2023-10-16,6.0,5.0
growth_20,27,2023-10-23,5.0,4.0
growth_20,27,2023-10-30,8.0,
growth_20,27,2023-11-06,7.0,
growth_20,27,2023-11-13,7.0,
growth_20,27,2023-11-20,6.0,
growth_20,27,2023-11-27,5.0,
growth_20,27,2023-12-04,4.0,
growth_20,27,2023-12-11,4.0,
growth_20,27,2023-12-18,3.0,
growth_20,27,2023-12-25,6.0,
growth_20,27,2024-01-01,5.0,
growth_20,27,2024-01-08,4.0,
growth_20,27,2024-01-15,3.0,
growth_20,27,2024-01-22,4.0,
growth_20,27,2024-01-29,8.0,
growth_20,27,2024-02-05,7.0,
growth_20,27,2024-02-12,,
growth_20,27,2024-02-19,,
growth_20,27,2024-02-26,,
growth_20,27,2024-03-04,8.0,8.0
growth_20,27,2024-03-11,7.0,7.0
growth_20,27,2024-03-18,6.0,6.0
growth_20,27,2024-03-25,5.0,5.0
growth_20,27,2024-04-01,4.0,4.0
growth_20,27,2024-04-08,3.0,3.0
growth_20,27,2024-04-15,6.0,2.0
growth_20,27,2024-04-22,7.0,1.0
growth_20,27,2024-04-29,,
growth_20,27,2024-05-06,,
growth_20,27,2024-05-13,,
growth_20,27,2024-05-20,,
growth_20,27,2024-05-27,8.0,
growth_20,27,2024-06-03,7.0,
growth_20,27,2024-06-10,6.0,
growth_20,27,2024-06-17,6.0,
growth_20,27,2024-06-24,5.0,
growth_20,27,2024-07-01,4.0,
growth_20,27,2024-07-08,3.0,
growth_20,27,2024-07-15,3.0,
growth_20,27,2024-07-22,3.0,
growth_20,27,2024-07-29,,
growth_20,27,2024-08-05,,
growth_20,27,2024-08-12,8.0,
growth_20,27,2024-08-19,7.0,
growth_20,27,2024-08-26,6.0,
growth_20,27,2024-09-02,5.0,
growth_20,27,2024-09-09,,
growth_20,27,2024-09-16,,
growth_20,27,2024-09-23,,
growth_20,27,2024-10-07,,
growth_20,27,2024-10-14,,
growth_20,27,2024-10-21,,
growth_20,27,2024-10-28,,
growth_20,27,2024-11-04,,
growth_20,28,2023-01-30,5.0,8.0
growth_20,28,2023-02-06,7.0,7.0
growth_20,28,2023-02-13,,6.0
growth_20,28,2023-02-20,,5.0
growth_20,28,2023-02-27,,4.0
growth_20,28,2023-03-06,,3.0
growth_20,28,2023-03-13,,2.0
growth_20,28,2023-03-20,,1.0
growth_20,28,2023-03-27,,7.0
growth_20,28,2023-04-03,,6.0
growth_20,28,2023-04-10,,
growth_20,28,2023-04-17,,
growth_20,28,2023-04-24,,
growth_20,28,2023-05-01,,
growth_20,28,2023-05-08,,
growth_20,28,2023-05-15,,
growth_20,28,2023-05-22,8.0,
growth_20,28,2023-05-29,7.0,
growth_20,28,2023-06-05,7.0,
growth_20,28,2023-06-12,6.0,
growth_20,28,2023-06-19,5.0,
growth_20,28,2023-06-26,5.0,
growth_20,28,2023-07-03,4.0,
growth_20,28,2023-07-10,3.0,
growth_20,28,2023-07-17,,
growth_20,28,2023-07-24,,
growth_20,28,2023-07-31,,
growth_20,28,2023-08-07,,
growth_20,28,2023-08-14,,
growth_20,28,2023-08-21,,
growth_20,28,2023-08-28,,
growth_20,28,2023-09-04,,
growth_20,28,2023-09-11,,
growth_20,28,2023-09-18,8.0,8.0
growth_20,28,2023-09-25,7.0,7.0
growth_20,28,2023-10-02,6.0,6.0
growth_20,28,2023-10-09,5.0,5.0
growth_20,28,2023-10-16,4.0,4.0
growth_20,28,2023-10-23,3.0,3.0
growth_20,28,2023-10-30,3.0,2.0
growth_20,28,2023-11-06,2.0,1.0
growth_20,28,2023-11-13,,8.0
growth_20,28,2023-11-20,,7.0
growth_20,28,2023-11-27,,6.0
growth_20,28,2023-12-04,8.0,5.0
growth_20,28,2023-12-11,7.0,4.0
growth_20,28,2023-12-18,6.0,3.0
growth_20,28,2023-12-25,6.0,2.0
growth_20,28,2024-01-01,5.0,
growth_20,28,2024-01-08,5.0,
growth_20,28,2024-01-15,4.0,
growth_20,28,2024-01-22,3.0,
growth_20,28,2024-01-29,4.0,
growth_20,28,2024-02-05,6.0,
growth_20,28,2024-02-12,8.0,
growth_20,28,2024-02-19,7.0,
growth_20,28,2024-02-26,7.0,
growth_20,28,2024-03-04,6.0,
growth_20,28,2024-03-11,6.0,
growth_20,28,2024-03-18,5.0,
growth_20,28,2024-03-25,5.0,
growth_20,28,2024-04-01,5.0,
growth_20,28,2024-04-08,,
growth_20,28,2024-04-15,,
growth_20,28,2024-04-22,,
growth_20,28,2024-04-29,,
growth_20,28,2024-05-06,,
growth_20,28,2024-05-13,,
growth_20,28,2024-05-20,,
growth_20,28,2024-05-27,,
growth_20,28,2024-06-03,,
growth_20,28,2024-06-10,,
growth_20,28,2024-06-17,,
growth_20,28,2024-06-24,,
growth_20,28,2024-07-01,,
growth_20,28,2024-07-08,,
growth_20,28,2024-07-15,,
growth_20,28,2024-07-22,,
growth_20,28,2024-07-29,,
growth_20,28,2024-08-05,8.0,
growth_20,28,2024-08-12,7.0,
growth_20,28,2024-08-19,7.0,
growth_20,28,2024-08-26,7.0,
growth_20,28,2024-09-02,6.0,
growth_20,28,2024-09-09,7.0,
growth_20,28,2024-09-16,,
growth_20,28,2024-09-23,,
growth_20,28,2024-10-07,,
growth_20,28,2024-10-14,,
growth_20,28,2024-10-21,,
growth_20,28,2024-10-28,,
growth_20,28,2024-11-04,,
growth_20,29,2023-01-30,8.0,6.0
growth_20,29,2023-02-06,7.0,5.0
growth_20,29,2023-02-13,6.0,4.0
growth_20,29,2023-02-20,5.0,3.0
growth_20,29,2023-02-27,4.0,4.0
growth_20,29,2023-03-06,3.0,3.0
growth_20,29,2023-03-13,5.0,2.0
growth_20,29,2023-03-20,4.0,4.0
growth_20,29,2023-03-27,3.0,3.0
growth_20,29,2023-04-03,2.0,2.0
growth_20,29,2023-04-10,3.0,1.0
growth_20,29,2023-04-17,7.0,
growth_20,29,2023-04-24,7.0,
growth_20,29,2023-05-01,6.0,
growth_20,29,2023-05-08,6.0,
growth_20,29,2023-05-15,5.0,
growth_20,29,2023-05-22,4.0,
growth_20,29,2023-05-29,4.0,8.0
growth_20,29,2023-06-05,7.0,7.0
growth_20,29,2023-06-12,6.0,6.0
growth_20,29,2023-06-19,6.0,5.0
growth_20,29,2023-06-26,5.0,4.0
growth_20,29,2023-07-03,4.0,3.0
growth_20,29,2023-07-10,3.0,2.0
growth_20,29,2023-07-17,2.0,3.0
growth_20,29,2023-07-24,2.0,2.0
growth_20,29,2023-07-31,5.0,1.0
growth_20,29,2023-08-07,6.0,
growth_20,29,2023-08-14,,
growth_20,29,2023-08-21,,
growth_20,29,2023-08-28,8.0,8.0
growth_20,29,2023-09-04,7.0,7.0
growth_20,29,2023-09-11,7.0,6.0
growth_20,29,2023-09-18,6.0,5.0
growth_20,29,2023-09-25,6.0,4.0
growth_20,29,2023-10-02,6.0,3.0
growth_20,29,2023-10-09,5.0,2.0
growth_20,29,2023-10-16,5.0,7.0
growth_20,29,2023-10-23,6.0,6.0
growth_20,29,2023-10-30,5.0,5.0
growth_20,29,2023-11-06,6.0,4.0
growth_20,29,2023-11-13,5.0,3.0
growth_20,29,2023-11-20,8.0,2.0
growth_20,29,2023-11-27,7.0,
growth_20,29,2023-12-04,,
growth_20,29,2023-12-11,,
growth_20,29,2023-12-18,,
growth_20,29,2023-12-25,,
growth_20,29,2024-01-01,,
growth_20,29,2024-01-08,,
growth_20,29,2024-01-15,,
growth_20,29,2024-01-22,,
growth_20,29,2024-01-29,8.0,8.0
growth_20,29,2024-02-05,7.0,7.0
growth_20,29,2024-02-12,6.0,6.0
growth_20,29,2024-02-19,5.0,5.0
growth_20,29,2024-02-26,4.0,4.0
growth_20,29,2024-03-04,3.0,3.0
growth_20,29,2024-03-11,3.0,2.0
growth_20,29,2024-03-18,2.0,8.0
growth_20,29,2024-03-25,4.0,7.0
growth_20,29,2024-04-01,5.0,6.0
growth_20,29,2024-04-08,4.0,5.0
growth_20,29,2024-04-15,4.0,4.0
growth_20,29,2024-04-22,3.0,3.0
growth_20,29,2024-04-29,4.0,
growth_20,29,2024-05-06,,
growth_20,29,2024-05-13,,8.0
growth_20,29,2024-05-20,8.0,7.0
growth_20,29,2024-05-27,7.0,6.0
growth_20,29,2024-06-03,6.0,5.0
growth_20,29,2024-06-10,5.0,4.0
growth_20,29,2024-06-17,4.0,3.0
growth_20,29,2024-06-24,3.0,2.0
growth_20,29,2024-07-01,2.0,1.0
growth_20,29,2024-07-08,4.0,1.0
growth_20,29,2024-07-15,8.0,8.0
growth_20,29,2024-07-22,7.0,7.0
growth_20,29,2024-07-29,6.0,6.0
growth_20,29,2024-08-05,5.0,5.0
growth_20,29,2024-08-12,4.0,4.0
growth_20,29,2024-08-19,3.0,3.0
growth_20,29,2024-08-26,3.0,2.0
growth_20,29,2024-09-02,3.0,
growth_20,29,2024-09-09,,
growth_20,29,2024-09-16,,
growth_20,29,2024-09-23,8.0,8.0
growth_20,29,2024-10-07,7.0,7.0
growth_20,29,2024-10-14,6.0,6.0
growth_20,29,2024-10-21,5.0,5.0
growth_20,29,2024-10-28,4.0,4.0
growth_20,29,2024-11-04,3.0,3.0
growth_20,30,2023-01-30,5.0,5.0
growth_20,30,2023-02-06,4.0,4.0
growth_20,30,2023-02-13,5.0,3.0
growth_20,30,2023-02-20,4.0,2.0
growth_20,30,2023-02-27,3.0,1.0
growth_20,30,2023-03-06,8.0,8.0
growth_20,30,2023-03-13,7.0,7.0
growth_20,30,2023-03-20,6.0,6.0
growth_20,30,2023-03-27,5.0,5.0
growth_20,30,2023-04-03,5.0,4.0
growth_20,30,2023-04-10,4.0,3.0
growth_20,30,2023-04-17,3.0,2.0
growth_20,30,2023-04-24,2.0,1.0
growth_20,30,2023-05-01,4.0,5.0
growth_20,30,2023-05-08,3.0,4.0
growth_20,30,2023-05-15,3.0,3.0
growth_20,30,2023-05-22,2.0,2.0
growth_20,30,2023-05-29,2.0,1.0
growth_20,30,2023-06-05,4.0,8.0
growth_20,30,2023-06-12,6.0,7.0
growth_20,30,2023-06-19,6.0,6.0
growth_20,30,2023-06-26,5.0,5.0
growth_20,30,2023-07-03,4.0,4.0
growth_20,30,2023-07-10,4.0,3.0
growth_20,30,2023-07-17,3.0,3.0
growth_20,30,2023-07-24,2.0,2.0
growth_20,30,2023-07-31,4.0,1.0
growth_20,30,2023-08-07,6.0,
growth_20,30,2023-08-14,7.0,
growth_20,30,2023-08-21,6.0,
growth_20,30,2023-08-28,7.0,
growth_20,30,2023-09-04,6.0,
growth_20,30,2023-09-11,6.0,
growth_20,30,2023-09-18,6.0,8.0
growth_20,30,2023-09-25,5.0,7.0
growth_20,30,2023-10-02,6.0,6.0
growth_20,30,2023-10-09,5.0,5.0
growth_20,30,2023-10-16,6.0,4.0
growth_20,30,2023-10-23,,3.0
growth_20,30,2023-10-30,8.0,2.0
growth_20,30,2023-11-06,7.0,1.0
growth_20,30,2023-11-13,6.0,6.0
growth_20,30,2023-11-20,6.0,5.0
growth_20,30,2023-11-27,5.0,4.0
growth_20,30,2023-12-04,4.0,3.0
growth_20,30,2023-12-11,3.0,2.0
growth_20,30,2023-12-18,3.0,4.0
growth_20,30,2023-12-25,3.0,3.0
growth_20,30,2024-01-01,2.0,2.0
growth_20,30,2024-01-08,2.0,1.0
growth_20,30,2024-01-15,3.0,8.0
growth_20,30,2024-01-22,7.0,7.0
growth_20,30,2024-01-29,6.0,6.0
growth_20,30,2024-02-05,5.0,5.0
growth_20,30,2024-02-12,5.0,4.0
growth_20,30,2024-02-19,4.0,3.0
growth_20,30,2024-02-26,3.0,2.0
growth_20,30,2024-03-04,4.0,1.0
growth_20,30,2024-03-11,6.0,7.0
growth_20,30,2024-03-18,6.0,6.0
growth_20,30,2024-03-25,5.0,5.0
growth_20,30,2024-04-01,4.0,4.0
growth_20,30,2024-04-08,4.0,
growth_20,30,2024-04-15,4.0,8.0
growth_20,30,2024-04-22,4.0,7.0
growth_20,30,2024-04-29,4.0,6.0
growth_20,30,2024-05-06,3.0,5.0
growth_20,30,2024-05-13,4.0,4.0
growth_20,30,2024-05-20,3.0,3.0
growth_20,30,2024-05-27,3.0,2.0
growth_20,30,2024-06-03,2.0,2.0
growth_20,30,2024-06-10,2.0,1.0
growth_20,30,2024-06-17,3.0,
growth_20,30,2024-06-24,4.0,
growth_20,30,2024-07-01,6.0,
growth_20,30,2024-07-08,,
growth_20,30,2024-07-15,,
growth_20,30,2024-07-22,8.0,
growth_20,30,2024-07-29,,
growth_20,30,2024-08-05,,
growth_20,30,2024-08-12,,
growth_20,30,2024-08-19,8.0,
growth_20,30,2024-08-26,7.0,
growth_20,30,2024-09-02,6.0,
growth_20,30,2024-09-09,8.0,
growth_20,30,2024-09-16,7.0,
growth_20,30,2024-09-23,8.0,
growth_20,30,2024-10-07,7.0,
growth_20,30,2024-10-14,6.0,
growth_20,30,2024-10-21,6.0,
growth_20,30,2024-10-28,5.0,
growth_20,30,2024-11-04,4.0,
growth_20,31,2023-01-30,,
growth_20,31,2023-02-06,8.0,8.0
growth_20,31,2023-02-13,7.0,7.0
growth_20,31,2023-02-20,6.0,6.0
growth_20,31,2023-02-27,5.0,5.0
growth_20,31,2023-03-06,4.0,4.0
growth_20,31,2023-03-13,3.0,3.0
growth_20,31,2023-03-20,2.0,2.0
growth_20,31,2023-03-27,1.0,1.0
growth_20,31,2023-04-03,,
growth_20,31,2023-04-10,,
growth_20,31,2023-04-17,,
growth_20,31,2023-04-24,,
growth_20,31,2023-05-01,,
growth_20,31,2023-05-08,,
growth_20,31,2023-05-15,,
growth_20,31,2023-05-22,8.0,8.0
growth_20,31,2023-05-29,7.0,7.0
growth_20,31,2023-06-05,6.0,6.0
growth_20,31,2023-06-12,5.0,5.0
growth_20,31,2023-06-19,4.0,4.0
growth_20,31,2023-06-26,4.0,3.0
growth_20,31,2023-07-03,,2.0
growth_20,31,2023-07-10,,
growth_20,31,2023-07-17,,
growth_20,31,2023-07-24,,
growth_20,31,2023-07-31,8.0,8.0
growth_20,31,2023-08-07,7.0,7.0
growth_20,31,2023-08-14,7.0,6.0
growth_20,31,2023-08-21,6.0,5.0
growth_20,31,2023-08-28,5.0,4.0
growth_20,31,2023-09-04,4.0,3.0
growth_20,31,2023-09-11,4.0,2.0
growth_20,31,2023-09-18,3.0,1.0
growth_20,31,2023-09-25,,
growth_20,31,2023-10-02,,
growth_20,31,2023-10-09,,
growth_20,31,2023-10-16,,
growth_20,31,2023-10-23,,
growth_20,31,2023-10-30,,
growth_20,31,2023-11-06,,
growth_20,31,2023-11-13,,
growth_20,31,2023-11-20,,
growth_20,31,2023-11-27,,
growth_20,31,2023-12-04,,
growth_20,31,2023-12-11,,
growth_20,31,2023-12-18,8.0,8.0
growth_20,31,2023-12-25,7.0,7.0
growth_20,31,2024-01-01,6.0,6.0
growth_20,31,2024-01-08,5.0,5.0
growth_20,31,2024-01-15,4.0,4.0
growth_20,31,2024-01-22,3.0,3.0
growth_20,31,2024-01-29,3.0,2.0
growth_20,31,2024-02-05,2.0,1.0
growth_20,31,2024-02-12,5.0,4.0
growth_20,31,2024-02-19,4.0,3.0
growth_20,31,2024-02-26,3.0,2.0
growth_20,31,2024-03-04,3.0,1.0
growth_20,31,2024-03-11,,
growth_20,31,2024-03-18,,
growth_20,31,2024-03-25,,
growth_20,31,2024-04-01,,
growth_20,31,2024-04-08,,
growth_20,31,2024-04-15,,
growth_20,31,2024-04-22,,
growth_20,31,2024-04-29,,
growth_20,31,2024-05-06,,
growth_20,31,2024-05-13,,
growth_20,31,2024-05-20,,
growth_20,31,2024-05-27,,
growth_20,31,2024-06-03,,
growth_20,31,2024-06-10,,
growth_20,31,2024-06-17,,
growth_20,31,2024-06-24,,
growth_20,31,2024-07-01,,
growth_20,31,2024-07-08,,
growth_20,31,2024-07-15,,
growth_20,31,2024-07-22,,
growth_20,31,2024-07-29,,
growth_20,31,2024-08-05,,
growth_20,31,2024-08-12,,
growth_20,31,2024-08-19,,
growth_20,31,2024-08-26,,
growth_20,31,2024-09-02,,
growth_20,31,2024-09-09,,
growth_20,31,2024-09-16,,
growth_20,31,2024-09-23,,
growth_20,31,2024-10-07,,
growth_20,31,2024-10-14,,
growth_20,31,2024-10-21,,
growth_20,31,2024-10-28,,
growth_20,31,2024-11-04,,
growth_20,32,2023-01-30,8.0,
growth_20,32,2023-02-06,,
growth_20,32,2023-02-13,,
growth_20,32,2023-02-20,,
growth_20,32,2023-02-27,,
growth_20,32,2023-03-06,,
growth_20,32,2023-03-13,,
growth_20,32,2023-03-20,,8.0
growth_20,32,2023-03-27,8.0,7.0
growth_20,32,2023-04-03,7.0,6.0
growth_20,32,2023-04-10,6.0,6.0
growth_20,32,2023-04-17,5.0,8.0
growth_20,32,2023-04-24,4.0,7.0
growth_20,32,2023-05-01,4.0,6.0
growth_20,32,2023-05-08,3.0,5.0
growth_20,32,2023-05-15,3.0,4.0
growth_20,32,2023-05-22,3.0,3.0
growth_20,32,2023-05-29,2.0,2.0
growth_20,32,2023-06-05,1.0,1.0
growth_20,32,2023-06-12,,
growth_20,32,2023-06-19,,
growth_20,32,2023-06-26,,
growth_20,32,2023-07-03,,
growth_20,32,2023-07-10,8.0,8.0
growth_20,32,2023-07-17,7.0,7.0
growth_20,32,2023-07-24,6.0,6.0
growth_20,32,2023-07-31,5.0,5.0
growth_20,32,2023-08-07,5.0,4.0
growth_20,32,2023-08-14,5.0,3.0
growth_20,32,2023-08-21,4.0,2.0
growth_20,32,2023-08-28,3.0,
growth_20,32,2023-09-04,8.0,8.0
growth_20,32,2023-09-11,7.0,7.0
growth_20,32,2023-09-18,6.0,6.0
growth_20,32,2023-09-25,5.0,5.0
growth_20,32,2023-10-02,4.0,4.0
growth_20,32,2023-10-09,3.0,3.0
growth_20,32,2023-10-16,3.0,2.0
growth_20,32,2023-10-23,4.0,1.0
growth_20,32,2023-10-30,6.0,
growth_20,32,2023-11-06,5.0,
growth_20,32,2023-11-13,4.0,
growth_20,32,2023-11-20,5.0,
growth_20,32,2023-11-27,,
growth_20,32,2023-12-04,,
growth_20,32,2023-12-11,,
growth_20,32,2023-12-18,,
growth_20,32,2023-12-25,,
growth_20,32,2024-01-01,,8.0
growth_20,32,2024-01-08,8.0,7.0
growth_20,32,2024-01-15,7.0,6.0
growth_20,32,2024-01-22,6.0,5.0
growth_20,32,2024-01-29,5.0,4.0
growth_20,32,2024-02-05,5.0,3.0
growth_20,32,2024-02-12,4.0,2.0
growth_20,32,2024-02-19,3.0,5.0
growth_20,32,2024-02-26,3.0,4.0
growth_20,32,2024-03-04,3.0,3.0
growth_20,32,2024-03-11,8.0,2.0
growth_20,32,2024-03-18,8.0,
growth_20,32,2024-03-25,,
growth_20,32,2024-04-01,8.0,
growth_20,32,2024-04-08,8.0,
growth_20,32,2024-04-15,7.0,
growth_20,32,2024-04-22,6.0,
growth_20,32,2024-04-29,5.0,
growth_20,32,2024-05-06,7.0,
growth_20,32,2024-05-13,7.0,
growth_20,32,2024-05-20,6.0,
growth_20,32,2024-05-27,6.0,
growth_20,32,2024-06-03,,
growth_20,32,2024-06-10,,
growth_20,32,2024-06-17,,
growth_20,32,2024-06-24,,
growth_20,32,2024-07-01,,8.0
growth_20,32,2024-07-08,,7.0
growth_20,32,2024-07-15,,6.0
growth_20,32,2024-07-22,,5.0
growth_20,32,2024-07-29,8.0,4.0
growth_20,32,2024-08-05,7.0,3.0
growth_20,32,2024-08-12,6.0,
growth_20,32,2024-08-19,5.0,
growth_20,32,2024-08-26,,
growth_20,32,2024-09-02,,
growth_20,32,2024-09-09,,
growth_20,32,2024-09-16,,
growth_20,32,2024-09-23,,
growth_20,32,2024-10-07,,
growth_20,32,2024-10-14,,
growth_20,32,2024-10-21,,
growth_20,32,2024-10-28,8.0,8.0
growth_20,32,2024-11-04,7.0,7.0
growth_20,33,2023-01-30,,
growth_20,33,2023-02-06,,
growth_20,33,2023-02-13,,
growth_20,33,2023-02-20,,
growth_20,33,2023-02-27,,
growth_20,33,2023-03-06,,
growth_20,33,2023-03-13,,
growth_20,33,2023-03-20,,8.0
growth_20,33,2023-03-27,8.0,7.0
growth_20,33,2023-04-03,7.0,6.0
growth_20,33,2023-04-10,6.0,5.0
growth_20,33,2023-04-17,5.0,4.0
growth_20,33,2023-04-24,4.0,3.0
growth_20,33,2023-05-01,4.0,2.0
growth_20,33,2023-05-08,3.0,
growth_20,33,2023-05-15,4.0,
growth_20,33,2023-05-22,5.0,
growth_20,33,2023-05-29,7.0,
growth_20,33,2023-06-05,6.0,
growth_20,33,2023-06-12,,
growth_20,33,2023-06-19,,
growth_20,33,2023-06-26,,
growth_20,33,2023-07-03,,
growth_20,33,2023-07-10,,
growth_20,33,2023-07-17,,
growth_20,33,2023-07-24,,
growth_20,33,2023-07-31,,
growth_20,33,2023-08-07,,
growth_20,33,2023-08-14,,
growth_20,33,2023-08-21,,
growth_20,33,2023-08-28,,
growth_20,33,2023-09-04,,
growth_20,33,2023-09-11,,
growth_20,33,2023-09-18,,
growth_20,33,2023-09-25,,
growth_20,33,2023-10-02,,8.0
growth_20,33,2023-10-09,,7.0
growth_20,33,2023-10-16,,6.0
growth_20,33,2023-10-23,,5.0
growth_20,33,2023-10-30,,4.0
growth_20,33,2023-11-06,,3.0
growth_20,33,2023-11-13,,2.0
growth_20,33,2023-11-20,,1.0
growth_20,33,2023-11-27,8.0,7.0
growth_20,33,2023-12-04,7.0,6.0
growth_20,33,2023-12-11,6.0,5.0
growth_20,33,2023-12-18,,4.0
growth_20,33,2023-12-25,8.0,3.0
growth_20,33,2024-01-01,7.0,6.0
growth_20,33,2024-01-08,6.0,5.0
growth_20,33,2024-01-15,5.0,4.0
growth_20,33,2024-01-22,5.0,3.0
growth_20,33,2024-01-29,4.0,6.0
growth_20,33,2024-02-05,5.0,5.0
growth_20,33,2024-02-12,4.0,4.0
growth_20,33,2024-02-19,4.0,3.0
growth_20,33,2024-02-26,3.0,2.0
growth_20,33,2024-03-04,2.0,1.0
growth_20,33,2024-03-11,,1.0
growth_20,33,2024-03-18,,
growth_20,33,2024-03-25,,
growth_20,33,2024-04-01,,
growth_20,33,2024-04-08,8.0,8.0
growth_20,33,2024-04-15,7.0,7.0
growth_20,33,2024-04-22,6.0,6.0
growth_20,33,2024-04-29,5.0,5.0
growth_20,33,2024-05-06,4.0,4.0
growth_20,33,2024-05-13,4.0,3.0
growth_20,33,2024-05-20,3.0,2.0
growth_20,33,2024-05-27,4.0,
growth_20,33,2024-06-03,,
growth_20,33,2024-06-10,,
growth_20,33,2024-06-17,,
growth_20,33,2024-06-24,,
growth_20,33,2024-07-01,,
growth_20,33,2024-07-08,,
growth_20,33,2024-07-15,,
growth_20,33,2024-07-22,,
growth_20,33,2024-07-29,,
growth_20,33,2024-08-05,,
growth_20,33,2024-08-12,,
growth_20,33,2024-08-19,,
growth_20,33,2024-08-26,,
growth_20,33,2024-09-02,,
growth_20,33,2024-09-09,,
growth_20,33,2024-09-16,,
growth_20,33,2024-09-23,,
growth_20,33,2024-10-07,,
growth_20,33,2024-10-14,,
growth_20,33,2024-10-21,,
growth_20,33,2024-10-28,,
growth_20,33,2024-11-04,,
growth_20,34,2023-01-30,6.0,5.0
growth_20,34,2023-02-06,5.0,4.0
growth_20,34,2023-02-13,4.0,3.0
growth_20,34,2023-02-20,3.0,2.0
growth_20,34,2023-02-27,8.0,8.0
growth_20,34,2023-03-06,7.0,7.0
growth_20,34,2023-03-13,6.0,6.0
growth_20,34,2023-03-20,5.0,5.0
growth_20,34,2023-03-27,4.0,4.0
growth_20,34,2023-04-03,3.0,3.0
growth_20,34,2023-04-10,5.0,2.0
growth_20,34,2023-04-17,4.0,1.0
growth_20,34,2023-04-24,3.0,3.0
growth_20,34,2023-05-01,2.0,2.0
growth_20,34,2023-05-08,3.0,1.0
growth_20,34,2023-05-15,,
growth_20,34,2023-05-22,,
growth_20,34,2023-05-29,,
growth_20,34,2023-06-05,,
growth_20,34,2023-06-12,,
growth_20,34,2023-06-19,,
growth_20,34,2023-06-26,,
growth_20,34,2023-07-03,,
growth_20,34,2023-07-10,,
growth_20,34,2023-07-17,,
growth_20,34,2023-07-24,,
growth_20,34,2023-07-31,,
growth_20,34,2023-08-07,,
growth_20,34,2023-08-14,,
growth_20,34,2023-08-21,,
growth_20,34,2023-08-28,,
growth_20,34,2023-09-04,,
growth_20,34,2023-09-11,,
growth_20,34,2023-09-18,,
growth_20,34,2023-09-25,,
growth_20,34,2023-10-02,,
growth_20,34,2023-10-09,,
growth_20,34,2023-10-16,,8.0
growth_20,34,2023-10-23,,7.0
growth_20,34,2023-10-30,8.0,6.0
growth_20,34,2023-11-06,7.0,5.0
growth_20,34,2023-11-13,6.0,4.0
growth_20,34,2023-11-20,5.0,3.0
growth_20,34,2023-11-27,,
growth_20,34,2023-12-04,,
growth_20,34,2023-12-11,,
growth_20,34,2023-12-18,8.0,8.0
growth_20,34,2023-12-25,7.0,7.0
growth_20,34,2024-01-01,6.0,6.0
growth_20,34,2024-01-08,5.0,5.0
growth_20,34,2024-01-15,5.0,
growth_20,34,2024-01-22,4.0,
growth_20,34,2024-01-29,3.0,
growth_20,34,2024-02-05,6.0,
growth_20,34,2024-02-12,,
growth_20,34,2024-02-19,,
growth_20,34,2024-02-26,,
growth_20,34,2024-03-04,,
growth_20,34,2024-03-11,,
growth_20,34,2024-03-18,,
growth_20,34,2024-03-25,,
growth_20,34,2024-04-01,,
growth_20,34,2024-04-08,,
growth_20,34,2024-04-15,,
growth_20,34,2024-04-22,,
growth_20,34,2024-04-29,,
growth_20,34,2024-05-06,,
growth_20,34,2024-05-13,,
growth_20,34,2024-05-20,,
growth_20,34,2024-05-27,,
growth_20,34,2024-06-03,,
growth_20,34,2024-06-10,,
growth_20,34,2024-06-17,,
growth_20,34,2024-06-24,,
growth_20,34,2024-07-01,,
growth_20,34,2024-07-08,,
growth_20,34,2024-07-15,,
growth_20,34,2024-07-22,,
growth_20,34,2024-07-29,,
growth_20,34,2024-08-05,,
growth_20,34,2024-08-12,,
growth_20,34,2024-08-19,,
growth_20,34,2024-08-26,,
growth_20,34,2024-09-02,,
growth_20,34,2024-09-09,,
growth_20,34,2024-09-16,,
growth_20,34,2024-09-23,,
growth_20,34,2024-10-07,,
growth_20,34,2024-10-14,,
growth_20,34,2024-10-21,,
growth_20,34,2024-10-28,,
growth_20,34,2024-11-04,,
growth_20,35,2023-01-30,3.0,2.0
growth_20,35,2023-02-06,2.0,1.0
growth_20,35,2023-02-13,,1.0
growth_20,35,2023-02-20,,
growth_20,35,2023-02-27,,
growth_20,35,2023-03-06,8.0,8.0
growth_20,35,2023-03-13,7.0,7.0
growth_20,35,2023-03-20,6.0,6.0
growth_20,35,2023-03-27,5.0,5.0
growth_20,35,2023-04-03,4.0,4.0
growth_20,35,2023-04-10,3.0,3.0
growth_20,35,2023-04-17,2.0,2.0
growth_20,35,2023-04-24,8.0,1.0
growth_20,35,2023-05-01,7.0,5.0
growth_20,35,2023-05-08,6.0,4.0
growth_20,35,2023-05-15,5.0,3.0
growth_20,35,2023-05-22,5.0,4.0
growth_20,35,2023-05-29,4.0,3.0
growth_20,35,2023-06-05,3.0,2.0
growth_20,35,2023-06-12,2.0,1.0
growth_20,35,2023-06-19,5.0,4.0
growth_20,35,2023-06-26,5.0,3.0
growth_20,35,2023-07-03,4.0,5.0
growth_20,35,2023-07-10,3.0,4.0
growth_20,35,2023-07-17,3.0,3.0
growth_20,35,2023-07-24,2.0,2.0
growth_20,35,2023-07-31,5.0,1.0
growth_20,35,2023-08-07,7.0,4.0
growth_20,35,2023-08-14,7.0,3.0
growth_20,35,2023-08-21,6.0,
growth_20,35,2023-08-28,5.0,
growth_20,35,2023-09-04,5.0,
growth_20,35,2023-09-11,4.0,
growth_20,35,2023-09-18,7.0,
growth_20,35,2023-09-25,,
growth_20,35,2023-10-02,,
growth_20,35,2023-10-09,,
growth_20,35,2023-10-16,,
growth_20,35,2023-10-23,,
growth_20,35,2023-10-30,8.0,8.0
growth_20,35,2023-11-06,7.0,7.0
growth_20,35,2023-11-13,6.0,6.0
growth_20,35,2023-11-20,5.0,5.0
growth_20,35,2023-11-27,4.0,4.0
growth_20,35,2023-12-04,3.0,3.0
growth_20,35,2023-12-11,,2.0
growth_20,35,2023-12-18,,
growth_20,35,2023-12-25,,
growth_20,35,2024-01-01,,
growth_20,35,2024-01-08,,8.0
growth_20,35,2024-01-15,8.0,7.0
growth_20,35,2024-01-22,7.0,6.0
growth_20,35,2024-01-29,6.0,5.0
growth_20,35,2024-02-05,5.0,
growth_20,35,2024-02-12,4.0,
growth_20,35,2024-02-19,7.0,
growth_20,35,2024-02-26,7.0,
growth_20,35,2024-03-04,,
growth_20,35,2024-03-11,8.0,8.0
growth_20,35,2024-03-18,7.0,7.0
growth_20,35,2024-03-25,6.0,6.0
growth_20,35,2024-04-01,,5.0
growth_20,35,2024-04-08,,4.0
growth_20,35,2024-04-15,,3.0
growth_20,35,2024-04-22,8.0,
growth_20,35,2024-04-29,7.0,
growth_20,35,2024-05-06,,
growth_20,35,2024-05-13,,
growth_20,35,2024-05-20,8.0,
growth_20,35,2024-05-27,7.0,
growth_20,35,2024-06-03,6.0,
growth_20,35,2024-06-10,,
growth_20,35,2024-06-17,,
growth_20,35,2024-06-24,,
growth_20,35,2024-07-01,,
growth_20,35,2024-07-08,,
growth_20,35,2024-07-15,,
growth_20,35,2024-07-22,,
growth_20,35,2024-07-29,,
growth_20,35,2024-08-05,,
growth_20,35,2024-08-12,,
growth_20,35,2024-08-19,8.0,8.0
growth_20,35,2024-08-26,7.0,7.0
growth_20,35,2024-09-02,6.0,6.0
growth_20,35,2024-09-09,,5.0
growth_20,35,2024-09-16,,4.0
growth_20,35,2024-09-23,8.0,3.0
growth_20,35,2024-10-07,7.0,2.0
growth_20,35,2024-10-14,,1.0
growth_20,35,2024-10-21,,5.0
growth_20,35,2024-10-28,,4.0
growth_20,35,2024-11-04,,3.0
growth_20,36,2023-01-30,2.0,1.0
growth_20,36,2023-02-06,6.0,
growth_20,36,2023-02-13,6.0,
growth_20,36,2023-02-20,5.0,
growth_20,36,2023-02-27,4.0,
growth_20,36,2023-03-06,4.0,8.0
growth_20,36,2023-03-13,4.0,7.0
growth_20,36,2023-03-20,5.0,6.0
growth_20,36,2023-03-27,5.0,5.0
growth_20,36,2023-04-03,4.0,4.0
growth_20,36,2023-04-10,4.0,3.0
growth_20,36,2023-04-17,3.0,2.0
growth_20,36,2023-04-24,4.0,6.0
growth_20,36,2023-05-01,5.0,5.0
growth_20,36,2023-05-08,4.0,4.0
growth_20,36,2023-05-15,3.0,4.0
growth_20,36,2023-05-22,3.0,3.0
growth_20,36,2023-05-29,2.0,2.0
growth_20,36,2023-06-05,5.0,5.0
growth_20,36,2023-06-12,4.0,4.0
growth_20,36,2023-06-19,3.0,3.0
growth_20,36,2023-06-26,2.0,2.0
growth_20,36,2023-07-03,4.0,1.0
growth_20,36,2023-07-10,5.0,
growth_20,36,2023-07-17,4.0,8.0
growth_20,36,2023-07-24,6.0,7.0
growth_20,36,2023-07-31,6.0,6.0
growth_20,36,2023-08-07,5.0,5.0
growth_20,36,2023-08-14,4.0,4.0
growth_20,36,2023-08-21,3.0,3.0
growth_20,36,2023-08-28,3.0,2.0
growth_20,36,2023-09-04,4.0,1.0
growth_20,36,2023-09-11,6.0,3.0
growth_20,36,2023-09-18,5.0,2.0
growth_20,36,2023-09-25,5.0,4.0
growth_20,36,2023-10-02,6.0,6.0
growth_20,36,2023-10-09,5.0,5.0
growth_20,36,2023-10-16,4.0,4.0
growth_20,36,2023-10-23,4.0,3.0
growth_20,36,2023-10-30,3.0,2.0
growth_20,36,2023-11-06,3.0,6.0
growth_20,36,2023-11-13,3.0,5.0
growth_20,36,2023-11-20,3.0,4.0
growth_20,36,2023-11-27,3.0,3.0
growth_20,36,2023-12-04,2.0,2.0
growth_20,36,2023-12-11,1.0,1.0
growth_20,36,2023-12-18,2.0,1.0
growth_20,36,2023-12-25,4.0,4.0
growth_20,36,2024-01-01,5.0,3.0
growth_20,36,2024-01-08,5.0,
growth_20,36,2024-01-15,6.0,
growth_20,36,2024-01-22,7.0,
growth_20,36,2024-01-29,7.0,
growth_20,36,2024-02-05,6.0,
growth_20,36,2024-02-12,5.0,
growth_20,36,2024-02-19,5.0,
growth_20,36,2024-02-26,4.0,
growth_20,36,2024-03-04,4.0,
growth_20,36,2024-03-11,5.0,
growth_20,36,2024-03-18,5.0,
growth_20,36,2024-03-25,6.0,8.0
growth_20,36,2024-04-01,7.0,7.0
growth_20,36,2024-04-08,6.0,6.0
growth_20,36,2024-04-15,5.0,5.0
growth_20,36,2024-04-22,6.0,4.0
growth_20,36,2024-04-29,6.0,3.0
growth_20,36,2024-05-06,5.0,2.0
growth_20,36,2024-05-13,4.0,5.0
growth_20,36,2024-05-20,4.0,4.0
growth_20,36,2024-05-27,4.0,3.0
growth_20,36,2024-06-03,3.0,
growth_20,36,2024-06-10,3.0,
growth_20,36,2024-06-17,4.0,
growth_20,36,2024-06-24,5.0,
growth_20,36,2024-07-01,5.0,8.0
growth_20,36,2024-07-08,4.0,7.0
growth_20,36,2024-07-15,4.0,6.0
growth_20,36,2024-07-22,4.0,5.0
growth_20,36,2024-07-29,4.0,4.0
growth_20,36,2024-08-05,4.0,3.0
growth_20,36,2024-08-12,4.0,2.0
growth_20,36,2024-08-19,4.0,
growth_20,36,2024-08-26,5.0,
growth_20,36,2024-09-02,7.0,
growth_20,36,2024-09-09,7.0,
growth_20,36,2024-09-16,6.0,
growth_20,36,2024-09-23,6.0,
growth_20,36,2024-10-07,5.0,6.0
growth_20,36,2024-10-14,5.0,5.0
growth_20,36,2024-10-21,4.0,4.0
growth_20,36,2024-10-28,3.0,5.0
growth_20,36,2024-11-04,4.0,4.0
growth_20,37,2023-01-30,6.0,1.0
growth_20,37,2023-02-06,5.0,5.0
growth_20,37,2023-02-13,5.0,4.0
growth_20,37,2023-02-20,4.0,3.0
growth_20,37,2023-02-27,3.0,2.0
growth_20,37,2023-03-06,2.0,1.0
growth_20,37,2023-03-13,8.0,8.0
growth_20,37,2023-03-20,7.0,7.0
growth_20,37,2023-03-27,6.0,6.0
growth_20,37,2023-04-03,5.0,5.0
growth_20,37,2023-04-10,4.0,4.0
growth_20,37,2023-04-17,7.0,3.0
growth_20,37,2023-04-24,6.0,2.0
growth_20,37,2023-05-01,5.0,1.0
growth_20,37,2023-05-08,6.0,
growth_20,37,2023-05-15,5.0,
growth_20,37,2023-05-22,4.0,
growth_20,37,2023-05-29,4.0,
growth_20,37,2023-06-05,,
growth_20,37,2023-06-12,,
growth_20,37,2023-06-19,,
growth_20,37,2023-06-26,,
growth_20,37,2023-07-03,,
growth_20,37,2023-07-10,,
growth_20,37,2023-07-17,,
growth_20,37,2023-07-24,,
growth_20,37,2023-07-31,,
growth_20,37,2023-08-07,,
growth_20,37,2023-08-14,,
growth_20,37,2023-08-21,,
growth_20,37,2023-08-28,,
growth_20,37,2023-09-04,,
growth_20,37,2023-09-11,,
growth_20,37,2023-09-18,,
growth_20,37,2023-09-25,,
growth_20,37,2023-10-02,,
growth_20,37,2023-10-09,,
growth_20,37,2023-10-16,,
growth_20,37,2023-10-23,,8.0
growth_20,37,2023-10-30,,7.0
growth_20,37,2023-11-06,8.0,6.0
growth_20,37,2023-11-13,7.0,
growth_20,37,2023-11-20,6.0,4.0
growth_20,37,2023-11-27,5.0,7.0
growth_20,37,2023-12-04,5.0,6.0
growth_20,37,2023-12-11,4.0,5.0
growth_20,37,2023-12-18,4.0,4.0
growth_20,37,2023-12-25,3.0,3.0
growth_20,37,2024-01-01,2.0,2.0
growth_20,37,2024-01-08,6.0,1.0
growth_20,37,2024-01-15,5.0,
growth_20,37,2024-01-22,4.0,
growth_20,37,2024-01-29,3.0,
growth_20,37,2024-02-05,4.0,
growth_20,37,2024-02-12,8.0,
growth_20,37,2024-02-19,,
growth_20,37,2024-02-26,,
growth_20,37,2024-03-04,8.0,8.0
growth_20,37,2024-03-11,7.0,7.0
growth_20,37,2024-03-18,6.0,6.0
growth_20,37,2024-03-25,5.0,5.0
growth_20,37,2024-04-01,5.0,4.0
growth_20,37,2024-04-08,4.0,3.0
growth_20,37,2024-04-15,4.0,2.0
growth_20,37,2024-04-22,3.0,1.0
growth_20,37,2024-04-29,,
growth_20,37,2024-05-06,,
growth_20,37,2024-05-13,,
growth_20,37,2024-05-20,,
growth_20,37,2024-05-27,,
growth_20,37,2024-06-03,,
growth_20,37,2024-06-10,,
growth_20,37,2024-06-17,8.0,
growth_20,37,2024-06-24,,
growth_20,37,2024-07-01,8.0,
growth_20,37,2024-07-08,7.0,
growth_20,37,2024-07-15,7.0,
growth_20,37,2024-07-22,,
growth_20,37,2024-07-29,,
growth_20,37,2024-08-05,,
growth_20,37,2024-08-12,,
growth_20,37,2024-08-19,,
growth_20,37,2024-08-26,,
growth_20,37,2024-09-02,,
growth_20,37,2024-09-09,,
growth_20,37,2024-09-16,,
growth_20,37,2024-09-23,,
growth_20,37,2024-10-07,,
growth_20,37,2024-10-14,,
growth_20,37,2024-10-21,,
growth_20,37,2024-10-28,8.0,8.0
growth_20,37,2024-11-04,7.0,7.0
growth_20,38,2023-01-30,3.0,1.0
growth_20,38,2023-02-06,3.0,2.0
growth_20,38,2023-02-13,4.0,1.0
growth_20,38,2023-02-20,,
growth_20,38,2023-02-27,,
growth_20,38,2023-03-06,,
growth_20,38,2023-03-13,,
growth_20,38,2023-03-20,,8.0
growth_20,38,2023-03-27,,7.0
growth_20,38,2023-04-03,,6.0
growth_20,38,2023-04-10,,5.0
growth_20,38,2023-04-17,,4.0
growth_20,38,2023-04-24,,
growth_20,38,2023-05-01,,
growth_20,38,2023-05-08,8.0,
growth_20,38,2023-05-15,7.0,
growth_20,38,2023-05-22,6.0,
growth_20,38,2023-05-29,5.0,8.0
growth_20,38,2023-06-05,6.0,7.0
growth_20,38,2023-06-12,5.0,6.0
growth_20,38,2023-06-19,5.0,
growth_20,38,2023-06-26,4.0,
growth_20,38,2023-07-03,4.0,
growth_20,38,2023-07-10,3.0,8.0
growth_20,38,2023-07-17,5.0,7.0
growth_20,38,2023-07-24,,6.0
growth_20,38,2023-07-31,,5.0
growth_20,38,2023-08-07,,
growth_20,38,2023-08-14,8.0,
growth_20,38,2023-08-21,7.0,
growth_20,38,2023-08-28,6.0,
growth_20,38,2023-09-04,,
growth_20,38,2023-09-11,,
growth_20,38,2023-09-18,,
growth_20,38,2023-09-25,,
growth_20,38,2023-10-02,,
growth_20,38,2023-10-09,,
growth_20,38,2023-10-16,,8.0
growth_20,38,2023-10-23,,7.0
growth_20,38,2023-10-30,8.0,6.0
growth_20,38,2023-11-06,7.0,5.0
growth_20,38,2023-11-13,6.0,4.0
growth_20,38,2023-11-20,5.0,3.0
growth_20,38,2023-11-27,4.0,
growth_20,38,2023-12-04,3.0,8.0
growth_20,38,2023-12-11,8.0,7.0
growth_20,38,2023-12-18,7.0,6.0
growth_20,38,2023-12-25,6.0,5.0
growth_20,38,2024-01-01,5.0,4.0
growth_20,38,2024-01-08,5.0,
growth_20,38,2024-01-15,4.0,8.0
growth_20,38,2024-01-22,4.0,7.0
growth_20,38,2024-01-29,6.0,6.0
growth_20,38,2024-02-05,5.0,5.0
growth_20,38,2024-02-12,6.0,4.0
growth_20,38,2024-02-19,5.0,3.0
growth_20,38,2024-02-26,4.0,2.0
growth_20,38,2024-03-04,3.0,1.0
growth_20,38,2024-03-11,7.0,
growth_20,38,2024-03-18,6.0,
growth_20,38,2024-03-25,5.0,
growth_20,38,2024-04-01,4.0,
growth_20,38,2024-04-08,4.0,
growth_20,38,2024-04-15,3.0,
growth_20,38,2024-04-22,6.0,
growth_20,38,2024-04-29,8.0,
growth_20,38,2024-05-06,8.0,
growth_20,38,2024-05-13,7.0,
growth_20,38,2024-05-20,7.0,
growth_20,38,2024-05-27,6.0,
growth_20,38,2024-06-03,7.0,
growth_20,38,2024-06-10,7.0,
growth_20,38,2024-06-17,7.0,
growth_20,38,2024-06-24,7.0,
growth_20,38,2024-07-01,7.0,
growth_20,38,2024-07-08,,
growth_20,38,2024-07-15,,
growth_20,38,2024-07-22,8.0,
growth_20,38,2024-07-29,8.0,
growth_20,38,2024-08-05,,
growth_20,38,2024-08-12,,
growth_20,38,2024-08-19,,
growth_20,38,2024-08-26,8.0,
growth_20,38,2024-09-02,,
growth_20,38,2024-09-09,8.0,
growth_20,38,2024-09-16,7.0,
growth_20,38,2024-09-23,,
growth_20,38,2024-10-07,,
growth_20,38,2024-10-14,8.0,
growth_20,38,2024-10-21,8.0,
growth_20,38,2024-10-28,7.0,
growth_20,38,2024-11-04,,
growth_20,39,2023-01-30,3.0,3.0
growth_20,39,2023-02-06,6.0,2.0
growth_20,39,2023-02-13,5.0,1.0
growth_20,39,2023-02-20,5.0,4.0
growth_20,39,2023-02-27,4.0,3.0
growth_20,39,2023-03-06,4.0,2.0
growth_20,39,2023-03-13,5.0,
growth_20,39,2023-03-20,8.0,8.0
growth_20,39,2023-03-27,7.0,7.0
growth_20,39,2023-04-03,6.0,6.0
growth_20,39,2023-04-10,5.0,5.0
growth_20,39,2023-04-17,4.0,4.0
growth_20,39,2023-04-24,3.0,3.0
growth_20,39,2023-05-01,2.0,2.0
growth_20,39,2023-05-08,1.0,1.0
growth_20,39,2023-05-15,7.0,7.0
growth_20,39,2023-05-22,6.0,6.0
growth_20,39,2023-05-29,5.0,5.0
growth_20,39,2023-06-05,4.0,4.0
growth_20,39,2023-06-12,3.0,3.0
growth_20,39,2023-06-19,3.0,2.0
growth_20,39,2023-06-26,2.0,1.0
growth_20,39,2023-07-03,2.0,2.0
growth_20,39,2023-07-10,4.0,1.0
growth_20,39,2023-07-17,3.0,3.0
growth_20,39,2023-07-24,2.0,2.0
growth_20,39,2023-07-31,2.0,1.0
growth_20,39,2023-08-07,,
growth_20,39,2023-08-14,,
growth_20,39,2023-08-21,,
growth_20,39,2023-08-28,8.0,
growth_20,39,2023-09-04,7.0,
growth_20,39,2023-09-11,6.0,
growth_20,39,2023-09-18,7.0,
growth_20,39,2023-09-25,7.0,
growth_20,39,2023-10-02,6.0,
growth_20,39,2023-10-09,6.0,
growth_20,39,2023-10-16,5.0,
growth_20,39,2023-10-23,4.0,
growth_20,39,2023-10-30,7.0,
growth_20,39,2023-11-06,,
growth_20,39,2023-11-13,,
growth_20,39,2023-11-20,,8.0
growth_20,39,2023-11-27,,
growth_20,39,2023-12-04,,
growth_20,39,2023-12-11,,
growth_20,39,2023-12-18,8.0,
growth_20,39,2023-12-25,7.0,
growth_20,39,2024-01-01,6.0,
growth_20,39,2024-01-08,5.0,
growth_20,39,2024-01-15,,
growth_20,39,2024-01-22,,
growth_20,39,2024-01-29,8.0,8.0
growth_20,39,2024-02-05,7.0,7.0
growth_20,39,2024-02-12,7.0,6.0
growth_20,39,2024-02-19,6.0,5.0
growth_20,39,2024-02-26,5.0,4.0
growth_20,39,2024-03-04,4.0,3.0
growth_20,39,2024-03-11,3.0,2.0
growth_20,39,2024-03-18,2.0,1.0
growth_20,39,2024-03-25,5.0,5.0
growth_20,39,2024-04-01,4.0,4.0
growth_20,39,2024-04-08,3.0,3.0
growth_20,39,2024-04-15,3.0,2.0
growth_20,39,2024-04-22,2.0,1.0
growth_20,39,2024-04-29,4.0,
growth_20,39,2024-05-06,,
growth_20,39,2024-05-13,,
growth_20,39,2024-05-20,,
growth_20,39,2024-05-27,,
growth_20,39,2024-06-03,8.0,
growth_20,39,2024-06-10,7.0,
growth_20,39,2024-06-17,7.0,
growth_20,39,2024-06-24,6.0,
growth_20,39,2024-07-01,5.0,
growth_20,39,2024-07-08,4.0,
growth_20,39,2024-07-15,6.0,
growth_20,39,2024-07-22,6.0,
growth_20,39,2024-07-29,6.0,
growth_20,39,2024-08-05,7.0,
growth_20,39,2024-08-12,6.0,
growth_20,39,2024-08-19,6.0,
growth_20,39,2024-08-26,6.0,
growth_20,39,2024-09-02,6.0,
growth_20,39,2024-09-09,,
growth_20,39,2024-09-16,,
growth_20,39,2024-09-23,,
growth_20,39,2024-10-07,,
growth_20,39,2024-10-14,,
growth_20,39,2024-10-21,8.0,
growth_20,39,2024-10-28,8.0,
growth_20,39,2024-11-04,7.0,
step_50,0,2023-01-30,,
step_50,0,2023-02-06,,
step_50,0,2023-02-13,,
step_50,0,2023-02-20,,
step_50,0,2023-02-27,,
step_50,0,2023-03-06,,
step_50,0,2023-03-13,,
step_50,0,2023-03-20,,
step_50,0,2023-03-27,,
step_50,0,2023-04-03,,
step_50,0,2023-04-10,,
step_50,0,2023-04-17,,
step_50,0,2023-04-24,,
step_50,0,2023-05-01,,
step_50,0,2023-05-08,,
step_50,0,2023-05-15,,
step_50,0,2023-05-22,,
step_50,0,2023-05-29,,
step_50,0,2023-06-05,,
step_50,0,2023-06-12,,
step_50,0,2023-06-19,,
step_50,0,2023-06-26,,
step_50,0,2023-07-03,,
step_50,0,2023-07-10,,
step_50,0,2023-07-17,,
step_50,0,2023-07-24,,
step_50,0,2023-07-31,,
step_50,0,2023-08-07,,
step_50,0,2023-08-14,,
step_50,0,2023-08-21,,
step_50,0,2023-08-28,,
step_50,0,2023-09-04,,
step_50,0,2023-09-11,,
step_50,0,2023-09-18,,
step_50,0,2023-09-25,,
step_50,0,2023-10-02,,
step_50,0,2023-10-09,,
step_50,0,2023-10-16,,
step_50,0,2023-10-23,,8.0
step_50,0,2023-10-30,,7.0
step_50,0,2023-11-06,6.0,6.0
step_50,0,2023-11-13,5.0,5.0
step_50,0,2023-11-20,4.0,4.0
step_50,0,2023-11-27,3.0,3.0
step_50,0,2023-12-04,2.0,2.0
step_50,0,2023-12-11,1.0,1.0
step_50,0,2023-12-18,,
step_50,0,2023-12-25,,
step_50,0,2024-01-01,,
step_50,0,2024-01-08,,
step_50,0,2024-01-15,,
step_50,0,2024-01-22,,8.0
step_50,0,2024-01-29,,7.0
step_50,0,2024-02-05,,6.0
step_50,0,2024-02-12,,5.0
step_50,0,2024-02-19,,4.0
step_50,0,2024-02-26,6.0,3.0
step_50,0,2024-03-04,3.0,2.0
step_50,0,2024-03-11,2.0,1.0
step_50,0,2024-03-18,,
step_50,0,2024-03-25,,
step_50,0,2024-04-01,,
step_50,0,2024-04-08,,
step_50,0,2024-04-15,,
step_50,0,2024-04-22,,
step_50,0,2024-04-29,,
step_50,0,2024-05-06,,
step_50,0,2024-05-13,,
step_50,0,2024-05-20,,
step_50,0,2024-05-27,,
step_50,0,2024-06-03,,
step_50,0,2024-06-10,,
step_50,0,2024-06-17,,1.0
step_50,0,2024-06-24,,
step_50,0,2024-07-01,,
step_50,0,2024-07-08,,
step_50,0,2024-07-15,,
step_50,0,2024-07-22,,1.0
step_50,0,2024-07-29,,
step_50,0,2024-08-05,,
step_50,0,2024-08-12,,
step_50,0,2024-08-19,,
step_50,0,2024-08-26,,
step_50,0,2024-09-02,,
step_50,0,2024-09-09,,
step_50,0,2024-09-16,,
step_50,0,2024-09-23,,
step_50,0,2024-10-07,,1.0
step_50,0,2024-10-14,,
step_50,0,2024-10-21,,
step_50,0,2024-10-28,,
step_50,0,2024-11-04,,
step_50,1,2023-01-30,,
step_50,1,2023-02-06,,
step_50,1,2023-02-13,,
step_50,1,2023-02-20,,1.0
step_50,1,2023-02-27,,
step_50,1,2023-03-06,,
step_50,1,2023-03-13,,
step_50,1,2023-03-20,8.0,8.0
step_50,1,2023-03-27,7.0,7.0
step_50,1,2023-04-03,6.0,6.0
step_50,1,2023-04-10,5.0,5.0
step_50,1,2023-04-17,3.0,4.0
step_50,1,2023-04-24,2.0,1.0
step_50,1,2023-05-01,2.0,1.0
step_50,1,2023-05-08,1.0,1.0
step_50,1,2023-05-15,,1.0
step_50,1,2023-05-22,,
step_50,1,2023-05-29,,
step_50,1,2023-06-05,,
step_50,1,2023-06-12,,
step_50,1,2023-06-19,,
step_50,1,2023-06-26,,
step_50,1,2023-07-03,,
step_50,1,2023-07-10,,
step_50,1,2023-07-17,,
step_50,1,2023-07-24,,
step_50,1,2023-07-31,,
step_50,1,2023-08-07,,
step_50,1,2023-08-14,,
step_50,1,2023-08-21,,
step_50,1,2023-08-28,,
step_50,1,2023-09-04,,
step_50,1,2023-09-11,,
step_50,1,2023-09-18,,
step_50,1,2023-09-25,,
step_50,1,2023-10-02,,
step_50,1,2023-10-09,,
step_50,1,2023-10-16,,
step_50,1,2023-10-23,,
step_50,1,2023-10-30,,
step_50,1,2023-11-06,,
step_50,1,2023-11-13,,
step_50,1,2023-11-20,,
step_50,1,2023-11-27,,
step_50,1,2023-12-04,,
step_50,1,2023-12-11,,
step_50,1,2023-12-18,,
step_50,1,2023-12-25,,
step_50,1,2024-01-01,,
step_50,1,2024-01-08,,
step_50,1,2024-01-15,,
step_50,1,2024-01-22,,
step_50,1,2024-01-29,,
step_50,1,2024-02-05,,
step_50,1,2024-02-12,,
step_50,1,2024-02-19,,
step_50,1,2024-02-26,,
step_50,1,2024-03-04,,
step_50,1,2024-03-11,,
step_50,1,2024-03-18,,
step_50,1,2024-03-25,,
step_50,1,2024-04-01,,
step_50,1,2024-04-08,,
step_50,1,2024-04-15,6.0,
step_50,1,2024-04-22,5.0,
step_50,1,2024-04-29,3.0,1.0
step_50,1,2024-05-06,3.0,
step_50,1,2024-05-13,,
step_50,1,2024-05-20,,
step_50,1,2024-05-27,,
step_50,1,2024-06-03,,
step_50,1,2024-06-10,,
step_50,1,2024-06-17,,
step_50,1,2024-06-24,,
step_50,1,2024-07-01,,
step_50,1,2024-07-08,,
step_50,1,2024-07-15,,
step_50,1,2024-07-22,,
step_50,1,2024-07-29,,
step_50,1,2024-08-05,,
step_50,1,2024-08-12,,
step_50,1,2024-08-19,,
step_50,1,2024-08-26,,
step_50,1,2024-09-02,,
step_50,1,2024-09-09,,
step_50,1,2024-09-16,,
step_50,1,2024-09-23,,
step_50,1,2024-10-07,,
step_50,1,2024-10-14,,
step_50,1,2024-10-21,,
step_50,1,2024-10-28,,
step_50,1,2024-11-04,,
step_50,2,2023-01-30,,
step_50,2,2023-02-06,,
step_50,2,2023-02-13,3.0,
step_50,2,2023-02-20,,2.0
step_50,2,2023-02-27,,1.0
step_50,2,2023-03-06,,
step_50,2,2023-03-13,,
step_50,2,2023-03-20,,
step_50,2,2023-03-27,,
step_50,2,2023-04-03,,
step_50,2,2023-04-10,,
step_50,2,2023-04-17,,1.0
step_50,2,2023-04-24,,
step_50,2,2023-05-01,,8.0
step_50,2,2023-05-08,8.0,7.0
step_50,2,2023-05-15,7.0,6.0
step_50,2,2023-05-22,5.0,5.0
step_50,2,2023-05-29,4.0,4.0
step_50,2,2023-06-05,3.0,1.0
step_50,2,2023-06-12,2.0,2.0
step_50,2,2023-06-19,1.0,1.0
step_50,2,2023-06-26,4.0,1.0
step_50,2,2023-07-03,3.0,
step_50,2,2023-07-10,2.0,1.0
step_50,2,2023-07-17,5.0,1.0
step_50,2,2023-07-24,,
step_50,2,2023-07-31,,
step_50,2,2023-08-07,,
step_50,2,2023-08-14,,
step_50,2,2023-08-21,,
step_50,2,2023-08-28,,
step_50,2,2023-09-04,,
step_50,2,2023-09-11,,
step_50,2,2023-09-18,,
step_50,2,2023-09-25,,
step_50,2,2023-10-02,,
step_50,2,2023-10-09,,
step_50,2,2023-10-16,,
step_50,2,2023-10-23,,
step_50,2,2023-10-30,,
step_50,2,2023-11-06,,
step_50,2,2023-11-13,,
step_50,2,2023-11-20,,
step_50,2,2023-11-27,,
step_50,2,2023-12-04,8.0,8.0
step_50,2,2023-12-11,7.0,7.0
step_50,2,2023-12-18,3.0,6.0
step_50,2,2023-12-25,2.0,2.0
step_50,2,2024-01-01,4.0,1.0
step_50,2,2024-01-08,3.0,3.0
step_50,2,2024-01-15,2.0,1.0
step_50,2,2024-01-22,1.0,1.0
step_50,2,2024-01-29,,
step_50,2,2024-02-05,,
step_50,2,2024-02-12,,
step_50,2,2024-02-19,,
step_50,2,2024-02-26,,
step_50,2,2024-03-04,,
step_50,2,2024-03-11,,
step_50,2,2024-03-18,,
step_50,2,2024-03-25,,
step_50,2,2024-04-01,,
step_50,2,2024-04-08,,
step_50,2,2024-04-15,3.0,
step_50,2,2024-04-22,,1.0
step_50,2,2024-04-29,,1.0
step_50,2,2024-05-06,,
step_50,2,2024-05-13,,
step_50,2,2024-05-20,,
step_50,2,2024-05-27,,
step_50,2,2024-06-03,,
step_50,2,2024-06-10,,
step_50,2,2024-06-17,,
step_50,2,2024-06-24,,
step_50,2,2024-07-01,4.0,
step_50,2,2024-07-08,2.0,1.0
step_50,2,2024-07-15,4.0,1.0
step_50,2,2024-07-22,,
step_50,2,2024-07-29,,
step_50,2,2024-08-05,,
step_50,2,2024-08-12,,
step_50,2,2024-08-19,,
step_50,2,2024-08-26,,
step_50,2,2024-09-02,,
step_50,2,2024-09-09,,
step_50,2,2024-09-16,,
step_50,2,2024-09-23,,
step_50,2,2024-10-07,,
step_50,2,2024-10-14,,
step_50,2,2024-10-21,,
step_50,2,2024-10-28,,
step_50,2,2024-11-04,,
step_50,3,2023-01-30,4.0,
step_50,3,2023-02-06,3.0,2.0
step_50,3,2023-02-13,1.0,1.0
step_50,3,2023-02-20,1.0,1.0
step_50,3,2023-02-27,,
step_50,3,2023-03-06,,
step_50,3,2023-03-13,,
step_50,3,2023-03-20,,6.0
step_50,3,2023-03-27,5.0,1.0
step_50,3,2023-04-03,4.0,4.0
step_50,3,2023-04-10,3.0,3.0
step_50,3,2023-04-17,2.0,1.0
step_50,3,2023-04-24,1.0,1.0
step_50,3,2023-05-01,5.0,5.0
step_50,3,2023-05-08,4.0,1.0
step_50,3,2023-05-15,3.0,3.0
step_50,3,2023-05-22,2.0,2.0
step_50,3,2023-05-29,1.0,1.0
step_50,3,2023-06-05,,7.0
step_50,3,2023-06-12,,1.0
step_50,3,2023-06-19,,5.0
step_50,3,2023-06-26,4.0,4.0
step_50,3,2023-07-03,3.0,3.0
step_50,3,2023-07-10,2.0,2.0
step_50,3,2023-07-17,1.0,1.0
step_50,3,2023-07-24,,
step_50,3,2023-07-31,,
step_50,3,2023-08-07,3.0,1.0
step_50,3,2023-08-14,,
step_50,3,2023-08-21,,1.0
step_50,3,2023-08-28,,
step_50,3,2023-09-04,,1.0
step_50,3,2023-09-11,,
step_50,3,2023-09-18,,1.0
step_50,3,2023-09-25,,
step_50,3,2023-10-02,,
step_50,3,2023-10-09,,
step_50,3,2023-10-16,7.0,
step_50,3,2023-10-23,6.0,1.0
step_50,3,2023-10-30,5.0,
step_50,3,2023-11-06,4.0,4.0
step_50,3,2023-11-13,2.0,1.0
step_50,3,2023-11-20,2.0,1.0
step_50,3,2023-11-27,1.0,1.0
step_50,3,2023-12-04,,
step_50,3,2023-12-11,,1.0
step_50,3,2023-12-18,,
step_50,3,2023-12-25,,
step_50,3,2024-01-01,,
step_50,3,2024-01-08,7.0,1.0
step_50,3,2024-01-15,6.0,
step_50,3,2024-01-22,4.0,1.0
step_50,3,2024-01-29,4.0,
step_50,3,2024-02-05,2.0,1.0
step_50,3,2024-02-12,2.0,1.0
step_50,3,2024-02-19,1.0,1.0
step_50,3,2024-02-26,,1.0
step_50,3,2024-03-04,,
step_50,3,2024-03-11,5.0,1.0
step_50,3,2024-03-18,,
step_50,3,2024-03-25,2.0,2.0
step_50,3,2024-04-01,2.0,1.0
step_50,3,2024-04-08,2.0,1.0
step_50,3,2024-04-15,,1.0
step_50,3,2024-04-22,,
step_50,3,2024-04-29,,
step_50,3,2024-05-06,,
step_50,3,2024-05-13,,
step_50,3,2024-05-20,,
step_50,3,2024-05-27,,
step_50,3,2024-06-03,,1.0
step_50,3,2024-06-10,,
step_50,3,2024-06-17,,1.0
step_50,3,2024-06-24,,
step_50,3,2024-07-01,4.0,
step_50,3,2024-07-08,3.0,1.0
step_50,3,2024-07-15,2.0,
step_50,3,2024-07-22,2.0,1.0
step_50,3,2024-07-29,3.0,
step_50,3,2024-08-05,2.0,1.0
step_50,3,2024-08-12,2.0,1.0
step_50,3,2024-08-19,1.0,1.0
step_50,3,2024-08-26,3.0,1.0
step_50,3,2024-09-02,3.0,
step_50,3,2024-09-09,2.0,1.0
step_50,3,2024-09-16,2.0,1.0
step_50,3,2024-09-23,2.0,1.0
step_50,3,2024-10-07,2.0,1.0
step_50,3,2024-10-14,,
step_50,3,2024-10-21,,
step_50,3,2024-10-28,,1.0
step_50,3,2024-11-04,,1.0
step_50,4,2023-01-30,3.0,
step_50,4,2023-02-06,2.0,1.0
step_50,4,2023-02-13,2.0,1.0
step_50,4,2023-02-20,5.0,
step_50,4,2023-02-27,,
step_50,4,2023-03-06,,2.0
step_50,4,2023-03-13,2.0,1.0
step_50,4,2023-03-20,,1.0
step_50,4,2023-03-27,,
step_50,4,2023-04-03,,
step_50,4,2023-04-10,,
step_50,4,2023-04-17,,
step_50,4,2023-04-24,,2.0
step_50,4,2023-05-01,,1.0
step_50,4,2023-05-08,,
step_50,4,2023-05-15,,
step_50,4,2023-05-22,,
step_50,4,2023-05-29,,
step_50,4,2023-06-05,,
step_50,4,2023-06-12,,
step_50,4,2023-06-19,,
step_50,4,2023-06-26,,
step_50,4,2023-07-03,,
step_50,4,2023-07-10,,
step_50,4,2023-07-17,3.0,
step_50,4,2023-07-24,3.0,
step_50,4,2023-07-31,,1.0
step_50,4,2023-08-07,,
step_50,4,2023-08-14,,
step_50,4,2023-08-21,,
step_50,4,2023-08-28,,
step_50,4,2023-09-04,,
step_50,4,2023-09-11,,
step_50,4,2023-09-18,,1.0
step_50,4,2023-09-25,,
step_50,4,2023-10-02,,
step_50,4,2023-10-09,,
step_50,4,2023-10-16,,
step_50,4,2023-10-23,,
step_50,4,2023-10-30,,
step_50,4,2023-11-06,,
step_50,4,2023-11-13,,
step_50,4,2023-11-20,,
step_50,4,2023-11-27,,
step_50,4,2023-12-04,,
step_50,4,2023-12-11,,
step_50,4,2023-12-18,,
step_50,4,2023-12-25,,
step_50,4,2024-01-01,,
step_50,4,2024-01-08,,
step_50,4,2024-01-15,8.0,
step_50,4,2024-01-22,7.0,1.0
step_50,4,2024-01-29,6.0,7.0
step_50,4,2024-02-05,4.0,3.0
step_50,4,2024-02-12,3.0,2.0
step_50,4,2024-02-19,2.0,1.0
step_50,4,2024-02-26,2.0,1.0
step_50,4,2024-03-04,2.0,1.0
step_50,4,2024-03-11,1.0,1.0
step_50,4,2024-03-18,3.0,1.0
step_50,4,2024-03-25,,
step_50,4,2024-04-01,,1.0
step_50,4,2024-04-08,,
step_50,4,2024-04-15,,
step_50,4,2024-04-22,,
step_50,4,2024-04-29,,
step_50,4,2024-05-06,,
step_50,4,2024-05-13,,
step_50,4,2024-05-20,,
step_50,4,2024-05-27,,
step_50,4,2024-06-03,,
step_50,4,2024-06-10,,
step_50,4,2024-06-17,,1.0
step_50,4,2024-06-24,,
step_50,4,2024-07-01,,
step_50,4,2024-07-08,,
step_50,4,2024-07-15,5.0,
step_50,4,2024-07-22,4.0,1.0
step_50,4,2024-07-29,3.0,
step_50,4,2024-08-05,,
step_50,4,2024-08-12,,1.0
step_50,4,2024-08-19,,
step_50,4,2024-08-26,,
step_50,4,2024-09-02,,
step_50,4,2024-09-09,,
step_50,4,2024-09-16,,
step_50,4,2024-09-23,,
step_50,4,2024-10-07,,
step_50,4,2024-10-14,,
step_50,4,2024-10-21,,
step_50,4,2024-10-28,,2.0
step_50,4,2024-11-04,,1.0
step_50,5,2023-01-30,,
step_50,5,2023-02-06,,
step_50,5,2023-02-13,8.0,8.0
step_50,5,2023-02-20,7.0,7.0
step_50,5,2023-02-27,6.0,6.0
step_50,5,2023-03-06,5.0,5.0
step_50,5,2023-03-13,4.0,4.0
step_50,5,2023-03-20,3.0,3.0
step_50,5,2023-03-27,2.0,2.0
step_50,5,2023-04-03,2.0,1.0
step_50,5,2023-04-10,2.0,2.0
step_50,5,2023-04-17,1.0,1.0
step_50,5,2023-04-24,3.0,3.0
step_50,5,2023-05-01,2.0,2.0
step_50,5,2023-05-08,1.0,1.0
step_50,5,2023-05-15,2.0,2.0
step_50,5,2023-05-22,1.0,1.0
step_50,5,2023-05-29,,
step_50,5,2023-06-05,,
step_50,5,2023-06-12,,
step_50,5,2023-06-19,,
step_50,5,2023-06-26,,
step_50,5,2023-07-03,,
step_50,5,2023-07-10,,
step_50,5,2023-07-17,,
step_50,5,2023-07-24,,
step_50,5,2023-07-31,,
step_50,5,2023-08-07,,
step_50,5,2023-08-14,,
step_50,5,2023-08-21,,
step_50,5,2023-08-28,,
step_50,5,2023-09-04,,
step_50,5,2023-09-11,,
step_50,5,2023-09-18,,
step_50,5,2023-09-25,,
step_50,5,2023-10-02,,
step_50,5,2023-10-09,,
step_50,5,2023-10-16,,
step_50,5,2023-10-23,,
step_50,5,2023-10-30,,
step_50,5,2023-11-06,,
step_50,5,2023-11-13,,1.0
step_50,5,2023-11-20,,
step_50,5,2023-11-27,,
step_50,5,2023-12-04,,
step_50,5,2023-12-11,,
step_50,5,2023-12-18,,
step_50,5,2023-12-25,,
step_50,5,2024-01-01,,
step_50,5,2024-01-08,,
step_50,5,2024-01-15,,
step_50,5,2024-01-22,,
step_50,5,2024-01-29,,
step_50,5,2024-02-05,,
step_50,5,2024-02-12,,
step_50,5,2024-02-19,,
step_50,5,2024-02-26,,
step_50,5,2024-03-04,,
step_50,5,2024-03-11,,
step_50,5,2024-03-18,,
step_50,5,2024-03-25,,
step_50,5,2024-04-01,,
step_50,5,2024-04-08,,
step_50,5,2024-04-15,,
step_50,5,2024-04-22,,
step_50,5,2024-04-29,,
step_50,5,2024-05-06,,
step_50,5,2024-05-13,,
step_50,5,2024-05-20,,
step_50,5,2024-05-27,,
step_50,5,2024-06-03,,
step_50,5,2024-06-10,,
step_50,5,2024-06-17,,
step_50,5,2024-06-24,,
step_50,5,2024-07-01,,
step_50,5,2024-07-08,,
step_50,5,2024-07-15,,
step_50,5,2024-07-22,,
step_50,5,2024-07-29,,
step_50,5,2024-08-05,,
step_50,5,2024-08-12,,
step_50,5,2024-08-19,,
step_50,5,2024-08-26,,1.0
step_50,5,2024-09-02,,
step_50,5,2024-09-09,,
step_50,5,2024-09-16,,
step_50,5,2024-09-23,,
step_50,5,2024-10-07,,
step_50,5,2024-10-14,,
step_50,5,2024-10-21,,
step_50,5,2024-10-28,,
step_50,5,2024-11-04,,
step_50,6,2023-01-30,,
step_50,6,2023-02-06,,
step_50,6,2023-02-13,,
step_50,6,2023-02-20,,
step_50,6,2023-02-27,8.0,8.0
step_50,6,2023-03-06,7.0,7.0
step_50,6,2023-03-13,3.0,6.0
step_50,6,2023-03-20,2.0,1.0
step_50,6,2023-03-27,4.0,1.0
step_50,6,2023-04-03,3.0,3.0
step_50,6,2023-04-10,2.0,1.0
step_50,6,2023-04-17,1.0,1.0
step_50,6,2023-04-24,,
step_50,6,2023-05-01,4.0,2.0
step_50,6,2023-05-08,1.0,1.0
step_50,6,2023-05-15,2.0,1.0
step_50,6,2023-05-22,,1.0
step_50,6,2023-05-29,,
step_50,6,2023-06-05,,
step_50,6,2023-06-12,,
step_50,6,2023-06-19,,
step_50,6,2023-06-26,,1.0
step_50,6,2023-07-03,,
step_50,6,2023-07-10,,
step_50,6,2023-07-17,,1.0
step_50,6,2023-07-24,,
step_50,6,2023-07-31,,
step_50,6,2023-08-07,,
step_50,6,2023-08-14,,
step_50,6,2023-08-21,,1.0
step_50,6,2023-08-28,,
step_50,6,2023-09-04,,
step_50,6,2023-09-11,,1.0
step_50,6,2023-09-18,,
step_50,6,2023-09-25,,
step_50,6,2023-10-02,,
step_50,6,2023-10-09,,1.0
step_50,6,2023-10-16,,1.0
step_50,6,2023-10-23,,
step_50,6,2023-10-30,,
step_50,6,2023-11-06,,
step_50,6,2023-11-13,,1.0
step_50,6,2023-11-20,,
step_50,6,2023-11-27,,
step_50,6,2023-12-04,,
step_50,6,2023-12-11,,
step_50,6,2023-12-18,,
step_50,6,2023-12-25,,
step_50,6,2024-01-01,,
step_50,6,2024-01-08,,1.0
step_50,6,2024-01-15,,
step_50,6,2024-01-22,,
step_50,6,2024-01-29,4.0,
step_50,6,2024-02-05,2.0,1.0
step_50,6,2024-02-12,2.0,1.0
step_50,6,2024-02-19,,1.0
step_50,6,2024-02-26,,
step_50,6,2024-03-04,,
step_50,6,2024-03-11,,
step_50,6,2024-03-18,,
step_50,6,2024-03-25,,1.0
step_50,6,2024-04-01,,
step_50,6,2024-04-08,,
step_50,6,2024-04-15,3.0,
step_50,6,2024-04-22,6.0,1.0
step_50,6,2024-04-29,,
step_50,6,2024-05-06,4.0,
step_50,6,2024-05-13,3.0,
step_50,6,2024-05-20,2.0,1.0
step_50,6,2024-05-27,,1.0
step_50,6,2024-06-03,,
step_50,6,2024-06-10,,1.0
step_50,6,2024-06-17,,
step_50,6,2024-06-24,,
step_50,6,2024-07-01,,1.0
step_50,6,2024-07-08,,
step_50,6,2024-07-15,,
step_50,6,2024-07-22,8.0,8.0
step_50,6,2024-07-29,7.0,2.0
step_50,6,2024-08-05,1.0,1.0
step_50,6,2024-08-12,5.0,5.0
step_50,6,2024-08-19,2.0,1.0
step_50,6,2024-08-26,3.0,1.0
step_50,6,2024-09-02,2.0,2.0
step_50,6,2024-09-09,1.0,1.0
step_50,6,2024-09-16,,
step_50,6,2024-09-23,,
step_50,6,2024-10-07,,
step_50,6,2024-10-14,,
step_50,6,2024-10-21,,
step_50,6,2024-10-28,,4.0
step_50,6,2024-11-04,,3.0
step_50,7,2023-01-30,8.0,8.0
step_50,7,2023-02-06,7.0,2.0
step_50,7,2023-02-13,6.0,1.0
step_50,7,2023-02-20,5.0,5.0
step_50,7,2023-02-27,4.0,4.0
step_50,7,2023-03-06,3.0,3.0
step_50,7,2023-03-13,2.0,2.0
step_50,7,2023-03-20,1.0,1.0
step_50,7,2023-03-27,1.0,1.0
step_50,7,2023-04-03,1.0,1.0
step_50,7,2023-04-10,,
step_50,7,2023-04-17,,1.0
step_50,7,2023-04-24,,
step_50,7,2023-05-01,,
step_50,7,2023-05-08,,
step_50,7,2023-05-15,,
step_50,7,2023-05-22,,
step_50,7,2023-05-29,,1.0
step_50,7,2023-06-05,,
step_50,7,2023-06-12,,
step_50,7,2023-06-19,,
step_50,7,2023-06-26,,
step_50,7,2023-07-03,,
step_50,7,2023-07-10,,
step_50,7,2023-07-17,,
step_50,7,2023-07-24,,
step_50,7,2023-07-31,,
step_50,7,2023-08-07,,
step_50,7,2023-08-14,,
step_50,7,2023-08-21,4.0,
step_50,7,2023-08-28,3.0,1.0
step_50,7,2023-09-04,,
step_50,7,2023-09-11,,1.0
step_50,7,2023-09-18,,
step_50,7,2023-09-25,,
step_50,7,2023-10-02,,
step_50,7,2023-10-09,,
step_50,7,2023-10-16,,
step_50,7,2023-10-23,,
step_50,7,2023-10-30,,
step_50,7,2023-11-06,,
step_50,7,2023-11-13,,
step_50,7,2023-11-20,,
step_50,7,2023-11-27,,
step_50,7,2023-12-04,,
step_50,7,2023-12-11,,
step_50,7,2023-12-18,,
step_50,7,2023-12-25,,
step_50,7,2024-01-01,,
step_50,7,2024-01-08,,
step_50,7,2024-01-15,,
step_50,7,2024-01-22,,
step_50,7,2024-01-29,,
step_50,7,2024-02-05,,
step_50,7,2024-02-12,,
step_50,7,2024-02-19,,
step_50,7,2024-02-26,,
step_50,7,2024-03-04,,
step_50,7,2024-03-11,,
step_50,7,2024-03-18,,
step_50,7,2024-03-25,,1.0
step_50,7,2024-04-01,,
step_50,7,2024-04-08,,
step_50,7,2024-04-15,,
step_50,7,2024-04-22,,
step_50,7,2024-04-29,,
step_50,7,2024-05-06,,
step_50,7,2024-05-13,,
step_50,7,2024-05-20,,
step_50,7,2024-05-27,,1.0
step_50,7,2024-06-03,,
step_50,7,2024-06-10,,
step_50,7,2024-06-17,,
step_50,7,2024-06-24,,
step_50,7,2024-07-01,,
step_50,7,2024-07-08,,
step_50,7,2024-07-15,,
step_50,7,2024-07-22,,
step_50,7,2024-07-29,,
step_50,7,2024-08-05,,
step_50,7,2024-08-12,,
step_50,7,2024-08-19,,
step_50,7,2024-08-26,,
step_50,7,2024-09-02,,
step_50,7,2024-09-09,,
step_50,7,2024-09-16,,
step_50,7,2024-09-23,,
step_50,7,2024-10-07,2.0,1.0
step_50,7,2024-10-14,,
step_50,7,2024-10-21,,
step_50,7,2024-10-28,,
step_50,7,2024-11-04,,
step_50,8,2023-01-30,,1.0
step_50,8,2023-02-06,,
step_50,8,2023-02-13,,1.0
step_50,8,2023-02-20,,1.0
step_50,8,2023-02-27,,1.0
step_50,8,2023-03-06,3.0,1.0
step_50,8,2023-03-13,2.0,1.0
step_50,8,2023-03-20,1.0,1.0
step_50,8,2023-03-27,1.0,1.0
step_50,8,2023-04-03,2.0,
step_50,8,2023-04-10,1.0,1.0
step_50,8,2023-04-17,2.0,1.0
step_50,8,2023-04-24,1.0,1.0
step_50,8,2023-05-01,1.0,1.0
step_50,8,2023-05-08,2.0,1.0
step_50,8,2023-05-15,1.0,1.0
step_50,8,2023-05-22,2.0,2.0
step_50,8,2023-05-29,1.0,1.0
step_50,8,2023-06-05,1.0,1.0
step_50,8,2023-06-12,1.0,1.0
step_50,8,2023-06-19,1.0,1.0
step_50,8,2023-06-26,1.0,1.0
step_50,8,2023-07-03,1.0,1.0
step_50,8,2023-07-10,1.0,1.0
step_50,8,2023-07-17,2.0,1.0
step_50,8,2023-07-24,2.0,1.0
step_50,8,2023-07-31,1.0,1.0
step_50,8,2023-08-07,2.0,1.0
step_50,8,2023-08-14,2.0,1.0
step_50,8,2023-08-21,2.0,1.0
step_50,8,2023-08-28,1.0,1.0
step_50,8,2023-09-04,1.0,1.0
step_50,8,2023-09-11,1.0,1.0
step_50,8,2023-09-18,1.0,1.0
step_50,8,2023-09-25,2.0,1.0
step_50,8,2023-10-02,1.0,1.0
step_50,8,2023-10-09,1.0,1.0
step_50,8,2023-10-16,1.0,1.0
step_50,8,2023-10-23,1.0,1.0
step_50,8,2023-10-30,1.0,1.0
step_50,8,2023-11-06,2.0,1.0
step_50,8,2023-11-13,1.0,1.0
step_50,8,2023-11-20,2.0,1.0
step_50,8,2023-11-27,1.0,1.0
step_50,8,2023-12-04,1.0,1.0
step_50,8,2023-12-11,2.0,1.0
step_50,8,2023-12-18,2.0,1.0
step_50,8,2023-12-25,1.0,1.0
step_50,8,2024-01-01,1.0,1.0
step_50,8,2024-01-08,3.0,
step_50,8,2024-01-15,2.0,1.0
step_50,8,2024-01-22,1.0,1.0
step_50,8,2024-01-29,1.0,1.0
step_50,8,2024-02-05,,
step_50,8,2024-02-12,3.0,1.0
step_50,8,2024-02-19,2.0,1.0
step_50,8,2024-02-26,1.0,1.0
step_50,8,2024-03-04,,1.0
step_50,8,2024-03-11,3.0,1.0
step_50,8,2024-03-18,2.0,1.0
step_50,8,2024-03-25,1.0,1.0
step_50,8,2024-04-01,1.0,1.0
step_50,8,2024-04-08,1.0,1.0
step_50,8,2024-04-15,2.0,1.0
step_50,8,2024-04-22,2.0,1.0
step_50,8,2024-04-29,1.0,1.0
step_50,8,2024-05-06,1.0,1.0
step_50,8,2024-05-13,1.0,1.0
step_50,8,2024-05-20,1.0,1.0
step_50,8,2024-05-27,1.0,1.0
step_50,8,2024-06-03,1.0,1.0
step_50,8,2024-06-10,1.0,1.0
step_50,8,2024-06-17,1.0,1.0
step_50,8,2024-06-24,1.0,1.0
step_50,8,2024-07-01,2.0,1.0
step_50,8,2024-07-08,1.0,1.0
step_50,8,2024-07-15,,
step_50,8,2024-07-22,1.0,1.0
step_50,8,2024-07-29,1.0,1.0
step_50,8,2024-08-05,1.0,1.0
step_50,8,2024-08-12,1.0,1.0
step_50,8,2024-08-19,2.0,1.0
step_50,8,2024-08-26,2.0,1.0
step_50,8,2024-09-02,2.0,1.0
step_50,8,2024-09-09,1.0,1.0
step_50,8,2024-09-16,1.0,1.0
step_50,8,2024-09-23,1.0,1.0
step_50,8,2024-10-07,1.0,1.0
step_50,8,2024-10-14,1.0,1.0
step_50,8,2024-10-21,1.0,1.0
step_50,8,2024-10-28,1.0,1.0
step_50,8,2024-11-04,1.0,1.0
step_50,9,2023-01-30,,
step_50,9,2023-02-06,,
step_50,9,2023-02-13,,
step_50,9,2023-02-20,,
step_50,9,2023-02-27,,
step_50,9,2023-03-06,,
step_50,9,2023-03-13,,
step_50,9,2023-03-20,,8.0
step_50,9,2023-03-27,,7.0
step_50,9,2023-04-03,,6.0
step_50,9,2023-04-10,,5.0
step_50,9,2023-04-17,,4.0
step_50,9,2023-04-24,,3.0
step_50,9,2023-05-01,,2.0
step_50,9,2023-05-08,,1.0
step_50,9,2023-05-15,,2.0
step_50,9,2023-05-22,,1.0
step_50,9,2023-05-29,,
step_50,9,2023-06-05,,
step_50,9,2023-06-12,,
step_50,9,2023-06-19,,
step_50,9,2023-06-26,,
step_50,9,2023-07-03,,
step_50,9,2023-07-10,,
step_50,9,2023-07-17,,
step_50,9,2023-07-24,,
step_50,9,2023-07-31,,
step_50,9,2023-08-07,,
step_50,9,2023-08-14,,
step_50,9,2023-08-21,,
step_50,9,2023-08-28,,
step_50,9,2023-09-04,,
step_50,9,2023-09-11,,
step_50,9,2023-09-18,,
step_50,9,2023-09-25,,
step_50,9,2023-10-02,,
step_50,9,2023-10-09,,
step_50,9,2023-10-16,,
step_50,9,2023-10-23,,
step_50,9,2023-10-30,,
step_50,9,2023-11-06,,
step_50,9,2023-11-13,,
step_50,9,2023-11-20,,
step_50,9,2023-11-27,,
step_50,9,2023-12-04,,
step_50,9,2023-12-11,,
step_50,9,2023-12-18,,
step_50,9,2023-12-25,,
step_50,9,2024-01-01,,
step_50,9,2024-01-08,,
step_50,9,2024-01-15,,
step_50,9,2024-01-22,,
step_50,9,2024-01-29,,
step_50,9,2024-02-05,,
step_50,9,2024-02-12,,
step_50,9,2024-02-19,,
step_50,9,2024-02-26,,
step_50,9,2024-03-04,4.0,
step_50,9,2024-03-11,3.0,
step_50,9,2024-03-18,,
step_50,9,2024-03-25,,
step_50,9,2024-04-01,,
step_50,9,2024-04-08,,
step_50,9,2024-04-15,,
step_50,9,2024-04-22,,
step_50,9,2024-04-29,,1.0
step_50,9,2024-05-06,,
step_50,9,2024-05-13,,
step_50,9,2024-05-20,,
step_50,9,2024-05-27,,
step_50,9,2024-06-03,,
step_50,9,2024-06-10,,8.0
step_50,9,2024-06-17,,7.0
step_50,9,2024-06-24,,6.0
step_50,9,2024-07-01,,5.0
step_50,9,2024-07-08,,4.0
step_50,9,2024-07-15,,3.0
step_50,9,2024-07-22,,2.0
step_50,9,2024-07-29,1.0,1.0
step_50,9,2024-08-05,,
step_50,9,2024-08-12,,
step_50,9,2024-08-19,,
step_50,9,2024-08-26,,
step_50,9,2024-09-02,,
step_50,9,2024-09-09,,
step_50,9,2024-09-16,,
step_50,9,2024-09-23,,
step_50,9,2024-10-07,,
step_50,9,2024-10-14,,
step_50,9,2024-10-21,,
step_50,9,2024-10-28,,
step_50,9,2024-11-04,,
step_50,10,2023-01-30,3.0,2.0
step_50,10,2023-02-06,1.0,1.0
step_50,10,2023-02-13,,1.0
step_50,10,2023-02-20,,
step_50,10,2023-02-27,,
step_50,10,2023-03-06,5.0,
step_50,10,2023-03-13,4.0,
step_50,10,2023-03-20,3.0,
step_50,10,2023-03-27,2.0,1.0
step_50,10,2023-04-03,,1.0
step_50,10,2023-04-10,,
step_50,10,2023-04-17,,
step_50,10,2023-04-24,,
step_50,10,2023-05-01,,
step_50,10,2023-05-08,,1.0
step_50,10,2023-05-15,,
step_50,10,2023-05-22,,
step_50,10,2023-05-29,,
step_50,10,2023-06-05,8.0,
step_50,10,2023-06-12,6.0,
step_50,10,2023-06-19,6.0,2.0
step_50,10,2023-06-26,3.0,1.0
step_50,10,2023-07-03,,
step_50,10,2023-07-10,,
step_50,10,2023-07-17,,
step_50,10,2023-07-24,,1.0
step_50,10,2023-07-31,,
step_50,10,2023-08-07,2.0,1.0
step_50,10,2023-08-14,,1.0
step_50,10,2023-08-21,,
step_50,10,2023-08-28,,
step_50,10,2023-09-04,,
step_50,10,2023-09-11,4.0,
step_50,10,2023-09-18,3.0,1.0
step_50,10,2023-09-25,,
step_50,10,2023-10-02,,1.0
step_50,10,2023-10-09,,
step_50,10,2023-10-16,,
step_50,10,2023-10-23,,
step_50,10,2023-10-30,,
step_50,10,2023-11-06,,1.0
step_50,10,2023-11-13,,
step_50,10,2023-11-20,,
step_50,10,2023-11-27,,
step_50,10,2023-12-04,3.0,1.0
step_50,10,2023-12-11,,
step_50,10,2023-12-18,,
step_50,10,2023-12-25,,
step_50,10,2024-01-01,,
step_50,10,2024-01-08,,
step_50,10,2024-01-15,,
step_50,10,2024-01-22,,
step_50,10,2024-01-29,,
step_50,10,2024-02-05,,
step_50,10,2024-02-12,,
step_50,10,2024-02-19,,
step_50,10,2024-02-26,,
step_50,10,2024-03-04,,
step_50,10,2024-03-11,,
step_50,10,2024-03-18,,
step_50,10,2024-03-25,,
step_50,10,2024-04-01,,
step_50,10,2024-04-08,,
step_50,10,2024-04-15,,
step_50,10,2024-04-22,,1.0
step_50,10,2024-04-29,,
step_50,10,2024-05-06,,
step_50,10,2024-05-13,,
step_50,10,2024-05-20,,
step_50,10,2024-05-27,,
step_50,10,2024-06-03,,
step_50,10,2024-06-10,,
step_50,10,2024-06-17,,
step_50,10,2024-06-24,,
step_50,10,2024-07-01,,
step_50,10,2024-07-08,,
step_50,10,2024-07-15,,1.0
step_50,10,2024-07-22,,
step_50,10,2024-07-29,,
step_50,10,2024-08-05,,
step_50,10,2024-08-12,,4.0
step_50,10,2024-08-19,5.0,3.0
step_50,10,2024-08-26,4.0,2.0
step_50,10,2024-09-02,2.0,1.0
step_50,10,2024-09-09,,
step_50,10,2024-09-16,,
step_50,10,2024-09-23,8.0,
step_50,10,2024-10-07,7.0,
step_50,10,2024-10-14,4.0,1.0
step_50,10,2024-10-21,5.0,1.0
step_50,10,2024-10-28,4.0,
step_50,10,2024-11-04,3.0,3.0
step_50,11,2023-01-30,2.0,1.0
step_50,11,2023-02-06,1.0,1.0
step_50,11,2023-02-13,1.0,1.0
step_50,11,2023-02-20,1.0,1.0
step_50,11,2023-02-27,1.0,1.0
step_50,11,2023-03-06,2.0,1.0
step_50,11,2023-03-13,1.0,1.0
step_50,11,2023-03-20,1.0,1.0
step_50,11,2023-03-27,1.0,1.0
step_50,11,2023-04-03,,1.0
step_50,11,2023-04-10,,
step_50,11,2023-04-17,2.0,1.0
step_50,11,2023-04-24,2.0,1.0
step_50,11,2023-05-01,,1.0
step_50,11,2023-05-08,,
step_50,11,2023-05-15,2.0,1.0
step_50,11,2023-05-22,,1.0
step_50,11,2023-05-29,2.0,
step_50,11,2023-06-05,1.0,1.0
step_50,11,2023-06-12,2.0,1.0
step_50,11,2023-06-19,1.0,1.0
step_50,11,2023-06-26,2.0,2.0
step_50,11,2023-07-03,1.0,1.0
step_50,11,2023-07-10,8.0,1.0
step_50,11,2023-07-17,4.0,
step_50,11,2023-07-24,2.0,1.0
step_50,11,2023-07-31,2.0,1.0
step_50,11,2023-08-07,1.0,1.0
step_50,11,2023-08-14,2.0,1.0
step_50,11,2023-08-21,1.0,1.0
step_50,11,2023-08-28,1.0,1.0
step_50,11,2023-09-04,2.0,2.0
step_50,11,2023-09-11,1.0,1.0
step_50,11,2023-09-18,2.0,1.0
step_50,11,2023-09-25,1.0,1.0
step_50,11,2023-10-02,1.0,1.0
step_50,11,2023-10-09,4.0,
step_50,11,2023-10-16,2.0,1.0
step_50,11,2023-10-23,2.0,1.0
step_50,11,2023-10-30,1.0,1.0
step_50,11,2023-11-06,1.0,1.0
step_50,11,2023-11-13,1.0,1.0
step_50,11,2023-11-20,1.0,1.0
step_50,11,2023-11-27,,1.0
step_50,11,2023-12-04,,1.0
step_50,11,2023-12-11,3.0,
step_50,11,2023-12-18,2.0,1.0
step_50,11,2023-12-25,1.0,1.0
step_50,11,2024-01-01,3.0,
step_50,11,2024-01-08,2.0,1.0
step_50,11,2024-01-15,1.0,1.0
step_50,11,2024-01-22,2.0,1.0
step_50,11,2024-01-29,1.0,1.0
step_50,11,2024-02-05,2.0,1.0
step_50,11,2024-02-12,2.0,1.0
step_50,11,2024-02-19,2.0,1.0
step_50,11,2024-02-26,1.0,1.0
step_50,11,2024-03-04,,1.0
step_50,11,2024-03-11,,1.0
step_50,11,2024-03-18,,1.0
step_50,11,2024-03-25,,
step_50,11,2024-04-01,,1.0
step_50,11,2024-04-08,3.0,1.0
step_50,11,2024-04-15,2.0,1.0
step_50,11,2024-04-22,1.0,1.0
step_50,11,2024-04-29,2.0,1.0
step_50,11,2024-05-06,2.0,1.0
step_50,11,2024-05-13,3.0,1.0
step_50,11,2024-05-20,2.0,1.0
step_50,11,2024-05-27,2.0,1.0
step_50,11,2024-06-03,2.0,1.0
step_50,11,2024-06-10,1.0,1.0
step_50,11,2024-06-17,1.0,1.0
step_50,11,2024-06-24,2.0,1.0
step_50,11,2024-07-01,1.0,1.0
step_50,11,2024-07-08,1.0,1.0
step_50,11,2024-07-15,2.0,1.0
step_50,11,2024-07-22,2.0,1.0
step_50,11,2024-07-29,1.0,1.0
step_50,11,2024-08-05,2.0,1.0
step_50,11,2024-08-12,2.0,1.0
step_50,11,2024-08-19,2.0,1.0
step_50,11,2024-08-26,1.0,1.0
step_50,11,2024-09-02,1.0,1.0
step_50,11,2024-09-09,,1.0
step_50,11,2024-09-16,2.0,
step_50,11,2024-09-23,1.0,1.0
step_50,11,2024-10-07,2.0,2.0
step_50,11,2024-10-14,1.0,1.0
step_50,11,2024-10-21,2.0,1.0
step_50,11,2024-10-28,2.0,1.0
step_50,11,2024-11-04,1.0,1.0
step_50,12,2023-01-30,2.0,1.0
step_50,12,2023-02-06,1.0,1.0
step_50,12,2023-02-13,1.0,1.0
step_50,12,2023-02-20,1.0,1.0
step_50,12,2023-02-27,1.0,1.0
step_50,12,2023-03-06,1.0,1.0
step_50,12,2023-03-13,2.0,2.0
step_50,12,2023-03-20,1.0,1.0
step_50,12,2023-03-27,1.0,1.0
step_50,12,2023-04-03,1.0,1.0
step_50,12,2023-04-10,1.0,1.0
step_50,12,2023-04-17,1.0,1.0
step_50,12,2023-04-24,1.0,1.0
step_50,12,2023-05-01,1.0,1.0
step_50,12,2023-05-08,2.0,1.0
step_50,12,2023-05-15,1.0,1.0
step_50,12,2023-05-22,3.0,1.0
step_50,12,2023-05-29,2.0,1.0
step_50,12,2023-06-05,1.0,1.0
step_50,12,2023-06-12,1.0,1.0
step_50,12,2023-06-19,1.0,1.0
step_50,12,2023-06-26,2.0,1.0
step_50,12,2023-07-03,1.0,1.0
step_50,12,2023-07-10,1.0,1.0
step_50,12,2023-07-17,1.0,1.0
step_50,12,2023-07-24,1.0,1.0
step_50,12,2023-07-31,1.0,1.0
step_50,12,2023-08-07,1.0,1.0
step_50,12,2023-08-14,1.0,1.0
step_50,12,2023-08-21,1.0,1.0
step_50,12,2023-08-28,1.0,1.0
step_50,12,2023-09-04,1.0,1.0
step_50,12,2023-09-11,1.0,1.0
step_50,12,2023-09-18,1.0,1.0
step_50,12,2023-09-25,1.0,1.0
step_50,12,2023-10-02,1.0,1.0
step_50,12,2023-10-09,1.0,1.0
step_50,12,2023-10-16,2.0,1.0
step_50,12,2023-10-23,1.0,1.0
step_50,12,2023-10-30,1.0,1.0
step_50,12,2023-11-06,1.0,1.0
step_50,12,2023-11-13,1.0,1.0
step_50,12,2023-11-20,2.0,1.0
step_50,12,2023-11-27,1.0,1.0
step_50,12,2023-12-04,1.0,1.0
step_50,12,2023-12-11,1.0,1.0
step_50,12,2023-12-18,2.0,1.0
step_50,12,2023-12-25,1.0,1.0
step_50,12,2024-01-01,1.0,1.0
step_50,12,2024-01-08,1.0,1.0
step_50,12,2024-01-15,1.0,1.0
step_50,12,2024-01-22,1.0,1.0
step_50,12,2024-01-29,1.0,1.0
step_50,12,2024-02-05,1.0,1.0
step_50,12,2024-02-12,1.0,1.0
step_50,12,2024-02-19,1.0,1.0
step_50,12,2024-02-26,1.0,1.0
step_50,12,2024-03-04,,1.0
step_50,12,2024-03-11,,1.0
step_50,12,2024-03-18,3.0,1.0
step_50,12,2024-03-25,2.0,1.0
step_50,12,2024-04-01,1.0,1.0
step_50,12,2024-04-08,1.0,1.0
step_50,12,2024-04-15,1.0,1.0
step_50,12,2024-04-22,1.0,1.0
step_50,12,2024-04-29,1.0,1.0
step_50,12,2024-05-06,1.0,1.0
step_50,12,2024-05-13,1.0,1.0
step_50,12,2024-05-20,1.0,1.0
step_50,12,2024-05-27,1.0,1.0
step_50,12,2024-06-03,2.0,1.0
step_50,12,2024-06-10,1.0,1.0
step_50,12,2024-06-17,2.0,1.0
step_50,12,2024-06-24,1.0,1.0
step_50,12,2024-07-01,1.0,1.0
step_50,12,2024-07-08,1.0,1.0
step_50,12,2024-07-15,1.0,1.0
step_50,12,2024-07-22,1.0,1.0
step_50,12,2024-07-29,1.0,1.0
step_50,12,2024-08-05,1.0,1.0
step_50,12,2024-08-12,1.0,1.0
step_50,12,2024-08-19,1.0,1.0
step_50,12,2024-08-26,1.0,1.0
step_50,12,2024-09-02,1.0,1.0
step_50,12,2024-09-09,1.0,1.0
step_50,12,2024-09-16,1.0,1.0
step_50,12,2024-09-23,1.0,1.0
step_50,12,2024-10-07,1.0,1.0
step_50,12,2024-10-14,1.0,1.0
step_50,12,2024-10-21,1.0,1.0
step_50,12,2024-10-28,1.0,1.0
step_50,12,2024-11-04,1.0,1.0
step_50,13,2023-01-30,2.0,1.0
step_50,13,2023-02-06,1.0,1.0
step_50,13,2023-02-13,1.0,1.0
step_50,13,2023-02-20,2.0,1.0
step_50,13,2023-02-27,1.0,1.0
step_50,13,2023-03-06,3.0,1.0
step_50,13,2023-03-13,2.0,1.0
step_50,13,2023-03-20,1.0,1.0
step_50,13,2023-03-27,2.0,1.0
step_50,13,2023-04-03,2.0,1.0
step_50,13,2023-04-10,1.0,1.0
step_50,13,2023-04-17,2.0,1.0
step_50,13,2023-04-24,1.0,1.0
step_50,13,2023-05-01,1.0,1.0
step_50,13,2023-05-08,2.0,
step_50,13,2023-05-15,1.0,1.0
step_50,13,2023-05-22,2.0,1.0
step_50,13,2023-05-29,1.0,1.0
step_50,13,2023-06-05,1.0,1.0
step_50,13,2023-06-12,1.0,1.0
step_50,13,2023-06-19,1.0,1.0
step_50,13,2023-06-26,1.0,1.0
step_50,13,2023-07-03,2.0,1.0
step_50,13,2023-07-10,1.0,1.0
step_50,13,2023-07-17,1.0,1.0
step_50,13,2023-07-24,1.0,1.0
step_50,13,2023-07-31,1.0,1.0
step_50,13,2023-08-07,1.0,1.0
step_50,13,2023-08-14,1.0,1.0
step_50,13,2023-08-21,2.0,1.0
step_50,13,2023-08-28,1.0,1.0
step_50,13,2023-09-04,1.0,1.0
step_50,13,2023-09-11,1.0,1.0
step_50,13,2023-09-18,1.0,1.0
step_50,13,2023-09-25,1.0,1.0
step_50,13,2023-10-02,1.0,1.0
step_50,13,2023-10-09,1.0,1.0
step_50,13,2023-10-16,1.0,1.0
step_50,13,2023-10-23,1.0,1.0
step_50,13,2023-10-30,1.0,1.0
step_50,13,2023-11-06,1.0,1.0
step_50,13,2023-11-13,2.0,1.0
step_50,13,2023-11-20,2.0,1.0
step_50,13,2023-11-27,1.0,1.0
step_50,13,2023-12-04,2.0,1.0
step_50,13,2023-12-11,4.0,1.0
step_50,13,2023-12-18,3.0,
step_50,13,2023-12-25,1.0,1.0
step_50,13,2024-01-01,1.0,1.0
step_50,13,2024-01-08,1.0,1.0
step_50,13,2024-01-15,1.0,1.0
step_50,13,2024-01-22,1.0,1.0
step_50,13,2024-01-29,1.0,1.0
step_50,13,2024-02-05,1.0,1.0
step_50,13,2024-02-12,2.0,1.0
step_50,13,2024-02-19,1.0,1.0
step_50,13,2024-02-26,1.0,1.0
step_50,13,2024-03-04,1.0,1.0
step_50,13,2024-03-11,,
step_50,13,2024-03-18,1.0,1.0
step_50,13,2024-03-25,1.0,1.0
step_50,13,2024-04-01,2.0,1.0
step_50,13,2024-04-08,1.0,1.0
step_50,13,2024-04-15,1.0,1.0
step_50,13,2024-04-22,2.0,1.0
step_50,13,2024-04-29,1.0,1.0
step_50,13,2024-05-06,2.0,1.0
step_50,13,2024-05-13,1.0,1.0
step_50,13,2024-05-20,2.0,1.0
step_50,13,2024-05-27,1.0,1.0
step_50,13,2024-06-03,1.0,1.0
step_50,13,2024-06-10,2.0,1.0
step_50,13,2024-06-17,1.0,1.0
step_50,13,2024-06-24,1.0,1.0
step_50,13,2024-07-01,2.0,1.0
step_50,13,2024-07-08,1.0,1.0
step_50,13,2024-07-15,1.0,1.0
step_50,13,2024-07-22,2.0,1.0
step_50,13,2024-07-29,1.0,1.0
step_50,13,2024-08-05,2.0,1.0
step_50,13,2024-08-12,1.0,1.0
step_50,13,2024-08-19,1.0,1.0
step_50,13,2024-08-26,2.0,1.0
step_50,13,2024-09-02,1.0,1.0
step_50,13,2024-09-09,1.0,1.0
step_50,13,2024-09-16,1.0,1.0
step_50,13,2024-09-23,1.0,1.0
step_50,13,2024-10-07,2.0,1.0
step_50,13,2024-10-14,1.0,1.0
step_50,13,2024-10-21,1.0,1.0
step_50,13,2024-10-28,1.0,1.0
step_50,13,2024-11-04,1.0,1.0
step_50,14,2023-01-30,1.0,1.0
step_50,14,2023-02-06,,1.0
step_50,14,2023-02-13,,1.0
step_50,14,2023-02-20,4.0,1.0
step_50,14,2023-02-27,2.0,1.0
step_50,14,2023-03-06,2.0,1.0
step_50,14,2023-03-13,1.0,1.0
step_50,14,2023-03-20,1.0,1.0
step_50,14,2023-03-27,2.0,1.0
step_50,14,2023-04-03,1.0,1.0
step_50,14,2023-04-10,1.0,1.0
step_50,14,2023-04-17,2.0,1.0
step_50,14,2023-04-24,1.0,1.0
step_50,14,2023-05-01,1.0,1.0
step_50,14,2023-05-08,2.0,1.0
step_50,14,2023-05-15,2.0,1.0
step_50,14,2023-05-22,1.0,1.0
step_50,14,2023-05-29,2.0,1.0
step_50,14,2023-06-05,2.0,1.0
step_50,14,2023-06-12,1.0,1.0
step_50,14,2023-06-19,1.0,1.0
step_50,14,2023-06-26,2.0,1.0
step_50,14,2023-07-03,1.0,1.0
step_50,14,2023-07-10,1.0,1.0
step_50,14,2023-07-17,1.0,1.0
step_50,14,2023-07-24,2.0,1.0
step_50,14,2023-07-31,1.0,1.0
step_50,14,2023-08-07,1.0,1.0
step_50,14,2023-08-14,1.0,1.0
step_50,14,2023-08-21,1.0,1.0
step_50,14,2023-08-28,2.0,1.0
step_50,14,2023-09-04,1.0,1.0
step_50,14,2023-09-11,2.0,1.0
step_50,14,2023-09-18,2.0,1.0
step_50,14,2023-09-25,1.0,1.0
step_50,14,2023-10-02,1.0,1.0
step_50,14,2023-10-09,1.0,1.0
step_50,14,2023-10-16,1.0,1.0
step_50,14,2023-10-23,1.0,1.0
step_50,14,2023-10-30,1.0,1.0
step_50,14,2023-11-06,2.0,2.0
step_50,14,2023-11-13,1.0,1.0
step_50,14,2023-11-20,1.0,1.0
step_50,14,2023-11-27,1.0,1.0
step_50,14,2023-12-04,1.0,1.0
step_50,14,2023-12-11,1.0,1.0
step_50,14,2023-12-18,3.0,1.0
step_50,14,2023-12-25,2.0,1.0
step_50,14,2024-01-01,1.0,1.0
step_50,14,2024-01-08,1.0,1.0
step_50,14,2024-01-15,1.0,1.0
step_50,14,2024-01-22,,1.0
step_50,14,2024-01-29,2.0,1.0
step_50,14,2024-02-05,2.0,1.0
step_50,14,2024-02-12,1.0,1.0
step_50,14,2024-02-19,2.0,1.0
step_50,14,2024-02-26,1.0,1.0
step_50,14,2024-03-04,1.0,1.0
step_50,14,2024-03-11,5.0,
step_50,14,2024-03-18,2.0,1.0
step_50,14,2024-03-25,2.0,1.0
step_50,14,2024-04-01,1.0,1.0
step_50,14,2024-04-08,1.0,1.0
step_50,14,2024-04-15,1.0,1.0
step_50,14,2024-04-22,2.0,1.0
step_50,14,2024-04-29,1.0,1.0
step_50,14,2024-05-06,1.0,1.0
step_50,14,2024-05-13,1.0,1.0
step_50,14,2024-05-20,1.0,1.0
step_50,14,2024-05-27,1.0,1.0
step_50,14,2024-06-03,2.0,1.0
step_50,14,2024-06-10,1.0,1.0
step_50,14,2024-06-17,1.0,1.0
step_50,14,2024-06-24,1.0,1.0
step_50,14,2024-07-01,1.0,1.0
step_50,14,2024-07-08,1.0,1.0
step_50,14,2024-07-15,1.0,1.0
step_50,14,2024-07-22,1.0,1.0
step_50,14,2024-07-29,2.0,1.0
step_50,14,2024-08-05,1.0,1.0
step_50,14,2024-08-12,1.0,1.0
step_50,14,2024-08-19,2.0,1.0
step_50,14,2024-08-26,2.0,1.0
step_50,14,2024-09-02,1.0,1.0
step_50,14,2024-09-09,1.0,1.0
step_50,14,2024-09-16,1.0,1.0
step_50,14,2024-09-23,1.0,1.0
step_50,14,2024-10-07,2.0,1.0
step_50,14,2024-10-14,1.0,1.0
step_50,14,2024-10-21,1.0,1.0
step_50,14,2024-10-28,1.0,1.0
step_50,14,2024-11-04,1.0,1.0
step_50,15,2023-01-30,,
step_50,15,2023-02-06,,
step_50,15,2023-02-13,,
step_50,15,2023-02-20,,
step_50,15,2023-02-27,,
step_50,15,2023-03-06,,1.0
step_50,15,2023-03-13,,
step_50,15,2023-03-20,8.0,8.0
step_50,15,2023-03-27,7.0,7.0
step_50,15,2023-04-03,3.0,6.0
step_50,15,2023-04-10,5.0,5.0
step_50,15,2023-04-17,4.0,1.0
step_50,15,2023-04-24,3.0,3.0
step_50,15,2023-05-01,2.0,2.0
step_50,15,2023-05-08,1.0,1.0
step_50,15,2023-05-15,,2.0
step_50,15,2023-05-22,,1.0
step_50,15,2023-05-29,,
step_50,15,2023-06-05,,
step_50,15,2023-06-12,,
step_50,15,2023-06-19,,
step_50,15,2023-06-26,,
step_50,15,2023-07-03,,
step_50,15,2023-07-10,,
step_50,15,2023-07-17,,
step_50,15,2023-07-24,,
step_50,15,2023-07-31,,
step_50,15,2023-08-07,,
step_50,15,2023-08-14,,
step_50,15,2023-08-21,,
step_50,15,2023-08-28,,
step_50,15,2023-09-04,,
step_50,15,2023-09-11,,
step_50,15,2023-09-18,,
step_50,15,2023-09-25,,
step_50,15,2023-10-02,,
step_50,15,2023-10-09,,
step_50,15,2023-10-16,,
step_50,15,2023-10-23,,
step_50,15,2023-10-30,,
step_50,15,2023-11-06,,
step_50,15,2023-11-13,,
step_50,15,2023-11-20,,
step_50,15,2023-11-27,,
step_50,15,2023-12-04,,
step_50,15,2023-12-11,,
step_50,15,2023-12-18,,
step_50,15,2023-12-25,,
step_50,15,2024-01-01,,
step_50,15,2024-01-08,,
step_50,15,2024-01-15,,
step_50,15,2024-01-22,,
step_50,15,2024-01-29,3.0,
step_50,15,2024-02-05,,2.0
step_50,15,2024-02-12,,1.0
step_50,15,2024-02-19,,
step_50,15,2024-02-26,,
step_50,15,2024-03-04,,
step_50,15,2024-03-11,,
step_50,15,2024-03-18,,
step_50,15,2024-03-25,,
step_50,15,2024-04-01,,
step_50,15,2024-04-08,,
step_50,15,2024-04-15,,
step_50,15,2024-04-22,,
step_50,15,2024-04-29,,
step_50,15,2024-05-06,,
step_50,15,2024-05-13,,
step_50,15,2024-05-20,,
step_50,15,2024-05-27,,
step_50,15,2024-06-03,,
step_50,15,2024-06-10,,
step_50,15,2024-06-17,,
step_50,15,2024-06-24,,
step_50,15,2024-07-01,,
step_50,15,2024-07-08,,
step_50,15,2024-07-15,,
step_50,15,2024-07-22,,
step_50,15,2024-07-29,,
step_50,15,2024-08-05,,
step_50,15,2024-08-12,,
step_50,15,2024-08-19,,
step_50,15,2024-08-26,,
step_50,15,2024-09-02,,
step_50,15,2024-09-09,,
step_50,15,2024-09-16,,
step_50,15,2024-09-23,,
step_50,15,2024-10-07,,
step_50,15,2024-10-14,,
step_50,15,2024-10-21,,
step_50,15,2024-10-28,,
step_50,15,2024-11-04,,
step_50,16,2023-01-30,4.0,4.0
step_50,16,2023-02-06,3.0,3.0
step_50,16,2023-02-13,2.0,2.0
step_50,16,2023-02-20,1.0,1.0
step_50,16,2023-02-27,,
step_50,16,2023-03-06,,1.0
step_50,16,2023-03-13,,
step_50,16,2023-03-20,,
step_50,16,2023-03-27,,
step_50,16,2023-04-03,,
step_50,16,2023-04-10,,
step_50,16,2023-04-17,,
step_50,16,2023-04-24,,
step_50,16,2023-05-01,,
step_50,16,2023-05-08,,
step_50,16,2023-05-15,8.0,
step_50,16,2023-05-22,6.0,
step_50,16,2023-05-29,3.0,
step_50,16,2023-06-05,4.0,1.0
step_50,16,2023-06-12,4.0,
step_50,16,2023-06-19,5.0,
step_50,16,2023-06-26,4.0,
step_50,16,2023-07-03,3.0,1.0
step_50,16,2023-07-10,,2.0
step_50,16,2023-07-17,,1.0
step_50,16,2023-07-24,,
step_50,16,2023-07-31,,
step_50,16,2023-08-07,,
step_50,16,2023-08-14,,
step_50,16,2023-08-21,,
step_50,16,2023-08-28,,
step_50,16,2023-09-04,,
step_50,16,2023-09-11,,
step_50,16,2023-09-18,,
step_50,16,2023-09-25,,
step_50,16,2023-10-02,,
step_50,16,2023-10-09,,
step_50,16,2023-10-16,,
step_50,16,2023-10-23,,
step_50,16,2023-10-30,,
step_50,16,2023-11-06,,
step_50,16,2023-11-13,,
step_50,16,2023-11-20,,
step_50,16,2023-11-27,,
step_50,16,2023-12-04,,
step_50,16,2023-12-11,8.0,
step_50,16,2023-12-18,6.0,
step_50,16,2023-12-25,5.0,
step_50,16,2024-01-01,4.0,1.0
step_50,16,2024-01-08,4.0,
step_50,16,2024-01-15,2.0,
step_50,16,2024-01-22,3.0,1.0
step_50,16,2024-01-29,,
step_50,16,2024-02-05,,
step_50,16,2024-02-12,,
step_50,16,2024-02-19,,
step_50,16,2024-02-26,,3.0
step_50,16,2024-03-04,,2.0
step_50,16,2024-03-11,2.0,1.0
step_50,16,2024-03-18,,
step_50,16,2024-03-25,,
step_50,16,2024-04-01,,
step_50,16,2024-04-08,,
step_50,16,2024-04-15,,
step_50,16,2024-04-22,,
step_50,16,2024-04-29,,
step_50,16,2024-05-06,,
step_50,16,2024-05-13,,
step_50,16,2024-05-20,,
step_50,16,2024-05-27,,
step_50,16,2024-06-03,,
step_50,16,2024-06-10,,
step_50,16,2024-06-17,,
step_50,16,2024-06-24,,
step_50,16,2024-07-01,,
step_50,16,2024-07-08,,
step_50,16,2024-07-15,,
step_50,16,2024-07-22,,
step_50,16,2024-07-29,,
step_50,16,2024-08-05,,
step_50,16,2024-08-12,,
step_50,16,2024-08-19,,
step_50,16,2024-08-26,,
step_50,16,2024-09-02,,
step_50,16,2024-09-09,,
step_50,16,2024-09-16,,
step_50,16,2024-09-23,,
step_50,16,2024-10-07,,
step_50,16,2024-10-14,,
step_50,16,2024-10-21,,
step_50,16,2024-10-28,,
step_50,16,2024-11-04,,
step_50,17,2023-01-30,2.0,1.0
step_50,17,2023-02-06,2.0,1.0
step_50,17,2023-02-13,1.0,1.0
step_50,17,2023-02-20,1.0,1.0
step_50,17,2023-02-27,2.0,1.0
step_50,17,2023-03-06,1.0,1.0
step_50,17,2023-03-13,,1.0
step_50,17,2023-03-20,,
step_50,17,2023-03-27,,
step_50,17,2023-04-03,,
step_50,17,2023-04-10,,
step_50,17,2023-04-17,,
step_50,17,2023-04-24,3.0,1.0
step_50,17,2023-05-01,2.0,1.0
step_50,17,2023-05-08,,1.0
step_50,17,2023-05-15,,1.0
step_50,17,2023-05-22,,1.0
step_50,17,2023-05-29,,
step_50,17,2023-06-05,,
step_50,17,2023-06-12,3.0,1.0
step_50,17,2023-06-19,2.0,1.0
step_50,17,2023-06-26,1.0,1.0
step_50,17,2023-07-03,,
step_50,17,2023-07-10,,
step_50,17,2023-07-17,,
step_50,17,2023-07-24,3.0,
step_50,17,2023-07-31,2.0,1.0
step_50,17,2023-08-07,2.0,1.0
step_50,17,2023-08-14,,1.0
step_50,17,2023-08-21,3.0,3.0
step_50,17,2023-08-28,2.0,1.0
step_50,17,2023-09-04,1.0,1.0
step_50,17,2023-09-11,,1.0
step_50,17,2023-09-18,,
step_50,17,2023-09-25,2.0,1.0
step_50,17,2023-10-02,3.0,1.0
step_50,17,2023-10-09,3.0,2.0
step_50,17,2023-10-16,1.0,1.0
step_50,17,2023-10-23,2.0,1.0
step_50,17,2023-10-30,2.0,1.0
step_50,17,2023-11-06,,1.0
step_50,17,2023-11-13,,
step_50,17,2023-11-20,,
step_50,17,2023-11-27,,
step_50,17,2023-12-04,,
step_50,17,2023-12-11,,
step_50,17,2023-12-18,2.0,1.0
step_50,17,2023-12-25,,1.0
step_50,17,2024-01-01,,
step_50,17,2024-01-08,2.0,1.0
step_50,17,2024-01-15,2.0,1.0
step_50,17,2024-01-22,,1.0
step_50,17,2024-01-29,,
step_50,17,2024-02-05,3.0,1.0
step_50,17,2024-02-12,,
step_50,17,2024-02-19,2.0,1.0
step_50,17,2024-02-26,3.0,1.0
step_50,17,2024-03-04,2.0,
step_50,17,2024-03-11,1.0,1.0
step_50,17,2024-03-18,,
step_50,17,2024-03-25,2.0,1.0
step_50,17,2024-04-01,2.0,1.0
step_50,17,2024-04-08,3.0,1.0
step_50,17,2024-04-15,2.0,2.0
step_50,17,2024-04-22,1.0,1.0
step_50,17,2024-04-29,2.0,1.0
step_50,17,2024-05-06,,1.0
step_50,17,2024-05-13,,
step_50,17,2024-05-20,,
step_50,17,2024-05-27,,1.0
step_50,17,2024-06-03,,1.0
step_50,17,2024-06-10,,
step_50,17,2024-06-17,,
step_50,17,2024-06-24,,
step_50,17,2024-07-01,2.0,
step_50,17,2024-07-08,,1.0
step_50,17,2024-07-15,,
step_50,17,2024-07-22,,
step_50,17,2024-07-29,2.0,1.0
step_50,17,2024-08-05,,
step_50,17,2024-08-12,,1.0
step_50,17,2024-08-19,,1.0
step_50,17,2024-08-26,,
step_50,17,2024-09-02,,
step_50,17,2024-09-09,2.0,1.0
step_50,17,2024-09-16,2.0,1.0
step_50,17,2024-09-23,,1.0
step_50,17,2024-10-07,,
step_50,17,2024-10-14,,1.0
step_50,17,2024-10-21,,
step_50,17,2024-10-28,3.0,
step_50,17,2024-11-04,2.0,1.0
step_50,18,2023-01-30,4.0,4.0
step_50,18,2023-02-06,3.0,3.0
step_50,18,2023-02-13,2.0,2.0
step_50,18,2023-02-20,1.0,1.0
step_50,18,2023-02-27,1.0,1.0
step_50,18,2023-03-06,,1.0
step_50,18,2023-03-13,,
step_50,18,2023-03-20,,
step_50,18,2023-03-27,,
step_50,18,2023-04-03,,
step_50,18,2023-04-10,,
step_50,18,2023-04-17,,
step_50,18,2023-04-24,,
step_50,18,2023-05-01,,
step_50,18,2023-05-08,,
step_50,18,2023-05-15,,
step_50,18,2023-05-22,,1.0
step_50,18,2023-05-29,,
step_50,18,2023-06-05,,
step_50,18,2023-06-12,,
step_50,18,2023-06-19,,
step_50,18,2023-06-26,,1.0
step_50,18,2023-07-03,,
step_50,18,2023-07-10,,
step_50,18,2023-07-17,,
step_50,18,2023-07-24,,
step_50,18,2023-07-31,,
step_50,18,2023-08-07,,
step_50,18,2023-08-14,,
step_50,18,2023-08-21,,
step_50,18,2023-08-28,,
step_50,18,2023-09-04,,
step_50,18,2023-09-11,,
step_50,18,2023-09-18,,
step_50,18,2023-09-25,,
step_50,18,2023-10-02,,
step_50,18,2023-10-09,,
step_50,18,2023-10-16,,
step_50,18,2023-10-23,,
step_50,18,2023-10-30,,8.0
step_50,18,2023-11-06,,7.0
step_50,18,2023-11-13,,6.0
step_50,18,2023-11-20,,5.0
step_50,18,2023-11-27,,4.0
step_50,18,2023-12-04,3.0,3.0
step_50,18,2023-12-11,2.0,2.0
step_50,18,2023-12-18,1.0,1.0
step_50,18,2023-12-25,,
step_50,18,2024-01-01,,
step_50,18,2024-01-08,,1.0
step_50,18,2024-01-15,,
step_50,18,2024-01-22,,
step_50,18,2024-01-29,,
step_50,18,2024-02-05,,
step_50,18,2024-02-12,,
step_50,18,2024-02-19,6.0,
step_50,18,2024-02-26,5.0,
step_50,18,2024-03-04,4.0,3.0
step_50,18,2024-03-11,2.0,2.0
step_50,18,2024-03-18,2.0,1.0
step_50,18,2024-03-25,,1.0
step_50,18,2024-04-01,8.0,
step_50,18,2024-04-08,7.0,
step_50,18,2024-04-15,5.0,
step_50,18,2024-04-22,3.0,
step_50,18,2024-04-29,2.0,1.0
step_50,18,2024-05-06,2.0,1.0
step_50,18,2024-05-13,2.0,
step_50,18,2024-05-20,,1.0
step_50,18,2024-05-27,,
step_50,18,2024-06-03,,
step_50,18,2024-06-10,,
step_50,18,2024-06-17,,
step_50,18,2024-06-24,,
step_50,18,2024-07-01,,
step_50,18,2024-07-08,,
step_50,18,2024-07-15,,
step_50,18,2024-07-22,,
step_50,18,2024-07-29,,
step_50,18,2024-08-05,,
step_50,18,2024-08-12,,8.0
step_50,18,2024-08-19,,7.0
step_50,18,2024-08-26,,6.0
step_50,18,2024-09-02,,5.0
step_50,18,2024-09-09,,4.0
step_50,18,2024-09-16,,3.0
step_50,18,2024-09-23,2.0,2.0
step_50,18,2024-10-07,1.0,1.0
step_50,18,2024-10-14,,
step_50,18,2024-10-21,,
step_50,18,2024-10-28,,
step_50,18,2024-11-04,,
step_50,19,2023-01-30,1.0,1.0
step_50,19,2023-02-06,2.0,1.0
step_50,19,2023-02-13,2.0,1.0
step_50,19,2023-02-20,3.0,1.0
step_50,19,2023-02-27,3.0,
step_50,19,2023-03-06,2.0,1.0
step_50,19,2023-03-13,1.0,1.0
step_50,19,2023-03-20,2.0,1.0
step_50,19,2023-03-27,2.0,1.0
step_50,19,2023-04-03,1.0,1.0
step_50,19,2023-04-10,1.0,1.0
step_50,19,2023-04-17,1.0,1.0
step_50,19,2023-04-24,2.0,1.0
step_50,19,2023-05-01,1.0,1.0
step_50,19,2023-05-08,2.0,2.0
step_50,19,2023-05-15,1.0,1.0
step_50,19,2023-05-22,2.0,1.0
step_50,19,2023-05-29,1.0,1.0
step_50,19,2023-06-05,2.0,1.0
step_50,19,2023-06-12,1.0,1.0
step_50,19,2023-06-19,3.0,1.0
step_50,19,2023-06-26,,
step_50,19,2023-07-03,2.0,1.0
step_50,19,2023-07-10,,1.0
step_50,19,2023-07-17,,1.0
step_50,19,2023-07-24,,1.0
step_50,19,2023-07-31,,
step_50,19,2023-08-07,,
step_50,19,2023-08-14,2.0,2.0
step_50,19,2023-08-21,1.0,1.0
step_50,19,2023-08-28,3.0,1.0
step_50,19,2023-09-04,3.0,
step_50,19,2023-09-11,2.0,1.0
step_50,19,2023-09-18,3.0,1.0
step_50,19,2023-09-25,2.0,1.0
step_50,19,2023-10-02,1.0,1.0
step_50,19,2023-10-09,1.0,1.0
step_50,19,2023-10-16,,1.0
step_50,19,2023-10-23,,
step_50,19,2023-10-30,,
step_50,19,2023-11-06,1.0,1.0
step_50,19,2023-11-13,8.0,8.0
step_50,19,2023-11-20,7.0,7.0
step_50,19,2023-11-27,3.0,1.0
step_50,19,2023-12-04,2.0,1.0
step_50,19,2023-12-11,4.0,1.0
step_50,19,2023-12-18,3.0,3.0
step_50,19,2023-12-25,2.0,1.0
step_50,19,2024-01-01,1.0,1.0
step_50,19,2024-01-08,8.0,1.0
step_50,19,2024-01-15,6.0,
step_50,19,2024-01-22,3.0,
step_50,19,2024-01-29,2.0,1.0
step_50,19,2024-02-05,2.0,1.0
step_50,19,2024-02-12,2.0,1.0
step_50,19,2024-02-19,1.0,1.0
step_50,19,2024-02-26,1.0,1.0
step_50,19,2024-03-04,1.0,1.0
step_50,19,2024-03-11,3.0,1.0
step_50,19,2024-03-18,2.0,1.0
step_50,19,2024-03-25,1.0,1.0
step_50,19,2024-04-01,2.0,2.0
step_50,19,2024-04-08,1.0,1.0
step_50,19,2024-04-15,,1.0
step_50,19,2024-04-22,,
step_50,19,2024-04-29,2.0,1.0
step_50,19,2024-05-06,2.0,1.0
step_50,19,2024-05-13,,1.0
step_50,19,2024-05-20,,1.0
step_50,19,2024-05-27,5.0,
step_50,19,2024-06-03,2.0,1.0
step_50,19,2024-06-10,2.0,1.0
step_50,19,2024-06-17,1.0,1.0
step_50,19,2024-06-24,1.0,1.0
step_50,19,2024-07-01,2.0,1.0
step_50,19,2024-07-08,1.0,1.0
step_50,19,2024-07-15,1.0,1.0
step_50,19,2024-07-22,2.0,1.0
step_50,19,2024-07-29,2.0,1.0
step_50,19,2024-08-05,2.0,1.0
step_50,19,2024-08-12,,1.0
step_50,19,2024-08-19,,
step_50,19,2024-08-26,3.0,1.0
step_50,19,2024-09-02,2.0,1.0
step_50,19,2024-09-09,2.0,1.0
step_50,19,2024-09-16,3.0,1.0
step_50,19,2024-09-23,2.0,1.0
step_50,19,2024-10-07,1.0,1.0
step_50,19,2024-10-14,2.0,1.0
step_50,19,2024-10-21,2.0,1.0
step_50,19,2024-10-28,1.0,1.0
step_50,19,2024-11-04,1.0,1.0
step_50,20,2023-01-30,5.0,3.0
step_50,20,2023-02-06,4.0,2.0
step_50,20,2023-02-13,2.0,1.0
step_50,20,2023-02-20,6.0,6.0
step_50,20,2023-02-27,5.0,5.0
step_50,20,2023-03-06,4.0,4.0
step_50,20,2023-03-13,3.0,3.0
step_50,20,2023-03-20,2.0,2.0
step_50,20,2023-03-27,1.0,1.0
step_50,20,2023-04-03,,
step_50,20,2023-04-10,,
step_50,20,2023-04-17,,
step_50,20,2023-04-24,,
step_50,20,2023-05-01,,
step_50,20,2023-05-08,,
step_50,20,2023-05-15,,
step_50,20,2023-05-22,,
step_50,20,2023-05-29,,
step_50,20,2023-06-05,,
step_50,20,2023-06-12,,
step_50,20,2023-06-19,,
step_50,20,2023-06-26,,
step_50,20,2023-07-03,,
step_50,20,2023-07-10,,
step_50,20,2023-07-17,,
step_50,20,2023-07-24,,
step_50,20,2023-07-31,,
step_50,20,2023-08-07,,
step_50,20,2023-08-14,,
step_50,20,2023-08-21,,
step_50,20,2023-08-28,,
step_50,20,2023-09-04,,
step_50,20,2023-09-11,,
step_50,20,2023-09-18,,
step_50,20,2023-09-25,,
step_50,20,2023-10-02,,
step_50,20,2023-10-09,,
step_50,20,2023-10-16,,
step_50,20,2023-10-23,,
step_50,20,2023-10-30,,
step_50,20,2023-11-06,,
step_50,20,2023-11-13,,
step_50,20,2023-11-20,,
step_50,20,2023-11-27,,
step_50,20,2023-12-04,8.0,8.0
step_50,20,2023-12-11,7.0,7.0
step_50,20,2023-12-18,6.0,6.0
step_50,20,2023-12-25,5.0,5.0
step_50,20,2024-01-01,4.0,4.0
step_50,20,2024-01-08,3.0,3.0
step_50,20,2024-01-15,2.0,2.0
step_50,20,2024-01-22,1.0,1.0
step_50,20,2024-01-29,,
step_50,20,2024-02-05,,
step_50,20,2024-02-12,,
step_50,20,2024-02-19,,
step_50,20,2024-02-26,,
step_50,20,2024-03-04,,
step_50,20,2024-03-11,,
step_50,20,2024-03-18,,
step_50,20,2024-03-25,,
step_50,20,2024-04-01,,
step_50,20,2024-04-08,,
step_50,20,2024-04-15,,
step_50,20,2024-04-22,,
step_50,20,2024-04-29,,
step_50,20,2024-05-06,,
step_50,20,2024-05-13,,
step_50,20,2024-05-20,,
step_50,20,2024-05-27,,
step_50,20,2024-06-03,,
step_50,20,2024-06-10,,
step_50,20,2024-06-17,,
step_50,20,2024-06-24,,
step_50,20,2024-07-01,,
step_50,20,2024-07-08,,
step_50,20,2024-07-15,,
step_50,20,2024-07-22,,
step_50,20,2024-07-29,,
step_50,20,2024-08-05,,
step_50,20,2024-08-12,,
step_50,20,2024-08-19,,
step_50,20,2024-08-26,,
step_50,20,2024-09-02,,
step_50,20,2024-09-09,,
step_50,20,2024-09-16,,
step_50,20,2024-09-23,,
step_50,20,2024-10-07,,
step_50,20,2024-10-14,,
step_50,20,2024-10-21,,
step_50,20,2024-10-28,,
step_50,20,2024-11-04,,
step_50,21,2023-01-30,4.0,2.0
step_50,21,2023-02-06,2.0,1.0
step_50,21,2023-02-13,2.0,
step_50,21,2023-02-20,,1.0
step_50,21,2023-02-27,,
step_50,21,2023-03-06,,
step_50,21,2023-03-13,,
step_50,21,2023-03-20,,
step_50,21,2023-03-27,,
step_50,21,2023-04-03,,
step_50,21,2023-04-10,,
step_50,21,2023-04-17,,
step_50,21,2023-04-24,,
step_50,21,2023-05-01,,
step_50,21,2023-05-08,,1.0
step_50,21,2023-05-15,,
step_50,21,2023-05-22,,
step_50,21,2023-05-29,,
step_50,21,2023-06-05,,1.0
step_50,21,2023-06-12,,
step_50,21,2023-06-19,,
step_50,21,2023-06-26,,
step_50,21,2023-07-03,,
step_50,21,2023-07-10,,
step_50,21,2023-07-17,,
step_50,21,2023-07-24,,1.0
step_50,21,2023-07-31,,
step_50,21,2023-08-07,,
step_50,21,2023-08-14,,
step_50,21,2023-08-21,,
step_50,21,2023-08-28,,
step_50,21,2023-09-04,,
step_50,21,2023-09-11,,
step_50,21,2023-09-18,,
step_50,21,2023-09-25,,
step_50,21,2023-10-02,,
step_50,21,2023-10-09,,
step_50,21,2023-10-16,,
step_50,21,2023-10-23,,
step_50,21,2023-10-30,,
step_50,21,2023-11-06,,
step_50,21,2023-11-13,,
step_50,21,2023-11-20,,
step_50,21,2023-11-27,,
step_50,21,2023-12-04,,
step_50,21,2023-12-11,,
step_50,21,2023-12-18,,2.0
step_50,21,2023-12-25,,1.0
step_50,21,2024-01-01,,
step_50,21,2024-01-08,,
step_50,21,2024-01-15,,
step_50,21,2024-01-22,,
step_50,21,2024-01-29,,
step_50,21,2024-02-05,,
step_50,21,2024-02-12,,
step_50,21,2024-02-19,,
step_50,21,2024-02-26,,
step_50,21,2024-03-04,,
step_50,21,2024-03-11,,
step_50,21,2024-03-18,,
step_50,21,2024-03-25,,
step_50,21,2024-04-01,,
step_50,21,2024-04-08,,
step_50,21,2024-04-15,,
step_50,21,2024-04-22,,
step_50,21,2024-04-29,,
step_50,21,2024-05-06,8.0,
step_50,21,2024-05-13,6.0,
step_50,21,2024-05-20,5.0,
step_50,21,2024-05-27,5.0,
step_50,21,2024-06-03,4.0,
step_50,21,2024-06-10,3.0,
step_50,21,2024-06-17,2.0,1.0
step_50,21,2024-06-24,,1.0
step_50,21,2024-07-01,,
step_50,21,2024-07-08,2.0,
step_50,21,2024-07-15,,1.0
step_50,21,2024-07-22,,
step_50,21,2024-07-29,,
step_50,21,2024-08-05,,
step_50,21,2024-08-12,,
step_50,21,2024-08-19,,
step_50,21,2024-08-26,,
step_50,21,2024-09-02,,
step_50,21,2024-09-09,,
step_50,21,2024-09-16,,
step_50,21,2024-09-23,,
step_50,21,2024-10-07,,
step_50,21,2024-10-14,,
step_50,21,2024-10-21,,
step_50,21,2024-10-28,,
step_50,21,2024-11-04,,
step_50,22,2023-01-30,,
step_50,22,2023-02-06,,
step_50,22,2023-02-13,,
step_50,22,2023-02-20,,
step_50,22,2023-02-27,,
step_50,22,2023-03-06,,
step_50,22,2023-03-13,,
step_50,22,2023-03-20,,
step_50,22,2023-03-27,,
step_50,22,2023-04-03,,
step_50,22,2023-04-10,,
step_50,22,2023-04-17,,1.0
step_50,22,2023-04-24,,
step_50,22,2023-05-01,,
step_50,22,2023-05-08,,
step_50,22,2023-05-15,,1.0
step_50,22,2023-05-22,,
step_50,22,2023-05-29,,
step_50,22,2023-06-05,,1.0
step_50,22,2023-06-12,,
step_50,22,2023-06-19,,1.0
step_50,22,2023-06-26,,
step_50,22,2023-07-03,,
step_50,22,2023-07-10,,
step_50,22,2023-07-17,,
step_50,22,2023-07-24,,1.0
step_50,22,2023-07-31,,
step_50,22,2023-08-07,8.0,
step_50,22,2023-08-14,7.0,2.0
step_50,22,2023-08-21,6.0,1.0
step_50,22,2023-08-28,6.0,
step_50,22,2023-09-04,4.0,
step_50,22,2023-09-11,3.0,
step_50,22,2023-09-18,2.0,1.0
step_50,22,2023-09-25,1.0,1.0
step_50,22,2023-10-02,,
step_50,22,2023-10-09,,1.0
step_50,22,2023-10-16,,
step_50,22,2023-10-23,,
step_50,22,2023-10-30,,
step_50,22,2023-11-06,,
step_50,22,2023-11-13,,
step_50,22,2023-11-20,,1.0
step_50,22,2023-11-27,,
step_50,22,2023-12-04,8.0,
step_50,22,2023-12-11,7.0,
step_50,22,2023-12-18,3.0,
step_50,22,2023-12-25,2.0,
step_50,22,2024-01-01,3.0,1.0
step_50,22,2024-01-08,3.0,
step_50,22,2024-01-15,2.0,
step_50,22,2024-01-22,,1.0
step_50,22,2024-01-29,,
step_50,22,2024-02-05,,
step_50,22,2024-02-12,,
step_50,22,2024-02-19,,
step_50,22,2024-02-26,,
step_50,22,2024-03-04,7.0,
step_50,22,2024-03-11,6.0,
step_50,22,2024-03-18,5.0,
step_50,22,2024-03-25,4.0,
step_50,22,2024-04-01,3.0,
step_50,22,2024-04-08,2.0,2.0
step_50,22,2024-04-15,2.0,1.0
step_50,22,2024-04-22,,
step_50,22,2024-04-29,,
step_50,22,2024-05-06,,
step_50,22,2024-05-13,,
step_50,22,2024-05-20,,
step_50,22,2024-05-27,2.0,2.0
step_50,22,2024-06-03,,1.0
step_50,22,2024-06-10,,
step_50,22,2024-06-17,,
step_50,22,2024-06-24,,
step_50,22,2024-07-01,,
step_50,22,2024-07-08,,
step_50,22,2024-07-15,,
step_50,22,2024-07-22,,
step_50,22,2024-07-29,,
step_50,22,2024-08-05,,1.0
step_50,22,2024-08-12,,
step_50,22,2024-08-19,,
step_50,22,2024-08-26,,
step_50,22,2024-09-02,,
step_50,22,2024-09-09,,1.0
step_50,22,2024-09-16,,
step_50,22,2024-09-23,,
step_50,22,2024-10-07,,
step_50,22,2024-10-14,,
step_50,22,2024-10-21,,
step_50,22,2024-10-28,,
step_50,22,2024-11-04,,
step_50,23,2023-01-30,4.0,2.0
step_50,23,2023-02-06,2.0,1.0
step_50,23,2023-02-13,,
step_50,23,2023-02-20,,
step_50,23,2023-02-27,,
step_50,23,2023-03-06,,
step_50,23,2023-03-13,,
step_50,23,2023-03-20,,1.0
step_50,23,2023-03-27,,
step_50,23,2023-04-03,,
step_50,23,2023-04-10,8.0,8.0
step_50,23,2023-04-17,7.0,7.0
step_50,23,2023-04-24,6.0,6.0
step_50,23,2023-05-01,5.0,5.0
step_50,23,2023-05-08,4.0,4.0
step_50,23,2023-05-15,3.0,3.0
step_50,23,2023-05-22,2.0,2.0
step_50,23,2023-05-29,1.0,1.0
step_50,23,2023-06-05,2.0,1.0
step_50,23,2023-06-12,,
step_50,23,2023-06-19,,
step_50,23,2023-06-26,,
step_50,23,2023-07-03,,
step_50,23,2023-07-10,,
step_50,23,2023-07-17,,
step_50,23,2023-07-24,,
step_50,23,2023-07-31,,
step_50,23,2023-08-07,,
step_50,23,2023-08-14,,
step_50,23,2023-08-21,,
step_50,23,2023-08-28,,
step_50,23,2023-09-04,,
step_50,23,2023-09-11,,
step_50,23,2023-09-18,,
step_50,23,2023-09-25,,
step_50,23,2023-10-02,,
step_50,23,2023-10-09,,
step_50,23,2023-10-16,,
step_50,23,2023-10-23,,
step_50,23,2023-10-30,,
step_50,23,2023-11-06,,
step_50,23,2023-11-13,,
step_50,23,2023-11-20,,
step_50,23,2023-11-27,,
step_50,23,2023-12-04,,
step_50,23,2023-12-11,,
step_50,23,2023-12-18,,
step_50,23,2023-12-25,,
step_50,23,2024-01-01,,
step_50,23,2024-01-08,,
step_50,23,2024-01-15,,
step_50,23,2024-01-22,,
step_50,23,2024-01-29,,
step_50,23,2024-02-05,,
step_50,23,2024-02-12,,
step_50,23,2024-02-19,,
step_50,23,2024-02-26,,
step_50,23,2024-03-04,,
step_50,23,2024-03-11,,
step_50,23,2024-03-18,,
step_50,23,2024-03-25,,
step_50,23,2024-04-01,,
step_50,23,2024-04-08,,
step_50,23,2024-04-15,,
step_50,23,2024-04-22,,
step_50,23,2024-04-29,,
step_50,23,2024-05-06,,
step_50,23,2024-05-13,,
step_50,23,2024-05-20,,
step_50,23,2024-05-27,,
step_50,23,2024-06-03,,
step_50,23,2024-06-10,,
step_50,23,2024-06-17,,
step_50,23,2024-06-24,,
step_50,23,2024-07-01,,
step_50,23,2024-07-08,,
step_50,23,2024-07-15,,
step_50,23,2024-07-22,,
step_50,23,2024-07-29,,
step_50,23,2024-08-05,,
step_50,23,2024-08-12,,
step_50,23,2024-08-19,,
step_50,23,2024-08-26,,
step_50,23,2024-09-02,,
step_50,23,2024-09-09,,
step_50,23,2024-09-16,,
step_50,23,2024-09-23,,
step_50,23,2024-10-07,,
step_50,23,2024-10-14,,
step_50,23,2024-10-21,,
step_50,23,2024-10-28,,
step_50,23,2024-11-04,,
step_50,24,2023-01-30,,
step_50,24,2023-02-06,,
step_50,24,2023-02-13,,
step_50,24,2023-02-20,,1.0
step_50,24,2023-02-27,,
step_50,24,2023-03-06,,
step_50,24,2023-03-13,,
step_50,24,2023-03-20,,
step_50,24,2023-03-27,,
step_50,24,2023-04-03,,
step_50,24,2023-04-10,,
step_50,24,2023-04-17,,
step_50,24,2023-04-24,4.0,3.0
step_50,24,2023-05-01,2.0,2.0
step_50,24,2023-05-08,2.0,1.0
step_50,24,2023-05-15,,
step_50,24,2023-05-22,,5.0
step_50,24,2023-05-29,6.0,4.0
step_50,24,2023-06-05,4.0,3.0
step_50,24,2023-06-12,3.0,2.0
step_50,24,2023-06-19,2.0,1.0
step_50,24,2023-06-26,,
step_50,24,2023-07-03,,
step_50,24,2023-07-10,,
step_50,24,2023-07-17,,
step_50,24,2023-07-24,,
step_50,24,2023-07-31,,
step_50,24,2023-08-07,,
step_50,24,2023-08-14,,
step_50,24,2023-08-21,,1.0
step_50,24,2023-08-28,,
step_50,24,2023-09-04,,
step_50,24,2023-09-11,,
step_50,24,2023-09-18,,
step_50,24,2023-09-25,,
step_50,24,2023-10-02,,
step_50,24,2023-10-09,,
step_50,24,2023-10-16,,
step_50,24,2023-10-23,,8.0
step_50,24,2023-10-30,,7.0
step_50,24,2023-11-06,,6.0
step_50,24,2023-11-13,,5.0
step_50,24,2023-11-20,,4.0
step_50,24,2023-11-27,,3.0
step_50,24,2023-12-04,2.0,2.0
step_50,24,2023-12-11,1.0,1.0
step_50,24,2023-12-18,,
step_50,24,2023-12-25,3.0,
step_50,24,2024-01-01,,
step_50,24,2024-01-08,,1.0
step_50,24,2024-01-15,,
step_50,24,2024-01-22,,
step_50,24,2024-01-29,4.0,
step_50,24,2024-02-05,2.0,1.0
step_50,24,2024-02-12,,1.0
step_50,24,2024-02-19,,
step_50,24,2024-02-26,,8.0
step_50,24,2024-03-04,8.0,7.0
step_50,24,2024-03-11,7.0,6.0
step_50,24,2024-03-18,6.0,5.0
step_50,24,2024-03-25,4.0,4.0
step_50,24,2024-04-01,3.0,3.0
step_50,24,2024-04-08,2.0,2.0
step_50,24,2024-04-15,1.0,1.0
step_50,24,2024-04-22,3.0,1.0
step_50,24,2024-04-29,,
step_50,24,2024-05-06,,1.0
step_50,24,2024-05-13,,
step_50,24,2024-05-20,,
step_50,24,2024-05-27,,
step_50,24,2024-06-03,,
step_50,24,2024-06-10,,
step_50,24,2024-06-17,,
step_50,24,2024-06-24,,
step_50,24,2024-07-01,,
step_50,24,2024-07-08,,
step_50,24,2024-07-15,,
step_50,24,2024-07-22,,
step_50,24,2024-07-29,,
step_50,24,2024-08-05,,
step_50,24,2024-08-12,,
step_50,24,2024-08-19,,
step_50,24,2024-08-26,,
step_50,24,2024-09-02,,
step_50,24,2024-09-09,,
step_50,24,2024-09-16,,
step_50,24,2024-09-23,,
step_50,24,2024-10-07,,
step_50,24,2024-10-14,,
step_50,24,2024-10-21,,
step_50,24,2024-10-28,,
step_50,24,2024-11-04,,
step_50,25,2023-01-30,2.0,2.0
step_50,25,2023-02-06,1.0,1.0
step_50,25,2023-02-13,,
step_50,25,2023-02-20,,
step_50,25,2023-02-27,,
step_50,25,2023-03-06,,
step_50,25,2023-03-13,5.0,
step_50,25,2023-03-20,3.0,1.0
step_50,25,2023-03-27,,
step_50,25,2023-04-03,,
step_50,25,2023-04-10,,1.0
step_50,25,2023-04-17,,
step_50,25,2023-04-24,,
step_50,25,2023-05-01,,
step_50,25,2023-05-08,,1.0
step_50,25,2023-05-15,,
step_50,25,2023-05-22,,
step_50,25,2023-05-29,,
step_50,25,2023-06-05,,
step_50,25,2023-06-12,,
step_50,25,2023-06-19,,
step_50,25,2023-06-26,,1.0
step_50,25,2023-07-03,,
step_50,25,2023-07-10,,
step_50,25,2023-07-17,,
step_50,25,2023-07-24,,1.0
step_50,25,2023-07-31,,
step_50,25,2023-08-07,,
step_50,25,2023-08-14,,
step_50,25,2023-08-21,4.0,1.0
step_50,25,2023-08-28,,
step_50,25,2023-09-04,,
step_50,25,2023-09-11,,1.0
step_50,25,2023-09-18,,
step_50,25,2023-09-25,,
step_50,25,2023-10-02,,
step_50,25,2023-10-09,,
step_50,25,2023-10-16,,
step_50,25,2023-10-23,,
step_50,25,2023-10-30,,
step_50,25,2023-11-06,,
step_50,25,2023-11-13,,
step_50,25,2023-11-20,4.0,
step_50,25,2023-11-27,4.0,1.0
step_50,25,2023-12-04,,
step_50,25,2023-12-11,2.0,1.0
step_50,25,2023-12-18,,
step_50,25,2023-12-25,,
step_50,25,2024-01-01,,
step_50,25,2024-01-08,,
step_50,25,2024-01-15,,
step_50,25,2024-01-22,,1.0
step_50,25,2024-01-29,,
step_50,25,2024-02-05,,1.0
step_50,25,2024-02-12,,
step_50,25,2024-02-19,,
step_50,25,2024-02-26,,
step_50,25,2024-03-04,,
step_50,25,2024-03-11,,
step_50,25,2024-03-18,,
step_50,25,2024-03-25,,
step_50,25,2024-04-01,8.0,
step_50,25,2024-04-08,7.0,5.0
step_50,25,2024-04-15,5.0,4.0
step_50,25,2024-04-22,4.0,3.0
step_50,25,2024-04-29,2.0,2.0
step_50,25,2024-05-06,1.0,1.0
step_50,25,2024-05-13,2.0,1.0
step_50,25,2024-05-20,1.0,1.0
step_50,25,2024-05-27,5.0,2.0
step_50,25,2024-06-03,2.0,1.0
step_50,25,2024-06-10,3.0,3.0
step_50,25,2024-06-17,2.0,2.0
step_50,25,2024-06-24,1.0,1.0
step_50,25,2024-07-01,,
step_50,25,2024-07-08,,
step_50,25,2024-07-15,,1.0
step_50,25,2024-07-22,,
step_50,25,2024-07-29,,1.0
step_50,25,2024-08-05,,
step_50,25,2024-08-12,,
step_50,25,2024-08-19,,
step_50,25,2024-08-26,,
step_50,25,2024-09-02,,1.0
step_50,25,2024-09-09,,
step_50,25,2024-09-16,,
step_50,25,2024-09-23,,
step_50,25,2024-10-07,,
step_50,25,2024-10-14,,
step_50,25,2024-10-21,,
step_50,25,2024-10-28,,1.0
step_50,25,2024-11-04,,
step_50,26,2023-01-30,,
step_50,26,2023-02-06,,
step_50,26,2023-02-13,,
step_50,26,2023-02-20,,
step_50,26,2023-02-27,,
step_50,26,2023-03-06,,
step_50,26,2023-03-13,,
step_50,26,2023-03-20,,
step_50,26,2023-03-27,,
step_50,26,2023-04-03,,
step_50,26,2023-04-10,,
step_50,26,2023-04-17,,
step_50,26,2023-04-24,,
step_50,26,2023-05-01,,
step_50,26,2023-05-08,,
step_50,26,2023-05-15,,
step_50,26,2023-05-22,,
step_50,26,2023-05-29,,
step_50,26,2023-06-05,,
step_50,26,2023-06-12,4.0,
step_50,26,2023-06-19,3.0,
step_50,26,2023-06-26,2.0,1.0
step_50,26,2023-07-03,,1.0
step_50,26,2023-07-10,,
step_50,26,2023-07-17,,
step_50,26,2023-07-24,,
step_50,26,2023-07-31,,
step_50,26,2023-08-07,,
step_50,26,2023-08-14,,
step_50,26,2023-08-21,,
step_50,26,2023-08-28,,
step_50,26,2023-09-04,5.0,
step_50,26,2023-09-11,4.0,
step_50,26,2023-09-18,3.0,1.0
step_50,26,2023-09-25,,
step_50,26,2023-10-02,,1.0
step_50,26,2023-10-09,,
step_50,26,2023-10-16,,
step_50,26,2023-10-23,,
step_50,26,2023-10-30,8.0,
step_50,26,2023-11-06,7.0,
step_50,26,2023-11-13,6.0,
step_50,26,2023-11-20,4.0,4.0
step_50,26,2023-11-27,3.0,3.0
step_50,26,2023-12-04,2.0,1.0
step_50,26,2023-12-11,2.0,1.0
step_50,26,2023-12-18,,1.0
step_50,26,2023-12-25,,
step_50,26,2024-01-01,,
step_50,26,2024-01-08,,
step_50,26,2024-01-15,,
step_50,26,2024-01-22,8.0,
step_50,26,2024-01-29,6.0,
step_50,26,2024-02-05,5.0,
step_50,26,2024-02-12,4.0,1.0
step_50,26,2024-02-19,4.0,
step_50,26,2024-02-26,3.0,2.0
step_50,26,2024-03-04,2.0,1.0
step_50,26,2024-03-11,,
step_50,26,2024-03-18,,
step_50,26,2024-03-25,,
step_50,26,2024-04-01,,
step_50,26,2024-04-08,,
step_50,26,2024-04-15,,
step_50,26,2024-04-22,,
step_50,26,2024-04-29,,
step_50,26,2024-05-06,,
step_50,26,2024-05-13,,
step_50,26,2024-05-20,,
step_50,26,2024-05-27,,
step_50,26,2024-06-03,,
step_50,26,2024-06-10,,
step_50,26,2024-06-17,,
step_50,26,2024-06-24,,
step_50,26,2024-07-01,,
step_50,26,2024-07-08,,
step_50,26,2024-07-15,,
step_50,26,2024-07-22,,
step_50,26,2024-07-29,,
step_50,26,2024-08-05,,
step_50,26,2024-08-12,,
step_50,26,2024-08-19,3.0,
step_50,26,2024-08-26,,
step_50,26,2024-09-02,,1.0
step_50,26,2024-09-09,,
step_50,26,2024-09-16,,
step_50,26,2024-09-23,,
step_50,26,2024-10-07,,
step_50,26,2024-10-14,,
step_50,26,2024-10-21,,
step_50,26,2024-10-28,,
step_50,26,2024-11-04,,
step_50,27,2023-01-30,1.0,1.0
step_50,27,2023-02-06,,1.0
step_50,27,2023-02-13,,
step_50,27,2023-02-20,,
step_50,27,2023-02-27,,
step_50,27,2023-03-06,,
step_50,27,2023-03-13,,
step_50,27,2023-03-20,,
step_50,27,2023-03-27,,
step_50,27,2023-04-03,,
step_50,27,2023-04-10,,
step_50,27,2023-04-17,,4.0
step_50,27,2023-04-24,,3.0
step_50,27,2023-05-01,,2.0
step_50,27,2023-05-08,,1.0
step_50,27,2023-05-15,,
step_50,27,2023-05-22,,1.0
step_50,27,2023-05-29,,
step_50,27,2023-06-05,,
step_50,27,2023-06-12,5.0,1.0
step_50,27,2023-06-19,4.0,3.0
step_50,27,2023-06-26,3.0,2.0
step_50,27,2023-07-03,2.0,1.0
step_50,27,2023-07-10,,1.0
step_50,27,2023-07-17,,
step_50,27,2023-07-24,,
step_50,27,2023-07-31,,
step_50,27,2023-08-07,,
step_50,27,2023-08-14,,
step_50,27,2023-08-21,,
step_50,27,2023-08-28,,
step_50,27,2023-09-04,,
step_50,27,2023-09-11,,
step_50,27,2023-09-18,,
step_50,27,2023-09-25,,
step_50,27,2023-10-02,,
step_50,27,2023-10-09,,
step_50,27,2023-10-16,,
step_50,27,2023-10-23,,
step_50,27,2023-10-30,,
step_50,27,2023-11-06,,
step_50,27,2023-11-13,,1.0
step_50,27,2023-11-20,,
step_50,27,2023-11-27,,
step_50,27,2023-12-04,,
step_50,27,2023-12-11,,
step_50,27,2023-12-18,,
step_50,27,2023-12-25,,
step_50,27,2024-01-01,,
step_50,27,2024-01-08,,
step_50,27,2024-01-15,,
step_50,27,2024-01-22,2.0,1.0
step_50,27,2024-01-29,,1.0
step_50,27,2024-02-05,,
step_50,27,2024-02-12,,
step_50,27,2024-02-19,,
step_50,27,2024-02-26,,
step_50,27,2024-03-04,,
step_50,27,2024-03-11,,
step_50,27,2024-03-18,,
step_50,27,2024-03-25,,
step_50,27,2024-04-01,,
step_50,27,2024-04-08,,3.0
step_50,27,2024-04-15,2.0,2.0
step_50,27,2024-04-22,,1.0
step_50,27,2024-04-29,,
step_50,27,2024-05-06,,
step_50,27,2024-05-13,,
step_50,27,2024-05-20,,
step_50,27,2024-05-27,,
step_50,27,2024-06-03,,
step_50,27,2024-06-10,,
step_50,27,2024-06-17,8.0,
step_50,27,2024-06-24,7.0,
step_50,27,2024-07-01,5.0,
step_50,27,2024-07-08,3.0,
step_50,27,2024-07-15,3.0,
step_50,27,2024-07-22,3.0,1.0
step_50,27,2024-07-29,,
step_50,27,2024-08-05,,
step_50,27,2024-08-12,,
step_50,27,2024-08-19,,
step_50,27,2024-08-26,,
step_50,27,2024-09-02,,
step_50,27,2024-09-09,,
step_50,27,2024-09-16,,
step_50,27,2024-09-23,,
step_50,27,2024-10-07,,
step_50,27,2024-10-14,,
step_50,27,2024-10-21,,
step_50,27,2024-10-28,,
step_50,27,2024-11-04,,
step_50,28,2023-01-30,,
step_50,28,2023-02-06,,
step_50,28,2023-02-13,,
step_50,28,2023-02-20,,
step_50,28,2023-02-27,,4.0
step_50,28,2023-03-06,,3.0
step_50,28,2023-03-13,,2.0
step_50,28,2023-03-20,,1.0
step_50,28,2023-03-27,,
step_50,28,2023-04-03,,
step_50,28,2023-04-10,,
step_50,28,2023-04-17,,
step_50,28,2023-04-24,,
step_50,28,2023-05-01,,
step_50,28,2023-05-08,,
step_50,28,2023-05-15,,
step_50,28,2023-05-22,,
step_50,28,2023-05-29,,
step_50,28,2023-06-05,,
step_50,28,2023-06-12,,
step_50,28,2023-06-19,,
step_50,28,2023-06-26,,
step_50,28,2023-07-03,,
step_50,28,2023-07-10,,
step_50,28,2023-07-17,,
step_50,28,2023-07-24,,
step_50,28,2023-07-31,,
step_50,28,2023-08-07,,
step_50,28,2023-08-14,,
step_50,28,2023-08-21,,
step_50,28,2023-08-28,,
step_50,28,2023-09-04,,
step_50,28,2023-09-11,,
step_50,28,2023-09-18,,8.0
step_50,28,2023-09-25,,7.0
step_50,28,2023-10-02,8.0,6.0
step_50,28,2023-10-09,7.0,5.0
step_50,28,2023-10-16,6.0,4.0
step_50,28,2023-10-23,5.0,3.0
step_50,28,2023-10-30,4.0,2.0
step_50,28,2023-11-06,1.0,1.0
step_50,28,2023-11-13,,
step_50,28,2023-11-20,,
step_50,28,2023-11-27,,
step_50,28,2023-12-04,,
step_50,28,2023-12-11,,
step_50,28,2023-12-18,,
step_50,28,2023-12-25,7.0,
step_50,28,2024-01-01,6.0,1.0
step_50,28,2024-01-08,,
step_50,28,2024-01-15,4.0,
step_50,28,2024-01-22,3.0,
step_50,28,2024-01-29,,
step_50,28,2024-02-05,,1.0
step_50,28,2024-02-12,,
step_50,28,2024-02-19,,
step_50,28,2024-02-26,,
step_50,28,2024-03-04,,
step_50,28,2024-03-11,,
step_50,28,2024-03-18,,
step_50,28,2024-03-25,,
step_50,28,2024-04-01,,
step_50,28,2024-04-08,,
step_50,28,2024-04-15,,
step_50,28,2024-04-22,,
step_50,28,2024-04-29,,
step_50,28,2024-05-06,,
step_50,28,2024-05-13,,
step_50,28,2024-05-20,,
step_50,28,2024-05-27,,
step_50,28,2024-06-03,,
step_50,28,2024-06-10,,
step_50,28,2024-06-17,,
step_50,28,2024-06-24,,
step_50,28,2024-07-01,,
step_50,28,2024-07-08,,
step_50,28,2024-07-15,,
step_50,28,2024-07-22,,
step_50,28,2024-07-29,,
step_50,28,2024-08-05,,
step_50,28,2024-08-12,,
step_50,28,2024-08-19,,
step_50,28,2024-08-26,,
step_50,28,2024-09-02,,
step_50,28,2024-09-09,,
step_50,28,2024-09-16,,
step_50,28,2024-09-23,,
step_50,28,2024-10-07,,
step_50,28,2024-10-14,,
step_50,28,2024-10-21,,
step_50,28,2024-10-28,,
step_50,28,2024-11-04,,
step_50,29,2023-01-30,,
step_50,29,2023-02-06,,
step_50,29,2023-02-13,,
step_50,29,2023-02-20,,8.0
step_50,29,2023-02-27,7.0,7.0
step_50,29,2023-03-06,6.0,1.0
step_50,29,2023-03-13,,5.0
step_50,29,2023-03-20,4.0,1.0
step_50,29,2023-03-27,,3.0
step_50,29,2023-04-03,2.0,2.0
step_50,29,2023-04-10,1.0,1.0
step_50,29,2023-04-17,,
step_50,29,2023-04-24,,
step_50,29,2023-05-01,,
step_50,29,2023-05-08,,
step_50,29,2023-05-15,,
step_50,29,2023-05-22,,
step_50,29,2023-05-29,,
step_50,29,2023-06-05,,
step_50,29,2023-06-12,8.0,1.0
step_50,29,2023-06-19,7.0,
step_50,29,2023-06-26,6.0,
step_50,29,2023-07-03,5.0,
step_50,29,2023-07-10,3.0,
step_50,29,2023-07-17,2.0,1.0
step_50,29,2023-07-24,2.0,1.0
step_50,29,2023-07-31,,1.0
step_50,29,2023-08-07,,
step_50,29,2023-08-14,,
step_50,29,2023-08-21,,
step_50,29,2023-08-28,,
step_50,29,2023-09-04,,
step_50,29,2023-09-11,,
step_50,29,2023-09-18,,
step_50,29,2023-09-25,,
step_50,29,2023-10-02,,
step_50,29,2023-10-09,,
step_50,29,2023-10-16,,1.0
step_50,29,2023-10-23,,
step_50,29,2023-10-30,,
step_50,29,2023-11-06,,
step_50,29,2023-11-13,,
step_50,29,2023-11-20,,
step_50,29,2023-11-27,,1.0
step_50,29,2023-12-04,,
step_50,29,2023-12-11,,
step_50,29,2023-12-18,,
step_50,29,2023-12-25,,
step_50,29,2024-01-01,,
step_50,29,2024-01-08,,
step_50,29,2024-01-15,,
step_50,29,2024-01-22,,
step_50,29,2024-01-29,,
step_50,29,2024-02-05,,
step_50,29,2024-02-12,,
step_50,29,2024-02-19,7.0,
step_50,29,2024-02-26,5.0,
step_50,29,2024-03-04,3.0,
step_50,29,2024-03-11,3.0,
step_50,29,2024-03-18,2.0,1.0
step_50,29,2024-03-25,7.0,1.0
step_50,29,2024-04-01,,
step_50,29,2024-04-08,,
step_50,29,2024-04-15,4.0,
step_50,29,2024-04-22,,
step_50,29,2024-04-29,,
step_50,29,2024-05-06,,1.0
step_50,29,2024-05-13,,
step_50,29,2024-05-20,,
step_50,29,2024-05-27,,
step_50,29,2024-06-03,,
step_50,29,2024-06-10,5.0,
step_50,29,2024-06-17,4.0,
step_50,29,2024-06-24,3.0,2.0
step_50,29,2024-07-01,2.0,1.0
step_50,29,2024-07-08,,1.0
step_50,29,2024-07-15,,
step_50,29,2024-07-22,,
step_50,29,2024-07-29,,1.0
step_50,29,2024-08-05,,
step_50,29,2024-08-12,,
step_50,29,2024-08-19,,
step_50,29,2024-08-26,2.0,
step_50,29,2024-09-02,2.0,1.0
step_50,29,2024-09-09,,
step_50,29,2024-09-16,,
step_50,29,2024-09-23,,8.0
step_50,29,2024-10-07,,7.0
step_50,29,2024-10-14,,6.0
step_50,29,2024-10-21,8.0,5.0
step_50,29,2024-10-28,7.0,4.0
step_50,29,2024-11-04,6.0,3.0
step_50,30,2023-01-30,,
step_50,30,2023-02-06,,
step_50,30,2023-02-13,,
step_50,30,2023-02-20,,2.0
step_50,30,2023-02-27,,1.0
step_50,30,2023-03-06,,
step_50,30,2023-03-13,,1.0
step_50,30,2023-03-20,,
step_50,30,2023-03-27,,
step_50,30,2023-04-03,,
step_50,30,2023-04-10,8.0,3.0
step_50,30,2023-04-17,4.0,2.0
step_50,30,2023-04-24,2.0,1.0
step_50,30,2023-05-01,5.0,
step_50,30,2023-05-08,4.0,
step_50,30,2023-05-15,3.0,3.0
step_50,30,2023-05-22,2.0,2.0
step_50,30,2023-05-29,1.0,1.0
step_50,30,2023-06-05,,
step_50,30,2023-06-12,,
step_50,30,2023-06-19,,
step_50,30,2023-06-26,,
step_50,30,2023-07-03,,
step_50,30,2023-07-10,4.0,
step_50,30,2023-07-17,3.0,
step_50,30,2023-07-24,2.0,1.0
step_50,30,2023-07-31,2.0,1.0
step_50,30,2023-08-07,,
step_50,30,2023-08-14,,
step_50,30,2023-08-21,,
step_50,30,2023-08-28,,
step_50,30,2023-09-04,,
step_50,30,2023-09-11,,
step_50,30,2023-09-18,,
step_50,30,2023-09-25,,
step_50,30,2023-10-02,,
step_50,30,2023-10-09,,
step_50,30,2023-10-16,,
step_50,30,2023-10-23,,
step_50,30,2023-10-30,,2.0
step_50,30,2023-11-06,,1.0
step_50,30,2023-11-13,,
step_50,30,2023-11-20,8.0,8.0
step_50,30,2023-11-27,7.0,7.0
step_50,30,2023-12-04,6.0,6.0
step_50,30,2023-12-11,5.0,5.0
step_50,30,2023-12-18,2.0,1.0
step_50,30,2023-12-25,3.0,1.0
step_50,30,2024-01-01,2.0,2.0
step_50,30,2024-01-08,1.0,1.0
step_50,30,2024-01-15,,
step_50,30,2024-01-22,,1.0
step_50,30,2024-01-29,,
step_50,30,2024-02-05,,
step_50,30,2024-02-12,,
step_50,30,2024-02-19,,3.0
step_50,30,2024-02-26,,2.0
step_50,30,2024-03-04,1.0,1.0
step_50,30,2024-03-11,,
step_50,30,2024-03-18,,
step_50,30,2024-03-25,,
step_50,30,2024-04-01,,
step_50,30,2024-04-08,,
step_50,30,2024-04-15,,
step_50,30,2024-04-22,8.0,1.0
step_50,30,2024-04-29,7.0,7.0
step_50,30,2024-05-06,6.0,6.0
step_50,30,2024-05-13,4.0,1.0
step_50,30,2024-05-20,4.0,1.0
step_50,30,2024-05-27,3.0,3.0
step_50,30,2024-06-03,2.0,1.0
step_50,30,2024-06-10,1.0,1.0
step_50,30,2024-06-17,2.0,1.0
step_50,30,2024-06-24,2.0,1.0
step_50,30,2024-07-01,,
step_50,30,2024-07-08,,
step_50,30,2024-07-15,,1.0
step_50,30,2024-07-22,,
step_50,30,2024-07-29,,
step_50,30,2024-08-05,,
step_50,30,2024-08-12,,
step_50,30,2024-08-19,,
step_50,30,2024-08-26,,
step_50,30,2024-09-02,,
step_50,30,2024-09-09,,
step_50,30,2024-09-16,,
step_50,30,2024-09-23,,
step_50,30,2024-10-07,,
step_50,30,2024-10-14,,
step_50,30,2024-10-21,,
step_50,30,2024-10-28,,
step_50,30,2024-11-04,,
step_50,31,2023-01-30,,
step_50,31,2023-02-06,8.0,8.0
step_50,31,2023-02-13,7.0,7.0
step_50,31,2023-02-20,6.0,6.0
step_50,31,2023-02-27,5.0,5.0
step_50,31,2023-03-06,4.0,4.0
step_50,31,2023-03-13,3.0,3.0
step_50,31,2023-03-20,2.0,2.0
step_50,31,2023-03-27,1.0,1.0
step_50,31,2023-04-03,,
step_50,31,2023-04-10,,
step_50,31,2023-04-17,,
step_50,31,2023-04-24,,
step_50,31,2023-05-01,,
step_50,31,2023-05-08,,
step_50,31,2023-05-15,,
step_50,31,2023-05-22,,
step_50,31,2023-05-29,8.0,
step_50,31,2023-06-05,6.0,
step_50,31,2023-06-12,5.0,
step_50,31,2023-06-19,4.0,
step_50,31,2023-06-26,,
step_50,31,2023-07-03,,2.0
step_50,31,2023-07-10,,1.0
step_50,31,2023-07-17,,
step_50,31,2023-07-24,,
step_50,31,2023-07-31,,8.0
step_50,31,2023-08-07,,7.0
step_50,31,2023-08-14,,6.0
step_50,31,2023-08-21,,5.0
step_50,31,2023-08-28,,4.0
step_50,31,2023-09-04,,3.0
step_50,31,2023-09-11,,2.0
step_50,31,2023-09-18,3.0,1.0
step_50,31,2023-09-25,,
step_50,31,2023-10-02,,
step_50,31,2023-10-09,,
step_50,31,2023-10-16,,
step_50,31,2023-10-23,,
step_50,31,2023-10-30,,
step_50,31,2023-11-06,,
step_50,31,2023-11-13,,
step_50,31,2023-11-20,,
step_50,31,2023-11-27,,
step_50,31,2023-12-04,,
step_50,31,2023-12-11,,
step_50,31,2023-12-18,,8.0
step_50,31,2023-12-25,,7.0
step_50,31,2024-01-01,,6.0
step_50,31,2024-01-08,,5.0
step_50,31,2024-01-15,8.0,4.0
step_50,31,2024-01-22,7.0,3.0
step_50,31,2024-01-29,3.0,2.0
step_50,31,2024-02-05,1.0,1.0
step_50,31,2024-02-12,8.0,
step_50,31,2024-02-19,,
step_50,31,2024-02-26,4.0,2.0
step_50,31,2024-03-04,3.0,1.0
step_50,31,2024-03-11,,
step_50,31,2024-03-18,,
step_50,31,2024-03-25,,
step_50,31,2024-04-01,,
step_50,31,2024-04-08,,
step_50,31,2024-04-15,,
step_50,31,2024-04-22,,
step_50,31,2024-04-29,,
step_50,31,2024-05-06,,
step_50,31,2024-05-13,,
step_50,31,2024-05-20,,
step_50,31,2024-05-27,,
step_50,31,2024-06-03,,
step_50,31,2024-06-10,,
step_50,31,2024-06-17,,
step_50,31,2024-06-24,,
step_50,31,2024-07-01,,
step_50,31,2024-07-08,,
step_50,31,2024-07-15,,
step_50,31,2024-07-22,,
step_50,31,2024-07-29,,
step_50,31,2024-08-05,,
step_50,31,2024-08-12,,
step_50,31,2024-08-19,,
step_50,31,2024-08-26,,
step_50,31,2024-09-02,,
step_50,31,2024-09-09,,
step_50,31,2024-09-16,,
step_50,31,2024-09-23,,
step_50,31,2024-10-07,,
step_50,31,2024-10-14,,
step_50,31,2024-10-21,,
step_50,31,2024-10-28,,
step_50,31,2024-11-04,,
step_50,32,2023-01-30,,
step_50,32,2023-02-06,,
step_50,32,2023-02-13,,
step_50,32,2023-02-20,,
step_50,32,2023-02-27,,
step_50,32,2023-03-06,,
step_50,32,2023-03-13,,
step_50,32,2023-03-20,,
step_50,32,2023-03-27,,
step_50,32,2023-04-03,,
step_50,32,2023-04-10,,
step_50,32,2023-04-17,8.0,8.0
step_50,32,2023-04-24,6.0,7.0
step_50,32,2023-05-01,4.0,6.0
step_50,32,2023-05-08,3.0,5.0
step_50,32,2023-05-15,3.0,4.0
step_50,32,2023-05-22,3.0,3.0
step_50,32,2023-05-29,2.0,2.0
step_50,32,2023-06-05,1.0,1.0
step_50,32,2023-06-12,,
step_50,32,2023-06-19,,
step_50,32,2023-06-26,,
step_50,32,2023-07-03,,
step_50,32,2023-07-10,,
step_50,32,2023-07-17,,
step_50,32,2023-07-24,,
step_50,32,2023-07-31,,
step_50,32,2023-08-07,,
step_50,32,2023-08-14,,
step_50,32,2023-08-21,,
step_50,32,2023-08-28,3.0,1.0
step_50,32,2023-09-04,,
step_50,32,2023-09-11,,
step_50,32,2023-09-18,,
step_50,32,2023-09-25,,
step_50,32,2023-10-02,,4.0
step_50,32,2023-10-09,3.0,3.0
step_50,32,2023-10-16,2.0,2.0
step_50,32,2023-10-23,7.0,1.0
step_50,32,2023-10-30,,
step_50,32,2023-11-06,,
step_50,32,2023-11-13,,
step_50,32,2023-11-20,,
step_50,32,2023-11-27,,
step_50,32,2023-12-04,,
step_50,32,2023-12-11,,
step_50,32,2023-12-18,,
step_50,32,2023-12-25,,
step_50,32,2024-01-01,,
step_50,32,2024-01-08,,
step_50,32,2024-01-15,,
step_50,32,2024-01-22,8.0,
step_50,32,2024-01-29,7.0,
step_50,32,2024-02-05,6.0,
step_50,32,2024-02-12,4.0,
step_50,32,2024-02-19,3.0,1.0
step_50,32,2024-02-26,3.0,
step_50,32,2024-03-04,3.0,1.0
step_50,32,2024-03-11,2.0,
step_50,32,2024-03-18,,1.0
step_50,32,2024-03-25,,
step_50,32,2024-04-01,,
step_50,32,2024-04-08,,
step_50,32,2024-04-15,,
step_50,32,2024-04-22,,
step_50,32,2024-04-29,,
step_50,32,2024-05-06,,
step_50,32,2024-05-13,,
step_50,32,2024-05-20,,
step_50,32,2024-05-27,,
step_50,32,2024-06-03,,
step_50,32,2024-06-10,,
step_50,32,2024-06-17,,
step_50,32,2024-06-24,,
step_50,32,2024-07-01,,
step_50,32,2024-07-08,,
step_50,32,2024-07-15,,
step_50,32,2024-07-22,,
step_50,32,2024-07-29,,
step_50,32,2024-08-05,,
step_50,32,2024-08-12,,
step_50,32,2024-08-19,,1.0
step_50,32,2024-08-26,,
step_50,32,2024-09-02,,
step_50,32,2024-09-09,,
step_50,32,2024-09-16,,
step_50,32,2024-09-23,,
step_50,32,2024-10-07,,
step_50,32,2024-10-14,,
step_50,32,2024-10-21,,
step_50,32,2024-10-28,,8.0
step_50,32,2024-11-04,8.0,7.0
step_50,33,2023-01-30,,
step_50,33,2023-02-06,,
step_50,33,2023-02-13,,
step_50,33,2023-02-20,,
step_50,33,2023-02-27,,
step_50,33,2023-03-06,,
step_50,33,2023-03-13,,
step_50,33,2023-03-20,,
step_50,33,2023-03-27,,
step_50,33,2023-04-03,,
step_50,33,2023-04-10,,
step_50,33,2023-04-17,8.0,
step_50,33,2023-04-24,7.0,
step_50,33,2023-05-01,5.0,2.0
step_50,33,2023-05-08,4.0,1.0
step_50,33,2023-05-15,,
step_50,33,2023-05-22,,
step_50,33,2023-05-29,,
step_50,33,2023-06-05,,
step_50,33,2023-06-12,,
step_50,33,2023-06-19,,
step_50,33,2023-06-26,,
step_50,33,2023-07-03,,
step_50,33,2023-07-10,,
step_50,33,2023-07-17,,
step_50,33,2023-07-24,,
step_50,33,2023-07-31,,
step_50,33,2023-08-07,,
step_50,33,2023-08-14,,
step_50,33,2023-08-21,,
step_50,33,2023-08-28,,
step_50,33,2023-09-04,,
step_50,33,2023-09-11,,
step_50,33,2023-09-18,,
step_50,33,2023-09-25,,
step_50,33,2023-10-02,,
step_50,33,2023-10-09,,
step_50,33,2023-10-16,,
step_50,33,2023-10-23,,
step_50,33,2023-10-30,,
step_50,33,2023-11-06,,3.0
step_50,33,2023-11-13,,2.0
step_50,33,2023-11-20,,1.0
step_50,33,2023-11-27,,
step_50,33,2023-12-04,,
step_50,33,2023-12-11,,
step_50,33,2023-12-18,,
step_50,33,2023-12-25,,
step_50,33,2024-01-01,,
step_50,33,2024-01-08,,1.0
step_50,33,2024-01-15,,8.0
step_50,33,2024-01-22,7.0,7.0
step_50,33,2024-01-29,6.0,6.0
step_50,33,2024-02-05,5.0,1.0
step_50,33,2024-02-12,5.0,4.0
step_50,33,2024-02-19,4.0,3.0
step_50,33,2024-02-26,3.0,2.0
step_50,33,2024-03-04,2.0,1.0
step_50,33,2024-03-11,,1.0
step_50,33,2024-03-18,,
step_50,33,2024-03-25,,
step_50,33,2024-04-01,,
step_50,33,2024-04-08,,
step_50,33,2024-04-15,,
step_50,33,2024-04-22,,
step_50,33,2024-04-29,,
step_50,33,2024-05-06,,
step_50,33,2024-05-13,,
step_50,33,2024-05-20,4.0,
step_50,33,2024-05-27,,1.0
step_50,33,2024-06-03,,
step_50,33,2024-06-10,,
step_50,33,2024-06-17,,
step_50,33,2024-06-24,,
step_50,33,2024-07-01,,
step_50,33,2024-07-08,,
step_50,33,2024-07-15,,
step_50,33,2024-07-22,,
step_50,33,2024-07-29,,
step_50,33,2024-08-05,,
step_50,33,2024-08-12,,
step_50,33,2024-08-19,,
step_50,33,2024-08-26,,
step_50,33,2024-09-02,,
step_50,33,2024-09-09,,
step_50,33,2024-09-16,,
step_50,33,2024-09-23,,
step_50,33,2024-10-07,,
step_50,33,2024-10-14,,
step_50,33,2024-10-21,,
step_50,33,2024-10-28,,
step_50,33,2024-11-04,,
step_50,34,2023-01-30,,
step_50,34,2023-02-06,,
step_50,34,2023-02-13,,3.0
step_50,34,2023-02-20,,2.0
step_50,34,2023-02-27,,1.0
step_50,34,2023-03-06,,7.0
step_50,34,2023-03-13,,6.0
step_50,34,2023-03-20,,5.0
step_50,34,2023-03-27,,4.0
step_50,34,2023-04-03,3.0,3.0
step_50,34,2023-04-10,,2.0
step_50,34,2023-04-17,,1.0
step_50,34,2023-04-24,3.0,3.0
step_50,34,2023-05-01,2.0,2.0
step_50,34,2023-05-08,1.0,1.0
step_50,34,2023-05-15,,
step_50,34,2023-05-22,,
step_50,34,2023-05-29,,
step_50,34,2023-06-05,,
step_50,34,2023-06-12,,
step_50,34,2023-06-19,,
step_50,34,2023-06-26,,
step_50,34,2023-07-03,,
step_50,34,2023-07-10,,
step_50,34,2023-07-17,,
step_50,34,2023-07-24,,
step_50,34,2023-07-31,,
step_50,34,2023-08-07,,
step_50,34,2023-08-14,,
step_50,34,2023-08-21,,
step_50,34,2023-08-28,,
step_50,34,2023-09-04,,
step_50,34,2023-09-11,,
step_50,34,2023-09-18,,
step_50,34,2023-09-25,,
step_50,34,2023-10-02,,
step_50,34,2023-10-09,,
step_50,34,2023-10-16,,
step_50,34,2023-10-23,,
step_50,34,2023-10-30,,
step_50,34,2023-11-06,,
step_50,34,2023-11-13,,
step_50,34,2023-11-20,,
step_50,34,2023-11-27,,
step_50,34,2023-12-04,,1.0
step_50,34,2023-12-11,,
step_50,34,2023-12-18,,
step_50,34,2023-12-25,,
step_50,34,2024-01-01,,
step_50,34,2024-01-08,,
step_50,34,2024-01-15,5.0,
step_50,34,2024-01-22,4.0,
step_50,34,2024-01-29,3.0,
step_50,34,2024-02-05,,1.0
step_50,34,2024-02-12,,
step_50,34,2024-02-19,,
step_50,34,2024-02-26,,
step_50,34,2024-03-04,,
step_50,34,2024-03-11,,
step_50,34,2024-03-18,,
step_50,34,2024-03-25,,
step_50,34,2024-04-01,,
step_50,34,2024-04-08,,
step_50,34,2024-04-15,,
step_50,34,2024-04-22,,
step_50,34,2024-04-29,,
step_50,34,2024-05-06,,
step_50,34,2024-05-13,,
step_50,34,2024-05-20,,
step_50,34,2024-05-27,,
step_50,34,2024-06-03,,
step_50,34,2024-06-10,,
step_50,34,2024-06-17,,
step_50,34,2024-06-24,,
step_50,34,2024-07-01,,
step_50,34,2024-07-08,,
step_50,34,2024-07-15,,
step_50,34,2024-07-22,,
step_50,34,2024-07-29,,
step_50,34,2024-08-05,,
step_50,34,2024-08-12,,
step_50,34,2024-08-19,,
step_50,34,2024-08-26,,
step_50,34,2024-09-02,,
step_50,34,2024-09-09,,
step_50,34,2024-09-16,,
step_50,34,2024-09-23,,
step_50,34,2024-10-07,,
step_50,34,2024-10-14,,
step_50,34,2024-10-21,,
step_50,34,2024-10-28,,
step_50,34,2024-11-04,,
step_50,35,2023-01-30,3.0,2.0
step_50,35,2023-02-06,2.0,1.0
step_50,35,2023-02-13,1.0,1.0
step_50,35,2023-02-20,,
step_50,35,2023-02-27,,
step_50,35,2023-03-06,,8.0
step_50,35,2023-03-13,,7.0
step_50,35,2023-03-20,,6.0
step_50,35,2023-03-27,,5.0
step_50,35,2023-04-03,,4.0
step_50,35,2023-04-10,3.0,3.0
step_50,35,2023-04-17,2.0,2.0
step_50,35,2023-04-24,1.0,1.0
step_50,35,2023-05-01,8.0,7.0
step_50,35,2023-05-08,7.0,6.0
step_50,35,2023-05-15,6.0,5.0
step_50,35,2023-05-22,5.0,4.0
step_50,35,2023-05-29,4.0,3.0
step_50,35,2023-06-05,3.0,2.0
step_50,35,2023-06-12,2.0,1.0
step_50,35,2023-06-19,7.0,1.0
step_50,35,2023-06-26,6.0,6.0
step_50,35,2023-07-03,5.0,5.0
step_50,35,2023-07-10,4.0,1.0
step_50,35,2023-07-17,3.0,3.0
step_50,35,2023-07-24,2.0,2.0
step_50,35,2023-07-31,1.0,1.0
step_50,35,2023-08-07,,
step_50,35,2023-08-14,,
step_50,35,2023-08-21,,
step_50,35,2023-08-28,,1.0
step_50,35,2023-09-04,,
step_50,35,2023-09-11,,
step_50,35,2023-09-18,,
step_50,35,2023-09-25,,
step_50,35,2023-10-02,,
step_50,35,2023-10-09,,
step_50,35,2023-10-16,,
step_50,35,2023-10-23,,
step_50,35,2023-10-30,,
step_50,35,2023-11-06,,
step_50,35,2023-11-13,,
step_50,35,2023-11-20,,
step_50,35,2023-11-27,,
step_50,35,2023-12-04,,
step_50,35,2023-12-11,,
step_50,35,2023-12-18,,1.0
step_50,35,2023-12-25,,
step_50,35,2024-01-01,,
step_50,35,2024-01-08,,
step_50,35,2024-01-15,,
step_50,35,2024-01-22,,
step_50,35,2024-01-29,,
step_50,35,2024-02-05,,
step_50,35,2024-02-12,,
step_50,35,2024-02-19,,
step_50,35,2024-02-26,,
step_50,35,2024-03-04,,
step_50,35,2024-03-11,,
step_50,35,2024-03-18,,
step_50,35,2024-03-25,,
step_50,35,2024-04-01,,
step_50,35,2024-04-08,,
step_50,35,2024-04-15,,
step_50,35,2024-04-22,,
step_50,35,2024-04-29,,1.0
step_50,35,2024-05-06,,
step_50,35,2024-05-13,,
step_50,35,2024-05-20,,
step_50,35,2024-05-27,,
step_50,35,2024-06-03,,
step_50,35,2024-06-10,,
step_50,35,2024-06-17,,
step_50,35,2024-06-24,,
step_50,35,2024-07-01,,
step_50,35,2024-07-08,,
step_50,35,2024-07-15,,
step_50,35,2024-07-22,,
step_50,35,2024-07-29,,
step_50,35,2024-08-05,,
step_50,35,2024-08-12,,
step_50,35,2024-08-19,,
step_50,35,2024-08-26,,
step_50,35,2024-09-02,,
step_50,35,2024-09-09,,
step_50,35,2024-09-16,,
step_50,35,2024-09-23,,
step_50,35,2024-10-07,,
step_50,35,2024-10-14,,1.0
step_50,35,2024-10-21,,
step_50,35,2024-10-28,,
step_50,35,2024-11-04,,
step_50,36,2023-01-30,1.0,1.0
step_50,36,2023-02-06,,1.0
step_50,36,2023-02-13,,
step_50,36,2023-02-20,,
step_50,36,2023-02-27,,
step_50,36,2023-03-06,,
step_50,36,2023-03-13,,
step_50,36,2023-03-20,,
step_50,36,2023-03-27,,
step_50,36,2023-04-03,,
step_50,36,2023-04-10,,
step_50,36,2023-04-17,,2.0
step_50,36,2023-04-24,2.0,1.0
step_50,36,2023-05-01,,
step_50,36,2023-05-08,,
step_50,36,2023-05-15,4.0,8.0
step_50,36,2023-05-22,3.0,7.0
step_50,36,2023-05-29,2.0,1.0
step_50,36,2023-06-05,2.0,1.0
step_50,36,2023-06-12,,4.0
step_50,36,2023-06-19,,3.0
step_50,36,2023-06-26,2.0,2.0
step_50,36,2023-07-03,1.0,1.0
step_50,36,2023-07-10,,
step_50,36,2023-07-17,,
step_50,36,2023-07-24,,
step_50,36,2023-07-31,,
step_50,36,2023-08-07,,1.0
step_50,36,2023-08-14,,
step_50,36,2023-08-21,,3.0
step_50,36,2023-08-28,2.0,2.0
step_50,36,2023-09-04,1.0,1.0
step_50,36,2023-09-11,,
step_50,36,2023-09-18,,
step_50,36,2023-09-25,,1.0
step_50,36,2023-10-02,,
step_50,36,2023-10-09,,
step_50,36,2023-10-16,,1.0
step_50,36,2023-10-23,8.0,8.0
step_50,36,2023-10-30,7.0,7.0
step_50,36,2023-11-06,2.0,1.0
step_50,36,2023-11-13,5.0,1.0
step_50,36,2023-11-20,4.0,4.0
step_50,36,2023-11-27,3.0,1.0
step_50,36,2023-12-04,2.0,1.0
step_50,36,2023-12-11,1.0,1.0
step_50,36,2023-12-18,1.0,1.0
step_50,36,2023-12-25,4.0,1.0
step_50,36,2024-01-01,,
step_50,36,2024-01-08,,
step_50,36,2024-01-15,,1.0
step_50,36,2024-01-22,,
step_50,36,2024-01-29,,
step_50,36,2024-02-05,,
step_50,36,2024-02-12,,
step_50,36,2024-02-19,,
step_50,36,2024-02-26,,
step_50,36,2024-03-04,,
step_50,36,2024-03-11,,
step_50,36,2024-03-18,,
step_50,36,2024-03-25,,
step_50,36,2024-04-01,,
step_50,36,2024-04-08,,
step_50,36,2024-04-15,,
step_50,36,2024-04-22,,
step_50,36,2024-04-29,,
step_50,36,2024-05-06,,
step_50,36,2024-05-13,,1.0
step_50,36,2024-05-20,,
step_50,36,2024-05-27,,
step_50,36,2024-06-03,3.0,
step_50,36,2024-06-10,2.0,1.0
step_50,36,2024-06-17,,1.0
step_50,36,2024-06-24,,
step_50,36,2024-07-01,,
step_50,36,2024-07-08,,
step_50,36,2024-07-15,,
step_50,36,2024-07-22,,1.0
step_50,36,2024-07-29,,1.0
step_50,36,2024-08-05,,
step_50,36,2024-08-12,,
step_50,36,2024-08-19,2.0,1.0
step_50,36,2024-08-26,,
step_50,36,2024-09-02,,
step_50,36,2024-09-09,,
step_50,36,2024-09-16,,
step_50,36,2024-09-23,,1.0
step_50,36,2024-10-07,,
step_50,36,2024-10-14,,
step_50,36,2024-10-21,,
step_50,36,2024-10-28,,1.0
step_50,36,2024-11-04,,
step_50,37,2023-01-30,,1.0
step_50,37,2023-02-06,,
step_50,37,2023-02-13,5.0,4.0
step_50,37,2023-02-20,4.0,3.0
step_50,37,2023-02-27,3.0,2.0
step_50,37,2023-03-06,2.0,1.0
step_50,37,2023-03-13,,1.0
step_50,37,2023-03-20,,7.0
step_50,37,2023-03-27,,6.0
step_50,37,2023-04-03,,5.0
step_50,37,2023-04-10,,4.0
step_50,37,2023-04-17,,3.0
step_50,37,2023-04-24,,2.0
step_50,37,2023-05-01,1.0,1.0
step_50,37,2023-05-08,,
step_50,37,2023-05-15,,
step_50,37,2023-05-22,,
step_50,37,2023-05-29,,
step_50,37,2023-06-05,,
step_50,37,2023-06-12,,
step_50,37,2023-06-19,,
step_50,37,2023-06-26,,
step_50,37,2023-07-03,,
step_50,37,2023-07-10,,
step_50,37,2023-07-17,,
step_50,37,2023-07-24,,
step_50,37,2023-07-31,,
step_50,37,2023-08-07,,
step_50,37,2023-08-14,,
step_50,37,2023-08-21,,
step_50,37,2023-08-28,,
step_50,37,2023-09-04,,
step_50,37,2023-09-11,,
step_50,37,2023-09-18,,
step_50,37,2023-09-25,,
step_50,37,2023-10-02,,
step_50,37,2023-10-09,,
step_50,37,2023-10-16,,
step_50,37,2023-10-23,,
step_50,37,2023-10-30,,
step_50,37,2023-11-06,,
step_50,37,2023-11-13,,
step_50,37,2023-11-20,8.0,8.0
step_50,37,2023-11-27,7.0,7.0
step_50,37,2023-12-04,6.0,6.0
step_50,37,2023-12-11,5.0,5.0
step_50,37,2023-12-18,4.0,4.0
step_50,37,2023-12-25,3.0,3.0
step_50,37,2024-01-01,2.0,2.0
step_50,37,2024-01-08,8.0,1.0
step_50,37,2024-01-15,5.0,
step_50,37,2024-01-22,4.0,
step_50,37,2024-01-29,3.0,
step_50,37,2024-02-05,2.0,
step_50,37,2024-02-12,,1.0
step_50,37,2024-02-19,,
step_50,37,2024-02-26,,
step_50,37,2024-03-04,,
step_50,37,2024-03-11,,
step_50,37,2024-03-18,,
step_50,37,2024-03-25,,
step_50,37,2024-04-01,,
step_50,37,2024-04-08,,
step_50,37,2024-04-15,4.0,
step_50,37,2024-04-22,,1.0
step_50,37,2024-04-29,,
step_50,37,2024-05-06,,
step_50,37,2024-05-13,,
step_50,37,2024-05-20,,
step_50,37,2024-05-27,,
step_50,37,2024-06-03,,
step_50,37,2024-06-10,,
step_50,37,2024-06-17,,
step_50,37,2024-06-24,,
step_50,37,2024-07-01,,
step_50,37,2024-07-08,,
step_50,37,2024-07-15,,
step_50,37,2024-07-22,,
step_50,37,2024-07-29,,
step_50,37,2024-08-05,,
step_50,37,2024-08-12,,
step_50,37,2024-08-19,,
step_50,37,2024-08-26,,
step_50,37,2024-09-02,,
step_50,37,2024-09-09,,
step_50,37,2024-09-16,,
step_50,37,2024-09-23,,
step_50,37,2024-10-07,,
step_50,37,2024-10-14,,
step_50,37,2024-10-21,,
step_50,37,2024-10-28,,
step_50,37,2024-11-04,,
step_50,38,2023-01-30,1.0,1.0
step_50,38,2023-02-06,,2.0
step_50,38,2023-02-13,2.0,1.0
step_50,38,2023-02-20,,
step_50,38,2023-02-27,,
step_50,38,2023-03-06,,
step_50,38,2023-03-13,,
step_50,38,2023-03-20,,
step_50,38,2023-03-27,,
step_50,38,2023-04-03,,
step_50,38,2023-04-10,,
step_50,38,2023-04-17,,
step_50,38,2023-04-24,,
step_50,38,2023-05-01,,
step_50,38,2023-05-08,,1.0
step_50,38,2023-05-15,,
step_50,38,2023-05-22,,
step_50,38,2023-05-29,,
step_50,38,2023-06-05,8.0,
step_50,38,2023-06-12,7.0,
step_50,38,2023-06-19,5.0,
step_50,38,2023-06-26,4.0,
step_50,38,2023-07-03,4.0,
step_50,38,2023-07-10,3.0,
step_50,38,2023-07-17,2.0,1.0
step_50,38,2023-07-24,,1.0
step_50,38,2023-07-31,,
step_50,38,2023-08-07,,
step_50,38,2023-08-14,,
step_50,38,2023-08-21,,
step_50,38,2023-08-28,,1.0
step_50,38,2023-09-04,,
step_50,38,2023-09-11,,
step_50,38,2023-09-18,,
step_50,38,2023-09-25,,
step_50,38,2023-10-02,,
step_50,38,2023-10-09,,
step_50,38,2023-10-16,,
step_50,38,2023-10-23,,
step_50,38,2023-10-30,,
step_50,38,2023-11-06,,
step_50,38,2023-11-13,,
step_50,38,2023-11-20,,
step_50,38,2023-11-27,,
step_50,38,2023-12-04,3.0,1.0
step_50,38,2023-12-11,,
step_50,38,2023-12-18,,
step_50,38,2023-12-25,,
step_50,38,2024-01-01,,
step_50,38,2024-01-08,,
step_50,38,2024-01-15,5.0,
step_50,38,2024-01-22,4.0,1.0
step_50,38,2024-01-29,,
step_50,38,2024-02-05,,
step_50,38,2024-02-12,,
step_50,38,2024-02-19,,3.0
step_50,38,2024-02-26,,2.0
step_50,38,2024-03-04,3.0,1.0
step_50,38,2024-03-11,,
step_50,38,2024-03-18,,
step_50,38,2024-03-25,,
step_50,38,2024-04-01,,
step_50,38,2024-04-08,,
step_50,38,2024-04-15,,
step_50,38,2024-04-22,,
step_50,38,2024-04-29,,
step_50,38,2024-05-06,,
step_50,38,2024-05-13,,
step_50,38,2024-05-20,,
step_50,38,2024-05-27,,
step_50,38,2024-06-03,,
step_50,38,2024-06-10,,
step_50,38,2024-06-17,,
step_50,38,2024-06-24,,
step_50,38,2024-07-01,,
step_50,38,2024-07-08,,
step_50,38,2024-07-15,,
step_50,38,2024-07-22,,
step_50,38,2024-07-29,,
step_50,38,2024-08-05,,
step_50,38,2024-08-12,,
step_50,38,2024-08-19,,
step_50,38,2024-08-26,,
step_50,38,2024-09-02,,
step_50,38,2024-09-09,,
step_50,38,2024-09-16,,
step_50,38,2024-09-23,,
step_50,38,2024-10-07,,
step_50,38,2024-10-14,,
step_50,38,2024-10-21,,
step_50,38,2024-10-28,,
step_50,38,2024-11-04,,
step_50,39,2023-01-30,,3.0
step_50,39,2023-02-06,2.0,2.0
step_50,39,2023-02-13,,1.0
step_50,39,2023-02-20,,
step_50,39,2023-02-27,,
step_50,39,2023-03-06,,
step_50,39,2023-03-13,,1.0
step_50,39,2023-03-20,,8.0
step_50,39,2023-03-27,,7.0
step_50,39,2023-04-03,,6.0
step_50,39,2023-04-10,,5.0
step_50,39,2023-04-17,,4.0
step_50,39,2023-04-24,,3.0
step_50,39,2023-05-01,2.0,2.0
step_50,39,2023-05-08,1.0,1.0
step_50,39,2023-05-15,8.0,7.0
step_50,39,2023-05-22,7.0,1.0
step_50,39,2023-05-29,6.0,5.0
step_50,39,2023-06-05,5.0,4.0
step_50,39,2023-06-12,3.0,3.0
step_50,39,2023-06-19,2.0,2.0
step_50,39,2023-06-26,1.0,1.0
step_50,39,2023-07-03,2.0,1.0
step_50,39,2023-07-10,4.0,1.0
step_50,39,2023-07-17,,3.0
step_50,39,2023-07-24,2.0,2.0
step_50,39,2023-07-31,1.0,1.0
step_50,39,2023-08-07,,
step_50,39,2023-08-14,,
step_50,39,2023-08-21,,
step_50,39,2023-08-28,,
step_50,39,2023-09-04,,
step_50,39,2023-09-11,,
step_50,39,2023-09-18,,
step_50,39,2023-09-25,,
step_50,39,2023-10-02,,
step_50,39,2023-10-09,,
step_50,39,2023-10-16,,
step_50,39,2023-10-23,,
step_50,39,2023-10-30,,
step_50,39,2023-11-06,,
step_50,39,2023-11-13,,
step_50,39,2023-11-20,,
step_50,39,2023-11-27,,
step_50,39,2023-12-04,,
step_50,39,2023-12-11,,
step_50,39,2023-12-18,,
step_50,39,2023-12-25,,
step_50,39,2024-01-01,,
step_50,39,2024-01-08,,
step_50,39,2024-01-15,,
step_50,39,2024-01-22,,
step_50,39,2024-01-29,,
step_50,39,2024-02-05,,
step_50,39,2024-02-12,,
step_50,39,2024-02-19,,
step_50,39,2024-02-26,,
step_50,39,2024-03-04,8.0,3.0
step_50,39,2024-03-11,3.0,2.0
step_50,39,2024-03-18,2.0,1.0
step_50,39,2024-03-25,6.0,1.0
step_50,39,2024-04-01,5.0,
step_50,39,2024-04-08,4.0,
step_50,39,2024-04-15,3.0,2.0
step_50,39,2024-04-22,2.0,1.0
step_50,39,2024-04-29,,1.0
step_50,39,2024-05-06,,
step_50,39,2024-05-13,,
step_50,39,2024-05-20,,
step_50,39,2024-05-27,,
step_50,39,2024-06-03,,
step_50,39,2024-06-10,,
step_50,39,2024-06-17,,
step_50,39,2024-06-24,,
step_50,39,2024-07-01,,
step_50,39,2024-07-08,,
step_50,39,2024-07-15,,
step_50,39,2024-07-22,,
step_50,39,2024-07-29,,
step_50,39,2024-08-05,,
step_50,39,2024-08-12,,
step_50,39,2024-08-19,,
step_50,39,2024-08-26,,
step_50,39,2024-09-02,,
step_50,39,2024-09-09,,
step_50,39,2024-09-16,,
step_50,39,2024-09-23,,
step_50,39,2024-10-07,,
step_50,39,2024-10-14,,
step_50,39,2024-10-21,,
step_50,39,2024-10-28,,
step_50,39,2024-11-04,,
step_100,0,2023-01-30,,
step_100,0,2023-02-06,4.0,
step_100,0,2023-02-13,3.0,
step_100,0,2023-02-20,2.0,1.0
step_100,0,2023-02-27,,1.0
step_100,0,2023-03-06,,
step_100,0,2023-03-13,,
step_100,0,2023-03-20,,
step_100,0,2023-03-27,,
step_100,0,2023-04-03,,
step_100,0,2023-04-10,,
step_100,0,2023-04-17,,
step_100,0,2023-04-24,,
step_100,0,2023-05-01,,
step_100,0,2023-05-08,,1.0
step_100,0,2023-05-15,,
step_100,0,2023-05-22,,
step_100,0,2023-05-29,,
step_100,0,2023-06-05,,
step_100,0,2023-06-12,,
step_100,0,2023-06-19,,
step_100,0,2023-06-26,,
step_100,0,2023-07-03,,
step_100,0,2023-07-10,,
step_100,0,2023-07-17,,
step_100,0,2023-07-24,,
step_100,0,2023-07-31,,
step_100,0,2023-08-07,,
step_100,0,2023-08-14,,
step_100,0,2023-08-21,,1.0
step_100,0,2023-08-28,,
step_100,0,2023-09-04,,
step_100,0,2023-09-11,,
step_100,0,2023-09-18,,1.0
step_100,0,2023-09-25,,
step_100,0,2023-10-02,,
step_100,0,2023-10-09,,
step_100,0,2023-10-16,,
step_100,0,2023-10-23,8.0,8.0
step_100,0,2023-10-30,7.0,7.0
step_100,0,2023-11-06,6.0,6.0
step_100,0,2023-11-13,5.0,5.0
step_100,0,2023-11-20,4.0,4.0
step_100,0,2023-11-27,3.0,3.0
step_100,0,2023-12-04,2.0,2.0
step_100,0,2023-12-11,1.0,1.0
step_100,0,2023-12-18,,
step_100,0,2023-12-25,,1.0
step_100,0,2024-01-01,,
step_100,0,2024-01-08,,
step_100,0,2024-01-15,,
step_100,0,2024-01-22,,8.0
step_100,0,2024-01-29,,7.0
step_100,0,2024-02-05,,6.0
step_100,0,2024-02-12,,5.0
step_100,0,2024-02-19,5.0,4.0
step_100,0,2024-02-26,4.0,3.0
step_100,0,2024-03-04,2.0,2.0
step_100,0,2024-03-11,1.0,1.0
step_100,0,2024-03-18,,
step_100,0,2024-03-25,,
step_100,0,2024-04-01,,1.0
step_100,0,2024-04-08,,
step_100,0,2024-04-15,,
step_100,0,2024-04-22,,
step_100,0,2024-04-29,,
step_100,0,2024-05-06,,
step_100,0,2024-05-13,,
step_100,0,2024-05-20,,
step_100,0,2024-05-27,,
step_100,0,2024-06-03,,3.0
step_100,0,2024-06-10,,2.0
step_100,0,2024-06-17,,1.0
step_100,0,2024-06-24,,
step_100,0,2024-07-01,,
step_100,0,2024-07-08,,
step_100,0,2024-07-15,,2.0
step_100,0,2024-07-22,,1.0
step_100,0,2024-07-29,,
step_100,0,2024-08-05,,
step_100,0,2024-08-12,,
step_100,0,2024-08-19,,
step_100,0,2024-08-26,,
step_100,0,2024-09-02,,
step_100,0,2024-09-09,,
step_100,0,2024-09-16,,
step_100,0,2024-09-23,4.0,
step_100,0,2024-10-07,3.0,1.0
step_100,0,2024-10-14,,
step_100,0,2024-10-21,,
step_100,0,2024-10-28,5.0,
step_100,0,2024-11-04,4.0,
step_100,1,2023-01-30,2.0,1.0
step_100,1,2023-02-06,,
step_100,1,2023-02-13,,2.0
step_100,1,2023-02-20,,1.0
step_100,1,2023-02-27,,
step_100,1,2023-03-06,,
step_100,1,2023-03-13,2.0,1.0
step_100,1,2023-03-20,8.0,1.0
step_100,1,2023-03-27,7.0,7.0
step_100,1,2023-04-03,5.0,6.0
step_100,1,2023-04-10,4.0,5.0
step_100,1,2023-04-17,3.0,2.0
step_100,1,2023-04-24,2.0,1.0
step_100,1,2023-05-01,2.0,1.0
step_100,1,2023-05-08,1.0,1.0
step_100,1,2023-05-15,1.0,1.0
step_100,1,2023-05-22,,
step_100,1,2023-05-29,,
step_100,1,2023-06-05,,
step_100,1,2023-06-12,,
step_100,1,2023-06-19,,
step_100,1,2023-06-26,5.0,
step_100,1,2023-07-03,4.0,
step_100,1,2023-07-10,3.0,
step_100,1,2023-07-17,2.0,1.0
step_100,1,2023-07-24,,1.0
step_100,1,2023-07-31,,
step_100,1,2023-08-07,,
step_100,1,2023-08-14,,
step_100,1,2023-08-21,,
step_100,1,2023-08-28,,
step_100,1,2023-09-04,,
step_100,1,2023-09-11,,
step_100,1,2023-09-18,,
step_100,1,2023-09-25,,
step_100,1,2023-10-02,,
step_100,1,2023-10-09,,1.0
step_100,1,2023-10-16,,
step_100,1,2023-10-23,,
step_100,1,2023-10-30,,
step_100,1,2023-11-06,,
step_100,1,2023-11-13,,
step_100,1,2023-11-20,,
step_100,1,2023-11-27,,
step_100,1,2023-12-04,,
step_100,1,2023-12-11,,
step_100,1,2023-12-18,,1.0
step_100,1,2023-12-25,,
step_100,1,2024-01-01,,
step_100,1,2024-01-08,,
step_100,1,2024-01-15,,
step_100,1,2024-01-22,,
step_100,1,2024-01-29,,
step_100,1,2024-02-05,,
step_100,1,2024-02-12,,
step_100,1,2024-02-19,,
step_100,1,2024-02-26,,
step_100,1,2024-03-04,,
step_100,1,2024-03-11,,
step_100,1,2024-03-18,,
step_100,1,2024-03-25,,
step_100,1,2024-04-01,8.0,
step_100,1,2024-04-08,7.0,
step_100,1,2024-04-15,4.0,
step_100,1,2024-04-22,3.0,
step_100,1,2024-04-29,2.0,1.0
step_100,1,2024-05-06,2.0,1.0
step_100,1,2024-05-13,4.0,
step_100,1,2024-05-20,,1.0
step_100,1,2024-05-27,,
step_100,1,2024-06-03,,
step_100,1,2024-06-10,,
step_100,1,2024-06-17,,
step_100,1,2024-06-24,,
step_100,1,2024-07-01,,
step_100,1,2024-07-08,,
step_100,1,2024-07-15,,
step_100,1,2024-07-22,,
step_100,1,2024-07-29,,1.0
step_100,1,2024-08-05,,
step_100,1,2024-08-12,,
step_100,1,2024-08-19,,
step_100,1,2024-08-26,,
step_100,1,2024-09-02,,
step_100,1,2024-09-09,,
step_100,1,2024-09-16,,
step_100,1,2024-09-23,,
step_100,1,2024-10-07,,1.0
step_100,1,2024-10-14,,
step_100,1,2024-10-21,,
step_100,1,2024-10-28,,
step_100,1,2024-11-04,,
step_100,2,2023-01-30,,
step_100,2,2023-02-06,4.0,
step_100,2,2023-02-13,3.0,3.0
step_100,2,2023-02-20,2.0,2.0
step_100,2,2023-02-27,1.0,1.0
step_100,2,2023-03-06,,
step_100,2,2023-03-13,,
step_100,2,2023-03-20,5.0,1.0
step_100,2,2023-03-27,4.0,
step_100,2,2023-04-03,3.0,
step_100,2,2023-04-10,2.0,1.0
step_100,2,2023-04-17,1.0,1.0
step_100,2,2023-04-24,,
step_100,2,2023-05-01,,8.0
step_100,2,2023-05-08,8.0,7.0
step_100,2,2023-05-15,6.0,6.0
step_100,2,2023-05-22,5.0,5.0
step_100,2,2023-05-29,4.0,2.0
step_100,2,2023-06-05,2.0,1.0
step_100,2,2023-06-12,2.0,2.0
step_100,2,2023-06-19,1.0,1.0
step_100,2,2023-06-26,2.0,1.0
step_100,2,2023-07-03,2.0,
step_100,2,2023-07-10,2.0,1.0
step_100,2,2023-07-17,1.0,1.0
step_100,2,2023-07-24,4.0,1.0
step_100,2,2023-07-31,,1.0
step_100,2,2023-08-07,,
step_100,2,2023-08-14,2.0,1.0
step_100,2,2023-08-21,,1.0
step_100,2,2023-08-28,,
step_100,2,2023-09-04,,
step_100,2,2023-09-11,,
step_100,2,2023-09-18,,1.0
step_100,2,2023-09-25,,
step_100,2,2023-10-02,,
step_100,2,2023-10-09,,1.0
step_100,2,2023-10-16,,
step_100,2,2023-10-23,,
step_100,2,2023-10-30,,
step_100,2,2023-11-06,,1.0
step_100,2,2023-11-13,,
step_100,2,2023-11-20,,1.0
step_100,2,2023-11-27,,
step_100,2,2023-12-04,5.0,8.0
step_100,2,2023-12-11,4.0,4.0
step_100,2,2023-12-18,3.0,1.0
step_100,2,2023-12-25,2.0,1.0
step_100,2,2024-01-01,1.0,1.0
step_100,2,2024-01-08,3.0,2.0
step_100,2,2024-01-15,1.0,1.0
step_100,2,2024-01-22,1.0,1.0
step_100,2,2024-01-29,,1.0
step_100,2,2024-02-05,,1.0
step_100,2,2024-02-12,,
step_100,2,2024-02-19,,
step_100,2,2024-02-26,,1.0
step_100,2,2024-03-04,,
step_100,2,2024-03-11,,
step_100,2,2024-03-18,,
step_100,2,2024-03-25,6.0,
step_100,2,2024-04-01,5.0,
step_100,2,2024-04-08,3.0,
step_100,2,2024-04-15,2.0,1.0
step_100,2,2024-04-22,2.0,1.0
step_100,2,2024-04-29,2.0,1.0
step_100,2,2024-05-06,,1.0
step_100,2,2024-05-13,,
step_100,2,2024-05-20,,
step_100,2,2024-05-27,,
step_100,2,2024-06-03,,1.0
step_100,2,2024-06-10,,1.0
step_100,2,2024-06-17,,
step_100,2,2024-06-24,5.0,
step_100,2,2024-07-01,3.0,
step_100,2,2024-07-08,2.0,1.0
step_100,2,2024-07-15,1.0,1.0
step_100,2,2024-07-22,3.0,1.0
step_100,2,2024-07-29,3.0,
step_100,2,2024-08-05,2.0,1.0
step_100,2,2024-08-12,,1.0
step_100,2,2024-08-19,,
step_100,2,2024-08-26,2.0,1.0
step_100,2,2024-09-02,3.0,1.0
step_100,2,2024-09-09,,
step_100,2,2024-09-16,,1.0
step_100,2,2024-09-23,,
step_100,2,2024-10-07,,1.0
step_100,2,2024-10-14,,
step_100,2,2024-10-21,,
step_100,2,2024-10-28,,
step_100,2,2024-11-04,,1.0
step_100,3,2023-01-30,3.0,1.0
step_100,3,2023-02-06,2.0,2.0
step_100,3,2023-02-13,1.0,1.0
step_100,3,2023-02-20,1.0,1.0
step_100,3,2023-02-27,,1.0
step_100,3,2023-03-06,,
step_100,3,2023-03-13,7.0,1.0
step_100,3,2023-03-20,2.0,2.0
step_100,3,2023-03-27,1.0,1.0
step_100,3,2023-04-03,1.0,1.0
step_100,3,2023-04-10,2.0,1.0
step_100,3,2023-04-17,1.0,1.0
step_100,3,2023-04-24,1.0,1.0
step_100,3,2023-05-01,2.0,1.0
step_100,3,2023-05-08,1.0,1.0
step_100,3,2023-05-15,2.0,1.0
step_100,3,2023-05-22,2.0,1.0
step_100,3,2023-05-29,1.0,1.0
step_100,3,2023-06-05,1.0,1.0
step_100,3,2023-06-12,1.0,1.0
step_100,3,2023-06-19,2.0,1.0
step_100,3,2023-06-26,2.0,1.0
step_100,3,2023-07-03,2.0,1.0
step_100,3,2023-07-10,1.0,1.0
step_100,3,2023-07-17,1.0,1.0
step_100,3,2023-07-24,1.0,1.0
step_100,3,2023-07-31,2.0,1.0
step_100,3,2023-08-07,1.0,1.0
step_100,3,2023-08-14,1.0,1.0
step_100,3,2023-08-21,1.0,1.0
step_100,3,2023-08-28,2.0,1.0
step_100,3,2023-09-04,1.0,1.0
step_100,3,2023-09-11,2.0,1.0
step_100,3,2023-09-18,1.0,1.0
step_100,3,2023-09-25,,1.0
step_100,3,2023-10-02,3.0,1.0
step_100,3,2023-10-09,2.0,1.0
step_100,3,2023-10-16,1.0,1.0
step_100,3,2023-10-23,1.0,1.0
step_100,3,2023-10-30,3.0,1.0
step_100,3,2023-11-06,2.0,4.0
step_100,3,2023-11-13,1.0,1.0
step_100,3,2023-11-20,1.0,1.0
step_100,3,2023-11-27,1.0,1.0
step_100,3,2023-12-04,2.0,1.0
step_100,3,2023-12-11,1.0,1.0
step_100,3,2023-12-18,2.0,1.0
step_100,3,2023-12-25,1.0,1.0
step_100,3,2024-01-01,2.0,1.0
step_100,3,2024-01-08,1.0,1.0
step_100,3,2024-01-15,2.0,1.0
step_100,3,2024-01-22,1.0,1.0
step_100,3,2024-01-29,2.0,1.0
step_100,3,2024-02-05,1.0,1.0
step_100,3,2024-02-12,1.0,1.0
step_100,3,2024-02-19,1.0,1.0
step_100,3,2024-02-26,1.0,1.0
step_100,3,2024-03-04,6.0,2.0
step_100,3,2024-03-11,1.0,1.0
step_100,3,2024-03-18,2.0,1.0
step_100,3,2024-03-25,1.0,1.0
step_100,3,2024-04-01,1.0,1.0
step_100,3,2024-04-08,1.0,1.0
step_100,3,2024-04-15,1.0,1.0
step_100,3,2024-04-22,2.0,1.0
step_100,3,2024-04-29,2.0,1.0
step_100,3,2024-05-06,1.0,1.0
step_100,3,2024-05-13,2.0,1.0
step_100,3,2024-05-20,1.0,1.0
step_100,3,2024-05-27,2.0,1.0
step_100,3,2024-06-03,1.0,1.0
step_100,3,2024-06-10,1.0,1.0
step_100,3,2024-06-17,1.0,1.0
step_100,3,2024-06-24,2.0,1.0
step_100,3,2024-07-01,1.0,1.0
step_100,3,2024-07-08,1.0,1.0
step_100,3,2024-07-15,1.0,1.0
step_100,3,2024-07-22,1.0,1.0
step_100,3,2024-07-29,1.0,1.0
step_100,3,2024-08-05,1.0,1.0
step_100,3,2024-08-12,1.0,1.0
step_100,3,2024-08-19,1.0,1.0
step_100,3,2024-08-26,1.0,1.0
step_100,3,2024-09-02,1.0,1.0
step_100,3,2024-09-09,1.0,1.0
step_100,3,2024-09-16,1.0,1.0
step_100,3,2024-09-23,1.0,1.0
step_100,3,2024-10-07,1.0,1.0
step_100,3,2024-10-14,1.0,1.0
step_100,3,2024-10-21,2.0,1.0
step_100,3,2024-10-28,1.0,1.0
step_100,3,2024-11-04,1.0,1.0
step_100,4,2023-01-30,2.0,1.0
step_100,4,2023-02-06,1.0,1.0
step_100,4,2023-02-13,1.0,1.0
step_100,4,2023-02-20,2.0,1.0
step_100,4,2023-02-27,3.0,1.0
step_100,4,2023-03-06,2.0,2.0
step_100,4,2023-03-13,1.0,1.0
step_100,4,2023-03-20,1.0,1.0
step_100,4,2023-03-27,,
step_100,4,2023-04-03,,1.0
step_100,4,2023-04-10,4.0,
step_100,4,2023-04-17,3.0,1.0
step_100,4,2023-04-24,2.0,2.0
step_100,4,2023-05-01,1.0,1.0
step_100,4,2023-05-08,3.0,1.0
step_100,4,2023-05-15,2.0,1.0
step_100,4,2023-05-22,2.0,1.0
step_100,4,2023-05-29,,1.0
step_100,4,2023-06-05,,
step_100,4,2023-06-12,3.0,1.0
step_100,4,2023-06-19,2.0,1.0
step_100,4,2023-06-26,6.0,1.0
step_100,4,2023-07-03,5.0,
step_100,4,2023-07-10,3.0,
step_100,4,2023-07-17,2.0,1.0
step_100,4,2023-07-24,2.0,1.0
step_100,4,2023-07-31,1.0,1.0
step_100,4,2023-08-07,2.0,1.0
step_100,4,2023-08-14,,1.0
step_100,4,2023-08-21,,1.0
step_100,4,2023-08-28,4.0,
step_100,4,2023-09-04,3.0,1.0
step_100,4,2023-09-11,2.0,1.0
step_100,4,2023-09-18,1.0,1.0
step_100,4,2023-09-25,,1.0
step_100,4,2023-10-02,,
step_100,4,2023-10-09,,1.0
step_100,4,2023-10-16,,
step_100,4,2023-10-23,,1.0
step_100,4,2023-10-30,,
step_100,4,2023-11-06,,1.0
step_100,4,2023-11-13,,
step_100,4,2023-11-20,,
step_100,4,2023-11-27,,
step_100,4,2023-12-04,,1.0
step_100,4,2023-12-11,,
step_100,4,2023-12-18,,
step_100,4,2023-12-25,2.0,1.0
step_100,4,2024-01-01,3.0,1.0
step_100,4,2024-01-08,2.0,
step_100,4,2024-01-15,2.0,1.0
step_100,4,2024-01-22,1.0,1.0
step_100,4,2024-01-29,5.0,1.0
step_100,4,2024-02-05,3.0,3.0
step_100,4,2024-02-12,2.0,2.0
step_100,4,2024-02-19,1.0,1.0
step_100,4,2024-02-26,1.0,1.0
step_100,4,2024-03-04,1.0,1.0
step_100,4,2024-03-11,1.0,1.0
step_100,4,2024-03-18,1.0,1.0
step_100,4,2024-03-25,2.0,1.0
step_100,4,2024-04-01,1.0,1.0
step_100,4,2024-04-08,,
step_100,4,2024-04-15,,
step_100,4,2024-04-22,,
step_100,4,2024-04-29,,
step_100,4,2024-05-06,,
step_100,4,2024-05-13,3.0,1.0
step_100,4,2024-05-20,2.0,1.0
step_100,4,2024-05-27,2.0,1.0
step_100,4,2024-06-03,2.0,1.0
step_100,4,2024-06-10,2.0,1.0
step_100,4,2024-06-17,1.0,1.0
step_100,4,2024-06-24,8.0,1.0
step_100,4,2024-07-01,7.0,1.0
step_100,4,2024-07-08,3.0,
step_100,4,2024-07-15,2.0,1.0
step_100,4,2024-07-22,1.0,1.0
step_100,4,2024-07-29,2.0,1.0
step_100,4,2024-08-05,2.0,1.0
step_100,4,2024-08-12,1.0,1.0
step_100,4,2024-08-19,,
step_100,4,2024-08-26,,1.0
step_100,4,2024-09-02,,
step_100,4,2024-09-09,,1.0
step_100,4,2024-09-16,,1.0
step_100,4,2024-09-23,,1.0
step_100,4,2024-10-07,,
step_100,4,2024-10-14,4.0,1.0
step_100,4,2024-10-21,3.0,
step_100,4,2024-10-28,2.0,2.0
step_100,4,2024-11-04,1.0,1.0
step_100,5,2023-01-30,,
step_100,5,2023-02-06,,
step_100,5,2023-02-13,8.0,8.0
step_100,5,2023-02-20,7.0,7.0
step_100,5,2023-02-27,6.0,6.0
step_100,5,2023-03-06,5.0,5.0
step_100,5,2023-03-13,4.0,1.0
step_100,5,2023-03-20,3.0,2.0
step_100,5,2023-03-27,2.0,1.0
step_100,5,2023-04-03,1.0,1.0
step_100,5,2023-04-10,2.0,2.0
step_100,5,2023-04-17,1.0,1.0
step_100,5,2023-04-24,3.0,3.0
step_100,5,2023-05-01,2.0,2.0
step_100,5,2023-05-08,1.0,1.0
step_100,5,2023-05-15,2.0,2.0
step_100,5,2023-05-22,1.0,1.0
step_100,5,2023-05-29,,
step_100,5,2023-06-05,,
step_100,5,2023-06-12,,
step_100,5,2023-06-19,,
step_100,5,2023-06-26,,
step_100,5,2023-07-03,,
step_100,5,2023-07-10,,
step_100,5,2023-07-17,,
step_100,5,2023-07-24,,
step_100,5,2023-07-31,,
step_100,5,2023-08-07,,
step_100,5,2023-08-14,,
step_100,5,2023-08-21,,
step_100,5,2023-08-28,,
step_100,5,2023-09-04,,
step_100,5,2023-09-11,,
step_100,5,2023-09-18,,
step_100,5,2023-09-25,,
step_100,5,2023-10-02,,
step_100,5,2023-10-09,,
step_100,5,2023-10-16,,
step_100,5,2023-10-23,,
step_100,5,2023-10-30,,
step_100,5,2023-11-06,,
step_100,5,2023-11-13,,1.0
step_100,5,2023-11-20,,
step_100,5,2023-11-27,,
step_100,5,2023-12-04,,
step_100,5,2023-12-11,,
step_100,5,2023-12-18,,
step_100,5,2023-12-25,,
step_100,5,2024-01-01,,
step_100,5,2024-01-08,,
step_100,5,2024-01-15,,
step_100,5,2024-01-22,,
step_100,5,2024-01-29,,1.0
step_100,5,2024-02-05,,
step_100,5,2024-02-12,,
step_100,5,2024-02-19,,
step_100,5,2024-02-26,,
step_100,5,2024-03-04,,
step_100,5,2024-03-11,,
step_100,5,2024-03-18,,
step_100,5,2024-03-25,,
step_100,5,2024-04-01,,
step_100,5,2024-04-08,,1.0
step_100,5,2024-04-15,,
step_100,5,2024-04-22,,
step_100,5,2024-04-29,,
step_100,5,2024-05-06,,
step_100,5,2024-05-13,,
step_100,5,2024-05-20,,1.0
step_100,5,2024-05-27,,
step_100,5,2024-06-03,,
step_100,5,2024-06-10,,
step_100,5,2024-06-17,,
step_100,5,2024-06-24,,
step_100,5,2024-07-01,,
step_100,5,2024-07-08,,
step_100,5,2024-07-15,,
step_100,5,2024-07-22,7.0,
step_100,5,2024-07-29,6.0,
step_100,5,2024-08-05,4.0,
step_100,5,2024-08-12,4.0,
step_100,5,2024-08-19,3.0,
step_100,5,2024-08-26,2.0,1.0
step_100,5,2024-09-02,,1.0
step_100,5,2024-09-09,,
step_100,5,2024-09-16,,
step_100,5,2024-09-23,,
step_100,5,2024-10-07,,
step_100,5,2024-10-14,,
step_100,5,2024-10-21,,1.0
step_100,5,2024-10-28,,
step_100,5,2024-11-04,,
step_100,6,2023-01-30,1.0,1.0
step_100,6,2023-02-06,2.0,1.0
step_100,6,2023-02-13,2.0,1.0
step_100,6,2023-02-20,3.0,1.0
step_100,6,2023-02-27,4.0,1.0
step_100,6,2023-03-06,2.0,1.0
step_100,6,2023-03-13,2.0,1.0
step_100,6,2023-03-20,1.0,1.0
step_100,6,2023-03-27,1.0,1.0
step_100,6,2023-04-03,2.0,1.0
step_100,6,2023-04-10,1.0,1.0
step_100,6,2023-04-17,1.0,1.0
step_100,6,2023-04-24,3.0,1.0
step_100,6,2023-05-01,2.0,2.0
step_100,6,2023-05-08,1.0,1.0
step_100,6,2023-05-15,1.0,1.0
step_100,6,2023-05-22,1.0,1.0
step_100,6,2023-05-29,2.0,1.0
step_100,6,2023-06-05,,1.0
step_100,6,2023-06-12,,1.0
step_100,6,2023-06-19,2.0,
step_100,6,2023-06-26,1.0,1.0
step_100,6,2023-07-03,3.0,
step_100,6,2023-07-10,2.0,1.0
step_100,6,2023-07-17,1.0,1.0
step_100,6,2023-07-24,2.0,1.0
step_100,6,2023-07-31,2.0,1.0
step_100,6,2023-08-07,2.0,1.0
step_100,6,2023-08-14,2.0,1.0
step_100,6,2023-08-21,1.0,1.0
step_100,6,2023-08-28,2.0,1.0
step_100,6,2023-09-04,2.0,1.0
step_100,6,2023-09-11,1.0,1.0
step_100,6,2023-09-18,4.0,1.0
step_100,6,2023-09-25,3.0,1.0
step_100,6,2023-10-02,2.0,1.0
step_100,6,2023-10-09,1.0,1.0
step_100,6,2023-10-16,1.0,1.0
step_100,6,2023-10-23,,
step_100,6,2023-10-30,,
step_100,6,2023-11-06,2.0,1.0
step_100,6,2023-11-13,1.0,1.0
step_100,6,2023-11-20,,1.0
step_100,6,2023-11-27,,1.0
step_100,6,2023-12-04,,
step_100,6,2023-12-11,,1.0
step_100,6,2023-12-18,,
step_100,6,2023-12-25,3.0,1.0
step_100,6,2024-01-01,2.0,2.0
step_100,6,2024-01-08,1.0,1.0
step_100,6,2024-01-15,5.0,1.0
step_100,6,2024-01-22,4.0,1.0
step_100,6,2024-01-29,3.0,
step_100,6,2024-02-05,1.0,1.0
step_100,6,2024-02-12,1.0,1.0
step_100,6,2024-02-19,1.0,1.0
step_100,6,2024-02-26,,1.0
step_100,6,2024-03-04,4.0,1.0
step_100,6,2024-03-11,2.0,1.0
step_100,6,2024-03-18,2.0,1.0
step_100,6,2024-03-25,1.0,1.0
step_100,6,2024-04-01,3.0,1.0
step_100,6,2024-04-08,2.0,1.0
step_100,6,2024-04-15,1.0,1.0
step_100,6,2024-04-22,1.0,1.0
step_100,6,2024-04-29,1.0,1.0
step_100,6,2024-05-06,2.0,1.0
step_100,6,2024-05-13,1.0,1.0
step_100,6,2024-05-20,1.0,1.0
step_100,6,2024-05-27,1.0,1.0
step_100,6,2024-06-03,2.0,1.0
step_100,6,2024-06-10,1.0,1.0
step_100,6,2024-06-17,,
step_100,6,2024-06-24,2.0,1.0
step_100,6,2024-07-01,1.0,1.0
step_100,6,2024-07-08,5.0,1.0
step_100,6,2024-07-15,2.0,1.0
step_100,6,2024-07-22,3.0,1.0
step_100,6,2024-07-29,2.0,2.0
step_100,6,2024-08-05,1.0,1.0
step_100,6,2024-08-12,2.0,2.0
step_100,6,2024-08-19,1.0,1.0
step_100,6,2024-08-26,1.0,1.0
step_100,6,2024-09-02,2.0,1.0
step_100,6,2024-09-09,1.0,1.0
step_100,6,2024-09-16,,1.0
step_100,6,2024-09-23,3.0,1.0
step_100,6,2024-10-07,2.0,
step_100,6,2024-10-14,1.0,1.0
step_100,6,2024-10-21,6.0,1.0
step_100,6,2024-10-28,4.0,4.0
step_100,6,2024-11-04,3.0,1.0
step_100,7,2023-01-30,8.0,8.0
step_100,7,2023-02-06,7.0,2.0
step_100,7,2023-02-13,1.0,1.0
step_100,7,2023-02-20,5.0,5.0
step_100,7,2023-02-27,4.0,4.0
step_100,7,2023-03-06,3.0,3.0
step_100,7,2023-03-13,2.0,1.0
step_100,7,2023-03-20,1.0,1.0
step_100,7,2023-03-27,1.0,1.0
step_100,7,2023-04-03,1.0,1.0
step_100,7,2023-04-10,2.0,1.0
step_100,7,2023-04-17,,1.0
step_100,7,2023-04-24,,
step_100,7,2023-05-01,,
step_100,7,2023-05-08,,
step_100,7,2023-05-15,,
step_100,7,2023-05-22,2.0,1.0
step_100,7,2023-05-29,,1.0
step_100,7,2023-06-05,,
step_100,7,2023-06-12,,
step_100,7,2023-06-19,,
step_100,7,2023-06-26,,
step_100,7,2023-07-03,,1.0
step_100,7,2023-07-10,,
step_100,7,2023-07-17,,1.0
step_100,7,2023-07-24,,1.0
step_100,7,2023-07-31,,
step_100,7,2023-08-07,,
step_100,7,2023-08-14,5.0,
step_100,7,2023-08-21,2.0,2.0
step_100,7,2023-08-28,1.0,1.0
step_100,7,2023-09-04,2.0,
step_100,7,2023-09-11,2.0,1.0
step_100,7,2023-09-18,4.0,
step_100,7,2023-09-25,3.0,
step_100,7,2023-10-02,2.0,1.0
step_100,7,2023-10-09,,1.0
step_100,7,2023-10-16,,
step_100,7,2023-10-23,,1.0
step_100,7,2023-10-30,,
step_100,7,2023-11-06,,1.0
step_100,7,2023-11-13,,
step_100,7,2023-11-20,,
step_100,7,2023-11-27,,
step_100,7,2023-12-04,,
step_100,7,2023-12-11,,
step_100,7,2023-12-18,,1.0
step_100,7,2023-12-25,,
step_100,7,2024-01-01,,
step_100,7,2024-01-08,,1.0
step_100,7,2024-01-15,,
step_100,7,2024-01-22,,1.0
step_100,7,2024-01-29,,
step_100,7,2024-02-05,,
step_100,7,2024-02-12,,
step_100,7,2024-02-19,,1.0
step_100,7,2024-02-26,,
step_100,7,2024-03-04,4.0,
step_100,7,2024-03-11,3.0,1.0
step_100,7,2024-03-18,2.0,1.0
step_100,7,2024-03-25,,1.0
step_100,7,2024-04-01,,
step_100,7,2024-04-08,,
step_100,7,2024-04-15,,
step_100,7,2024-04-22,,1.0
step_100,7,2024-04-29,,
step_100,7,2024-05-06,,
step_100,7,2024-05-13,,
step_100,7,2024-05-20,2.0,1.0
step_100,7,2024-05-27,,1.0
step_100,7,2024-06-03,,
step_100,7,2024-06-10,,
step_100,7,2024-06-17,,1.0
step_100,7,2024-06-24,,1.0
step_100,7,2024-07-01,,
step_100,7,2024-07-08,,
step_100,7,2024-07-15,,
step_100,7,2024-07-22,2.0,1.0
step_100,7,2024-07-29,,1.0
step_100,7,2024-08-05,,
step_100,7,2024-08-12,,
step_100,7,2024-08-19,,
step_100,7,2024-08-26,,1.0
step_100,7,2024-09-02,,
step_100,7,2024-09-09,,
step_100,7,2024-09-16,4.0,
step_100,7,2024-09-23,2.0,2.0
step_100,7,2024-10-07,1.0,1.0
step_100,7,2024-10-14,,1.0
step_100,7,2024-10-21,,
step_100,7,2024-10-28,,
step_100,7,2024-11-04,,
step_100,8,2023-01-30,1.0,1.0
step_100,8,2023-02-06,1.0,1.0
step_100,8,2023-02-13,1.0,1.0
step_100,8,2023-02-20,1.0,1.0
step_100,8,2023-02-27,1.0,1.0
step_100,8,2023-03-06,1.0,1.0
step_100,8,2023-03-13,1.0,1.0
step_100,8,2023-03-20,1.0,1.0
step_100,8,2023-03-27,1.0,1.0
step_100,8,2023-04-03,1.0,1.0
step_100,8,2023-04-10,1.0,1.0
step_100,8,2023-04-17,1.0,1.0
step_100,8,2023-04-24,1.0,1.0
step_100,8,2023-05-01,1.0,1.0
step_100,8,2023-05-08,1.0,1.0
step_100,8,2023-05-15,1.0,1.0
step_100,8,2023-05-22,1.0,1.0
step_100,8,2023-05-29,1.0,1.0
step_100,8,2023-06-05,1.0,1.0
step_100,8,2023-06-12,1.0,1.0
step_100,8,2023-06-19,1.0,1.0
step_100,8,2023-06-26,1.0,1.0
step_100,8,2023-07-03,1.0,1.0
step_100,8,2023-07-10,1.0,1.0
step_100,8,2023-07-17,1.0,1.0
step_100,8,2023-07-24,1.0,1.0
step_100,8,2023-07-31,1.0,1.0
step_100,8,2023-08-07,1.0,1.0
step_100,8,2023-08-14,1.0,1.0
step_100,8,2023-08-21,1.0,1.0
step_100,8,2023-08-28,1.0,1.0
step_100,8,2023-09-04,1.0,1.0
step_100,8,2023-09-11,1.0,1.0
step_100,8,2023-09-18,1.0,1.0
step_100,8,2023-09-25,1.0,1.0
step_100,8,2023-10-02,1.0,1.0
step_100,8,2023-10-09,1.0,1.0
step_100,8,2023-10-16,1.0,1.0
step_100,8,2023-10-23,1.0,1.0
step_100,8,2023-10-30,1.0,1.0
step_100,8,2023-11-06,1.0,1.0
step_100,8,2023-11-13,1.0,1.0
step_100,8,2023-11-20,1.0,1.0
step_100,8,2023-11-27,1.0,1.0
step_100,8,2023-12-04,1.0,1.0
step_100,8,2023-12-11,1.0,1.0
step_100,8,2023-12-18,1.0,1.0
step_100,8,2023-12-25,1.0,1.0
step_100,8,2024-01-01,1.0,1.0
step_100,8,2024-01-08,1.0,1.0
step_100,8,2024-01-15,1.0,1.0
step_100,8,2024-01-22,1.0,1.0
step_100,8,2024-01-29,1.0,1.0
step_100,8,2024-02-05,1.0,1.0
step_100,8,2024-02-12,1.0,1.0
step_100,8,2024-02-19,1.0,1.0
step_100,8,2024-02-26,1.0,1.0
step_100,8,2024-03-04,1.0,1.0
step_100,8,2024-03-11,1.0,1.0
step_100,8,2024-03-18,1.0,1.0
step_100,8,2024-03-25,1.0,1.0
step_100,8,2024-04-01,1.0,1.0
step_100,8,2024-04-08,1.0,1.0
step_100,8,2024-04-15,1.0,1.0
step_100,8,2024-04-22,1.0,1.0
step_100,8,2024-04-29,1.0,1.0
step_100,8,2024-05-06,1.0,1.0
step_100,8,2024-05-13,1.0,1.0
step_100,8,2024-05-20,1.0,1.0
step_100,8,2024-05-27,1.0,1.0
step_100,8,2024-06-03,1.0,1.0
step_100,8,2024-06-10,1.0,1.0
step_100,8,2024-06-17,1.0,1.0
step_100,8,2024-06-24,1.0,1.0
step_100,8,2024-07-01,1.0,1.0
step_100,8,2024-07-08,1.0,1.0
step_100,8,2024-07-15,1.0,1.0
step_100,8,2024-07-22,1.0,1.0
step_100,8,2024-07-29,1.0,1.0
step_100,8,2024-08-05,1.0,1.0
step_100,8,2024-08-12,1.0,1.0
step_100,8,2024-08-19,1.0,1.0
step_100,8,2024-08-26,1.0,1.0
step_100,8,2024-09-02,1.0,1.0
step_100,8,2024-09-09,1.0,1.0
step_100,8,2024-09-16,1.0,1.0
step_100,8,2024-09-23,1.0,1.0
step_100,8,2024-10-07,1.0,1.0
step_100,8,2024-10-14,1.0,1.0
step_100,8,2024-10-21,1.0,1.0
step_100,8,2024-10-28,1.0,1.0
step_100,8,2024-11-04,1.0,1.0
step_100,9,2023-01-30,3.0,1.0
step_100,9,2023-02-06,,
step_100,9,2023-02-13,,1.0
step_100,9,2023-02-20,,
step_100,9,2023-02-27,,
step_100,9,2023-03-06,,
step_100,9,2023-03-13,,1.0
step_100,9,2023-03-20,,8.0
step_100,9,2023-03-27,,7.0
step_100,9,2023-04-03,,6.0
step_100,9,2023-04-10,,5.0
step_100,9,2023-04-17,,4.0
step_100,9,2023-04-24,,3.0
step_100,9,2023-05-01,2.0,2.0
step_100,9,2023-05-08,1.0,1.0
step_100,9,2023-05-15,,2.0
step_100,9,2023-05-22,,1.0
step_100,9,2023-05-29,,
step_100,9,2023-06-05,,1.0
step_100,9,2023-06-12,,
step_100,9,2023-06-19,,
step_100,9,2023-06-26,,1.0
step_100,9,2023-07-03,,
step_100,9,2023-07-10,,
step_100,9,2023-07-17,,
step_100,9,2023-07-24,,1.0
step_100,9,2023-07-31,,
step_100,9,2023-08-07,,
step_100,9,2023-08-14,2.0,1.0
step_100,9,2023-08-21,,1.0
step_100,9,2023-08-28,,
step_100,9,2023-09-04,,
step_100,9,2023-09-11,,
step_100,9,2023-09-18,,
step_100,9,2023-09-25,,
step_100,9,2023-10-02,,
step_100,9,2023-10-09,,
step_100,9,2023-10-16,,
step_100,9,2023-10-23,,
step_100,9,2023-10-30,,
step_100,9,2023-11-06,,
step_100,9,2023-11-13,,
step_100,9,2023-11-20,6.0,
step_100,9,2023-11-27,5.0,
step_100,9,2023-12-04,,
step_100,9,2023-12-11,3.0,
step_100,9,2023-12-18,2.0,1.0
step_100,9,2023-12-25,,1.0
step_100,9,2024-01-01,,
step_100,9,2024-01-08,,1.0
step_100,9,2024-01-15,,
step_100,9,2024-01-22,,
step_100,9,2024-01-29,,
step_100,9,2024-02-05,2.0,1.0
step_100,9,2024-02-12,,1.0
step_100,9,2024-02-19,,
step_100,9,2024-02-26,4.0,
step_100,9,2024-03-04,3.0,1.0
step_100,9,2024-03-11,2.0,1.0
step_100,9,2024-03-18,2.0,1.0
step_100,9,2024-03-25,7.0,1.0
step_100,9,2024-04-01,,
step_100,9,2024-04-08,,
step_100,9,2024-04-15,5.0,
step_100,9,2024-04-22,3.0,2.0
step_100,9,2024-04-29,1.0,1.0
step_100,9,2024-05-06,,1.0
step_100,9,2024-05-13,,1.0
step_100,9,2024-05-20,,
step_100,9,2024-05-27,,
step_100,9,2024-06-03,,
step_100,9,2024-06-10,,8.0
step_100,9,2024-06-17,,7.0
step_100,9,2024-06-24,,6.0
step_100,9,2024-07-01,,5.0
step_100,9,2024-07-08,4.0,4.0
step_100,9,2024-07-15,3.0,3.0
step_100,9,2024-07-22,2.0,2.0
step_100,9,2024-07-29,1.0,1.0
step_100,9,2024-08-05,,
step_100,9,2024-08-12,,
step_100,9,2024-08-19,,
step_100,9,2024-08-26,,
step_100,9,2024-09-02,,
step_100,9,2024-09-09,,
step_100,9,2024-09-16,,
step_100,9,2024-09-23,,
step_100,9,2024-10-07,,
step_100,9,2024-10-14,,
step_100,9,2024-10-21,,
step_100,9,2024-10-28,,
step_100,9,2024-11-04,,
step_100,10,2023-01-30,2.0,2.0
step_100,10,2023-02-06,1.0,1.0
step_100,10,2023-02-13,1.0,1.0
step_100,10,2023-02-20,,
step_100,10,2023-02-27,6.0,
step_100,10,2023-03-06,4.0,
step_100,10,2023-03-13,3.0,1.0
step_100,10,2023-03-20,2.0,
step_100,10,2023-03-27,2.0,1.0
step_100,10,2023-04-03,1.0,1.0
step_100,10,2023-04-10,,
step_100,10,2023-04-17,,1.0
step_100,10,2023-04-24,,
step_100,10,2023-05-01,,2.0
step_100,10,2023-05-08,,1.0
step_100,10,2023-05-15,,
step_100,10,2023-05-22,,1.0
step_100,10,2023-05-29,,
step_100,10,2023-06-05,4.0,4.0
step_100,10,2023-06-12,3.0,1.0
step_100,10,2023-06-19,2.0,2.0
step_100,10,2023-06-26,1.0,1.0
step_100,10,2023-07-03,3.0,
step_100,10,2023-07-10,2.0,1.0
step_100,10,2023-07-17,2.0,1.0
step_100,10,2023-07-24,4.0,1.0
step_100,10,2023-07-31,3.0,2.0
step_100,10,2023-08-07,2.0,1.0
step_100,10,2023-08-14,1.0,1.0
step_100,10,2023-08-21,,
step_100,10,2023-08-28,6.0,
step_100,10,2023-09-04,5.0,
step_100,10,2023-09-11,2.0,2.0
step_100,10,2023-09-18,1.0,1.0
step_100,10,2023-09-25,2.0,1.0
step_100,10,2023-10-02,2.0,1.0
step_100,10,2023-10-09,,
step_100,10,2023-10-16,,
step_100,10,2023-10-23,3.0,
step_100,10,2023-10-30,2.0,
step_100,10,2023-11-06,2.0,1.0
step_100,10,2023-11-13,6.0,1.0
step_100,10,2023-11-20,5.0,
step_100,10,2023-11-27,4.0,
step_100,10,2023-12-04,2.0,1.0
step_100,10,2023-12-11,2.0,1.0
step_100,10,2023-12-18,,1.0
step_100,10,2023-12-25,,
step_100,10,2024-01-01,,
step_100,10,2024-01-08,,1.0
step_100,10,2024-01-15,,
step_100,10,2024-01-22,,
step_100,10,2024-01-29,3.0,1.0
step_100,10,2024-02-05,,
step_100,10,2024-02-12,,1.0
step_100,10,2024-02-19,,
step_100,10,2024-02-26,,
step_100,10,2024-03-04,,
step_100,10,2024-03-11,,
step_100,10,2024-03-18,,1.0
step_100,10,2024-03-25,,
step_100,10,2024-04-01,,
step_100,10,2024-04-08,,
step_100,10,2024-04-15,,2.0
step_100,10,2024-04-22,1.0,1.0
step_100,10,2024-04-29,,1.0
step_100,10,2024-05-06,,1.0
step_100,10,2024-05-13,,
step_100,10,2024-05-20,4.0,
step_100,10,2024-05-27,3.0,1.0
step_100,10,2024-06-03,,
step_100,10,2024-06-10,,1.0
step_100,10,2024-06-17,,
step_100,10,2024-06-24,,
step_100,10,2024-07-01,,
step_100,10,2024-07-08,2.0,
step_100,10,2024-07-15,2.0,1.0
step_100,10,2024-07-22,,
step_100,10,2024-07-29,,
step_100,10,2024-08-05,,5.0
step_100,10,2024-08-12,6.0,4.0
step_100,10,2024-08-19,5.0,3.0
step_100,10,2024-08-26,3.0,2.0
step_100,10,2024-09-02,1.0,1.0
step_100,10,2024-09-09,2.0,1.0
step_100,10,2024-09-16,,1.0
step_100,10,2024-09-23,8.0,
step_100,10,2024-10-07,3.0,2.0
step_100,10,2024-10-14,2.0,1.0
step_100,10,2024-10-21,3.0,1.0
step_100,10,2024-10-28,3.0,
step_100,10,2024-11-04,2.0,1.0
step_100,11,2023-01-30,1.0,1.0
step_100,11,2023-02-06,1.0,1.0
step_100,11,2023-02-13,1.0,1.0
step_100,11,2023-02-20,1.0,1.0
step_100,11,2023-02-27,1.0,1.0
step_100,11,2023-03-06,1.0,1.0
step_100,11,2023-03-13,1.0,1.0
step_100,11,2023-03-20,1.0,1.0
step_100,11,2023-03-27,1.0,1.0
step_100,11,2023-04-03,1.0,1.0
step_100,11,2023-04-10,1.0,1.0
step_100,11,2023-04-17,1.0,1.0
step_100,11,2023-04-24,1.0,1.0
step_100,11,2023-05-01,1.0,1.0
step_100,11,2023-05-08,1.0,1.0
step_100,11,2023-05-15,1.0,1.0
step_100,11,2023-05-22,1.0,1.0
step_100,11,2023-05-29,1.0,1.0
step_100,11,2023-06-05,1.0,1.0
step_100,11,2023-06-12,1.0,1.0
step_100,11,2023-06-19,1.0,1.0
step_100,11,2023-06-26,1.0,1.0
step_100,11,2023-07-03,1.0,1.0
step_100,11,2023-07-10,1.0,1.0
step_100,11,2023-07-17,1.0,1.0
step_100,11,2023-07-24,1.0,1.0
step_100,11,2023-07-31,1.0,1.0
step_100,11,2023-08-07,1.0,1.0
step_100,11,2023-08-14,1.0,1.0
step_100,11,2023-08-21,1.0,1.0
step_100,11,2023-08-28,1.0,1.0
step_100,11,2023-09-04,1.0,1.0
step_100,11,2023-09-11,1.0,1.0
step_100,11,2023-09-18,1.0,1.0
step_100,11,2023-09-25,1.0,1.0
step_100,11,2023-10-02,1.0,1.0
step_100,11,2023-10-09,1.0,1.0
step_100,11,2023-10-16,1.0,1.0
step_100,11,2023-10-23,1.0,1.0
step_100,11,2023-10-30,1.0,1.0
step_100,11,2023-11-06,1.0,1.0
step_100,11,2023-11-13,1.0,1.0
step_100,11,2023-11-20,1.0,1.0
step_100,11,2023-11-27,1.0,1.0
step_100,11,2023-12-04,1.0,1.0
step_100,11,2023-12-11,1.0,1.0
step_100,11,2023-12-18,1.0,1.0
step_100,11,2023-12-25,1.0,1.0
step_100,11,2024-01-01,1.0,1.0
step_100,11,2024-01-08,1.0,1.0
step_100,11,2024-01-15,1.0,1.0
step_100,11,2024-01-22,1.0,1.0
step_100,11,2024-01-29,1.0,1.0
step_100,11,2024-02-05,1.0,1.0
step_100,11,2024-02-12,1.0,1.0
step_100,11,2024-02-19,1.0,1.0
step_100,11,2024-02-26,1.0,1.0
step_100,11,2024-03-04,1.0,1.0
step_100,11,2024-03-11,1.0,1.0
step_100,11,2024-03-18,1.0,1.0
step_100,11,2024-03-25,2.0,1.0
step_100,11,2024-04-01,1.0,1.0
step_100,11,2024-04-08,1.0,1.0
step_100,11,2024-04-15,1.0,1.0
step_100,11,2024-04-22,1.0,1.0
step_100,11,2024-04-29,1.0,1.0
step_100,11,2024-05-06,1.0,1.0
step_100,11,2024-05-13,1.0,1.0
step_100,11,2024-05-20,1.0,1.0
step_100,11,2024-05-27,1.0,1.0
step_100,11,2024-06-03,1.0,1.0
step_100,11,2024-06-10,1.0,1.0
step_100,11,2024-06-17,1.0,1.0
step_100,11,2024-06-24,1.0,1.0
step_100,11,2024-07-01,1.0,1.0
step_100,11,2024-07-08,1.0,1.0
step_100,11,2024-07-15,1.0,1.0
step_100,11,2024-07-22,1.0,1.0
step_100,11,2024-07-29,1.0,1.0
step_100,11,2024-08-05,1.0,1.0
step_100,11,2024-08-12,1.0,1.0
step_100,11,2024-08-19,1.0,1.0
step_100,11,2024-08-26,1.0,1.0
step_100,11,2024-09-02,1.0,1.0
step_100,11,2024-09-09,1.0,1.0
step_100,11,2024-09-16,1.0,1.0
step_100,11,2024-09-23,1.0,1.0
step_100,11,2024-10-07,1.0,1.0
step_100,11,2024-10-14,1.0,1.0
step_100,11,2024-10-21,1.0,1.0
step_100,11,2024-10-28,1.0,1.0
step_100,11,2024-11-04,1.0,1.0
step_100,12,2023-01-30,1.0,1.0
step_100,12,2023-02-06,1.0,1.0
step_100,12,2023-02-13,1.0,1.0
step_100,12,2023-02-20,1.0,1.0
step_100,12,2023-02-27,1.0,1.0
step_100,12,2023-03-06,1.0,1.0
step_100,12,2023-03-13,1.0,1.0
step_100,12,2023-03-20,1.0,1.0
step_100,12,2023-03-27,1.0,1.0
step_100,12,2023-04-03,1.0,1.0
step_100,12,2023-04-10,1.0,1.0
step_100,12,2023-04-17,1.0,1.0
step_100,12,2023-04-24,1.0,1.0
step_100,12,2023-05-01,1.0,1.0
step_100,12,2023-05-08,1.0,1.0
step_100,12,2023-05-15,1.0,1.0
step_100,12,2023-05-22,1.0,1.0
step_100,12,2023-05-29,1.0,1.0
step_100,12,2023-06-05,1.0,1.0
step_100,12,2023-06-12,1.0,1.0
step_100,12,2023-06-19,1.0,1.0
step_100,12,2023-06-26,1.0,1.0
step_100,12,2023-07-03,1.0,1.0
step_100,12,2023-07-10,1.0,1.0
step_100,12,2023-07-17,1.0,1.0
step_100,12,2023-07-24,1.0,1.0
step_100,12,2023-07-31,1.0,1.0
step_100,12,2023-08-07,1.0,1.0
step_100,12,2023-08-14,1.0,1.0
step_100,12,2023-08-21,1.0,1.0
step_100,12,2023-08-28,1.0,1.0
step_100,12,2023-09-04,1.0,1.0
step_100,12,2023-09-11,1.0,1.0
step_100,12,2023-09-18,1.0,1.0
step_100,12,2023-09-25,1.0,1.0
step_100,12,2023-10-02,1.0,1.0
step_100,12,2023-10-09,1.0,1.0
step_100,12,2023-10-16,1.0,1.0
step_100,12,2023-10-23,1.0,1.0
step_100,12,2023-10-30,1.0,1.0
step_100,12,2023-11-06,1.0,1.0
step_100,12,2023-11-13,1.0,1.0
step_100,12,2023-11-20,1.0,1.0
step_100,12,2023-11-27,1.0,1.0
step_100,12,2023-12-04,1.0,1.0
step_100,12,2023-12-11,1.0,1.0
step_100,12,2023-12-18,1.0,1.0
step_100,12,2023-12-25,1.0,1.0
step_100,12,2024-01-01,1.0,1.0
step_100,12,2024-01-08,1.0,1.0
step_100,12,2024-01-15,1.0,1.0
step_100,12,2024-01-22,1.0,1.0
step_100,12,2024-01-29,1.0,1.0
step_100,12,2024-02-05,1.0,1.0
step_100,12,2024-02-12,1.0,1.0
step_100,12,2024-02-19,1.0,1.0
step_100,12,2024-02-26,1.0,1.0
step_100,12,2024-03-04,1.0,1.0
step_100,12,2024-03-11,1.0,1.0
step_100,12,2024-03-18,1.0,1.0
step_100,12,2024-03-25,1.0,1.0
step_100,12,2024-04-01,1.0,1.0
step_100,12,2024-04-08,1.0,1.0
step_100,12,2024-04-15,1.0,1.0
step_100,12,2024-04-22,1.0,1.0
step_100,12,2024-04-29,1.0,1.0
step_100,12,2024-05-06,1.0,1.0
step_100,12,2024-05-13,1.0,1.0
step_100,12,2024-05-20,1.0,1.0
step_100,12,2024-05-27,1.0,1.0
step_100,12,2024-06-03,1.0,1.0
step_100,12,2024-06-10,1.0,1.0
step_100,12,2024-06-17,1.0,1.0
step_100,12,2024-06-24,1.0,1.0
step_100,12,2024-07-01,1.0,1.0
step_100,12,2024-07-08,1.0,1.0
step_100,12,2024-07-15,1.0,1.0
step_100,12,2024-07-22,1.0,1.0
step_100,12,2024-07-29,1.0,1.0
step_100,12,2024-08-05,1.0,1.0
step_100,12,2024-08-12,1.0,1.0
step_100,12,2024-08-19,1.0,1.0
step_100,12,2024-08-26,1.0,1.0
step_100,12,2024-09-02,1.0,1.0
step_100,12,2024-09-09,1.0,1.0
step_100,12,2024-09-16,1.0,1.0
step_100,12,2024-09-23,1.0,1.0
step_100,12,2024-10-07,1.0,1.0
step_100,12,2024-10-14,1.0,1.0
step_100,12,2024-10-21,1.0,1.0
step_100,12,2024-10-28,1.0,1.0
step_100,12,2024-11-04,1.0,1.0
step_100,13,2023-01-30,1.0,1.0
step_100,13,2023-02-06,1.0,1.0
step_100,13,2023-02-13,1.0,1.0
step_100,13,2023-02-20,1.0,1.0
step_100,13,2023-02-27,1.0,1.0
step_100,13,2023-03-06,1.0,1.0
step_100,13,2023-03-13,1.0,1.0
step_100,13,2023-03-20,1.0,1.0
step_100,13,2023-03-27,1.0,1.0
step_100,13,2023-04-03,1.0,1.0
step_100,13,2023-04-10,1.0,1.0
step_100,13,2023-04-17,1.0,1.0
step_100,13,2023-04-24,1.0,1.0
step_100,13,2023-05-01,1.0,1.0
step_100,13,2023-05-08,1.0,1.0
step_100,13,2023-05-15,1.0,1.0
step_100,13,2023-05-22,1.0,1.0
step_100,13,2023-05-29,1.0,1.0
step_100,13,2023-06-05,1.0,1.0
step_100,13,2023-06-12,1.0,1.0
step_100,13,2023-06-19,1.0,1.0
step_100,13,2023-06-26,1.0,1.0
step_100,13,2023-07-03,1.0,1.0
step_100,13,2023-07-10,1.0,1.0
step_100,13,2023-07-17,1.0,1.0
step_100,13,2023-07-24,1.0,1.0
step_100,13,2023-07-31,1.0,1.0
step_100,13,2023-08-07,1.0,1.0
step_100,13,2023-08-14,1.0,1.0
step_100,13,2023-08-21,1.0,1.0
step_100,13,2023-08-28,1.0,1.0
step_100,13,2023-09-04,1.0,1.0
step_100,13,2023-09-11,1.0,1.0
step_100,13,2023-09-18,1.0,1.0
step_100,13,2023-09-25,1.0,1.0
step_100,13,2023-10-02,1.0,1.0
step_100,13,2023-10-09,1.0,1.0
step_100,13,2023-10-16,1.0,1.0
step_100,13,2023-10-23,1.0,1.0
step_100,13,2023-10-30,1.0,1.0
step_100,13,2023-11-06,1.0,1.0
step_100,13,2023-11-13,1.0,1.0
step_100,13,2023-11-20,1.0,1.0
step_100,13,2023-11-27,1.0,1.0
step_100,13,2023-12-04,1.0,1.0
step_100,13,2023-12-11,1.0,1.0
step_100,13,2023-12-18,1.0,1.0
step_100,13,2023-12-25,1.0,1.0
step_100,13,2024-01-01,1.0,1.0
step_100,13,2024-01-08,1.0,1.0
step_100,13,2024-01-15,1.0,1.0
step_100,13,2024-01-22,1.0,1.0
step_100,13,2024-01-29,1.0,1.0
step_100,13,2024-02-05,1.0,1.0
step_100,13,2024-02-12,1.0,1.0
step_100,13,2024-02-19,1.0,1.0
step_100,13,2024-02-26,1.0,1.0
step_100,13,2024-03-04,1.0,1.0
step_100,13,2024-03-11,1.0,1.0
step_100,13,2024-03-18,1.0,1.0
step_100,13,2024-03-25,1.0,1.0
step_100,13,2024-04-01,1.0,1.0
step_100,13,2024-04-08,1.0,1.0
step_100,13,2024-04-15,1.0,1.0
step_100,13,2024-04-22,1.0,1.0
step_100,13,2024-04-29,1.0,1.0
step_100,13,2024-05-06,1.0,1.0
step_100,13,2024-05-13,1.0,1.0
step_100,13,2024-05-20,1.0,1.0
step_100,13,2024-05-27,1.0,1.0
step_100,13,2024-06-03,1.0,1.0
step_100,13,2024-06-10,1.0,1.0
step_100,13,2024-06-17,1.0,1.0
step_100,13,2024-06-24,1.0,1.0
step_100,13,2024-07-01,1.0,1.0
step_100,13,2024-07-08,1.0,1.0
step_100,13,2024-07-15,1.0,1.0
step_100,13,2024-07-22,1.0,1.0
step_100,13,2024-07-29,1.0,1.0
step_100,13,2024-08-05,1.0,1.0
step_100,13,2024-08-12,1.0,1.0
step_100,13,2024-08-19,1.0,1.0
step_100,13,2024-08-26,1.0,1.0
step_100,13,2024-09-02,1.0,1.0
step_100,13,2024-09-09,1.0,1.0
step_100,13,2024-09-16,1.0,1.0
step_100,13,2024-09-23,1.0,1.0
step_100,13,2024-10-07,1.0,1.0
step_100,13,2024-10-14,1.0,1.0
step_100,13,2024-10-21,1.0,1.0
step_100,13,2024-10-28,1.0,1.0
step_100,13,2024-11-04,1.0,1.0
step_100,14,2023-01-30,1.0,1.0
step_100,14,2023-02-06,1.0,1.0
step_100,14,2023-02-13,1.0,1.0
step_100,14,2023-02-20,1.0,1.0
step_100,14,2023-02-27,1.0,1.0
step_100,14,2023-03-06,1.0,1.0
step_100,14,2023-03-13,1.0,1.0
step_100,14,2023-03-20,1.0,1.0
step_100,14,2023-03-27,1.0,1.0
step_100,14,2023-04-03,1.0,1.0
step_100,14,2023-04-10,1.0,1.0
step_100,14,2023-04-17,1.0,1.0
step_100,14,2023-04-24,1.0,1.0
step_100,14,2023-05-01,1.0,1.0
step_100,14,2023-05-08,1.0,1.0
step_100,14,2023-05-15,1.0,1.0
step_100,14,2023-05-22,1.0,1.0
step_100,14,2023-05-29,1.0,1.0
step_100,14,2023-06-05,1.0,1.0
step_100,14,2023-06-12,1.0,1.0
step_100,14,2023-06-19,1.0,1.0
step_100,14,2023-06-26,1.0,1.0
step_100,14,2023-07-03,1.0,1.0
step_100,14,2023-07-10,1.0,1.0
step_100,14,2023-07-17,1.0,1.0
step_100,14,2023-07-24,1.0,1.0
step_100,14,2023-07-31,1.0,1.0
step_100,14,2023-08-07,1.0,1.0
step_100,14,2023-08-14,1.0,1.0
step_100,14,2023-08-21,1.0,1.0
step_100,14,2023-08-28,1.0,1.0
step_100,14,2023-09-04,1.0,1.0
step_100,14,2023-09-11,1.0,1.0
step_100,14,2023-09-18,1.0,1.0
step_100,14,2023-09-25,1.0,1.0
step_100,14,2023-10-02,1.0,1.0
step_100,14,2023-10-09,1.0,1.0
step_100,14,2023-10-16,1.0,1.0
step_100,14,2023-10-23,1.0,1.0
step_100,14,2023-10-30,1.0,1.0
step_100,14,2023-11-06,1.0,1.0
step_100,14,2023-11-13,1.0,1.0
step_100,14,2023-11-20,1.0,1.0
step_100,14,2023-11-27,1.0,1.0
step_100,14,2023-12-04,1.0,1.0
step_100,14,2023-12-11,1.0,1.0
step_100,14,2023-12-18,1.0,1.0
step_100,14,2023-12-25,1.0,1.0
step_100,14,2024-01-01,1.0,1.0
step_100,14,2024-01-08,1.0,1.0
step_100,14,2024-01-15,1.0,1.0
step_100,14,2024-01-22,1.0,1.0
step_100,14,2024-01-29,1.0,1.0
step_100,14,2024-02-05,1.0,1.0
step_100,14,2024-02-12,1.0,1.0
step_100,14,2024-02-19,1.0,1.0
step_100,14,2024-02-26,1.0,1.0
step_100,14,2024-03-04,1.0,1.0
step_100,14,2024-03-11,1.0,1.0
step_100,14,2024-03-18,1.0,1.0
step_100,14,2024-03-25,1.0,1.0
step_100,14,2024-04-01,1.0,1.0
step_100,14,2024-04-08,1.0,1.0
step_100,14,2024-04-15,1.0,1.0
step_100,14,2024-04-22,1.0,1.0
step_100,14,2024-04-29,1.0,1.0
step_100,14,2024-05-06,1.0,1.0
step_100,14,2024-05-13,1.0,1.0
step_100,14,2024-05-20,1.0,1.0
step_100,14,2024-05-27,1.0,1.0
step_100,14,2024-06-03,1.0,1.0
step_100,14,2024-06-10,1.0,1.0
step_100,14,2024-06-17,1.0,1.0
step_100,14,2024-06-24,1.0,1.0
step_100,14,2024-07-01,1.0,1.0
step_100,14,2024-07-08,1.0,1.0
step_100,14,2024-07-15,1.0,1.0
step_100,14,2024-07-22,1.0,1.0
step_100,14,2024-07-29,1.0,1.0
step_100,14,2024-08-05,1.0,1.0
step_100,14,2024-08-12,1.0,1.0
step_100,14,2024-08-19,1.0,1.0
step_100,14,2024-08-26,1.0,1.0
step_100,14,2024-09-02,1.0,1.0
step_100,14,2024-09-09,1.0,1.0
step_100,14,2024-09-16,1.0,1.0
step_100,14,2024-09-23,1.0,1.0
step_100,14,2024-10-07,1.0,1.0
step_100,14,2024-10-14,1.0,1.0
step_100,14,2024-10-21,1.0,1.0
step_100,14,2024-10-28,1.0,1.0
step_100,14,2024-11-04,1.0,1.0
step_100,15,2023-01-30,,
step_100,15,2023-02-06,,
step_100,15,2023-02-13,,
step_100,15,2023-02-20,,
step_100,15,2023-02-27,2.0,1.0
step_100,15,2023-03-06,7.0,1.0
step_100,15,2023-03-13,,
step_100,15,2023-03-20,8.0,8.0
step_100,15,2023-03-27,4.0,7.0
step_100,15,2023-04-03,3.0,1.0
step_100,15,2023-04-10,2.0,2.0
step_100,15,2023-04-17,1.0,1.0
step_100,15,2023-04-24,3.0,3.0
step_100,15,2023-05-01,2.0,2.0
step_100,15,2023-05-08,1.0,1.0
step_100,15,2023-05-15,,2.0
step_100,15,2023-05-22,2.0,1.0
step_100,15,2023-05-29,,
step_100,15,2023-06-05,,
step_100,15,2023-06-12,,
step_100,15,2023-06-19,,
step_100,15,2023-06-26,,
step_100,15,2023-07-03,,
step_100,15,2023-07-10,,
step_100,15,2023-07-17,,
step_100,15,2023-07-24,,1.0
step_100,15,2023-07-31,,
step_100,15,2023-08-07,,
step_100,15,2023-08-14,,1.0
step_100,15,2023-08-21,,
step_100,15,2023-08-28,,
step_100,15,2023-09-04,,
step_100,15,2023-09-11,,
step_100,15,2023-09-18,,
step_100,15,2023-09-25,,
step_100,15,2023-10-02,,
step_100,15,2023-10-09,,
step_100,15,2023-10-16,,
step_100,15,2023-10-23,,
step_100,15,2023-10-30,,
step_100,15,2023-11-06,,
step_100,15,2023-11-13,,
step_100,15,2023-11-20,,
step_100,15,2023-11-27,,
step_100,15,2023-12-04,2.0,1.0
step_100,15,2023-12-11,,1.0
step_100,15,2023-12-18,,
step_100,15,2023-12-25,,
step_100,15,2024-01-01,,
step_100,15,2024-01-08,,
step_100,15,2024-01-15,,
step_100,15,2024-01-22,4.0,
step_100,15,2024-01-29,3.0,3.0
step_100,15,2024-02-05,2.0,2.0
step_100,15,2024-02-12,1.0,1.0
step_100,15,2024-02-19,,
step_100,15,2024-02-26,,
step_100,15,2024-03-04,,
step_100,15,2024-03-11,,
step_100,15,2024-03-18,,
step_100,15,2024-03-25,,
step_100,15,2024-04-01,,
step_100,15,2024-04-08,,1.0
step_100,15,2024-04-15,,
step_100,15,2024-04-22,,
step_100,15,2024-04-29,,
step_100,15,2024-05-06,,
step_100,15,2024-05-13,,1.0
step_100,15,2024-05-20,,
step_100,15,2024-05-27,,
step_100,15,2024-06-03,,1.0
step_100,15,2024-06-10,,
step_100,15,2024-06-17,,
step_100,15,2024-06-24,,
step_100,15,2024-07-01,,
step_100,15,2024-07-08,,
step_100,15,2024-07-15,,
step_100,15,2024-07-22,,
step_100,15,2024-07-29,,
step_100,15,2024-08-05,,
step_100,15,2024-08-12,,
step_100,15,2024-08-19,,
step_100,15,2024-08-26,,
step_100,15,2024-09-02,,
step_100,15,2024-09-09,,
step_100,15,2024-09-16,,
step_100,15,2024-09-23,,
step_100,15,2024-10-07,,
step_100,15,2024-10-14,,
step_100,15,2024-10-21,,
step_100,15,2024-10-28,,
step_100,15,2024-11-04,,
step_100,16,2023-01-30,4.0,4.0
step_100,16,2023-02-06,3.0,3.0
step_100,16,2023-02-13,2.0,2.0
step_100,16,2023-02-20,1.0,1.0
step_100,16,2023-02-27,,2.0
step_100,16,2023-03-06,,1.0
step_100,16,2023-03-13,,2.0
step_100,16,2023-03-20,,1.0
step_100,16,2023-03-27,,
step_100,16,2023-04-03,,1.0
step_100,16,2023-04-10,,
step_100,16,2023-04-17,,
step_100,16,2023-04-24,,
step_100,16,2023-05-01,,
step_100,16,2023-05-08,,
step_100,16,2023-05-15,5.0,
step_100,16,2023-05-22,4.0,
step_100,16,2023-05-29,2.0,
step_100,16,2023-06-05,2.0,1.0
step_100,16,2023-06-12,3.0,1.0
step_100,16,2023-06-19,3.0,
step_100,16,2023-06-26,2.0,1.0
step_100,16,2023-07-03,3.0,1.0
step_100,16,2023-07-10,2.0,2.0
step_100,16,2023-07-17,1.0,1.0
step_100,16,2023-07-24,,
step_100,16,2023-07-31,,
step_100,16,2023-08-07,,
step_100,16,2023-08-14,,
step_100,16,2023-08-21,,
step_100,16,2023-08-28,,
step_100,16,2023-09-04,,1.0
step_100,16,2023-09-11,,
step_100,16,2023-09-18,,
step_100,16,2023-09-25,3.0,
step_100,16,2023-10-02,,
step_100,16,2023-10-09,,1.0
step_100,16,2023-10-16,,
step_100,16,2023-10-23,,
step_100,16,2023-10-30,,
step_100,16,2023-11-06,,
step_100,16,2023-11-13,,
step_100,16,2023-11-20,,
step_100,16,2023-11-27,,
step_100,16,2023-12-04,,
step_100,16,2023-12-11,7.0,
step_100,16,2023-12-18,6.0,
step_100,16,2023-12-25,4.0,
step_100,16,2024-01-01,3.0,1.0
step_100,16,2024-01-08,3.0,
step_100,16,2024-01-15,2.0,1.0
step_100,16,2024-01-22,1.0,1.0
step_100,16,2024-01-29,3.0,
step_100,16,2024-02-05,,1.0
step_100,16,2024-02-12,,
step_100,16,2024-02-19,,
step_100,16,2024-02-26,6.0,3.0
step_100,16,2024-03-04,4.0,2.0
step_100,16,2024-03-11,1.0,1.0
step_100,16,2024-03-18,,1.0
step_100,16,2024-03-25,,
step_100,16,2024-04-01,,
step_100,16,2024-04-08,,
step_100,16,2024-04-15,,
step_100,16,2024-04-22,,
step_100,16,2024-04-29,,
step_100,16,2024-05-06,,
step_100,16,2024-05-13,,
step_100,16,2024-05-20,,
step_100,16,2024-05-27,,
step_100,16,2024-06-03,,1.0
step_100,16,2024-06-10,,
step_100,16,2024-06-17,,
step_100,16,2024-06-24,,
step_100,16,2024-07-01,,
step_100,16,2024-07-08,,1.0
step_100,16,2024-07-15,,
step_100,16,2024-07-22,,
step_100,16,2024-07-29,,
step_100,16,2024-08-05,,
step_100,16,2024-08-12,,
step_100,16,2024-08-19,,
step_100,16,2024-08-26,,
step_100,16,2024-09-02,,
step_100,16,2024-09-09,,
step_100,16,2024-09-16,,
step_100,16,2024-09-23,,1.0
step_100,16,2024-10-07,,
step_100,16,2024-10-14,,
step_100,16,2024-10-21,,
step_100,16,2024-10-28,,
step_100,16,2024-11-04,,
step_100,17,2023-01-30,1.0,1.0
step_100,17,2023-02-06,1.0,1.0
step_100,17,2023-02-13,1.0,1.0
step_100,17,2023-02-20,1.0,1.0
step_100,17,2023-02-27,1.0,1.0
step_100,17,2023-03-06,1.0,1.0
step_100,17,2023-03-13,1.0,1.0
step_100,17,2023-03-20,,
step_100,17,2023-03-27,,
step_100,17,2023-04-03,2.0,1.0
step_100,17,2023-04-10,2.0,1.0
step_100,17,2023-04-17,1.0,1.0
step_100,17,2023-04-24,1.0,1.0
step_100,17,2023-05-01,1.0,1.0
step_100,17,2023-05-08,1.0,1.0
step_100,17,2023-05-15,1.0,1.0
step_100,17,2023-05-22,1.0,1.0
step_100,17,2023-05-29,3.0,1.0
step_100,17,2023-06-05,2.0,1.0
step_100,17,2023-06-12,1.0,1.0
step_100,17,2023-06-19,1.0,1.0
step_100,17,2023-06-26,1.0,1.0
step_100,17,2023-07-03,,1.0
step_100,17,2023-07-10,,
step_100,17,2023-07-17,3.0,1.0
step_100,17,2023-07-24,2.0,1.0
step_100,17,2023-07-31,1.0,1.0
step_100,17,2023-08-07,1.0,1.0
step_100,17,2023-08-14,1.0,1.0
step_100,17,2023-08-21,2.0,1.0
step_100,17,2023-08-28,1.0,1.0
step_100,17,2023-09-04,1.0,1.0
step_100,17,2023-09-11,1.0,1.0
step_100,17,2023-09-18,1.0,1.0
step_100,17,2023-09-25,1.0,1.0
step_100,17,2023-10-02,1.0,1.0
step_100,17,2023-10-09,2.0,1.0
step_100,17,2023-10-16,1.0,1.0
step_100,17,2023-10-23,1.0,1.0
step_100,17,2023-10-30,1.0,1.0
step_100,17,2023-11-06,1.0,1.0
step_100,17,2023-11-13,1.0,1.0
step_100,17,2023-11-20,,1.0
step_100,17,2023-11-27,2.0,1.0
step_100,17,2023-12-04,1.0,1.0
step_100,17,2023-12-11,2.0,1.0
step_100,17,2023-12-18,1.0,1.0
step_100,17,2023-12-25,1.0,1.0
step_100,17,2024-01-01,2.0,1.0
step_100,17,2024-01-08,1.0,1.0
step_100,17,2024-01-15,1.0,1.0
step_100,17,2024-01-22,1.0,1.0
step_100,17,2024-01-29,1.0,1.0
step_100,17,2024-02-05,1.0,1.0
step_100,17,2024-02-12,1.0,1.0
step_100,17,2024-02-19,1.0,1.0
step_100,17,2024-02-26,1.0,1.0
step_100,17,2024-03-04,1.0,1.0
step_100,17,2024-03-11,1.0,1.0
step_100,17,2024-03-18,2.0,1.0
step_100,17,2024-03-25,1.0,1.0
step_100,17,2024-04-01,1.0,1.0
step_100,17,2024-04-08,1.0,1.0
step_100,17,2024-04-15,1.0,1.0
step_100,17,2024-04-22,1.0,1.0
step_100,17,2024-04-29,1.0,1.0
step_100,17,2024-05-06,1.0,1.0
step_100,17,2024-05-13,2.0,1.0
step_100,17,2024-05-20,1.0,1.0
step_100,17,2024-05-27,1.0,1.0
step_100,17,2024-06-03,1.0,1.0
step_100,17,2024-06-10,1.0,1.0
step_100,17,2024-06-17,2.0,1.0
step_100,17,2024-06-24,1.0,1.0
step_100,17,2024-07-01,1.0,1.0
step_100,17,2024-07-08,1.0,1.0
step_100,17,2024-07-15,2.0,1.0
step_100,17,2024-07-22,1.0,1.0
step_100,17,2024-07-29,1.0,1.0
step_100,17,2024-08-05,1.0,1.0
step_100,17,2024-08-12,1.0,1.0
step_100,17,2024-08-19,1.0,1.0
step_100,17,2024-08-26,2.0,1.0
step_100,17,2024-09-02,2.0,1.0
step_100,17,2024-09-09,1.0,1.0
step_100,17,2024-09-16,1.0,1.0
step_100,17,2024-09-23,1.0,1.0
step_100,17,2024-10-07,2.0,1.0
step_100,17,2024-10-14,1.0,1.0
step_100,17,2024-10-21,1.0,1.0
step_100,17,2024-10-28,1.0,1.0
step_100,17,2024-11-04,1.0,1.0
step_100,18,2023-01-30,4.0,4.0
step_100,18,2023-02-06,3.0,3.0
step_100,18,2023-02-13,2.0,2.0
step_100,18,2023-02-20,1.0,1.0
step_100,18,2023-02-27,1.0,1.0
step_100,18,2023-03-06,1.0,1.0
step_100,18,2023-03-13,2.0,1.0
step_100,18,2023-03-20,,1.0
step_100,18,2023-03-27,,
step_100,18,2023-04-03,,
step_100,18,2023-04-10,,
step_100,18,2023-04-17,6.0,1.0
step_100,18,2023-04-24,5.0,
step_100,18,2023-05-01,2.0,1.0
step_100,18,2023-05-08,3.0,1.0
step_100,18,2023-05-15,2.0,1.0
step_100,18,2023-05-22,2.0,1.0
step_100,18,2023-05-29,2.0,1.0
step_100,18,2023-06-05,,1.0
step_100,18,2023-06-12,,
step_100,18,2023-06-19,2.0,1.0
step_100,18,2023-06-26,,1.0
step_100,18,2023-07-03,,
step_100,18,2023-07-10,,1.0
step_100,18,2023-07-17,,
step_100,18,2023-07-24,2.0,1.0
step_100,18,2023-07-31,,1.0
step_100,18,2023-08-07,,
step_100,18,2023-08-14,2.0,1.0
step_100,18,2023-08-21,3.0,1.0
step_100,18,2023-08-28,2.0,1.0
step_100,18,2023-09-04,2.0,1.0
step_100,18,2023-09-11,2.0,1.0
step_100,18,2023-09-18,2.0,1.0
step_100,18,2023-09-25,,1.0
step_100,18,2023-10-02,,1.0
step_100,18,2023-10-09,,1.0
step_100,18,2023-10-16,,
step_100,18,2023-10-23,,
step_100,18,2023-10-30,,1.0
step_100,18,2023-11-06,,7.0
step_100,18,2023-11-13,,6.0
step_100,18,2023-11-20,,1.0
step_100,18,2023-11-27,4.0,4.0
step_100,18,2023-12-04,3.0,1.0
step_100,18,2023-12-11,2.0,1.0
step_100,18,2023-12-18,1.0,1.0
step_100,18,2023-12-25,4.0,
step_100,18,2024-01-01,2.0,
step_100,18,2024-01-08,2.0,1.0
step_100,18,2024-01-15,,1.0
step_100,18,2024-01-22,,
step_100,18,2024-01-29,,1.0
step_100,18,2024-02-05,,1.0
step_100,18,2024-02-12,7.0,
step_100,18,2024-02-19,6.0,
step_100,18,2024-02-26,5.0,
step_100,18,2024-03-04,3.0,3.0
step_100,18,2024-03-11,2.0,1.0
step_100,18,2024-03-18,1.0,1.0
step_100,18,2024-03-25,1.0,1.0
step_100,18,2024-04-01,8.0,
step_100,18,2024-04-08,5.0,
step_100,18,2024-04-15,3.0,1.0
step_100,18,2024-04-22,3.0,
step_100,18,2024-04-29,1.0,1.0
step_100,18,2024-05-06,1.0,1.0
step_100,18,2024-05-13,2.0,1.0
step_100,18,2024-05-20,1.0,1.0
step_100,18,2024-05-27,,
step_100,18,2024-06-03,,
step_100,18,2024-06-10,,
step_100,18,2024-06-17,,
step_100,18,2024-06-24,,1.0
step_100,18,2024-07-01,,1.0
step_100,18,2024-07-08,,
step_100,18,2024-07-15,,
step_100,18,2024-07-22,,
step_100,18,2024-07-29,,1.0
step_100,18,2024-08-05,,
step_100,18,2024-08-12,,8.0
step_100,18,2024-08-19,,7.0
step_100,18,2024-08-26,,1.0
step_100,18,2024-09-02,,1.0
step_100,18,2024-09-09,,4.0
step_100,18,2024-09-16,3.0,3.0
step_100,18,2024-09-23,2.0,2.0
step_100,18,2024-10-07,1.0,1.0
step_100,18,2024-10-14,,
step_100,18,2024-10-21,,
step_100,18,2024-10-28,6.0,
step_100,18,2024-11-04,3.0,1.0
step_100,19,2023-01-30,1.0,1.0
step_100,19,2023-02-06,1.0,1.0
step_100,19,2023-02-13,1.0,1.0
step_100,19,2023-02-20,1.0,1.0
step_100,19,2023-02-27,1.0,1.0
step_100,19,2023-03-06,1.0,1.0
step_100,19,2023-03-13,1.0,1.0
step_100,19,2023-03-20,1.0,1.0
step_100,19,2023-03-27,1.0,1.0
step_100,19,2023-04-03,1.0,1.0
step_100,19,2023-04-10,1.0,1.0
step_100,19,2023-04-17,1.0,1.0
step_100,19,2023-04-24,1.0,1.0
step_100,19,2023-05-01,1.0,1.0
step_100,19,2023-05-08,2.0,1.0
step_100,19,2023-05-15,1.0,1.0
step_100,19,2023-05-22,1.0,1.0
step_100,19,2023-05-29,1.0,1.0
step_100,19,2023-06-05,1.0,1.0
step_100,19,2023-06-12,1.0,1.0
step_100,19,2023-06-19,1.0,1.0
step_100,19,2023-06-26,1.0,1.0
step_100,19,2023-07-03,1.0,1.0
step_100,19,2023-07-10,1.0,1.0
step_100,19,2023-07-17,1.0,1.0
step_100,19,2023-07-24,1.0,1.0
step_100,19,2023-07-31,1.0,1.0
step_100,19,2023-08-07,1.0,1.0
step_100,19,2023-08-14,1.0,1.0
step_100,19,2023-08-21,1.0,1.0
step_100,19,2023-08-28,1.0,1.0
step_100,19,2023-09-04,1.0,1.0
step_100,19,2023-09-11,1.0,1.0
step_100,19,2023-09-18,1.0,1.0
step_100,19,2023-09-25,1.0,1.0
step_100,19,2023-10-02,1.0,1.0
step_100,19,2023-10-09,1.0,1.0
step_100,19,2023-10-16,1.0,1.0
step_100,19,2023-10-23,2.0,1.0
step_100,19,2023-10-30,1.0,1.0
step_100,19,2023-11-06,1.0,1.0
step_100,19,2023-11-13,1.0,1.0
step_100,19,2023-11-20,1.0,1.0
step_100,19,2023-11-27,1.0,1.0
step_100,19,2023-12-04,1.0,1.0
step_100,19,2023-12-11,1.0,1.0
step_100,19,2023-12-18,1.0,1.0
step_100,19,2023-12-25,1.0,1.0
step_100,19,2024-01-01,1.0,1.0
step_100,19,2024-01-08,1.0,1.0
step_100,19,2024-01-15,1.0,1.0
step_100,19,2024-01-22,1.0,1.0
step_100,19,2024-01-29,1.0,1.0
step_100,19,2024-02-05,1.0,1.0
step_100,19,2024-02-12,1.0,1.0
step_100,19,2024-02-19,1.0,1.0
step_100,19,2024-02-26,1.0,1.0
step_100,19,2024-03-04,1.0,1.0
step_100,19,2024-03-11,1.0,1.0
step_100,19,2024-03-18,1.0,1.0
step_100,19,2024-03-25,1.0,1.0
step_100,19,2024-04-01,1.0,1.0
step_100,19,2024-04-08,1.0,1.0
step_100,19,2024-04-15,1.0,1.0
step_100,19,2024-04-22,1.0,1.0
step_100,19,2024-04-29,1.0,1.0
step_100,19,2024-05-06,1.0,1.0
step_100,19,2024-05-13,1.0,1.0
step_100,19,2024-05-20,1.0,1.0
step_100,19,2024-05-27,2.0,1.0
step_100,19,2024-06-03,1.0,1.0
step_100,19,2024-06-10,1.0,1.0
step_100,19,2024-06-17,1.0,1.0
step_100,19,2024-06-24,1.0,1.0
step_100,19,2024-07-01,1.0,1.0
step_100,19,2024-07-08,1.0,1.0
step_100,19,2024-07-15,1.0,1.0
step_100,19,2024-07-22,1.0,1.0
step_100,19,2024-07-29,1.0,1.0
step_100,19,2024-08-05,1.0,1.0
step_100,19,2024-08-12,1.0,1.0
step_100,19,2024-08-19,2.0,1.0
step_100,19,2024-08-26,1.0,1.0
step_100,19,2024-09-02,1.0,1.0
step_100,19,2024-09-09,1.0,1.0
step_100,19,2024-09-16,1.0,1.0
step_100,19,2024-09-23,1.0,1.0
step_100,19,2024-10-07,1.0,1.0
step_100,19,2024-10-14,1.0,1.0
step_100,19,2024-10-21,1.0,1.0
step_100,19,2024-10-28,1.0,1.0
step_100,19,2024-11-04,1.0,1.0
step_100,20,2023-01-30,3.0,3.0
step_100,20,2023-02-06,2.0,2.0
step_100,20,2023-02-13,1.0,1.0
step_100,20,2023-02-20,6.0,6.0
step_100,20,2023-02-27,5.0,5.0
step_100,20,2023-03-06,4.0,4.0
step_100,20,2023-03-13,3.0,1.0
step_100,20,2023-03-20,2.0,2.0
step_100,20,2023-03-27,1.0,1.0
step_100,20,2023-04-03,,1.0
step_100,20,2023-04-10,,
step_100,20,2023-04-17,,
step_100,20,2023-04-24,,
step_100,20,2023-05-01,,
step_100,20,2023-05-08,,
step_100,20,2023-05-15,,
step_100,20,2023-05-22,,
step_100,20,2023-05-29,,
step_100,20,2023-06-05,,
step_100,20,2023-06-12,,
step_100,20,2023-06-19,,
step_100,20,2023-06-26,,
step_100,20,2023-07-03,,
step_100,20,2023-07-10,,
step_100,20,2023-07-17,,1.0
step_100,20,2023-07-24,,
step_100,20,2023-07-31,,
step_100,20,2023-08-07,,
step_100,20,2023-08-14,,
step_100,20,2023-08-21,,
step_100,20,2023-08-28,,
step_100,20,2023-09-04,,
step_100,20,2023-09-11,,
step_100,20,2023-09-18,,
step_100,20,2023-09-25,,
step_100,20,2023-10-02,,
step_100,20,2023-10-09,,
step_100,20,2023-10-16,,
step_100,20,2023-10-23,,
step_100,20,2023-10-30,,
step_100,20,2023-11-06,,
step_100,20,2023-11-13,,
step_100,20,2023-11-20,,
step_100,20,2023-11-27,,
step_100,20,2023-12-04,8.0,8.0
step_100,20,2023-12-11,7.0,7.0
step_100,20,2023-12-18,6.0,6.0
step_100,20,2023-12-25,5.0,5.0
step_100,20,2024-01-01,4.0,4.0
step_100,20,2024-01-08,3.0,3.0
step_100,20,2024-01-15,2.0,2.0
step_100,20,2024-01-22,1.0,1.0
step_100,20,2024-01-29,2.0,1.0
step_100,20,2024-02-05,,1.0
step_100,20,2024-02-12,,
step_100,20,2024-02-19,,
step_100,20,2024-02-26,,
step_100,20,2024-03-04,,
step_100,20,2024-03-11,,
step_100,20,2024-03-18,,1.0
step_100,20,2024-03-25,,
step_100,20,2024-04-01,,
step_100,20,2024-04-08,,
step_100,20,2024-04-15,,
step_100,20,2024-04-22,,
step_100,20,2024-04-29,,
step_100,20,2024-05-06,,
step_100,20,2024-05-13,,
step_100,20,2024-05-20,,
step_100,20,2024-05-27,,
step_100,20,2024-06-03,,
step_100,20,2024-06-10,,
step_100,20,2024-06-17,,
step_100,20,2024-06-24,,
step_100,20,2024-07-01,,
step_100,20,2024-07-08,,1.0
step_100,20,2024-07-15,,
step_100,20,2024-07-22,,
step_100,20,2024-07-29,,
step_100,20,2024-08-05,,
step_100,20,2024-08-12,,
step_100,20,2024-08-19,,1.0
step_100,20,2024-08-26,,
step_100,20,2024-09-02,,
step_100,20,2024-09-09,,
step_100,20,2024-09-16,,
step_100,20,2024-09-23,,
step_100,20,2024-10-07,,
step_100,20,2024-10-14,,
step_100,20,2024-10-21,,
step_100,20,2024-10-28,,
step_100,20,2024-11-04,,
step_100,21,2023-01-30,2.0,2.0
step_100,21,2023-02-06,1.0,1.0
step_100,21,2023-02-13,2.0,1.0
step_100,21,2023-02-20,2.0,1.0
step_100,21,2023-02-27,5.0,
step_100,21,2023-03-06,4.0,1.0
step_100,21,2023-03-13,,
step_100,21,2023-03-20,,
step_100,21,2023-03-27,,1.0
step_100,21,2023-04-03,,
step_100,21,2023-04-10,,
step_100,21,2023-04-17,,
step_100,21,2023-04-24,,3.0
step_100,21,2023-05-01,,2.0
step_100,21,2023-05-08,1.0,1.0
step_100,21,2023-05-15,,
step_100,21,2023-05-22,,1.0
step_100,21,2023-05-29,,2.0
step_100,21,2023-06-05,4.0,1.0
step_100,21,2023-06-12,7.0,
step_100,21,2023-06-19,6.0,
step_100,21,2023-06-26,5.0,1.0
step_100,21,2023-07-03,4.0,
step_100,21,2023-07-10,3.0,
step_100,21,2023-07-17,2.0,1.0
step_100,21,2023-07-24,2.0,1.0
step_100,21,2023-07-31,,
step_100,21,2023-08-07,,
step_100,21,2023-08-14,,
step_100,21,2023-08-21,,1.0
step_100,21,2023-08-28,,
step_100,21,2023-09-04,,
step_100,21,2023-09-11,,
step_100,21,2023-09-18,,1.0
step_100,21,2023-09-25,,
step_100,21,2023-10-02,,
step_100,21,2023-10-09,,
step_100,21,2023-10-16,,
step_100,21,2023-10-23,,
step_100,21,2023-10-30,,
step_100,21,2023-11-06,,
step_100,21,2023-11-13,,
step_100,21,2023-11-20,,
step_100,21,2023-11-27,,
step_100,21,2023-12-04,,1.0
step_100,21,2023-12-11,,3.0
step_100,21,2023-12-18,,2.0
step_100,21,2023-12-25,1.0,1.0
step_100,21,2024-01-01,,
step_100,21,2024-01-08,,
step_100,21,2024-01-15,,
step_100,21,2024-01-22,,
step_100,21,2024-01-29,,
step_100,21,2024-02-05,,1.0
step_100,21,2024-02-12,,1.0
step_100,21,2024-02-19,,
step_100,21,2024-02-26,,1.0
step_100,21,2024-03-04,,
step_100,21,2024-03-11,,
step_100,21,2024-03-18,,
step_100,21,2024-03-25,4.0,1.0
step_100,21,2024-04-01,,
step_100,21,2024-04-08,,
step_100,21,2024-04-15,,1.0
step_100,21,2024-04-22,,
step_100,21,2024-04-29,,
step_100,21,2024-05-06,7.0,
step_100,21,2024-05-13,5.0,
step_100,21,2024-05-20,4.0,1.0
step_100,21,2024-05-27,4.0,
step_100,21,2024-06-03,3.0,
step_100,21,2024-06-10,2.0,1.0
step_100,21,2024-06-17,2.0,1.0
step_100,21,2024-06-24,4.0,1.0
step_100,21,2024-07-01,3.0,3.0
step_100,21,2024-07-08,2.0,1.0
step_100,21,2024-07-15,1.0,1.0
step_100,21,2024-07-22,,
step_100,21,2024-07-29,,
step_100,21,2024-08-05,,
step_100,21,2024-08-12,,
step_100,21,2024-08-19,,
step_100,21,2024-08-26,,1.0
step_100,21,2024-09-02,,
step_100,21,2024-09-09,,
step_100,21,2024-09-16,,1.0
step_100,21,2024-09-23,,
step_100,21,2024-10-07,,
step_100,21,2024-10-14,,
step_100,21,2024-10-21,,
step_100,21,2024-10-28,,
step_100,21,2024-11-04,,
step_100,22,2023-01-30,,1.0
step_100,22,2023-02-06,,
step_100,22,2023-02-13,,
step_100,22,2023-02-20,,1.0
step_100,22,2023-02-27,,
step_100,22,2023-03-06,2.0,1.0
step_100,22,2023-03-13,,1.0
step_100,22,2023-03-20,5.0,
step_100,22,2023-03-27,2.0,
step_100,22,2023-04-03,2.0,1.0
step_100,22,2023-04-10,2.0,1.0
step_100,22,2023-04-17,,1.0
step_100,22,2023-04-24,,
step_100,22,2023-05-01,2.0,1.0
step_100,22,2023-05-08,2.0,1.0
step_100,22,2023-05-15,1.0,1.0
step_100,22,2023-05-22,,
step_100,22,2023-05-29,2.0,
step_100,22,2023-06-05,1.0,1.0
step_100,22,2023-06-12,,
step_100,22,2023-06-19,1.0,1.0
step_100,22,2023-06-26,,
step_100,22,2023-07-03,8.0,1.0
step_100,22,2023-07-10,3.0,
step_100,22,2023-07-17,2.0,1.0
step_100,22,2023-07-24,1.0,1.0
step_100,22,2023-07-31,2.0,1.0
step_100,22,2023-08-07,3.0,1.0
step_100,22,2023-08-14,2.0,2.0
step_100,22,2023-08-21,1.0,1.0
step_100,22,2023-08-28,4.0,
step_100,22,2023-09-04,2.0,1.0
step_100,22,2023-09-11,2.0,1.0
step_100,22,2023-09-18,2.0,1.0
step_100,22,2023-09-25,1.0,1.0
step_100,22,2023-10-02,2.0,1.0
step_100,22,2023-10-09,2.0,1.0
step_100,22,2023-10-16,,1.0
step_100,22,2023-10-23,,
step_100,22,2023-10-30,,
step_100,22,2023-11-06,3.0,
step_100,22,2023-11-13,2.0,1.0
step_100,22,2023-11-20,1.0,1.0
step_100,22,2023-11-27,,
step_100,22,2023-12-04,8.0,
step_100,22,2023-12-11,4.0,
step_100,22,2023-12-18,2.0,1.0
step_100,22,2023-12-25,2.0,1.0
step_100,22,2024-01-01,1.0,1.0
step_100,22,2024-01-08,2.0,1.0
step_100,22,2024-01-15,2.0,1.0
step_100,22,2024-01-22,1.0,1.0
step_100,22,2024-01-29,3.0,1.0
step_100,22,2024-02-05,2.0,
step_100,22,2024-02-12,,1.0
step_100,22,2024-02-19,,
step_100,22,2024-02-26,4.0,1.0
step_100,22,2024-03-04,3.0,
step_100,22,2024-03-11,2.0,1.0
step_100,22,2024-03-18,2.0,1.0
step_100,22,2024-03-25,2.0,1.0
step_100,22,2024-04-01,2.0,1.0
step_100,22,2024-04-08,2.0,1.0
step_100,22,2024-04-15,1.0,1.0
step_100,22,2024-04-22,,1.0
step_100,22,2024-04-29,,
step_100,22,2024-05-06,,
step_100,22,2024-05-13,,
step_100,22,2024-05-20,3.0,1.0
step_100,22,2024-05-27,2.0,1.0
step_100,22,2024-06-03,1.0,1.0
step_100,22,2024-06-10,,
step_100,22,2024-06-17,,1.0
step_100,22,2024-06-24,,1.0
step_100,22,2024-07-01,,
step_100,22,2024-07-08,,
step_100,22,2024-07-15,,
step_100,22,2024-07-22,,
step_100,22,2024-07-29,,
step_100,22,2024-08-05,2.0,1.0
step_100,22,2024-08-12,5.0,1.0
step_100,22,2024-08-19,4.0,
step_100,22,2024-08-26,2.0,1.0
step_100,22,2024-09-02,2.0,1.0
step_100,22,2024-09-09,1.0,1.0
step_100,22,2024-09-16,3.0,1.0
step_100,22,2024-09-23,3.0,
step_100,22,2024-10-07,2.0,1.0
step_100,22,2024-10-14,2.0,1.0
step_100,22,2024-10-21,,1.0
step_100,22,2024-10-28,,
step_100,22,2024-11-04,,1.0
step_100,23,2023-01-30,3.0,2.0
step_100,23,2023-02-06,1.0,1.0
step_100,23,2023-02-13,,1.0
step_100,23,2023-02-20,,
step_100,23,2023-02-27,,
step_100,23,2023-03-06,,
step_100,23,2023-03-13,,2.0
step_100,23,2023-03-20,,1.0
step_100,23,2023-03-27,,
step_100,23,2023-04-03,,
step_100,23,2023-04-10,8.0,8.0
step_100,23,2023-04-17,7.0,7.0
step_100,23,2023-04-24,6.0,6.0
step_100,23,2023-05-01,5.0,5.0
step_100,23,2023-05-08,4.0,1.0
step_100,23,2023-05-15,3.0,3.0
step_100,23,2023-05-22,2.0,2.0
step_100,23,2023-05-29,1.0,1.0
step_100,23,2023-06-05,1.0,1.0
step_100,23,2023-06-12,,
step_100,23,2023-06-19,,
step_100,23,2023-06-26,,
step_100,23,2023-07-03,,
step_100,23,2023-07-10,,
step_100,23,2023-07-17,,
step_100,23,2023-07-24,2.0,1.0
step_100,23,2023-07-31,,1.0
step_100,23,2023-08-07,,
step_100,23,2023-08-14,,
step_100,23,2023-08-21,,
step_100,23,2023-08-28,,
step_100,23,2023-09-04,,
step_100,23,2023-09-11,,
step_100,23,2023-09-18,,
step_100,23,2023-09-25,,
step_100,23,2023-10-02,,
step_100,23,2023-10-09,,
step_100,23,2023-10-16,,
step_100,23,2023-10-23,,
step_100,23,2023-10-30,,
step_100,23,2023-11-06,,
step_100,23,2023-11-13,,
step_100,23,2023-11-20,,
step_100,23,2023-11-27,,
step_100,23,2023-12-04,,
step_100,23,2023-12-11,,
step_100,23,2023-12-18,,
step_100,23,2023-12-25,,
step_100,23,2024-01-01,,
step_100,23,2024-01-08,,
step_100,23,2024-01-15,,
step_100,23,2024-01-22,,
step_100,23,2024-01-29,,
step_100,23,2024-02-05,,
step_100,23,2024-02-12,,
step_100,23,2024-02-19,,
step_100,23,2024-02-26,,
step_100,23,2024-03-04,,
step_100,23,2024-03-11,,
step_100,23,2024-03-18,,1.0
step_100,23,2024-03-25,,
step_100,23,2024-04-01,,
step_100,23,2024-04-08,,
step_100,23,2024-04-15,,
step_100,23,2024-04-22,,
step_100,23,2024-04-29,,1.0
step_100,23,2024-05-06,,
step_100,23,2024-05-13,,
step_100,23,2024-05-20,,
step_100,23,2024-05-27,,
step_100,23,2024-06-03,,
step_100,23,2024-06-10,,
step_100,23,2024-06-17,,
step_100,23,2024-06-24,,
step_100,23,2024-07-01,,
step_100,23,2024-07-08,,
step_100,23,2024-07-15,,
step_100,23,2024-07-22,,
step_100,23,2024-07-29,,
step_100,23,2024-08-05,,
step_100,23,2024-08-12,,
step_100,23,2024-08-19,,
step_100,23,2024-08-26,,
step_100,23,2024-09-02,,
step_100,23,2024-09-09,,
step_100,23,2024-09-16,,
step_100,23,2024-09-23,,
step_100,23,2024-10-07,,
step_100,23,2024-10-14,,
step_100,23,2024-10-21,,
step_100,23,2024-10-28,,
step_100,23,2024-11-04,,
step_100,24,2023-01-30,5.0,
step_100,24,2023-02-06,3.0,
step_100,24,2023-02-13,2.0,1.0
step_100,24,2023-02-20,2.0,1.0
step_100,24,2023-02-27,,1.0
step_100,24,2023-03-06,,
step_100,24,2023-03-13,,1.0
step_100,24,2023-03-20,,
step_100,24,2023-03-27,3.0,
step_100,24,2023-04-03,2.0,1.0
step_100,24,2023-04-10,6.0,1.0
step_100,24,2023-04-17,5.0,4.0
step_100,24,2023-04-24,3.0,3.0
step_100,24,2023-05-01,2.0,1.0
step_100,24,2023-05-08,1.0,1.0
step_100,24,2023-05-15,6.0,1.0
step_100,24,2023-05-22,6.0,5.0
step_100,24,2023-05-29,4.0,4.0
step_100,24,2023-06-05,3.0,1.0
step_100,24,2023-06-12,2.0,2.0
step_100,24,2023-06-19,1.0,1.0
step_100,24,2023-06-26,2.0,1.0
step_100,24,2023-07-03,,1.0
step_100,24,2023-07-10,,
step_100,24,2023-07-17,,
step_100,24,2023-07-24,6.0,1.0
step_100,24,2023-07-31,,
step_100,24,2023-08-07,3.0,1.0
step_100,24,2023-08-14,2.0,
step_100,24,2023-08-21,2.0,1.0
step_100,24,2023-08-28,,1.0
step_100,24,2023-09-04,,
step_100,24,2023-09-11,,1.0
step_100,24,2023-09-18,,
step_100,24,2023-09-25,,
step_100,24,2023-10-02,,
step_100,24,2023-10-09,,
step_100,24,2023-10-16,,
step_100,24,2023-10-23,,8.0
step_100,24,2023-10-30,,7.0
step_100,24,2023-11-06,,6.0
step_100,24,2023-11-13,,5.0
step_100,24,2023-11-20,,4.0
step_100,24,2023-11-27,3.0,3.0
step_100,24,2023-12-04,2.0,2.0
step_100,24,2023-12-11,1.0,1.0
step_100,24,2023-12-18,4.0,
step_100,24,2023-12-25,2.0,1.0
step_100,24,2024-01-01,2.0,1.0
step_100,24,2024-01-08,6.0,1.0
step_100,24,2024-01-15,,
step_100,24,2024-01-22,4.0,
step_100,24,2024-01-29,2.0,2.0
step_100,24,2024-02-05,1.0,1.0
step_100,24,2024-02-12,2.0,1.0
step_100,24,2024-02-19,,1.0
step_100,24,2024-02-26,8.0,8.0
step_100,24,2024-03-04,7.0,1.0
step_100,24,2024-03-11,6.0,1.0
step_100,24,2024-03-18,5.0,5.0
step_100,24,2024-03-25,4.0,4.0
step_100,24,2024-04-01,3.0,1.0
step_100,24,2024-04-08,2.0,2.0
step_100,24,2024-04-15,1.0,1.0
step_100,24,2024-04-22,2.0,1.0
step_100,24,2024-04-29,2.0,1.0
step_100,24,2024-05-06,1.0,1.0
step_100,24,2024-05-13,,
step_100,24,2024-05-20,,1.0
step_100,24,2024-05-27,,
step_100,24,2024-06-03,,
step_100,24,2024-06-10,,
step_100,24,2024-06-17,,
step_100,24,2024-06-24,,
step_100,24,2024-07-01,,
step_100,24,2024-07-08,,
step_100,24,2024-07-15,,
step_100,24,2024-07-22,,1.0
step_100,24,2024-07-29,,1.0
step_100,24,2024-08-05,,
step_100,24,2024-08-12,3.0,
step_100,24,2024-08-19,,1.0
step_100,24,2024-08-26,,1.0
step_100,24,2024-09-02,,
step_100,24,2024-09-09,,
step_100,24,2024-09-16,,1.0
step_100,24,2024-09-23,,
step_100,24,2024-10-07,,
step_100,24,2024-10-14,,
step_100,24,2024-10-21,,
step_100,24,2024-10-28,,
step_100,24,2024-11-04,,1.0
step_100,25,2023-01-30,2.0,2.0
step_100,25,2023-02-06,1.0,1.0
step_100,25,2023-02-13,6.0,1.0
step_100,25,2023-02-20,5.0,
step_100,25,2023-02-27,4.0,1.0
step_100,25,2023-03-06,3.0,1.0
step_100,25,2023-03-13,2.0,1.0
step_100,25,2023-03-20,1.0,1.0
step_100,25,2023-03-27,2.0,1.0
step_100,25,2023-04-03,2.0,1.0
step_100,25,2023-04-10,1.0,1.0
step_100,25,2023-04-17,,
step_100,25,2023-04-24,3.0,1.0
step_100,25,2023-05-01,,2.0
step_100,25,2023-05-08,1.0,1.0
step_100,25,2023-05-15,2.0,1.0
step_100,25,2023-05-22,,1.0
step_100,25,2023-05-29,,
step_100,25,2023-06-05,,
step_100,25,2023-06-12,3.0,
step_100,25,2023-06-19,2.0,1.0
step_100,25,2023-06-26,1.0,1.0
step_100,25,2023-07-03,2.0,1.0
step_100,25,2023-07-10,3.0,1.0
step_100,25,2023-07-17,2.0,1.0
step_100,25,2023-07-24,1.0,1.0
step_100,25,2023-07-31,4.0,1.0
step_100,25,2023-08-07,3.0,
step_100,25,2023-08-14,2.0,1.0
step_100,25,2023-08-21,1.0,1.0
step_100,25,2023-08-28,2.0,1.0
step_100,25,2023-09-04,2.0,1.0
step_100,25,2023-09-11,1.0,1.0
step_100,25,2023-09-18,,1.0
step_100,25,2023-09-25,,1.0
step_100,25,2023-10-02,3.0,
step_100,25,2023-10-09,2.0,1.0
step_100,25,2023-10-16,1.0,1.0
step_100,25,2023-10-23,,
step_100,25,2023-10-30,7.0,
step_100,25,2023-11-06,3.0,1.0
step_100,25,2023-11-13,2.0,1.0
step_100,25,2023-11-20,2.0,1.0
step_100,25,2023-11-27,1.0,1.0
step_100,25,2023-12-04,2.0,1.0
step_100,25,2023-12-11,1.0,1.0
step_100,25,2023-12-18,2.0,1.0
step_100,25,2023-12-25,,1.0
step_100,25,2024-01-01,,
step_100,25,2024-01-08,,1.0
step_100,25,2024-01-15,,2.0
step_100,25,2024-01-22,1.0,1.0
step_100,25,2024-01-29,2.0,
step_100,25,2024-02-05,1.0,1.0
step_100,25,2024-02-12,,
step_100,25,2024-02-19,,1.0
step_100,25,2024-02-26,,
step_100,25,2024-03-04,,
step_100,25,2024-03-11,,1.0
step_100,25,2024-03-18,,
step_100,25,2024-03-25,2.0,1.0
step_100,25,2024-04-01,7.0,1.0
step_100,25,2024-04-08,6.0,5.0
step_100,25,2024-04-15,4.0,1.0
step_100,25,2024-04-22,3.0,1.0
step_100,25,2024-04-29,2.0,2.0
step_100,25,2024-05-06,1.0,1.0
step_100,25,2024-05-13,1.0,1.0
step_100,25,2024-05-20,1.0,1.0
step_100,25,2024-05-27,2.0,1.0
step_100,25,2024-06-03,1.0,1.0
step_100,25,2024-06-10,2.0,1.0
step_100,25,2024-06-17,2.0,1.0
step_100,25,2024-06-24,1.0,1.0
step_100,25,2024-07-01,3.0,1.0
step_100,25,2024-07-08,2.0,
step_100,25,2024-07-15,1.0,1.0
step_100,25,2024-07-22,2.0,
step_100,25,2024-07-29,1.0,1.0
step_100,25,2024-08-05,,1.0
step_100,25,2024-08-12,,1.0
step_100,25,2024-08-19,3.0,1.0
step_100,25,2024-08-26,2.0,2.0
step_100,25,2024-09-02,1.0,1.0
step_100,25,2024-09-09,,
step_100,25,2024-09-16,2.0,1.0
step_100,25,2024-09-23,,1.0
step_100,25,2024-10-07,,
step_100,25,2024-10-14,,
step_100,25,2024-10-21,,
step_100,25,2024-10-28,1.0,1.0
step_100,25,2024-11-04,2.0,1.0
step_100,26,2023-01-30,,
step_100,26,2023-02-06,,
step_100,26,2023-02-13,,
step_100,26,2023-02-20,,
step_100,26,2023-02-27,,1.0
step_100,26,2023-03-06,,1.0
step_100,26,2023-03-13,,
step_100,26,2023-03-20,,
step_100,26,2023-03-27,,
step_100,26,2023-04-03,,1.0
step_100,26,2023-04-10,,
step_100,26,2023-04-17,,
step_100,26,2023-04-24,,
step_100,26,2023-05-01,,
step_100,26,2023-05-08,,1.0
step_100,26,2023-05-15,,
step_100,26,2023-05-22,7.0,1.0
step_100,26,2023-05-29,6.0,
step_100,26,2023-06-05,5.0,1.0
step_100,26,2023-06-12,4.0,
step_100,26,2023-06-19,2.0,2.0
step_100,26,2023-06-26,1.0,1.0
step_100,26,2023-07-03,1.0,1.0
step_100,26,2023-07-10,,
step_100,26,2023-07-17,,1.0
step_100,26,2023-07-24,,
step_100,26,2023-07-31,,
step_100,26,2023-08-07,,
step_100,26,2023-08-14,8.0,
step_100,26,2023-08-21,7.0,1.0
step_100,26,2023-08-28,6.0,1.0
step_100,26,2023-09-04,4.0,2.0
step_100,26,2023-09-11,2.0,1.0
step_100,26,2023-09-18,2.0,1.0
step_100,26,2023-09-25,2.0,1.0
step_100,26,2023-10-02,,1.0
step_100,26,2023-10-09,,
step_100,26,2023-10-16,,
step_100,26,2023-10-23,,
step_100,26,2023-10-30,8.0,
step_100,26,2023-11-06,7.0,1.0
step_100,26,2023-11-13,5.0,5.0
step_100,26,2023-11-20,4.0,4.0
step_100,26,2023-11-27,3.0,2.0
step_100,26,2023-12-04,2.0,1.0
step_100,26,2023-12-11,1.0,1.0
step_100,26,2023-12-18,1.0,1.0
step_100,26,2023-12-25,,1.0
step_100,26,2024-01-01,,
step_100,26,2024-01-08,,
step_100,26,2024-01-15,,
step_100,26,2024-01-22,8.0,
step_100,26,2024-01-29,6.0,
step_100,26,2024-02-05,2.0,1.0
step_100,26,2024-02-12,2.0,1.0
step_100,26,2024-02-19,3.0,3.0
step_100,26,2024-02-26,2.0,2.0
step_100,26,2024-03-04,1.0,1.0
step_100,26,2024-03-11,3.0,1.0
step_100,26,2024-03-18,3.0,
step_100,26,2024-03-25,2.0,1.0
step_100,26,2024-04-01,,1.0
step_100,26,2024-04-08,,1.0
step_100,26,2024-04-15,,
step_100,26,2024-04-22,,
step_100,26,2024-04-29,,
step_100,26,2024-05-06,,1.0
step_100,26,2024-05-13,,
step_100,26,2024-05-20,,
step_100,26,2024-05-27,2.0,1.0
step_100,26,2024-06-03,,1.0
step_100,26,2024-06-10,,
step_100,26,2024-06-17,,
step_100,26,2024-06-24,,
step_100,26,2024-07-01,,
step_100,26,2024-07-08,,
step_100,26,2024-07-15,,
step_100,26,2024-07-22,,
step_100,26,2024-07-29,,
step_100,26,2024-08-05,5.0,
step_100,26,2024-08-12,4.0,
step_100,26,2024-08-19,3.0,1.0
step_100,26,2024-08-26,2.0,2.0
step_100,26,2024-09-02,1.0,1.0
step_100,26,2024-09-09,,
step_100,26,2024-09-16,,
step_100,26,2024-09-23,,
step_100,26,2024-10-07,,1.0
step_100,26,2024-10-14,,
step_100,26,2024-10-21,,
step_100,26,2024-10-28,,
step_100,26,2024-11-04,,
step_100,27,2023-01-30,1.0,1.0
step_100,27,2023-02-06,1.0,1.0
step_100,27,2023-02-13,,
step_100,27,2023-02-20,,
step_100,27,2023-02-27,,
step_100,27,2023-03-06,,
step_100,27,2023-03-13,,
step_100,27,2023-03-20,,
step_100,27,2023-03-27,,
step_100,27,2023-04-03,,
step_100,27,2023-04-10,,5.0
step_100,27,2023-04-17,,4.0
step_100,27,2023-04-24,,3.0
step_100,27,2023-05-01,,2.0
step_100,27,2023-05-08,1.0,1.0
step_100,27,2023-05-15,,2.0
step_100,27,2023-05-22,8.0,1.0
step_100,27,2023-05-29,,
step_100,27,2023-06-05,6.0,2.0
step_100,27,2023-06-12,4.0,1.0
step_100,27,2023-06-19,4.0,3.0
step_100,27,2023-06-26,2.0,2.0
step_100,27,2023-07-03,1.0,1.0
step_100,27,2023-07-10,,1.0
step_100,27,2023-07-17,,
step_100,27,2023-07-24,,
step_100,27,2023-07-31,,
step_100,27,2023-08-07,,
step_100,27,2023-08-14,3.0,
step_100,27,2023-08-21,2.0,1.0
step_100,27,2023-08-28,,1.0
step_100,27,2023-09-04,,
step_100,27,2023-09-11,,
step_100,27,2023-09-18,,1.0
step_100,27,2023-09-25,,
step_100,27,2023-10-02,,
step_100,27,2023-10-09,,1.0
step_100,27,2023-10-16,,
step_100,27,2023-10-23,,
step_100,27,2023-10-30,,
step_100,27,2023-11-06,3.0,
step_100,27,2023-11-13,2.0,1.0
step_100,27,2023-11-20,,1.0
step_100,27,2023-11-27,,
step_100,27,2023-12-04,,
step_100,27,2023-12-11,3.0,
step_100,27,2023-12-18,2.0,1.0
step_100,27,2023-12-25,2.0,1.0
step_100,27,2024-01-01,,1.0
step_100,27,2024-01-08,,
step_100,27,2024-01-15,3.0,
step_100,27,2024-01-22,2.0,1.0
step_100,27,2024-01-29,,1.0
step_100,27,2024-02-05,,
step_100,27,2024-02-12,,
step_100,27,2024-02-19,,
step_100,27,2024-02-26,,
step_100,27,2024-03-04,,
step_100,27,2024-03-11,,
step_100,27,2024-03-18,,1.0
step_100,27,2024-03-25,,
step_100,27,2024-04-01,,4.0
step_100,27,2024-04-08,3.0,3.0
step_100,27,2024-04-15,2.0,1.0
step_100,27,2024-04-22,1.0,1.0
step_100,27,2024-04-29,,
step_100,27,2024-05-06,,
step_100,27,2024-05-13,,
step_100,27,2024-05-20,,
step_100,27,2024-05-27,,
step_100,27,2024-06-03,,
step_100,27,2024-06-10,,
step_100,27,2024-06-17,8.0,
step_100,27,2024-06-24,6.0,
step_100,27,2024-07-01,3.0,
step_100,27,2024-07-08,2.0,1.0
step_100,27,2024-07-15,2.0,1.0
step_100,27,2024-07-22,2.0,1.0
step_100,27,2024-07-29,2.0,1.0
step_100,27,2024-08-05,,1.0
step_100,27,2024-08-12,,
step_100,27,2024-08-19,,
step_100,27,2024-08-26,,
step_100,27,2024-09-02,,
step_100,27,2024-09-09,,
step_100,27,2024-09-16,2.0,1.0
step_100,27,2024-09-23,,1.0
step_100,27,2024-10-07,,1.0
step_100,27,2024-10-14,,
step_100,27,2024-10-21,,
step_100,27,2024-10-28,,
step_100,27,2024-11-04,,
step_100,28,2023-01-30,,
step_100,28,2023-02-06,4.0,1.0
step_100,28,2023-02-13,,
step_100,28,2023-02-20,,1.0
step_100,28,2023-02-27,,4.0
step_100,28,2023-03-06,,3.0
step_100,28,2023-03-13,,2.0
step_100,28,2023-03-20,1.0,1.0
step_100,28,2023-03-27,,
step_100,28,2023-04-03,,
step_100,28,2023-04-10,,
step_100,28,2023-04-17,,
step_100,28,2023-04-24,,
step_100,28,2023-05-01,,
step_100,28,2023-05-08,,1.0
step_100,28,2023-05-15,,
step_100,28,2023-05-22,,
step_100,28,2023-05-29,,
step_100,28,2023-06-05,,
step_100,28,2023-06-12,,
step_100,28,2023-06-19,6.0,
step_100,28,2023-06-26,5.0,
step_100,28,2023-07-03,4.0,
step_100,28,2023-07-10,3.0,1.0
step_100,28,2023-07-17,,
step_100,28,2023-07-24,,1.0
step_100,28,2023-07-31,,
step_100,28,2023-08-07,,
step_100,28,2023-08-14,,
step_100,28,2023-08-21,,
step_100,28,2023-08-28,,
step_100,28,2023-09-04,,
step_100,28,2023-09-11,,
step_100,28,2023-09-18,,8.0
step_100,28,2023-09-25,,7.0
step_100,28,2023-10-02,8.0,6.0
step_100,28,2023-10-09,7.0,5.0
step_100,28,2023-10-16,6.0,4.0
step_100,28,2023-10-23,4.0,3.0
step_100,28,2023-10-30,2.0,2.0
step_100,28,2023-11-06,1.0,1.0
step_100,28,2023-11-13,,
step_100,28,2023-11-20,,1.0
step_100,28,2023-11-27,,
step_100,28,2023-12-04,,
step_100,28,2023-12-11,,
step_100,28,2023-12-18,8.0,
step_100,28,2023-12-25,7.0,2.0
step_100,28,2024-01-01,5.0,1.0
step_100,28,2024-01-08,5.0,
step_100,28,2024-01-15,4.0,
step_100,28,2024-01-22,2.0,1.0
step_100,28,2024-01-29,2.0,1.0
step_100,28,2024-02-05,,1.0
step_100,28,2024-02-12,,
step_100,28,2024-02-19,,
step_100,28,2024-02-26,,
step_100,28,2024-03-04,7.0,
step_100,28,2024-03-11,6.0,
step_100,28,2024-03-18,,
step_100,28,2024-03-25,,
step_100,28,2024-04-01,3.0,
step_100,28,2024-04-08,,1.0
step_100,28,2024-04-15,,1.0
step_100,28,2024-04-22,,
step_100,28,2024-04-29,,
step_100,28,2024-05-06,,
step_100,28,2024-05-13,,
step_100,28,2024-05-20,,
step_100,28,2024-05-27,,
step_100,28,2024-06-03,,
step_100,28,2024-06-10,,
step_100,28,2024-06-17,,
step_100,28,2024-06-24,,
step_100,28,2024-07-01,,
step_100,28,2024-07-08,,
step_100,28,2024-07-15,,
step_100,28,2024-07-22,,
step_100,28,2024-07-29,,
step_100,28,2024-08-05,,
step_100,28,2024-08-12,,
step_100,28,2024-08-19,,
step_100,28,2024-08-26,,
step_100,28,2024-09-02,,
step_100,28,2024-09-09,,1.0
step_100,28,2024-09-16,,
step_100,28,2024-09-23,,1.0
step_100,28,2024-10-07,,
step_100,28,2024-10-14,,
step_100,28,2024-10-21,,
step_100,28,2024-10-28,,
step_100,28,2024-11-04,,
step_100,29,2023-01-30,,
step_100,29,2023-02-06,,1.0
step_100,29,2023-02-13,,
step_100,29,2023-02-20,8.0,1.0
step_100,29,2023-02-27,7.0,2.0
step_100,29,2023-03-06,3.0,1.0
step_100,29,2023-03-13,5.0,2.0
step_100,29,2023-03-20,1.0,1.0
step_100,29,2023-03-27,3.0,3.0
step_100,29,2023-04-03,2.0,2.0
step_100,29,2023-04-10,1.0,1.0
step_100,29,2023-04-17,,
step_100,29,2023-04-24,,1.0
step_100,29,2023-05-01,,
step_100,29,2023-05-08,,
step_100,29,2023-05-15,5.0,
step_100,29,2023-05-22,3.0,1.0
step_100,29,2023-05-29,3.0,1.0
step_100,29,2023-06-05,2.0,1.0
step_100,29,2023-06-12,2.0,1.0
step_100,29,2023-06-19,7.0,1.0
step_100,29,2023-06-26,6.0,
step_100,29,2023-07-03,4.0,
step_100,29,2023-07-10,2.0,2.0
step_100,29,2023-07-17,1.0,1.0
step_100,29,2023-07-24,1.0,1.0
step_100,29,2023-07-31,1.0,1.0
step_100,29,2023-08-07,,
step_100,29,2023-08-14,,
step_100,29,2023-08-21,,1.0
step_100,29,2023-08-28,,1.0
step_100,29,2023-09-04,,
step_100,29,2023-09-11,,
step_100,29,2023-09-18,,
step_100,29,2023-09-25,,
step_100,29,2023-10-02,,
step_100,29,2023-10-09,3.0,2.0
step_100,29,2023-10-16,1.0,1.0
step_100,29,2023-10-23,,1.0
step_100,29,2023-10-30,,
step_100,29,2023-11-06,4.0,
step_100,29,2023-11-13,3.0,
step_100,29,2023-11-20,2.0,2.0
step_100,29,2023-11-27,1.0,1.0
step_100,29,2023-12-04,,
step_100,29,2023-12-11,,1.0
step_100,29,2023-12-18,,
step_100,29,2023-12-25,,
step_100,29,2024-01-01,,
step_100,29,2024-01-08,,
step_100,29,2024-01-15,,
step_100,29,2024-01-22,,
step_100,29,2024-01-29,,1.0
step_100,29,2024-02-05,,
step_100,29,2024-02-12,7.0,
step_100,29,2024-02-19,5.0,1.0
step_100,29,2024-02-26,4.0,
step_100,29,2024-03-04,2.0,1.0
step_100,29,2024-03-11,2.0,1.0
step_100,29,2024-03-18,1.0,1.0
step_100,29,2024-03-25,2.0,1.0
step_100,29,2024-04-01,6.0,1.0
step_100,29,2024-04-08,5.0,
step_100,29,2024-04-15,2.0,1.0
step_100,29,2024-04-22,3.0,1.0
step_100,29,2024-04-29,2.0,1.0
step_100,29,2024-05-06,1.0,1.0
step_100,29,2024-05-13,,
step_100,29,2024-05-20,,1.0
step_100,29,2024-05-27,,
step_100,29,2024-06-03,6.0,
step_100,29,2024-06-10,5.0,
step_100,29,2024-06-17,4.0,3.0
step_100,29,2024-06-24,2.0,2.0
step_100,29,2024-07-01,1.0,1.0
step_100,29,2024-07-08,1.0,1.0
step_100,29,2024-07-15,,
step_100,29,2024-07-22,,
step_100,29,2024-07-29,7.0,1.0
step_100,29,2024-08-05,,
step_100,29,2024-08-12,5.0,
step_100,29,2024-08-19,3.0,
step_100,29,2024-08-26,2.0,1.0
step_100,29,2024-09-02,1.0,1.0
step_100,29,2024-09-09,,1.0
step_100,29,2024-09-16,,
step_100,29,2024-09-23,,8.0
step_100,29,2024-10-07,,7.0
step_100,29,2024-10-14,,6.0
step_100,29,2024-10-21,8.0,5.0
step_100,29,2024-10-28,7.0,4.0
step_100,29,2024-11-04,5.0,3.0
step_100,30,2023-01-30,3.0,
step_100,30,2023-02-06,2.0,1.0
step_100,30,2023-02-13,3.0,1.0
step_100,30,2023-02-20,2.0,2.0
step_100,30,2023-02-27,1.0,1.0
step_100,30,2023-03-06,2.0,
step_100,30,2023-03-13,1.0,1.0
step_100,30,2023-03-20,,
step_100,30,2023-03-27,8.0,1.0
step_100,30,2023-04-03,7.0,4.0
step_100,30,2023-04-10,3.0,3.0
step_100,30,2023-04-17,2.0,2.0
step_100,30,2023-04-24,1.0,1.0
step_100,30,2023-05-01,2.0,1.0
step_100,30,2023-05-08,2.0,1.0
step_100,30,2023-05-15,2.0,1.0
step_100,30,2023-05-22,2.0,1.0
step_100,30,2023-05-29,1.0,1.0
step_100,30,2023-06-05,2.0,1.0
step_100,30,2023-06-12,3.0,1.0
step_100,30,2023-06-19,2.0,1.0
step_100,30,2023-06-26,6.0,1.0
step_100,30,2023-07-03,5.0,
step_100,30,2023-07-10,3.0,1.0
step_100,30,2023-07-17,2.0,1.0
step_100,30,2023-07-24,1.0,1.0
step_100,30,2023-07-31,1.0,1.0
step_100,30,2023-08-07,,1.0
step_100,30,2023-08-14,,
step_100,30,2023-08-21,,
step_100,30,2023-08-28,3.0,1.0
step_100,30,2023-09-04,,
step_100,30,2023-09-11,,1.0
step_100,30,2023-09-18,,
step_100,30,2023-09-25,,1.0
step_100,30,2023-10-02,,
step_100,30,2023-10-09,3.0,1.0
step_100,30,2023-10-16,2.0,1.0
step_100,30,2023-10-23,3.0,1.0
step_100,30,2023-10-30,2.0,2.0
step_100,30,2023-11-06,1.0,1.0
step_100,30,2023-11-13,,
step_100,30,2023-11-20,8.0,1.0
step_100,30,2023-11-27,7.0,7.0
step_100,30,2023-12-04,4.0,6.0
step_100,30,2023-12-11,2.0,2.0
step_100,30,2023-12-18,1.0,1.0
step_100,30,2023-12-25,1.0,1.0
step_100,30,2024-01-01,2.0,1.0
step_100,30,2024-01-08,1.0,1.0
step_100,30,2024-01-15,2.0,1.0
step_100,30,2024-01-22,1.0,1.0
step_100,30,2024-01-29,,1.0
step_100,30,2024-02-05,,
step_100,30,2024-02-12,,
step_100,30,2024-02-19,3.0,1.0
step_100,30,2024-02-26,2.0,2.0
step_100,30,2024-03-04,1.0,1.0
step_100,30,2024-03-11,,1.0
step_100,30,2024-03-18,,1.0
step_100,30,2024-03-25,5.0,1.0
step_100,30,2024-04-01,4.0,
step_100,30,2024-04-08,3.0,1.0
step_100,30,2024-04-15,2.0,1.0
step_100,30,2024-04-22,1.0,1.0
step_100,30,2024-04-29,3.0,1.0
step_100,30,2024-05-06,2.0,1.0
step_100,30,2024-05-13,1.0,1.0
step_100,30,2024-05-20,1.0,1.0
step_100,30,2024-05-27,2.0,2.0
step_100,30,2024-06-03,1.0,1.0
step_100,30,2024-06-10,1.0,1.0
step_100,30,2024-06-17,1.0,1.0
step_100,30,2024-06-24,1.0,1.0
step_100,30,2024-07-01,3.0,1.0
step_100,30,2024-07-08,2.0,
step_100,30,2024-07-15,1.0,1.0
step_100,30,2024-07-22,,
step_100,30,2024-07-29,,
step_100,30,2024-08-05,,1.0
step_100,30,2024-08-12,,1.0
step_100,30,2024-08-19,,
step_100,30,2024-08-26,,
step_100,30,2024-09-02,,
step_100,30,2024-09-09,,1.0
step_100,30,2024-09-16,,
step_100,30,2024-09-23,,1.0
step_100,30,2024-10-07,,1.0
step_100,30,2024-10-14,,1.0
step_100,30,2024-10-21,,
step_100,30,2024-10-28,,
step_100,30,2024-11-04,3.0,1.0
step_100,31,2023-01-30,,
step_100,31,2023-02-06,8.0,8.0
step_100,31,2023-02-13,7.0,7.0
step_100,31,2023-02-20,6.0,6.0
step_100,31,2023-02-27,5.0,5.0
step_100,31,2023-03-06,4.0,4.0
step_100,31,2023-03-13,3.0,3.0
step_100,31,2023-03-20,2.0,2.0
step_100,31,2023-03-27,1.0,1.0
step_100,31,2023-04-03,,
step_100,31,2023-04-10,,
step_100,31,2023-04-17,,
step_100,31,2023-04-24,,
step_100,31,2023-05-01,,
step_100,31,2023-05-08,,
step_100,31,2023-05-15,,
step_100,31,2023-05-22,8.0,
step_100,31,2023-05-29,7.0,
step_100,31,2023-06-05,6.0,
step_100,31,2023-06-12,5.0,
step_100,31,2023-06-19,4.0,
step_100,31,2023-06-26,3.0,
step_100,31,2023-07-03,,2.0
step_100,31,2023-07-10,2.0,1.0
step_100,31,2023-07-17,,
step_100,31,2023-07-24,,
step_100,31,2023-07-31,,8.0
step_100,31,2023-08-07,,7.0
step_100,31,2023-08-14,,6.0
step_100,31,2023-08-21,,5.0
step_100,31,2023-08-28,,4.0
step_100,31,2023-09-04,5.0,3.0
step_100,31,2023-09-11,3.0,2.0
step_100,31,2023-09-18,1.0,1.0
step_100,31,2023-09-25,,
step_100,31,2023-10-02,,
step_100,31,2023-10-09,,
step_100,31,2023-10-16,,
step_100,31,2023-10-23,,
step_100,31,2023-10-30,,
step_100,31,2023-11-06,,
step_100,31,2023-11-13,,
step_100,31,2023-11-20,,
step_100,31,2023-11-27,,
step_100,31,2023-12-04,,
step_100,31,2023-12-11,,
step_100,31,2023-12-18,,8.0
step_100,31,2023-12-25,,7.0
step_100,31,2024-01-01,,6.0
step_100,31,2024-01-08,,5.0
step_100,31,2024-01-15,8.0,4.0
step_100,31,2024-01-22,4.0,3.0
step_100,31,2024-01-29,2.0,2.0
step_100,31,2024-02-05,1.0,1.0
step_100,31,2024-02-12,5.0,
step_100,31,2024-02-19,5.0,3.0
step_100,31,2024-02-26,3.0,2.0
step_100,31,2024-03-04,2.0,1.0
step_100,31,2024-03-11,,
step_100,31,2024-03-18,,
step_100,31,2024-03-25,,
step_100,31,2024-04-01,,
step_100,31,2024-04-08,,
step_100,31,2024-04-15,,
step_100,31,2024-04-22,,
step_100,31,2024-04-29,,
step_100,31,2024-05-06,,
step_100,31,2024-05-13,,
step_100,31,2024-05-20,,
step_100,31,2024-05-27,,
step_100,31,2024-06-03,,
step_100,31,2024-06-10,,
step_100,31,2024-06-17,,
step_100,31,2024-06-24,,
step_100,31,2024-07-01,,
step_100,31,2024-07-08,,
step_100,31,2024-07-15,,
step_100,31,2024-07-22,,
step_100,31,2024-07-29,,
step_100,31,2024-08-05,,
step_100,31,2024-08-12,,
step_100,31,2024-08-19,,
step_100,31,2024-08-26,,
step_100,31,2024-09-02,,
step_100,31,2024-09-09,,
step_100,31,2024-09-16,,
step_100,31,2024-09-23,,
step_100,31,2024-10-07,,
step_100,31,2024-10-14,,
step_100,31,2024-10-21,,
step_100,31,2024-10-28,,
step_100,31,2024-11-04,,
step_100,32,2023-01-30,,1.0
step_100,32,2023-02-06,,
step_100,32,2023-02-13,,
step_100,32,2023-02-20,,
step_100,32,2023-02-27,,
step_100,32,2023-03-06,,
step_100,32,2023-03-13,2.0,1.0
step_100,32,2023-03-20,,1.0
step_100,32,2023-03-27,,
step_100,32,2023-04-03,,
step_100,32,2023-04-10,,
step_100,32,2023-04-17,7.0,8.0
step_100,32,2023-04-24,5.0,7.0
step_100,32,2023-05-01,3.0,6.0
step_100,32,2023-05-08,2.0,1.0
step_100,32,2023-05-15,2.0,1.0
step_100,32,2023-05-22,3.0,1.0
step_100,32,2023-05-29,2.0,1.0
step_100,32,2023-06-05,1.0,1.0
step_100,32,2023-06-12,,
step_100,32,2023-06-19,,
step_100,32,2023-06-26,,
step_100,32,2023-07-03,,
step_100,32,2023-07-10,,
step_100,32,2023-07-17,,1.0
step_100,32,2023-07-24,,
step_100,32,2023-07-31,,
step_100,32,2023-08-07,4.0,
step_100,32,2023-08-14,3.0,
step_100,32,2023-08-21,2.0,2.0
step_100,32,2023-08-28,1.0,1.0
step_100,32,2023-09-04,,
step_100,32,2023-09-11,,1.0
step_100,32,2023-09-18,,
step_100,32,2023-09-25,,5.0
step_100,32,2023-10-02,4.0,4.0
step_100,32,2023-10-09,3.0,3.0
step_100,32,2023-10-16,2.0,2.0
step_100,32,2023-10-23,1.0,1.0
step_100,32,2023-10-30,,
step_100,32,2023-11-06,5.0,
step_100,32,2023-11-13,2.0,1.0
step_100,32,2023-11-20,3.0,1.0
step_100,32,2023-11-27,,
step_100,32,2023-12-04,,1.0
step_100,32,2023-12-11,,
step_100,32,2023-12-18,,
step_100,32,2023-12-25,,
step_100,32,2024-01-01,,
step_100,32,2024-01-08,,
step_100,32,2024-01-15,,
step_100,32,2024-01-22,8.0,
step_100,32,2024-01-29,7.0,
step_100,32,2024-02-05,5.0,
step_100,32,2024-02-12,3.0,2.0
step_100,32,2024-02-19,1.0,1.0
step_100,32,2024-02-26,2.0,1.0
step_100,32,2024-03-04,2.0,1.0
step_100,32,2024-03-11,2.0,1.0
step_100,32,2024-03-18,1.0,1.0
step_100,32,2024-03-25,,
step_100,32,2024-04-01,,
step_100,32,2024-04-08,,
step_100,32,2024-04-15,,
step_100,32,2024-04-22,,
step_100,32,2024-04-29,,
step_100,32,2024-05-06,,1.0
step_100,32,2024-05-13,,
step_100,32,2024-05-20,,
step_100,32,2024-05-27,,1.0
step_100,32,2024-06-03,,
step_100,32,2024-06-10,,
step_100,32,2024-06-17,,
step_100,32,2024-06-24,,1.0
step_100,32,2024-07-01,,
step_100,32,2024-07-08,,
step_100,32,2024-07-15,,
step_100,32,2024-07-22,,
step_100,32,2024-07-29,,
step_100,32,2024-08-05,,
step_100,32,2024-08-12,,2.0
step_100,32,2024-08-19,2.0,1.0
step_100,32,2024-08-26,,
step_100,32,2024-09-02,,
step_100,32,2024-09-09,,
step_100,32,2024-09-16,,1.0
step_100,32,2024-09-23,,
step_100,32,2024-10-07,,
step_100,32,2024-10-14,,
step_100,32,2024-10-21,,
step_100,32,2024-10-28,,8.0
step_100,32,2024-11-04,8.0,7.0
step_100,33,2023-01-30,,
step_100,33,2023-02-06,,
step_100,33,2023-02-13,,
step_100,33,2023-02-20,,
step_100,33,2023-02-27,,1.0
step_100,33,2023-03-06,,
step_100,33,2023-03-13,,
step_100,33,2023-03-20,,
step_100,33,2023-03-27,,
step_100,33,2023-04-03,,
step_100,33,2023-04-10,,
step_100,33,2023-04-17,8.0,1.0
step_100,33,2023-04-24,6.0,
step_100,33,2023-05-01,3.0,2.0
step_100,33,2023-05-08,2.0,1.0
step_100,33,2023-05-15,4.0,1.0
step_100,33,2023-05-22,3.0,
step_100,33,2023-05-29,7.0,
step_100,33,2023-06-05,,1.0
step_100,33,2023-06-12,,
step_100,33,2023-06-19,,
step_100,33,2023-06-26,,
step_100,33,2023-07-03,,
step_100,33,2023-07-10,,1.0
step_100,33,2023-07-17,,
step_100,33,2023-07-24,,
step_100,33,2023-07-31,,
step_100,33,2023-08-07,,
step_100,33,2023-08-14,,1.0
step_100,33,2023-08-21,,
step_100,33,2023-08-28,,
step_100,33,2023-09-04,,
step_100,33,2023-09-11,,
step_100,33,2023-09-18,,1.0
step_100,33,2023-09-25,,
step_100,33,2023-10-02,,
step_100,33,2023-10-09,,
step_100,33,2023-10-16,,
step_100,33,2023-10-23,,
step_100,33,2023-10-30,,4.0
step_100,33,2023-11-06,,3.0
step_100,33,2023-11-13,,2.0
step_100,33,2023-11-20,1.0,1.0
step_100,33,2023-11-27,,
step_100,33,2023-12-04,,1.0
step_100,33,2023-12-11,,
step_100,33,2023-12-18,,
step_100,33,2023-12-25,,
step_100,33,2024-01-01,,
step_100,33,2024-01-08,2.0,1.0
step_100,33,2024-01-15,8.0,8.0
step_100,33,2024-01-22,7.0,7.0
step_100,33,2024-01-29,6.0,2.0
step_100,33,2024-02-05,2.0,1.0
step_100,33,2024-02-12,4.0,4.0
step_100,33,2024-02-19,4.0,3.0
step_100,33,2024-02-26,3.0,2.0
step_100,33,2024-03-04,1.0,1.0
step_100,33,2024-03-11,1.0,1.0
step_100,33,2024-03-18,,
step_100,33,2024-03-25,,
step_100,33,2024-04-01,,
step_100,33,2024-04-08,,
step_100,33,2024-04-15,,
step_100,33,2024-04-22,,
step_100,33,2024-04-29,,
step_100,33,2024-05-06,,
step_100,33,2024-05-13,5.0,
step_100,33,2024-05-20,2.0,2.0
step_100,33,2024-05-27,2.0,1.0
step_100,33,2024-06-03,,
step_100,33,2024-06-10,,
step_100,33,2024-06-17,,
step_100,33,2024-06-24,,
step_100,33,2024-07-01,,
step_100,33,2024-07-08,,
step_100,33,2024-07-15,,
step_100,33,2024-07-22,,
step_100,33,2024-07-29,,
step_100,33,2024-08-05,,
step_100,33,2024-08-12,,
step_100,33,2024-08-19,,
step_100,33,2024-08-26,,
step_100,33,2024-09-02,,
step_100,33,2024-09-09,,
step_100,33,2024-09-16,,
step_100,33,2024-09-23,,
step_100,33,2024-10-07,,
step_100,33,2024-10-14,,
step_100,33,2024-10-21,,
step_100,33,2024-10-28,,
step_100,33,2024-11-04,,
step_100,34,2023-01-30,,
step_100,34,2023-02-06,,
step_100,34,2023-02-13,4.0,3.0
step_100,34,2023-02-20,3.0,2.0
step_100,34,2023-02-27,2.0,1.0
step_100,34,2023-03-06,,1.0
step_100,34,2023-03-13,,6.0
step_100,34,2023-03-20,,5.0
step_100,34,2023-03-27,4.0,4.0
step_100,34,2023-04-03,3.0,3.0
step_100,34,2023-04-10,2.0,2.0
step_100,34,2023-04-17,1.0,1.0
step_100,34,2023-04-24,3.0,3.0
step_100,34,2023-05-01,2.0,2.0
step_100,34,2023-05-08,1.0,1.0
step_100,34,2023-05-15,,
step_100,34,2023-05-22,,1.0
step_100,34,2023-05-29,,
step_100,34,2023-06-05,,
step_100,34,2023-06-12,,
step_100,34,2023-06-19,,
step_100,34,2023-06-26,,
step_100,34,2023-07-03,,
step_100,34,2023-07-10,,
step_100,34,2023-07-17,,
step_100,34,2023-07-24,,
step_100,34,2023-07-31,,
step_100,34,2023-08-07,,
step_100,34,2023-08-14,,
step_100,34,2023-08-21,,
step_100,34,2023-08-28,,
step_100,34,2023-09-04,,
step_100,34,2023-09-11,,
step_100,34,2023-09-18,,
step_100,34,2023-09-25,,
step_100,34,2023-10-02,,
step_100,34,2023-10-09,,
step_100,34,2023-10-16,,
step_100,34,2023-10-23,,
step_100,34,2023-10-30,,
step_100,34,2023-11-06,,
step_100,34,2023-11-13,,
step_100,34,2023-11-20,,
step_100,34,2023-11-27,,2.0
step_100,34,2023-12-04,2.0,1.0
step_100,34,2023-12-11,,
step_100,34,2023-12-18,,
step_100,34,2023-12-25,,
step_100,34,2024-01-01,,
step_100,34,2024-01-08,,
step_100,34,2024-01-15,5.0,
step_100,34,2024-01-22,4.0,
step_100,34,2024-01-29,2.0,
step_100,34,2024-02-05,2.0,1.0
step_100,34,2024-02-12,,1.0
step_100,34,2024-02-19,,
step_100,34,2024-02-26,,
step_100,34,2024-03-04,,
step_100,34,2024-03-11,,
step_100,34,2024-03-18,,
step_100,34,2024-03-25,,
step_100,34,2024-04-01,,
step_100,34,2024-04-08,,
step_100,34,2024-04-15,,
step_100,34,2024-04-22,,
step_100,34,2024-04-29,,
step_100,34,2024-05-06,,
step_100,34,2024-05-13,,
step_100,34,2024-05-20,,
step_100,34,2024-05-27,,
step_100,34,2024-06-03,,
step_100,34,2024-06-10,,
step_100,34,2024-06-17,,
step_100,34,2024-06-24,,
step_100,34,2024-07-01,,
step_100,34,2024-07-08,,
step_100,34,2024-07-15,,
step_100,34,2024-07-22,,
step_100,34,2024-07-29,,
step_100,34,2024-08-05,,
step_100,34,2024-08-12,,
step_100,34,2024-08-19,,
step_100,34,2024-08-26,,
step_100,34,2024-09-02,,
step_100,34,2024-09-09,,
step_100,34,2024-09-16,,
step_100,34,2024-09-23,,
step_100,34,2024-10-07,,
step_100,34,2024-10-14,,
step_100,34,2024-10-21,,
step_100,34,2024-10-28,,
step_100,34,2024-11-04,,
step_100,35,2023-01-30,3.0,2.0
step_100,35,2023-02-06,2.0,1.0
step_100,35,2023-02-13,1.0,1.0
step_100,35,2023-02-20,,
step_100,35,2023-02-27,,
step_100,35,2023-03-06,8.0,8.0
step_100,35,2023-03-13,7.0,7.0
step_100,35,2023-03-20,6.0,6.0
step_100,35,2023-03-27,5.0,5.0
step_100,35,2023-04-03,4.0,4.0
step_100,35,2023-04-10,3.0,3.0
step_100,35,2023-04-17,2.0,2.0
step_100,35,2023-04-24,1.0,1.0
step_100,35,2023-05-01,8.0,5.0
step_100,35,2023-05-08,7.0,4.0
step_100,35,2023-05-15,6.0,3.0
step_100,35,2023-05-22,5.0,2.0
step_100,35,2023-05-29,4.0,1.0
step_100,35,2023-06-05,2.0,2.0
step_100,35,2023-06-12,1.0,1.0
step_100,35,2023-06-19,2.0,1.0
step_100,35,2023-06-26,6.0,6.0
step_100,35,2023-07-03,4.0,2.0
step_100,35,2023-07-10,2.0,1.0
step_100,35,2023-07-17,3.0,3.0
step_100,35,2023-07-24,2.0,2.0
step_100,35,2023-07-31,1.0,1.0
step_100,35,2023-08-07,,
step_100,35,2023-08-14,,
step_100,35,2023-08-21,,2.0
step_100,35,2023-08-28,5.0,1.0
step_100,35,2023-09-04,,
step_100,35,2023-09-11,,
step_100,35,2023-09-18,2.0,1.0
step_100,35,2023-09-25,,1.0
step_100,35,2023-10-02,,
step_100,35,2023-10-09,,
step_100,35,2023-10-16,,
step_100,35,2023-10-23,,
step_100,35,2023-10-30,,
step_100,35,2023-11-06,,
step_100,35,2023-11-13,,
step_100,35,2023-11-20,,
step_100,35,2023-11-27,4.0,
step_100,35,2023-12-04,3.0,1.0
step_100,35,2023-12-11,,2.0
step_100,35,2023-12-18,,1.0
step_100,35,2023-12-25,,
step_100,35,2024-01-01,,
step_100,35,2024-01-08,,
step_100,35,2024-01-15,,
step_100,35,2024-01-22,,
step_100,35,2024-01-29,,
step_100,35,2024-02-05,,
step_100,35,2024-02-12,,
step_100,35,2024-02-19,3.0,2.0
step_100,35,2024-02-26,2.0,1.0
step_100,35,2024-03-04,,1.0
step_100,35,2024-03-11,,
step_100,35,2024-03-18,,
step_100,35,2024-03-25,,1.0
step_100,35,2024-04-01,,
step_100,35,2024-04-08,,
step_100,35,2024-04-15,,
step_100,35,2024-04-22,,2.0
step_100,35,2024-04-29,,1.0
step_100,35,2024-05-06,,
step_100,35,2024-05-13,,
step_100,35,2024-05-20,,
step_100,35,2024-05-27,,
step_100,35,2024-06-03,,
step_100,35,2024-06-10,,1.0
step_100,35,2024-06-17,,
step_100,35,2024-06-24,,
step_100,35,2024-07-01,,
step_100,35,2024-07-08,,
step_100,35,2024-07-15,,
step_100,35,2024-07-22,,
step_100,35,2024-07-29,,
step_100,35,2024-08-05,,
step_100,35,2024-08-12,,
step_100,35,2024-08-19,,
step_100,35,2024-08-26,,
step_100,35,2024-09-02,,
step_100,35,2024-09-09,,
step_100,35,2024-09-16,,
step_100,35,2024-09-23,,
step_100,35,2024-10-07,2.0,2.0
step_100,35,2024-10-14,1.0,1.0
step_100,35,2024-10-21,,
step_100,35,2024-10-28,,
step_100,35,2024-11-04,,3.0
step_100,36,2023-01-30,1.0,1.0
step_100,36,2023-02-06,1.0,1.0
step_100,36,2023-02-13,,
step_100,36,2023-02-20,,
step_100,36,2023-02-27,3.0,1.0
step_100,36,2023-03-06,2.0,1.0
step_100,36,2023-03-13,1.0,1.0
step_100,36,2023-03-20,2.0,1.0
step_100,36,2023-03-27,1.0,1.0
step_100,36,2023-04-03,2.0,1.0
step_100,36,2023-04-10,3.0,1.0
step_100,36,2023-04-17,2.0,1.0
step_100,36,2023-04-24,1.0,1.0
step_100,36,2023-05-01,1.0,1.0
step_100,36,2023-05-08,4.0,
step_100,36,2023-05-15,2.0,1.0
step_100,36,2023-05-22,2.0,1.0
step_100,36,2023-05-29,1.0,1.0
step_100,36,2023-06-05,1.0,1.0
step_100,36,2023-06-12,4.0,1.0
step_100,36,2023-06-19,3.0,1.0
step_100,36,2023-06-26,2.0,2.0
step_100,36,2023-07-03,1.0,1.0
step_100,36,2023-07-10,,
step_100,36,2023-07-17,4.0,1.0
step_100,36,2023-07-24,2.0,1.0
step_100,36,2023-07-31,2.0,1.0
step_100,36,2023-08-07,1.0,1.0
step_100,36,2023-08-14,4.0,1.0
step_100,36,2023-08-21,3.0,3.0
step_100,36,2023-08-28,2.0,1.0
step_100,36,2023-09-04,1.0,1.0
step_100,36,2023-09-11,3.0,1.0
step_100,36,2023-09-18,2.0,1.0
step_100,36,2023-09-25,1.0,1.0
step_100,36,2023-10-02,,
step_100,36,2023-10-09,2.0,1.0
step_100,36,2023-10-16,1.0,1.0
step_100,36,2023-10-23,3.0,1.0
step_100,36,2023-10-30,2.0,2.0
step_100,36,2023-11-06,1.0,1.0
step_100,36,2023-11-13,1.0,1.0
step_100,36,2023-11-20,2.0,1.0
step_100,36,2023-11-27,1.0,1.0
step_100,36,2023-12-04,1.0,1.0
step_100,36,2023-12-11,1.0,1.0
step_100,36,2023-12-18,1.0,1.0
step_100,36,2023-12-25,1.0,1.0
step_100,36,2024-01-01,2.0,1.0
step_100,36,2024-01-08,2.0,1.0
step_100,36,2024-01-15,1.0,1.0
step_100,36,2024-01-22,,
step_100,36,2024-01-29,,1.0
step_100,36,2024-02-05,,1.0
step_100,36,2024-02-12,,1.0
step_100,36,2024-02-19,2.0,1.0
step_100,36,2024-02-26,3.0,1.0
step_100,36,2024-03-04,2.0,1.0
step_100,36,2024-03-11,2.0,1.0
step_100,36,2024-03-18,1.0,1.0
step_100,36,2024-03-25,3.0,1.0
step_100,36,2024-04-01,3.0,1.0
step_100,36,2024-04-08,2.0,1.0
step_100,36,2024-04-15,2.0,1.0
step_100,36,2024-04-22,,1.0
step_100,36,2024-04-29,3.0,
step_100,36,2024-05-06,2.0,1.0
step_100,36,2024-05-13,1.0,1.0
step_100,36,2024-05-20,4.0,1.0
step_100,36,2024-05-27,2.0,1.0
step_100,36,2024-06-03,2.0,1.0
step_100,36,2024-06-10,1.0,1.0
step_100,36,2024-06-17,1.0,1.0
step_100,36,2024-06-24,2.0,1.0
step_100,36,2024-07-01,2.0,1.0
step_100,36,2024-07-08,3.0,1.0
step_100,36,2024-07-15,2.0,1.0
step_100,36,2024-07-22,1.0,1.0
step_100,36,2024-07-29,1.0,1.0
step_100,36,2024-08-05,3.0,1.0
step_100,36,2024-08-12,2.0,1.0
step_100,36,2024-08-19,1.0,1.0
step_100,36,2024-08-26,2.0,1.0
step_100,36,2024-09-02,,1.0
step_100,36,2024-09-09,3.0,1.0
step_100,36,2024-09-16,2.0,1.0
step_100,36,2024-09-23,1.0,1.0
step_100,36,2024-10-07,,
step_100,36,2024-10-14,3.0,1.0
step_100,36,2024-10-21,2.0,1.0
step_100,36,2024-10-28,1.0,1.0
step_100,36,2024-11-04,2.0,1.0
step_100,37,2023-01-30,1.0,1.0
step_100,37,2023-02-06,6.0,5.0
step_100,37,2023-02-13,5.0,4.0
step_100,37,2023-02-20,4.0,3.0
step_100,37,2023-02-27,2.0,2.0
step_100,37,2023-03-06,1.0,1.0
step_100,37,2023-03-13,,1.0
step_100,37,2023-03-20,,7.0
step_100,37,2023-03-27,,6.0
step_100,37,2023-04-03,,5.0
step_100,37,2023-04-10,4.0,4.0
step_100,37,2023-04-17,3.0,3.0
step_100,37,2023-04-24,2.0,2.0
step_100,37,2023-05-01,1.0,1.0
step_100,37,2023-05-08,,
step_100,37,2023-05-15,5.0,
step_100,37,2023-05-22,,
step_100,37,2023-05-29,3.0,1.0
step_100,37,2023-06-05,,
step_100,37,2023-06-12,,1.0
step_100,37,2023-06-19,,
step_100,37,2023-06-26,,
step_100,37,2023-07-03,,
step_100,37,2023-07-10,,
step_100,37,2023-07-17,,
step_100,37,2023-07-24,,
step_100,37,2023-07-31,,
step_100,37,2023-08-07,,
step_100,37,2023-08-14,,
step_100,37,2023-08-21,,1.0
step_100,37,2023-08-28,,
step_100,37,2023-09-04,,
step_100,37,2023-09-11,,
step_100,37,2023-09-18,,
step_100,37,2023-09-25,,
step_100,37,2023-10-02,,
step_100,37,2023-10-09,,1.0
step_100,37,2023-10-16,,
step_100,37,2023-10-23,,
step_100,37,2023-10-30,,
step_100,37,2023-11-06,,
step_100,37,2023-11-13,,
step_100,37,2023-11-20,8.0,8.0
step_100,37,2023-11-27,7.0,7.0
step_100,37,2023-12-04,6.0,6.0
step_100,37,2023-12-11,3.0,1.0
step_100,37,2023-12-18,4.0,4.0
step_100,37,2023-12-25,3.0,3.0
step_100,37,2024-01-01,2.0,2.0
step_100,37,2024-01-08,1.0,1.0
step_100,37,2024-01-15,5.0,
step_100,37,2024-01-22,4.0,
step_100,37,2024-01-29,2.0,1.0
step_100,37,2024-02-05,2.0,1.0
step_100,37,2024-02-12,3.0,1.0
step_100,37,2024-02-19,,
step_100,37,2024-02-26,,1.0
step_100,37,2024-03-04,,
step_100,37,2024-03-11,,
step_100,37,2024-03-18,,
step_100,37,2024-03-25,7.0,
step_100,37,2024-04-01,6.0,
step_100,37,2024-04-08,4.0,
step_100,37,2024-04-15,2.0,2.0
step_100,37,2024-04-22,2.0,1.0
step_100,37,2024-04-29,,
step_100,37,2024-05-06,,
step_100,37,2024-05-13,,
step_100,37,2024-05-20,,
step_100,37,2024-05-27,,
step_100,37,2024-06-03,,
step_100,37,2024-06-10,,
step_100,37,2024-06-17,,
step_100,37,2024-06-24,,
step_100,37,2024-07-01,,
step_100,37,2024-07-08,,
step_100,37,2024-07-15,,
step_100,37,2024-07-22,,
step_100,37,2024-07-29,,
step_100,37,2024-08-05,,
step_100,37,2024-08-12,,
step_100,37,2024-08-19,,1.0
step_100,37,2024-08-26,,
step_100,37,2024-09-02,,
step_100,37,2024-09-09,,
step_100,37,2024-09-16,,
step_100,37,2024-09-23,,
step_100,37,2024-10-07,,
step_100,37,2024-10-14,,
step_100,37,2024-10-21,,
step_100,37,2024-10-28,,
step_100,37,2024-11-04,,
step_100,38,2023-01-30,1.0,1.0
step_100,38,2023-02-06,2.0,2.0
step_100,38,2023-02-13,1.0,1.0
step_100,38,2023-02-20,,
step_100,38,2023-02-27,,
step_100,38,2023-03-06,,1.0
step_100,38,2023-03-13,,
step_100,38,2023-03-20,,
step_100,38,2023-03-27,,
step_100,38,2023-04-03,,
step_100,38,2023-04-10,,
step_100,38,2023-04-17,,
step_100,38,2023-04-24,,
step_100,38,2023-05-01,,2.0
step_100,38,2023-05-08,,1.0
step_100,38,2023-05-15,,
step_100,38,2023-05-22,,
step_100,38,2023-05-29,8.0,1.0
step_100,38,2023-06-05,7.0,
step_100,38,2023-06-12,6.0,
step_100,38,2023-06-19,3.0,
step_100,38,2023-06-26,3.0,1.0
step_100,38,2023-07-03,3.0,
step_100,38,2023-07-10,2.0,
step_100,38,2023-07-17,2.0,1.0
step_100,38,2023-07-24,,1.0
step_100,38,2023-07-31,,
step_100,38,2023-08-07,,
step_100,38,2023-08-14,,
step_100,38,2023-08-21,,2.0
step_100,38,2023-08-28,,1.0
step_100,38,2023-09-04,,
step_100,38,2023-09-11,,1.0
step_100,38,2023-09-18,,
step_100,38,2023-09-25,,1.0
step_100,38,2023-10-02,,
step_100,38,2023-10-09,,
step_100,38,2023-10-16,,
step_100,38,2023-10-23,,
step_100,38,2023-10-30,,
step_100,38,2023-11-06,,1.0
step_100,38,2023-11-13,,
step_100,38,2023-11-20,,
step_100,38,2023-11-27,4.0,2.0
step_100,38,2023-12-04,3.0,1.0
step_100,38,2023-12-11,,
step_100,38,2023-12-18,,1.0
step_100,38,2023-12-25,,
step_100,38,2024-01-01,,
step_100,38,2024-01-08,6.0,
step_100,38,2024-01-15,5.0,2.0
step_100,38,2024-01-22,2.0,1.0
step_100,38,2024-01-29,3.0,1.0
step_100,38,2024-02-05,7.0,
step_100,38,2024-02-12,6.0,1.0
step_100,38,2024-02-19,,3.0
step_100,38,2024-02-26,4.0,2.0
step_100,38,2024-03-04,1.0,1.0
step_100,38,2024-03-11,,
step_100,38,2024-03-18,,1.0
step_100,38,2024-03-25,,
step_100,38,2024-04-01,,
step_100,38,2024-04-08,3.0,
step_100,38,2024-04-15,2.0,1.0
step_100,38,2024-04-22,,1.0
step_100,38,2024-04-29,,
step_100,38,2024-05-06,,
step_100,38,2024-05-13,,
step_100,38,2024-05-20,,
step_100,38,2024-05-27,,
step_100,38,2024-06-03,,
step_100,38,2024-06-10,,
step_100,38,2024-06-17,,
step_100,38,2024-06-24,,
step_100,38,2024-07-01,,
step_100,38,2024-07-08,,
step_100,38,2024-07-15,,
step_100,38,2024-07-22,,
step_100,38,2024-07-29,,
step_100,38,2024-08-05,,
step_100,38,2024-08-12,,1.0
step_100,38,2024-08-19,,
step_100,38,2024-08-26,,
step_100,38,2024-09-02,,
step_100,38,2024-09-09,,1.0
step_100,38,2024-09-16,,
step_100,38,2024-09-23,,
step_100,38,2024-10-07,,
step_100,38,2024-10-14,,
step_100,38,2024-10-21,,
step_100,38,2024-10-28,,
step_100,38,2024-11-04,,
step_100,39,2023-01-30,3.0,3.0
step_100,39,2023-02-06,2.0,1.0
step_100,39,2023-02-13,1.0,1.0
step_100,39,2023-02-20,,
step_100,39,2023-02-27,,
step_100,39,2023-03-06,2.0,2.0
step_100,39,2023-03-13,1.0,1.0
step_100,39,2023-03-20,,1.0
step_100,39,2023-03-27,,7.0
step_100,39,2023-04-03,,6.0
step_100,39,2023-04-10,5.0,5.0
step_100,39,2023-04-17,4.0,4.0
step_100,39,2023-04-24,3.0,3.0
step_100,39,2023-05-01,2.0,2.0
step_100,39,2023-05-08,1.0,1.0
step_100,39,2023-05-15,3.0,2.0
step_100,39,2023-05-22,1.0,1.0
step_100,39,2023-05-29,5.0,1.0
step_100,39,2023-06-05,4.0,4.0
step_100,39,2023-06-12,3.0,3.0
step_100,39,2023-06-19,2.0,2.0
step_100,39,2023-06-26,1.0,1.0
step_100,39,2023-07-03,1.0,1.0
step_100,39,2023-07-10,1.0,1.0
step_100,39,2023-07-17,3.0,3.0
step_100,39,2023-07-24,2.0,2.0
step_100,39,2023-07-31,1.0,1.0
step_100,39,2023-08-07,,
step_100,39,2023-08-14,,
step_100,39,2023-08-21,,
step_100,39,2023-08-28,,1.0
step_100,39,2023-09-04,,
step_100,39,2023-09-11,,
step_100,39,2023-09-18,,
step_100,39,2023-09-25,,1.0
step_100,39,2023-10-02,,
step_100,39,2023-10-09,,1.0
step_100,39,2023-10-16,,1.0
step_100,39,2023-10-23,,
step_100,39,2023-10-30,2.0,1.0
step_100,39,2023-11-06,2.0,1.0
step_100,39,2023-11-13,,1.0
step_100,39,2023-11-20,,
step_100,39,2023-11-27,,
step_100,39,2023-12-04,,
step_100,39,2023-12-11,,1.0
step_100,39,2023-12-18,,
step_100,39,2023-12-25,,
step_100,39,2024-01-01,,
step_100,39,2024-01-08,,1.0
step_100,39,2024-01-15,,
step_100,39,2024-01-22,3.0,1.0
step_100,39,2024-01-29,2.0,
step_100,39,2024-02-05,,1.0
step_100,39,2024-02-12,,
step_100,39,2024-02-19,,
step_100,39,2024-02-26,,4.0
step_100,39,2024-03-04,4.0,3.0
step_100,39,2024-03-11,2.0,2.0
step_100,39,2024-03-18,1.0,1.0
step_100,39,2024-03-25,5.0,1.0
step_100,39,2024-04-01,4.0,
step_100,39,2024-04-08,3.0,
step_100,39,2024-04-15,2.0,1.0
step_100,39,2024-04-22,1.0,1.0
step_100,39,2024-04-29,1.0,1.0
step_100,39,2024-05-06,,
step_100,39,2024-05-13,,
step_100,39,2024-05-20,,1.0
step_100,39,2024-05-27,,
step_100,39,2024-06-03,,
step_100,39,2024-06-10,,
step_100,39,2024-06-17,,
step_100,39,2024-06-24,,
step_100,39,2024-07-01,,
step_100,39,2024-07-08,4.0,
step_100,39,2024-07-15,3.0,1.0
step_100,39,2024-07-22,,
step_100,39,2024-07-29,,1.0
step_100,39,2024-08-05,,
step_100,39,2024-08-12,,
step_100,39,2024-08-19,,1.0
step_100,39,2024-08-26,,
step_100,39,2024-09-02,,
step_100,39,2024-09-09,,1.0
step_100,39,2024-09-16,,1.0
step_100,39,2024-09-23,,
step_100,39,2024-10-07,,1.0
step_100,39,2024-10-14,,
step_100,39,2024-10-21,,
step_100,39,2024-10-28,,
step_100,39,2024-11-04,,
none,0,2023-01-30,,
none,0,2023-02-06,,
none,0,2023-02-13,,
none,0,2023-02-20,,
none,0,2023-02-27,,
none,0,2023-03-06,,
none,0,2023-03-13,,
none,0,2023-03-20,,
none,0,2023-03-27,,
none,0,2023-04-03,,
none,0,2023-04-10,,
none,0,2023-04-17,,
none,0,2023-04-24,,
none,0,2023-05-01,,
none,0,2023-05-08,,
none,0,2023-05-15,,
none,0,2023-05-22,,
none,0,2023-05-29,,
none,0,2023-06-05,,
none,0,2023-06-12,,
none,0,2023-06-19,,
none,0,2023-06-26,,
none,0,2023-07-03,,
none,0,2023-07-10,,
none,0,2023-07-17,,
none,0,2023-07-24,,
none,0,2023-07-31,,
none,0,2023-08-07,,
none,0,2023-08-14,,
none,0,2023-08-21,,
none,0,2023-08-28,,
none,0,2023-09-04,,
none,0,2023-09-11,,
none,0,2023-09-18,,
none,0,2023-09-25,,
none,0,2023-10-02,,
none,0,2023-10-09,,
none,0,2023-10-16,,
none,0,2023-10-23,,8.0
none,0,2023-10-30,,7.0
none,0,2023-11-06,8.0,6.0
none,0,2023-11-13,7.0,5.0
none,0,2023-11-20,6.0,4.0
none,0,2023-11-27,5.0,3.0
none,0,2023-12-04,4.0,2.0
none,0,2023-12-11,3.0,1.0
none,0,2023-12-18,,
none,0,2023-12-25,,
none,0,2024-01-01,,
none,0,2024-01-08,,
none,0,2024-01-15,,
none,0,2024-01-22,,8.0
none,0,2024-01-29,,7.0
none,0,2024-02-05,,6.0
none,0,2024-02-12,,5.0
none,0,2024-02-19,,4.0
none,0,2024-02-26,,3.0
none,0,2024-03-04,,2.0
none,0,2024-03-11,,1.0
none,0,2024-03-18,,
none,0,2024-03-25,,
none,0,2024-04-01,,
none,0,2024-04-08,,
none,0,2024-04-15,,
none,0,2024-04-22,,
none,0,2024-04-29,,
none,0,2024-05-06,,
none,0,2024-05-13,,
none,0,2024-05-20,,
none,0,2024-05-27,,
none,0,2024-06-03,,
none,0,2024-06-10,,
none,0,2024-06-17,,
none,0,2024-06-24,,
none,0,2024-07-01,,
none,0,2024-07-08,,
none,0,2024-07-15,,
none,0,2024-07-22,,
none,0,2024-07-29,,
none,0,2024-08-05,,
none,0,2024-08-12,,
none,0,2024-08-19,,
none,0,2024-08-26,,
none,0,2024-09-02,,
none,0,2024-09-09,,
none,0,2024-09-16,,
none,0,2024-09-23,,
none,0,2024-10-07,,
none,0,2024-10-14,,
none,0,2024-10-21,,
none,0,2024-10-28,,
none,0,2024-11-04,,
none,1,2023-01-30,,
none,1,2023-02-06,,
none,1,2023-02-13,,
none,1,2023-02-20,,
none,1,2023-02-27,,
none,1,2023-03-06,,
none,1,2023-03-13,,
none,1,2023-03-20,8.0,8.0
none,1,2023-03-27,7.0,7.0
none,1,2023-04-03,6.0,6.0
none,1,2023-04-10,5.0,5.0
none,1,2023-04-17,4.0,4.0
none,1,2023-04-24,3.0,3.0
none,1,2023-05-01,2.0,2.0
none,1,2023-05-08,2.0,1.0
none,1,2023-05-15,,
none,1,2023-05-22,,
none,1,2023-05-29,,
none,1,2023-06-05,,
none,1,2023-06-12,,
none,1,2023-06-19,,
none,1,2023-06-26,,
none,1,2023-07-03,,
none,1,2023-07-10,,
none,1,2023-07-17,,
none,1,2023-07-24,,
none,1,2023-07-31,,
none,1,2023-08-07,,
none,1,2023-08-14,,
none,1,2023-08-21,,
none,1,2023-08-28,,
none,1,2023-09-04,,
none,1,2023-09-11,,
none,1,2023-09-18,,
none,1,2023-09-25,,
none,1,2023-10-02,,
none,1,2023-10-09,,
none,1,2023-10-16,,
none,1,2023-10-23,,
none,1,2023-10-30,,
none,1,2023-11-06,,
none,1,2023-11-13,,
none,1,2023-11-20,,
none,1,2023-11-27,,
none,1,2023-12-04,,
none,1,2023-12-11,,
none,1,2023-12-18,,
none,1,2023-12-25,,
none,1,2024-01-01,,
none,1,2024-01-08,,
none,1,2024-01-15,,
none,1,2024-01-22,,
none,1,2024-01-29,,
none,1,2024-02-05,,
none,1,2024-02-12,,
none,1,2024-02-19,,
none,1,2024-02-26,,
none,1,2024-03-04,,
none,1,2024-03-11,,
none,1,2024-03-18,,
none,1,2024-03-25,,
none,1,2024-04-01,,
none,1,2024-04-08,,
none,1,2024-04-15,,
none,1,2024-04-22,,
none,1,2024-04-29,,
none,1,2024-05-06,,
none,1,2024-05-13,,
none,1,2024-05-20,,
none,1,2024-05-27,,
none,1,2024-06-03,,
none,1,2024-06-10,,
none,1,2024-06-17,,
none,1,2024-06-24,,
none,1,2024-07-01,,
none,1,2024-07-08,,
none,1,2024-07-15,,
none,1,2024-07-22,,
none,1,2024-07-29,,
none,1,2024-08-05,,
none,1,2024-08-12,,
none,1,2024-08-19,,
none,1,2024-08-26,,
none,1,2024-09-02,,
none,1,2024-09-09,,
none,1,2024-09-16,,
none,1,2024-09-23,,
none,1,2024-10-07,,
none,1,2024-10-14,,
none,1,2024-10-21,,
none,1,2024-10-28,,
none,1,2024-11-04,,
none,2,2023-01-30,,
none,2,2023-02-06,,
none,2,2023-02-13,,
none,2,2023-02-20,,
none,2,2023-02-27,,
none,2,2023-03-06,,
none,2,2023-03-13,,
none,2,2023-03-20,,
none,2,2023-03-27,,
none,2,2023-04-03,,
none,2,2023-04-10,,
none,2,2023-04-17,,
none,2,2023-04-24,,
none,2,2023-05-01,,
none,2,2023-05-08,,
none,2,2023-05-15,,
none,2,2023-05-22,8.0,
none,2,2023-05-29,7.0,
none,2,2023-06-05,6.0,
none,2,2023-06-12,6.0,
none,2,2023-06-19,5.0,
none,2,2023-06-26,,
none,2,2023-07-03,,
none,2,2023-07-10,,
none,2,2023-07-17,,
none,2,2023-07-24,,
none,2,2023-07-31,,
none,2,2023-08-07,,
none,2,2023-08-14,,
none,2,2023-08-21,,
none,2,2023-08-28,,
none,2,2023-09-04,,
none,2,2023-09-11,,
none,2,2023-09-18,,
none,2,2023-09-25,,
none,2,2023-10-02,,
none,2,2023-10-09,,
none,2,2023-10-16,,
none,2,2023-10-23,,
none,2,2023-10-30,,
none,2,2023-11-06,,
none,2,2023-11-13,,
none,2,2023-11-20,,
none,2,2023-11-27,,
none,2,2023-12-04,8.0,8.0
none,2,2023-12-11,7.0,7.0
none,2,2023-12-18,6.0,6.0
none,2,2023-12-25,5.0,5.0
none,2,2024-01-01,4.0,4.0
none,2,2024-01-08,,3.0
none,2,2024-01-15,,2.0
none,2,2024-01-22,,1.0
none,2,2024-01-29,,
none,2,2024-02-05,,
none,2,2024-02-12,,
none,2,2024-02-19,,
none,2,2024-02-26,,
none,2,2024-03-04,,
none,2,2024-03-11,,
none,2,2024-03-18,,
none,2,2024-03-25,,
none,2,2024-04-01,,
none,2,2024-04-08,,
none,2,2024-04-15,,
none,2,2024-04-22,,
none,2,2024-04-29,,
none,2,2024-05-06,,
none,2,2024-05-13,,
none,2,2024-05-20,,
none,2,2024-05-27,,
none,2,2024-06-03,,
none,2,2024-06-10,,
none,2,2024-06-17,,
none,2,2024-06-24,,
none,2,2024-07-01,,
none,2,2024-07-08,,
none,2,2024-07-15,,
none,2,2024-07-22,,
none,2,2024-07-29,,
none,2,2024-08-05,,
none,2,2024-08-12,,
none,2,2024-08-19,,
none,2,2024-08-26,,
none,2,2024-09-02,,
none,2,2024-09-09,,
none,2,2024-09-16,,
none,2,2024-09-23,,
none,2,2024-10-07,,
none,2,2024-10-14,,
none,2,2024-10-21,,
none,2,2024-10-28,,
none,2,2024-11-04,,
none,3,2023-01-30,,
none,3,2023-02-06,,
none,3,2023-02-13,,
none,3,2023-02-20,,
none,3,2023-02-27,,
none,3,2023-03-06,,
none,3,2023-03-13,,
none,3,2023-03-20,,
none,3,2023-03-27,,
none,3,2023-04-03,,
none,3,2023-04-10,,8.0
none,3,2023-04-17,,7.0
none,3,2023-04-24,,6.0
none,3,2023-05-01,,5.0
none,3,2023-05-08,,4.0
none,3,2023-05-15,,3.0
none,3,2023-05-22,,2.0
none,3,2023-05-29,,1.0
none,3,2023-06-05,,7.0
none,3,2023-06-12,,6.0
none,3,2023-06-19,,5.0
none,3,2023-06-26,,4.0
none,3,2023-07-03,,3.0
none,3,2023-07-10,,2.0
none,3,2023-07-17,,1.0
none,3,2023-07-24,,
none,3,2023-07-31,,
none,3,2023-08-07,,
none,3,2023-08-14,,
none,3,2023-08-21,,
none,3,2023-08-28,,
none,3,2023-09-04,,
none,3,2023-09-11,,
none,3,2023-09-18,,
none,3,2023-09-25,,
none,3,2023-10-02,,
none,3,2023-10-09,,
none,3,2023-10-16,,
none,3,2023-10-23,,
none,3,2023-10-30,,
none,3,2023-11-06,,
none,3,2023-11-13,,
none,3,2023-11-20,,
none,3,2023-11-27,,
none,3,2023-12-04,,
none,3,2023-12-11,,
none,3,2023-12-18,,
none,3,2023-12-25,,
none,3,2024-01-01,,
none,3,2024-01-08,,
none,3,2024-01-15,,
none,3,2024-01-22,,
none,3,2024-01-29,,
none,3,2024-02-05,,
none,3,2024-02-12,,
none,3,2024-02-19,,
none,3,2024-02-26,,
none,3,2024-03-04,,
none,3,2024-03-11,,
none,3,2024-03-18,,
none,3,2024-03-25,,
none,3,2024-04-01,,
none,3,2024-04-08,,
none,3,2024-04-15,,
none,3,2024-04-22,,
none,3,2024-04-29,,
none,3,2024-05-06,,
none,3,2024-05-13,,
none,3,2024-05-20,,
none,3,2024-05-27,,
none,3,2024-06-03,,
none,3,2024-06-10,,
none,3,2024-06-17,,
none,3,2024-06-24,,
none,3,2024-07-01,,
none,3,2024-07-08,,
none,3,2024-07-15,,
none,3,2024-07-22,,
none,3,2024-07-29,,
none,3,2024-08-05,,
none,3,2024-08-12,,
none,3,2024-08-19,,
none,3,2024-08-26,,
none,3,2024-09-02,,
none,3,2024-09-09,,
none,3,2024-09-16,,
none,3,2024-09-23,,
none,3,2024-10-07,,
none,3,2024-10-14,,
none,3,2024-10-21,,
none,3,2024-10-28,,
none,3,2024-11-04,,
none,4,2023-01-30,,
none,4,2023-02-06,,
none,4,2023-02-13,,
none,4,2023-02-20,,
none,4,2023-02-27,,
none,4,2023-03-06,,
none,4,2023-03-13,,
none,4,2023-03-20,,
none,4,2023-03-27,,
none,4,2023-04-03,,
none,4,2023-04-10,,
none,4,2023-04-17,,
none,4,2023-04-24,,
none,4,2023-05-01,,
none,4,2023-05-08,,
none,4,2023-05-15,,
none,4,2023-05-22,,
none,4,2023-05-29,,
none,4,2023-06-05,,
none,4,2023-06-12,,
none,4,2023-06-19,,
none,4,2023-06-26,,
none,4,2023-07-03,,
none,4,2023-07-10,,
none,4,2023-07-17,,
none,4,2023-07-24,,
none,4,2023-07-31,,
none,4,2023-08-07,,
none,4,2023-08-14,,
none,4,2023-08-21,,
none,4,2023-08-28,,
none,4,2023-09-04,,
none,4,2023-09-11,,
none,4,2023-09-18,,
none,4,2023-09-25,,
none,4,2023-10-02,,
none,4,2023-10-09,,
none,4,2023-10-16,,
none,4,2023-10-23,,
none,4,2023-10-30,,
none,4,2023-11-06,,
none,4,2023-11-13,,
none,4,2023-11-20,,
none,4,2023-11-27,,
none,4,2023-12-04,,
none,4,2023-12-11,,
none,4,2023-12-18,,
none,4,2023-12-25,,
none,4,2024-01-01,,
none,4,2024-01-08,,
none,4,2024-01-15,,
none,4,2024-01-22,8.0,8.0
none,4,2024-01-29,7.0,7.0
none,4,2024-02-05,6.0,6.0
none,4,2024-02-12,5.0,5.0
none,4,2024-02-19,4.0,4.0
none,4,2024-02-26,3.0,3.0
none,4,2024-03-04,2.0,2.0
none,4,2024-03-11,1.0,1.0
none,4,2024-03-18,,
none,4,2024-03-25,,
none,4,2024-04-01,,
none,4,2024-04-08,,
none,4,2024-04-15,,
none,4,2024-04-22,,
none,4,2024-04-29,,
none,4,2024-05-06,,
none,4,2024-05-13,,
none,4,2024-05-20,,
none,4,2024-05-27,,
none,4,2024-06-03,,
none,4,2024-06-10,,
none,4,2024-06-17,,
none,4,2024-06-24,,
none,4,2024-07-01,,
none,4,2024-07-08,,
none,4,2024-07-15,,
none,4,2024-07-22,,
none,4,2024-07-29,,
none,4,2024-08-05,,
none,4,2024-08-12,,
none,4,2024-08-19,,
none,4,2024-08-26,,
none,4,2024-09-02,,
none,4,2024-09-09,,
none,4,2024-09-16,,
none,4,2024-09-23,,
none,4,2024-10-07,,
none,4,2024-10-14,,
none,4,2024-10-21,,
none,4,2024-10-28,,
none,4,2024-11-04,,
none,5,2023-01-30,,
none,5,2023-02-06,,
none,5,2023-02-13,,8.0
none,5,2023-02-20,,7.0
none,5,2023-02-27,8.0,6.0
none,5,2023-03-06,7.0,5.0
none,5,2023-03-13,6.0,4.0
none,5,2023-03-20,5.0,3.0
none,5,2023-03-27,4.0,2.0
none,5,2023-04-03,3.0,1.0
none,5,2023-04-10,2.0,2.0
none,5,2023-04-17,1.0,1.0
none,5,2023-04-24,5.0,3.0
none,5,2023-05-01,4.0,2.0
none,5,2023-05-08,3.0,1.0
none,5,2023-05-15,,2.0
none,5,2023-05-22,,1.0
none,5,2023-05-29,,
none,5,2023-06-05,,
none,5,2023-06-12,,
none,5,2023-06-19,,
none,5,2023-06-26,,
none,5,2023-07-03,,
none,5,2023-07-10,,
none,5,2023-07-17,,
none,5,2023-07-24,,
none,5,2023-07-31,,
none,5,2023-08-07,,
none,5,2023-08-14,,
none,5,2023-08-21,,
none,5,2023-08-28,,
none,5,2023-09-04,,
none,5,2023-09-11,,
none,5,2023-09-18,,
none,5,2023-09-25,,
none,5,2023-10-02,,
none,5,2023-10-09,,
none,5,2023-10-16,,
none,5,2023-10-23,,
none,5,2023-10-30,,
none,5,2023-11-06,,
none,5,2023-11-13,,
none,5,2023-11-20,,
none,5,2023-11-27,,
none,5,2023-12-04,,
none,5,2023-12-11,,
none,5,2023-12-18,,
none,5,2023-12-25,,
none,5,2024-01-01,,
none,5,2024-01-08,,
none,5,2024-01-15,,
none,5,2024-01-22,,
none,5,2024-01-29,,
none,5,2024-02-05,,
none,5,2024-02-12,,
none,5,2024-02-19,,
none,5,2024-02-26,,
none,5,2024-03-04,,
none,5,2024-03-11,,
none,5,2024-03-18,,
none,5,2024-03-25,,
none,5,2024-04-01,,
none,5,2024-04-08,,
none,5,2024-04-15,,
none,5,2024-04-22,,
none,5,2024-04-29,,
none,5,2024-05-06,,
none,5,2024-05-13,,
none,5,2024-05-20,,
none,5,2024-05-27,,
none,5,2024-06-03,,
none,5,2024-06-10,,
none,5,2024-06-17,,
none,5,2024-06-24,,
none,5,2024-07-01,,
none,5,2024-07-08,,
none,5,2024-07-15,,
none,5,2024-07-22,,
none,5,2024-07-29,,
none,5,2024-08-05,,
none,5,2024-08-12,,
none,5,2024-08-19,,
none,5,2024-08-26,,
none,5,2024-09-02,,
none,5,2024-09-09,,
none,5,2024-09-16,,
none,5,2024-09-23,,
none,5,2024-10-07,,
none,5,2024-10-14,,
none,5,2024-10-21,,
none,5,2024-10-28,,
none,5,2024-11-04,,
none,6,2023-01-30,,
none,6,2023-02-06,,
none,6,2023-02-13,,
none,6,2023-02-20,,
none,6,2023-02-27,,8.0
none,6,2023-03-06,,7.0
none,6,2023-03-13,,6.0
none,6,2023-03-20,,5.0
none,6,2023-03-27,,4.0
none,6,2023-04-03,,3.0
none,6,2023-04-10,,2.0
none,6,2023-04-17,,1.0
none,6,2023-04-24,,
none,6,2023-05-01,,
none,6,2023-05-08,,
none,6,2023-05-15,,
none,6,2023-05-22,,
none,6,2023-05-29,,
none,6,2023-06-05,,
none,6,2023-06-12,,
none,6,2023-06-19,,
none,6,2023-06-26,,
none,6,2023-07-03,,
none,6,2023-07-10,,
none,6,2023-07-17,,
none,6,2023-07-24,,
none,6,2023-07-31,,
none,6,2023-08-07,,
none,6,2023-08-14,,
none,6,2023-08-21,,
none,6,2023-08-28,,
none,6,2023-09-04,,
none,6,2023-09-11,,
none,6,2023-09-18,,
none,6,2023-09-25,,
none,6,2023-10-02,,
none,6,2023-10-09,,
none,6,2023-10-16,,
none,6,2023-10-23,,
none,6,2023-10-30,,
none,6,2023-11-06,,
none,6,2023-11-13,,
none,6,2023-11-20,,
none,6,2023-11-27,,
none,6,2023-12-04,,
none,6,2023-12-11,,
none,6,2023-12-18,,
none,6,2023-12-25,,
none,6,2024-01-01,,
none,6,2024-01-08,,
none,6,2024-01-15,,
none,6,2024-01-22,,
none,6,2024-01-29,,
none,6,2024-02-05,,
none,6,2024-02-12,,
none,6,2024-02-19,,
none,6,2024-02-26,,
none,6,2024-03-04,,
none,6,2024-03-11,,
none,6,2024-03-18,,
none,6,2024-03-25,,
none,6,2024-04-01,,
none,6,2024-04-08,,
none,6,2024-04-15,,
none,6,2024-04-22,,
none,6,2024-04-29,,
none,6,2024-05-06,,
none,6,2024-05-13,,
none,6,2024-05-20,,
none,6,2024-05-27,,
none,6,2024-06-03,,
none,6,2024-06-10,,
none,6,2024-06-17,,
none,6,2024-06-24,,
none,6,2024-07-01,,
none,6,2024-07-08,,
none,6,2024-07-15,,
none,6,2024-07-22,,8.0
none,6,2024-07-29,,7.0
none,6,2024-08-05,,6.0
none,6,2024-08-12,,5.0
none,6,2024-08-19,,4.0
none,6,2024-08-26,,3.0
none,6,2024-09-02,,2.0
none,6,2024-09-09,,1.0
none,6,2024-09-16,,
none,6,2024-09-23,,
none,6,2024-10-07,,
none,6,2024-10-14,,
none,6,2024-10-21,,
none,6,2024-10-28,,
none,6,2024-11-04,,
none,7,2023-01-30,8.0,8.0
none,7,2023-02-06,7.0,7.0
none,7,2023-02-13,6.0,6.0
none,7,2023-02-20,5.0,5.0
none,7,2023-02-27,4.0,4.0
none,7,2023-03-06,3.0,3.0
none,7,2023-03-13,2.0,2.0
none,7,2023-03-20,1.0,1.0
none,7,2023-03-27,2.0,1.0
none,7,2023-04-03,,1.0
none,7,2023-04-10,,
none,7,2023-04-17,,
none,7,2023-04-24,,
none,7,2023-05-01,,
none,7,2023-05-08,,
none,7,2023-05-15,,
none,7,2023-05-22,,
none,7,2023-05-29,,
none,7,2023-06-05,,
none,7,2023-06-12,,
none,7,2023-06-19,,
none,7,2023-06-26,,
none,7,2023-07-03,,
none,7,2023-07-10,,
none,7,2023-07-17,,
none,7,2023-07-24,,
none,7,2023-07-31,,
none,7,2023-08-07,,
none,7,2023-08-14,,
none,7,2023-08-21,,
none,7,2023-08-28,,
none,7,2023-09-04,,
none,7,2023-09-11,,
none,7,2023-09-18,,
none,7,2023-09-25,,
none,7,2023-10-02,,
none,7,2023-10-09,,
none,7,2023-10-16,,
none,7,2023-10-23,,
none,7,2023-10-30,,
none,7,2023-11-06,,
none,7,2023-11-13,,
none,7,2023-11-20,,
none,7,2023-11-27,,
none,7,2023-12-04,,
none,7,2023-12-11,,
none,7,2023-12-18,,
none,7,2023-12-25,,
none,7,2024-01-01,,
none,7,2024-01-08,,
none,7,2024-01-15,,
none,7,2024-01-22,,
none,7,2024-01-29,,
none,7,2024-02-05,,
none,7,2024-02-12,,
none,7,2024-02-19,,
none,7,2024-02-26,,
none,7,2024-03-04,,
none,7,2024-03-11,,
none,7,2024-03-18,,
none,7,2024-03-25,,
none,7,2024-04-01,,
none,7,2024-04-08,,
none,7,2024-04-15,,
none,7,2024-04-22,,
none,7,2024-04-29,,
none,7,2024-05-06,,
none,7,2024-05-13,,
none,7,2024-05-20,,
none,7,2024-05-27,,
none,7,2024-06-03,,
none,7,2024-06-10,,
none,7,2024-06-17,,
none,7,2024-06-24,,
none,7,2024-07-01,,
none,7,2024-07-08,,
none,7,2024-07-15,,
none,7,2024-07-22,,
none,7,2024-07-29,,
none,7,2024-08-05,,
none,7,2024-08-12,,
none,7,2024-08-19,,
none,7,2024-08-26,,
none,7,2024-09-02,,
none,7,2024-09-09,,
none,7,2024-09-16,,
none,7,2024-09-23,,
none,7,2024-10-07,,
none,7,2024-10-14,,
none,7,2024-10-21,,
none,7,2024-10-28,,
none,7,2024-11-04,,
none,8,2023-01-30,,
none,8,2023-02-06,,
none,8,2023-02-13,,
none,8,2023-02-20,,
none,8,2023-02-27,,
none,8,2023-03-06,,
none,8,2023-03-13,,
none,8,2023-03-20,,
none,8,2023-03-27,,
none,8,2023-04-03,,
none,8,2023-04-10,,
none,8,2023-04-17,,
none,8,2023-04-24,,
none,8,2023-05-01,,
none,8,2023-05-08,,
none,8,2023-05-15,,
none,8,2023-05-22,,8.0
none,8,2023-05-29,,7.0
none,8,2023-06-05,,6.0
none,8,2023-06-12,,5.0
none,8,2023-06-19,,4.0
none,8,2023-06-26,,3.0
none,8,2023-07-03,,2.0
none,8,2023-07-10,,1.0
none,8,2023-07-17,,
none,8,2023-07-24,,
none,8,2023-07-31,,
none,8,2023-08-07,,
none,8,2023-08-14,,
none,8,2023-08-21,,
none,8,2023-08-28,,
none,8,2023-09-04,,
none,8,2023-09-11,,
none,8,2023-09-18,,
none,8,2023-09-25,,
none,8,2023-10-02,,
none,8,2023-10-09,,
none,8,2023-10-16,,
none,8,2023-10-23,,
none,8,2023-10-30,,
none,8,2023-11-06,,
none,8,2023-11-13,,
none,8,2023-11-20,,
none,8,2023-11-27,,
none,8,2023-12-04,,
none,8,2023-12-11,,
none,8,2023-12-18,,
none,8,2023-12-25,,
none,8,2024-01-01,,
none,8,2024-01-08,,
none,8,2024-01-15,,
none,8,2024-01-22,,
none,8,2024-01-29,,
none,8,2024-02-05,,
none,8,2024-02-12,,
none,8,2024-02-19,,
none,8,2024-02-26,,
none,8,2024-03-04,,
none,8,2024-03-11,,
none,8,2024-03-18,,
none,8,2024-03-25,,
none,8,2024-04-01,,
none,8,2024-04-08,,
none,8,2024-04-15,,
none,8,2024-04-22,,
none,8,2024-04-29,,
none,8,2024-05-06,,
none,8,2024-05-13,,
none,8,2024-05-20,,
none,8,2024-05-27,,
none,8,2024-06-03,,
none,8,2024-06-10,,
none,8,2024-06-17,,
none,8,2024-06-24,,
none,8,2024-07-01,,
none,8,2024-07-08,,
none,8,2024-07-15,,
none,8,2024-07-22,,
none,8,2024-07-29,,
none,8,2024-08-05,,
none,8,2024-08-12,,
none,8,2024-08-19,,
none,8,2024-08-26,,
none,8,2024-09-02,,
none,8,2024-09-09,,
none,8,2024-09-16,,
none,8,2024-09-23,,
none,8,2024-10-07,,
none,8,2024-10-14,,
none,8,2024-10-21,,
none,8,2024-10-28,,
none,8,2024-11-04,,
none,9,2023-01-30,,
none,9,2023-02-06,,
none,9,2023-02-13,,
none,9,2023-02-20,,
none,9,2023-02-27,,
none,9,2023-03-06,,
none,9,2023-03-13,,
none,9,2023-03-20,,8.0
none,9,2023-03-27,,7.0
none,9,2023-04-03,,6.0
none,9,2023-04-10,,5.0
none,9,2023-04-17,,4.0
none,9,2023-04-24,,3.0
none,9,2023-05-01,,2.0
none,9,2023-05-08,,1.0
none,9,2023-05-15,,
none,9,2023-05-22,,
none,9,2023-05-29,,
none,9,2023-06-05,,
none,9,2023-06-12,,
none,9,2023-06-19,,
none,9,2023-06-26,,
none,9,2023-07-03,,
none,9,2023-07-10,,
none,9,2023-07-17,,
none,9,2023-07-24,,
none,9,2023-07-31,,
none,9,2023-08-07,,
none,9,2023-08-14,,
none,9,2023-08-21,,
none,9,2023-08-28,,
none,9,2023-09-04,,
none,9,2023-09-11,,
none,9,2023-09-18,,
none,9,2023-09-25,,
none,9,2023-10-02,,
none,9,2023-10-09,,
none,9,2023-10-16,,
none,9,2023-10-23,,
none,9,2023-10-30,,
none,9,2023-11-06,,
none,9,2023-11-13,,
none,9,2023-11-20,,
none,9,2023-11-27,,
none,9,2023-12-04,,
none,9,2023-12-11,,
none,9,2023-12-18,,
none,9,2023-12-25,,
none,9,2024-01-01,,
none,9,2024-01-08,,
none,9,2024-01-15,,
none,9,2024-01-22,,
none,9,2024-01-29,,
none,9,2024-02-05,,
none,9,2024-02-12,,
none,9,2024-02-19,,
none,9,2024-02-26,,
none,9,2024-03-04,,
none,9,2024-03-11,,
none,9,2024-03-18,,
none,9,2024-03-25,,
none,9,2024-04-01,,
none,9,2024-04-08,,
none,9,2024-04-15,,
none,9,2024-04-22,,
none,9,2024-04-29,,
none,9,2024-05-06,,
none,9,2024-05-13,,
none,9,2024-05-20,,
none,9,2024-05-27,,
none,9,2024-06-03,,
none,9,2024-06-10,,8.0
none,9,2024-06-17,,7.0
none,9,2024-06-24,,6.0
none,9,2024-07-01,,5.0
none,9,2024-07-08,,4.0
none,9,2024-07-15,,3.0
none,9,2024-07-22,,2.0
none,9,2024-07-29,,1.0
none,9,2024-08-05,,
none,9,2024-08-12,,
none,9,2024-08-19,,
none,9,2024-08-26,,
none,9,2024-09-02,,
none,9,2024-09-09,,
none,9,2024-09-16,,
none,9,2024-09-23,,
none,9,2024-10-07,,
none,9,2024-10-14,,
none,9,2024-10-21,,
none,9,2024-10-28,,
none,9,2024-11-04,,
none,10,2023-01-30,3.0,2.0
none,10,2023-02-06,2.0,1.0
none,10,2023-02-13,,
none,10,2023-02-20,,
none,10,2023-02-27,,
none,10,2023-03-06,,
none,10,2023-03-13,,
none,10,2023-03-20,,
none,10,2023-03-27,,
none,10,2023-04-03,,
none,10,2023-04-10,,
none,10,2023-04-17,,
none,10,2023-04-24,,
none,10,2023-05-01,,
none,10,2023-05-08,,
none,10,2023-05-15,,
none,10,2023-05-22,,
none,10,2023-05-29,,
none,10,2023-06-05,,
none,10,2023-06-12,,
none,10,2023-06-19,,
none,10,2023-06-26,,
none,10,2023-07-03,,
none,10,2023-07-10,,
none,10,2023-07-17,,
none,10,2023-07-24,,
none,10,2023-07-31,,
none,10,2023-08-07,,
none,10,2023-08-14,,
none,10,2023-08-21,,
none,10,2023-08-28,,
none,10,2023-09-04,,
none,10,2023-09-11,,
none,10,2023-09-18,,
none,10,2023-09-25,,
none,10,2023-10-02,,
none,10,2023-10-09,,
none,10,2023-10-16,,
none,10,2023-10-23,,
none,10,2023-10-30,,
none,10,2023-11-06,,
none,10,2023-11-13,,
none,10,2023-11-20,,
none,10,2023-11-27,,
none,10,2023-12-04,,
none,10,2023-12-11,,
none,10,2023-12-18,,
none,10,2023-12-25,,
none,10,2024-01-01,,
none,10,2024-01-08,,
none,10,2024-01-15,,
none,10,2024-01-22,,
none,10,2024-01-29,,
none,10,2024-02-05,,
none,10,2024-02-12,,
none,10,2024-02-19,,
none,10,2024-02-26,,
none,10,2024-03-04,,
none,10,2024-03-11,,
none,10,2024-03-18,,
none,10,2024-03-25,,
none,10,2024-04-01,,
none,10,2024-04-08,,
none,10,2024-04-15,,
none,10,2024-04-22,,
none,10,2024-04-29,,
none,10,2024-05-06,,
none,10,2024-05-13,,
none,10,2024-05-20,,
none,10,2024-05-27,,
none,10,2024-06-03,,
none,10,2024-06-10,,
none,10,2024-06-17,,
none,10,2024-06-24,,
none,10,2024-07-01,,
none,10,2024-07-08,,
none,10,2024-07-15,,
none,10,2024-07-22,,
none,10,2024-07-29,,
none,10,2024-08-05,,
none,10,2024-08-12,,
none,10,2024-08-19,,
none,10,2024-08-26,,
none,10,2024-09-02,,
none,10,2024-09-09,,
none,10,2024-09-16,,
none,10,2024-09-23,,
none,10,2024-10-07,,
none,10,2024-10-14,8.0,
none,10,2024-10-21,,
none,10,2024-10-28,,
none,10,2024-11-04,,
none,11,2023-01-30,5.0,
none,11,2023-02-06,4.0,
none,11,2023-02-13,,
none,11,2023-02-20,,
none,11,2023-02-27,,
none,11,2023-03-06,,
none,11,2023-03-13,,
none,11,2023-03-20,,
none,11,2023-03-27,,
none,11,2023-04-03,,
none,11,2023-04-10,,
none,11,2023-04-17,,
none,11,2023-04-24,,
none,11,2023-05-01,,
none,11,2023-05-08,,
none,11,2023-05-15,,
none,11,2023-05-22,,
none,11,2023-05-29,,
none,11,2023-06-05,,
none,11,2023-06-12,,
none,11,2023-06-19,,
none,11,2023-06-26,,
none,11,2023-07-03,,
none,11,2023-07-10,,
none,11,2023-07-17,,
none,11,2023-07-24,,
none,11,2023-07-31,,
none,11,2023-08-07,,
none,11,2023-08-14,,
none,11,2023-08-21,,
none,11,2023-08-28,,
none,11,2023-09-04,,
none,11,2023-09-11,,
none,11,2023-09-18,,
none,11,2023-09-25,,
none,11,2023-10-02,,
none,11,2023-10-09,,
none,11,2023-10-16,,
none,11,2023-10-23,,
none,11,2023-10-30,,
none,11,2023-11-06,,
none,11,2023-11-13,,
none,11,2023-11-20,,
none,11,2023-11-27,,
none,11,2023-12-04,,
none,11,2023-12-11,,
none,11,2023-12-18,,
none,11,2023-12-25,,
none,11,2024-01-01,,
none,11,2024-01-08,,
none,11,2024-01-15,,
none,11,2024-01-22,,
none,11,2024-01-29,,
none,11,2024-02-05,,
none,11,2024-02-12,,
none,11,2024-02-19,,
none,11,2024-02-26,,
none,11,2024-03-04,,
none,11,2024-03-11,,
none,11,2024-03-18,,
none,11,2024-03-25,,
none,11,2024-04-01,,
none,11,2024-04-08,,
none,11,2024-04-15,,
none,11,2024-04-22,,
none,11,2024-04-29,,
none,11,2024-05-06,,
none,11,2024-05-13,,8.0
none,11,2024-05-20,,7.0
none,11,2024-05-27,,6.0
none,11,2024-06-03,,5.0
none,11,2024-06-10,,4.0
none,11,2024-06-17,,3.0
none,11,2024-06-24,,2.0
none,11,2024-07-01,,1.0
none,11,2024-07-08,,
none,11,2024-07-15,,
none,11,2024-07-22,,
none,11,2024-07-29,,
none,11,2024-08-05,,
none,11,2024-08-12,,
none,11,2024-08-19,,
none,11,2024-08-26,,
none,11,2024-09-02,,
none,11,2024-09-09,,
none,11,2024-09-16,,
none,11,2024-09-23,,
none,11,2024-10-07,,
none,11,2024-10-14,,
none,11,2024-10-21,,
none,11,2024-10-28,,
none,11,2024-11-04,,
none,12,2023-01-30,,
none,12,2023-02-06,,
none,12,2023-02-13,,
none,12,2023-02-20,,
none,12,2023-02-27,,
none,12,2023-03-06,,
none,12,2023-03-13,,
none,12,2023-03-20,,
none,12,2023-03-27,,
none,12,2023-04-03,,
none,12,2023-04-10,,
none,12,2023-04-17,,
none,12,2023-04-24,,
none,12,2023-05-01,,
none,12,2023-05-08,,
none,12,2023-05-15,,
none,12,2023-05-22,,
none,12,2023-05-29,,
none,12,2023-06-05,,
none,12,2023-06-12,,
none,12,2023-06-19,,
none,12,2023-06-26,,
none,12,2023-07-03,,
none,12,2023-07-10,,
none,12,2023-07-17,,
none,12,2023-07-24,,
none,12,2023-07-31,,
none,12,2023-08-07,,
none,12,2023-08-14,,
none,12,2023-08-21,,
none,12,2023-08-28,,
none,12,2023-09-04,,
none,12,2023-09-11,,
none,12,2023-09-18,,
none,12,2023-09-25,,
none,12,2023-10-02,,
none,12,2023-10-09,,
none,12,2023-10-16,,
none,12,2023-10-23,,
none,12,2023-10-30,,
none,12,2023-11-06,,
none,12,2023-11-13,,
none,12,2023-11-20,,
none,12,2023-11-27,,
none,12,2023-12-04,,
none,12,2023-12-11,,
none,12,2023-12-18,,
none,12,2023-12-25,,
none,12,2024-01-01,,
none,12,2024-01-08,,
none,12,2024-01-15,,
none,12,2024-01-22,,
none,12,2024-01-29,,
none,12,2024-02-05,,
none,12,2024-02-12,,
none,12,2024-02-19,,
none,12,2024-02-26,,
none,12,2024-03-04,,
none,12,2024-03-11,,
none,12,2024-03-18,,
none,12,2024-03-25,,
none,12,2024-04-01,,
none,12,2024-04-08,,
none,12,2024-04-15,,
none,12,2024-04-22,,
none,12,2024-04-29,,
none,12,2024-05-06,,
none,12,2024-05-13,,
none,12,2024-05-20,,
none,12,2024-05-27,,
none,12,2024-06-03,,
none,12,2024-06-10,,
none,12,2024-06-17,,
none,12,2024-06-24,,
none,12,2024-07-01,,8.0
none,12,2024-07-08,,7.0
none,12,2024-07-15,,6.0
none,12,2024-07-22,,5.0
none,12,2024-07-29,,4.0
none,12,2024-08-05,,3.0
none,12,2024-08-12,,2.0
none,12,2024-08-19,,1.0
none,12,2024-08-26,,
none,12,2024-09-02,,
none,12,2024-09-09,,
none,12,2024-09-16,,
none,12,2024-09-23,,
none,12,2024-10-07,,
none,12,2024-10-14,,
none,12,2024-10-21,,
none,12,2024-10-28,,
none,12,2024-11-04,,
none,13,2023-01-30,,
none,13,2023-02-06,,
none,13,2023-02-13,,
none,13,2023-02-20,,
none,13,2023-02-27,,
none,13,2023-03-06,,
none,13,2023-03-13,,
none,13,2023-03-20,,
none,13,2023-03-27,,
none,13,2023-04-03,,
none,13,2023-04-10,,
none,13,2023-04-17,,
none,13,2023-04-24,,
none,13,2023-05-01,,
none,13,2023-05-08,,
none,13,2023-05-15,,
none,13,2023-05-22,,
none,13,2023-05-29,,
none,13,2023-06-05,,
none,13,2023-06-12,,
none,13,2023-06-19,,
none,13,2023-06-26,,
none,13,2023-07-03,,
none,13,2023-07-10,,
none,13,2023-07-17,,
none,13,2023-07-24,,
none,13,2023-07-31,,
none,13,2023-08-07,,
none,13,2023-08-14,,
none,13,2023-08-21,,
none,13,2023-08-28,,
none,13,2023-09-04,,
none,13,2023-09-11,,
none,13,2023-09-18,,
none,13,2023-09-25,,
none,13,2023-10-02,,
none,13,2023-10-09,,
none,13,2023-10-16,,
none,13,2023-10-23,,
none,13,2023-10-30,,
none,13,2023-11-06,,
none,13,2023-11-13,,
none,13,2023-11-20,,
none,13,2023-11-27,,
none,13,2023-12-04,,
none,13,2023-12-11,,
none,13,2023-12-18,,
none,13,2023-12-25,,
none,13,2024-01-01,,
none,13,2024-01-08,,
none,13,2024-01-15,,
none,13,2024-01-22,,
none,13,2024-01-29,,
none,13,2024-02-05,,
none,13,2024-02-12,,
none,13,2024-02-19,,
none,13,2024-02-26,,
none,13,2024-03-04,,
none,13,2024-03-11,,
none,13,2024-03-18,,
none,13,2024-03-25,,
none,13,2024-04-01,,
none,13,2024-04-08,,
none,13,2024-04-15,,
none,13,2024-04-22,,
none,13,2024-04-29,,
none,13,2024-05-06,,
none,13,2024-05-13,,
none,13,2024-05-20,,
none,13,2024-05-27,,
none,13,2024-06-03,,
none,13,2024-06-10,,
none,13,2024-06-17,,
none,13,2024-06-24,,
none,13,2024-07-01,,
none,13,2024-07-08,,
none,13,2024-07-15,,
none,13,2024-07-22,,
none,13,2024-07-29,,
none,13,2024-08-05,,
none,13,2024-08-12,,
none,13,2024-08-19,,
none,13,2024-08-26,,
none,13,2024-09-02,,
none,13,2024-09-09,,
none,13,2024-09-16,,
none,13,2024-09-23,,
none,13,2024-10-07,,
none,13,2024-10-14,,
none,13,2024-10-21,,
none,13,2024-10-28,,
none,13,2024-11-04,,
none,14,2023-01-30,,
none,14,2023-02-06,,
none,14,2023-02-13,,
none,14,2023-02-20,,
none,14,2023-02-27,,
none,14,2023-03-06,,
none,14,2023-03-13,,
none,14,2023-03-20,,
none,14,2023-03-27,,
none,14,2023-04-03,,
none,14,2023-04-10,,
none,14,2023-04-17,,
none,14,2023-04-24,,
none,14,2023-05-01,,
none,14,2023-05-08,,
none,14,2023-05-15,,
none,14,2023-05-22,,
none,14,2023-05-29,,
none,14,2023-06-05,,
none,14,2023-06-12,,
none,14,2023-06-19,,
none,14,2023-06-26,,
none,14,2023-07-03,,
none,14,2023-07-10,,
none,14,2023-07-17,,
none,14,2023-07-24,,
none,14,2023-07-31,,
none,14,2023-08-07,,
none,14,2023-08-14,,
none,14,2023-08-21,,
none,14,2023-08-28,,
none,14,2023-09-04,,
none,14,2023-09-11,,
none,14,2023-09-18,,
none,14,2023-09-25,,
none,14,2023-10-02,,
none,14,2023-10-09,,
none,14,2023-10-16,,
none,14,2023-10-23,,
none,14,2023-10-30,,
none,14,2023-11-06,,
none,14,2023-11-13,,
none,14,2023-11-20,,
none,14,2023-11-27,,
none,14,2023-12-04,,
none,14,2023-12-11,,
none,14,2023-12-18,,
none,14,2023-12-25,,
none,14,2024-01-01,,
none,14,2024-01-08,,
none,14,2024-01-15,,
none,14,2024-01-22,,
none,14,2024-01-29,,
none,14,2024-02-05,,
none,14,2024-02-12,,
none,14,2024-02-19,,
none,14,2024-02-26,,
none,14,2024-03-04,,
none,14,2024-03-11,,
none,14,2024-03-18,,
none,14,2024-03-25,,
none,14,2024-04-01,,
none,14,2024-04-08,,
none,14,2024-04-15,,
none,14,2024-04-22,,
none,14,2024-04-29,,
none,14,2024-05-06,,
none,14,2024-05-13,,
none,14,2024-05-20,,
none,14,2024-05-27,,
none,14,2024-06-03,,
none,14,2024-06-10,,
none,14,2024-06-17,,
none,14,2024-06-24,,
none,14,2024-07-01,,
none,14,2024-07-08,,
none,14,2024-07-15,,
none,14,2024-07-22,,
none,14,2024-07-29,,
none,14,2024-08-05,,
none,14,2024-08-12,,
none,14,2024-08-19,,
none,14,2024-08-26,,8.0
none,14,2024-09-02,,7.0
none,14,2024-09-09,,6.0
none,14,2024-09-16,8.0,5.0
none,14,2024-09-23,7.0,4.0
none,14,2024-10-07,6.0,3.0
none,14,2024-10-14,5.0,2.0
none,14,2024-10-21,4.0,1.0
none,14,2024-10-28,,
none,14,2024-11-04,,
none,15,2023-01-30,,
none,15,2023-02-06,,
none,15,2023-02-13,,
none,15,2023-02-20,,
none,15,2023-02-27,,
none,15,2023-03-06,,
none,15,2023-03-13,,
none,15,2023-03-20,8.0,8.0
none,15,2023-03-27,7.0,7.0
none,15,2023-04-03,6.0,6.0
none,15,2023-04-10,5.0,5.0
none,15,2023-04-17,4.0,4.0
none,15,2023-04-24,3.0,3.0
none,15,2023-05-01,2.0,2.0
none,15,2023-05-08,1.0,1.0
none,15,2023-05-15,,
none,15,2023-05-22,,
none,15,2023-05-29,,
none,15,2023-06-05,,
none,15,2023-06-12,,
none,15,2023-06-19,,
none,15,2023-06-26,,
none,15,2023-07-03,,
none,15,2023-07-10,,
none,15,2023-07-17,,
none,15,2023-07-24,,
none,15,2023-07-31,,
none,15,2023-08-07,,
none,15,2023-08-14,,
none,15,2023-08-21,,
none,15,2023-08-28,,
none,15,2023-09-04,,
none,15,2023-09-11,,
none,15,2023-09-18,,
none,15,2023-09-25,,
none,15,2023-10-02,,
none,15,2023-10-09,,
none,15,2023-10-16,,
none,15,2023-10-23,,
none,15,2023-10-30,,
none,15,2023-11-06,,
none,15,2023-11-13,,
none,15,2023-11-20,,
none,15,2023-11-27,,
none,15,2023-12-04,,
none,15,2023-12-11,,
none,15,2023-12-18,,
none,15,2023-12-25,,
none,15,2024-01-01,,
none,15,2024-01-08,,
none,15,2024-01-15,,
none,15,2024-01-22,,
none,15,2024-01-29,,
none,15,2024-02-05,,
none,15,2024-02-12,,
none,15,2024-02-19,,
none,15,2024-02-26,,
none,15,2024-03-04,,
none,15,2024-03-11,,
none,15,2024-03-18,,
none,15,2024-03-25,,
none,15,2024-04-01,,
none,15,2024-04-08,,
none,15,2024-04-15,,
none,15,2024-04-22,,
none,15,2024-04-29,,
none,15,2024-05-06,,
none,15,2024-05-13,,
none,15,2024-05-20,,
none,15,2024-05-27,,
none,15,2024-06-03,,
none,15,2024-06-10,,
none,15,2024-06-17,,
none,15,2024-06-24,,
none,15,2024-07-01,,
none,15,2024-07-08,,
none,15,2024-07-15,,
none,15,2024-07-22,,
none,15,2024-07-29,,
none,15,2024-08-05,,
none,15,2024-08-12,,
none,15,2024-08-19,,
none,15,2024-08-26,,
none,15,2024-09-02,,
none,15,2024-09-09,,
none,15,2024-09-16,,
none,15,2024-09-23,,
none,15,2024-10-07,,
none,15,2024-10-14,,
none,15,2024-10-21,,
none,15,2024-10-28,,
none,15,2024-11-04,,
none,16,2023-01-30,4.0,4.0
none,16,2023-02-06,3.0,3.0
none,16,2023-02-13,2.0,2.0
none,16,2023-02-20,1.0,1.0
none,16,2023-02-27,,
none,16,2023-03-06,,
none,16,2023-03-13,,
none,16,2023-03-20,,
none,16,2023-03-27,,
none,16,2023-04-03,,
none,16,2023-04-10,,
none,16,2023-04-17,,
none,16,2023-04-24,,
none,16,2023-05-01,,
none,16,2023-05-08,,
none,16,2023-05-15,8.0,
none,16,2023-05-22,7.0,
none,16,2023-05-29,6.0,
none,16,2023-06-05,5.0,
none,16,2023-06-12,6.0,
none,16,2023-06-19,,
none,16,2023-06-26,,
none,16,2023-07-03,,
none,16,2023-07-10,,
none,16,2023-07-17,,
none,16,2023-07-24,,
none,16,2023-07-31,,
none,16,2023-08-07,,
none,16,2023-08-14,,
none,16,2023-08-21,,
none,16,2023-08-28,,
none,16,2023-09-04,,
none,16,2023-09-11,,
none,16,2023-09-18,,
none,16,2023-09-25,,
none,16,2023-10-02,,
none,16,2023-10-09,,
none,16,2023-10-16,,
none,16,2023-10-23,,
none,16,2023-10-30,,
none,16,2023-11-06,,
none,16,2023-11-13,,
none,16,2023-11-20,,
none,16,2023-11-27,,
none,16,2023-12-04,,
none,16,2023-12-11,,
none,16,2023-12-18,8.0,
none,16,2023-12-25,7.0,
none,16,2024-01-01,6.0,
none,16,2024-01-08,5.0,
none,16,2024-01-15,4.0,
none,16,2024-01-22,,
none,16,2024-01-29,,
none,16,2024-02-05,,
none,16,2024-02-12,,
none,16,2024-02-19,,
none,16,2024-02-26,,
none,16,2024-03-04,,
none,16,2024-03-11,,
none,16,2024-03-18,,
none,16,2024-03-25,,
none,16,2024-04-01,,
none,16,2024-04-08,,
none,16,2024-04-15,,
none,16,2024-04-22,,
none,16,2024-04-29,,
none,16,2024-05-06,,
none,16,2024-05-13,,
none,16,2024-05-20,,
none,16,2024-05-27,,
none,16,2024-06-03,,
none,16,2024-06-10,,
none,16,2024-06-17,,
none,16,2024-06-24,,
none,16,2024-07-01,,
none,16,2024-07-08,,
none,16,2024-07-15,,
none,16,2024-07-22,,
none,16,2024-07-29,,
none,16,2024-08-05,,
none,16,2024-08-12,,
none,16,2024-08-19,,
none,16,2024-08-26,,
none,16,2024-09-02,,
none,16,2024-09-09,,
none,16,2024-09-16,,
none,16,2024-09-23,,
none,16,2024-10-07,,
none,16,2024-10-14,,
none,16,2024-10-21,,
none,16,2024-10-28,,
none,16,2024-11-04,,
none,17,2023-01-30,5.0,
none,17,2023-02-06,4.0,
none,17,2023-02-13,3.0,
none,17,2023-02-20,,
none,17,2023-02-27,,
none,17,2023-03-06,,
none,17,2023-03-13,,
none,17,2023-03-20,,
none,17,2023-03-27,,
none,17,2023-04-03,,
none,17,2023-04-10,,
none,17,2023-04-17,,
none,17,2023-04-24,,
none,17,2023-05-01,,
none,17,2023-05-08,,
none,17,2023-05-15,,
none,17,2023-05-22,,
none,17,2023-05-29,,
none,17,2023-06-05,,
none,17,2023-06-12,,
none,17,2023-06-19,,
none,17,2023-06-26,,
none,17,2023-07-03,,
none,17,2023-07-10,,
none,17,2023-07-17,,
none,17,2023-07-24,,
none,17,2023-07-31,,
none,17,2023-08-07,,
none,17,2023-08-14,,
none,17,2023-08-21,,
none,17,2023-08-28,,
none,17,2023-09-04,,
none,17,2023-09-11,,
none,17,2023-09-18,,
none,17,2023-09-25,,
none,17,2023-10-02,,
none,17,2023-10-09,,
none,17,2023-10-16,,
none,17,2023-10-23,,
none,17,2023-10-30,,
none,17,2023-11-06,,
none,17,2023-11-13,,
none,17,2023-11-20,,
none,17,2023-11-27,,
none,17,2023-12-04,,
none,17,2023-12-11,,
none,17,2023-12-18,,
none,17,2023-12-25,,
none,17,2024-01-01,,
none,17,2024-01-08,,
none,17,2024-01-15,,
none,17,2024-01-22,,
none,17,2024-01-29,,
none,17,2024-02-05,,
none,17,2024-02-12,,
none,17,2024-02-19,,
none,17,2024-02-26,,
none,17,2024-03-04,,
none,17,2024-03-11,,
none,17,2024-03-18,,
none,17,2024-03-25,,
none,17,2024-04-01,,
none,17,2024-04-08,,
none,17,2024-04-15,,
none,17,2024-04-22,,
none,17,2024-04-29,,
none,17,2024-05-06,,
none,17,2024-05-13,,
none,17,2024-05-20,,
none,17,2024-05-27,,
none,17,2024-06-03,,
none,17,2024-06-10,,
none,17,2024-06-17,,
none,17,2024-06-24,,
none,17,2024-07-01,,
none,17,2024-07-08,,
none,17,2024-07-15,,
none,17,2024-07-22,,
none,17,2024-07-29,,
none,17,2024-08-05,,
none,17,2024-08-12,,
none,17,2024-08-19,,
none,17,2024-08-26,,
none,17,2024-09-02,,
none,17,2024-09-09,,
none,17,2024-09-16,,
none,17,2024-09-23,,
none,17,2024-10-07,,
none,17,2024-10-14,,
none,17,2024-10-21,,
none,17,2024-10-28,,
none,17,2024-11-04,,
none,18,2023-01-30,4.0,4.0
none,18,2023-02-06,3.0,3.0
none,18,2023-02-13,2.0,2.0
none,18,2023-02-20,1.0,1.0
none,18,2023-02-27,,
none,18,2023-03-06,,
none,18,2023-03-13,,
none,18,2023-03-20,,
none,18,2023-03-27,,
none,18,2023-04-03,,
none,18,2023-04-10,,
none,18,2023-04-17,,
none,18,2023-04-24,,
none,18,2023-05-01,,
none,18,2023-05-08,,
none,18,2023-05-15,,
none,18,2023-05-22,,
none,18,2023-05-29,,
none,18,2023-06-05,,
none,18,2023-06-12,,
none,18,2023-06-19,,
none,18,2023-06-26,,
none,18,2023-07-03,,
none,18,2023-07-10,,
none,18,2023-07-17,,
none,18,2023-07-24,,
none,18,2023-07-31,,
none,18,2023-08-07,,
none,18,2023-08-14,,
none,18,2023-08-21,,
none,18,2023-08-28,,
none,18,2023-09-04,,
none,18,2023-09-11,,
none,18,2023-09-18,,
none,18,2023-09-25,,
none,18,2023-10-02,,
none,18,2023-10-09,,
none,18,2023-10-16,,
none,18,2023-10-23,,
none,18,2023-10-30,,
none,18,2023-11-06,,
none,18,2023-11-13,,
none,18,2023-11-20,,
none,18,2023-11-27,,
none,18,2023-12-04,,
none,18,2023-12-11,,
none,18,2023-12-18,,
none,18,2023-12-25,,
none,18,2024-01-01,,
none,18,2024-01-08,,
none,18,2024-01-15,,
none,18,2024-01-22,,
none,18,2024-01-29,,
none,18,2024-02-05,,
none,18,2024-02-12,,
none,18,2024-02-19,,
none,18,2024-02-26,,
none,18,2024-03-04,,
none,18,2024-03-11,,
none,18,2024-03-18,,
none,18,2024-03-25,,
none,18,2024-04-01,8.0,
none,18,2024-04-08,7.0,
none,18,2024-04-15,6.0,
none,18,2024-04-22,5.0,
none,18,2024-04-29,4.0,
none,18,2024-05-06,,
none,18,2024-05-13,,
none,18,2024-05-20,,
none,18,2024-05-27,,
none,18,2024-06-03,,
none,18,2024-06-10,,
none,18,2024-06-17,,
none,18,2024-06-24,,
none,18,2024-07-01,,
none,18,2024-07-08,,
none,18,2024-07-15,,
none,18,2024-07-22,,
none,18,2024-07-29,,
none,18,2024-08-05,,
none,18,2024-08-12,,8.0
none,18,2024-08-19,,7.0
none,18,2024-08-26,,6.0
none,18,2024-09-02,,5.0
none,18,2024-09-09,,4.0
none,18,2024-09-16,,3.0
none,18,2024-09-23,,2.0
none,18,2024-10-07,,1.0
none,18,2024-10-14,,
none,18,2024-10-21,,
none,18,2024-10-28,,
none,18,2024-11-04,,
none,19,2023-01-30,,
none,19,2023-02-06,,
none,19,2023-02-13,,
none,19,2023-02-20,,
none,19,2023-02-27,,
none,19,2023-03-06,,
none,19,2023-03-13,,
none,19,2023-03-20,,
none,19,2023-03-27,,
none,19,2023-04-03,,
none,19,2023-04-10,,
none,19,2023-04-17,,
none,19,2023-04-24,,
none,19,2023-05-01,,
none,19,2023-05-08,,
none,19,2023-05-15,,
none,19,2023-05-22,,
none,19,2023-05-29,,
none,19,2023-06-05,,
none,19,2023-06-12,,
none,19,2023-06-19,,
none,19,2023-06-26,,
none,19,2023-07-03,,
none,19,2023-07-10,,
none,19,2023-07-17,,
none,19,2023-07-24,,
none,19,2023-07-31,,
none,19,2023-08-07,,
none,19,2023-08-14,,
none,19,2023-08-21,,
none,19,2023-08-28,,
none,19,2023-09-04,,
none,19,2023-09-11,,
none,19,2023-09-18,,
none,19,2023-09-25,,
none,19,2023-10-02,,
none,19,2023-10-09,,
none,19,2023-10-16,,
none,19,2023-10-23,,
none,19,2023-10-30,,
none,19,2023-11-06,,
none,19,2023-11-13,8.0,8.0
none,19,2023-11-20,7.0,7.0
none,19,2023-11-27,6.0,6.0
none,19,2023-12-04,5.0,5.0
none,19,2023-12-11,4.0,4.0
none,19,2023-12-18,3.0,3.0
none,19,2023-12-25,2.0,2.0
none,19,2024-01-01,1.0,1.0
none,19,2024-01-08,,
none,19,2024-01-15,,
none,19,2024-01-22,,
none,19,2024-01-29,,
none,19,2024-02-05,,
none,19,2024-02-12,,
none,19,2024-02-19,,
none,19,2024-02-26,,
none,19,2024-03-04,,
none,19,2024-03-11,,
none,19,2024-03-18,,
none,19,2024-03-25,,
none,19,2024-04-01,,
none,19,2024-04-08,,
none,19,2024-04-15,,
none,19,2024-04-22,,
none,19,2024-04-29,,
none,19,2024-05-06,,
none,19,2024-05-13,,
none,19,2024-05-20,,
none,19,2024-05-27,,
none,19,2024-06-03,,
none,19,2024-06-10,,
none,19,2024-06-17,,
none,19,2024-06-24,,
none,19,2024-07-01,,
none,19,2024-07-08,,
none,19,2024-07-15,,
none,19,2024-07-22,,
none,19,2024-07-29,,
none,19,2024-08-05,,
none,19,2024-08-12,,
none,19,2024-08-19,,
none,19,2024-08-26,,
none,19,2024-09-02,,
none,19,2024-09-09,,
none,19,2024-09-16,,
none,19,2024-09-23,,
none,19,2024-10-07,,
none,19,2024-10-14,,
none,19,2024-10-21,,
none,19,2024-10-28,,
none,19,2024-11-04,,
none,20,2023-01-30,,3.0
none,20,2023-02-06,8.0,2.0
none,20,2023-02-13,7.0,1.0
none,20,2023-02-20,6.0,6.0
none,20,2023-02-27,5.0,5.0
none,20,2023-03-06,4.0,4.0
none,20,2023-03-13,3.0,3.0
none,20,2023-03-20,2.0,2.0
none,20,2023-03-27,1.0,1.0
none,20,2023-04-03,,
none,20,2023-04-10,,
none,20,2023-04-17,,
none,20,2023-04-24,,
none,20,2023-05-01,,
none,20,2023-05-08,,
none,20,2023-05-15,,
none,20,2023-05-22,,
none,20,2023-05-29,,
none,20,2023-06-05,,
none,20,2023-06-12,,
none,20,2023-06-19,,
none,20,2023-06-26,,
none,20,2023-07-03,,
none,20,2023-07-10,,
none,20,2023-07-17,,
none,20,2023-07-24,,
none,20,2023-07-31,,
none,20,2023-08-07,,
none,20,2023-08-14,,
none,20,2023-08-21,,
none,20,2023-08-28,,
none,20,2023-09-04,,
none,20,2023-09-11,,
none,20,2023-09-18,,
none,20,2023-09-25,,
none,20,2023-10-02,,
none,20,2023-10-09,,
none,20,2023-10-16,,
none,20,2023-10-23,,
none,20,2023-10-30,,
none,20,2023-11-06,,
none,20,2023-11-13,,
none,20,2023-11-20,,
none,20,2023-11-27,,
none,20,2023-12-04,,8.0
none,20,2023-12-11,8.0,7.0
none,20,2023-12-18,7.0,6.0
none,20,2023-12-25,6.0,5.0
none,20,2024-01-01,5.0,4.0
none,20,2024-01-08,4.0,3.0
none,20,2024-01-15,3.0,2.0
none,20,2024-01-22,3.0,1.0
none,20,2024-01-29,,
none,20,2024-02-05,,
none,20,2024-02-12,,
none,20,2024-02-19,,
none,20,2024-02-26,,
none,20,2024-03-04,,
none,20,2024-03-11,,
none,20,2024-03-18,,
none,20,2024-03-25,,
none,20,2024-04-01,,
none,20,2024-04-08,,
none,20,2024-04-15,,
none,20,2024-04-22,,
none,20,2024-04-29,,
none,20,2024-05-06,,
none,20,2024-05-13,,
none,20,2024-05-20,,
none,20,2024-05-27,,
none,20,2024-06-03,,
none,20,2024-06-10,,
none,20,2024-06-17,,
none,20,2024-06-24,,
none,20,2024-07-01,,
none,20,2024-07-08,,
none,20,2024-07-15,,
none,20,2024-07-22,,
none,20,2024-07-29,,
none,20,2024-08-05,,
none,20,2024-08-12,,
none,20,2024-08-19,,
none,20,2024-08-26,,
none,20,2024-09-02,,
none,20,2024-09-09,,
none,20,2024-09-16,,
none,20,2024-09-23,,
none,20,2024-10-07,,
none,20,2024-10-14,,
none,20,2024-10-21,,
none,20,2024-10-28,,
none,20,2024-11-04,,
none,21,2023-01-30,4.0,
none,21,2023-02-06,3.0,
none,21,2023-02-13,,
none,21,2023-02-20,,
none,21,2023-02-27,,
none,21,2023-03-06,,
none,21,2023-03-13,,
none,21,2023-03-20,,
none,21,2023-03-27,,
none,21,2023-04-03,,
none,21,2023-04-10,,
none,21,2023-04-17,,
none,21,2023-04-24,,
none,21,2023-05-01,,
none,21,2023-05-08,,
none,21,2023-05-15,,
none,21,2023-05-22,,
none,21,2023-05-29,,
none,21,2023-06-05,,
none,21,2023-06-12,,
none,21,2023-06-19,,
none,21,2023-06-26,,
none,21,2023-07-03,,
none,21,2023-07-10,,
none,21,2023-07-17,,
none,21,2023-07-24,,
none,21,2023-07-31,,
none,21,2023-08-07,,
none,21,2023-08-14,,
none,21,2023-08-21,,
none,21,2023-08-28,,
none,21,2023-09-04,,
none,21,2023-09-11,,
none,21,2023-09-18,,
none,21,2023-09-25,,
none,21,2023-10-02,,
none,21,2023-10-09,,
none,21,2023-10-16,,
none,21,2023-10-23,,
none,21,2023-10-30,,
none,21,2023-11-06,,
none,21,2023-11-13,,
none,21,2023-11-20,,
none,21,2023-11-27,,
none,21,2023-12-04,,
none,21,2023-12-11,,
none,21,2023-12-18,,
none,21,2023-12-25,,
none,21,2024-01-01,,
none,21,2024-01-08,,
none,21,2024-01-15,,
none,21,2024-01-22,,
none,21,2024-01-29,,
none,21,2024-02-05,,
none,21,2024-02-12,,
none,21,2024-02-19,,
none,21,2024-02-26,,
none,21,2024-03-04,,
none,21,2024-03-11,,
none,21,2024-03-18,,
none,21,2024-03-25,,
none,21,2024-04-01,,
none,21,2024-04-08,,
none,21,2024-04-15,,
none,21,2024-04-22,,
none,21,2024-04-29,,
none,21,2024-05-06,,
none,21,2024-05-13,,
none,21,2024-05-20,,
none,21,2024-05-27,,
none,21,2024-06-03,,
none,21,2024-06-10,,
none,21,2024-06-17,,
none,21,2024-06-24,,
none,21,2024-07-01,,
none,21,2024-07-08,,
none,21,2024-07-15,,
none,21,2024-07-22,,
none,21,2024-07-29,,
none,21,2024-08-05,,
none,21,2024-08-12,,
none,21,2024-08-19,,
none,21,2024-08-26,,
none,21,2024-09-02,,
none,21,2024-09-09,,
none,21,2024-09-16,,
none,21,2024-09-23,,
none,21,2024-10-07,,
none,21,2024-10-14,,
none,21,2024-10-21,,
none,21,2024-10-28,,
none,21,2024-11-04,,
none,22,2023-01-30,,
none,22,2023-02-06,,
none,22,2023-02-13,,
none,22,2023-02-20,,
none,22,2023-02-27,,
none,22,2023-03-06,,
none,22,2023-03-13,,
none,22,2023-03-20,,
none,22,2023-03-27,,
none,22,2023-04-03,,
none,22,2023-04-10,,
none,22,2023-04-17,,
none,22,2023-04-24,,
none,22,2023-05-01,,
none,22,2023-05-08,,
none,22,2023-05-15,,
none,22,2023-05-22,,
none,22,2023-05-29,,
none,22,2023-06-05,,
none,22,2023-06-12,,
none,22,2023-06-19,,
none,22,2023-06-26,,
none,22,2023-07-03,,
none,22,2023-07-10,,
none,22,2023-07-17,,
none,22,2023-07-24,,
none,22,2023-07-31,,
none,22,2023-08-07,,
none,22,2023-08-14,,
none,22,2023-08-21,,
none,22,2023-08-28,,
none,22,2023-09-04,,
none,22,2023-09-11,,
none,22,2023-09-18,,
none,22,2023-09-25,,
none,22,2023-10-02,,
none,22,2023-10-09,,
none,22,2023-10-16,,
none,22,2023-10-23,,
none,22,2023-10-30,,
none,22,2023-11-06,,
none,22,2023-11-13,,
none,22,2023-11-20,,
none,22,2023-11-27,,
none,22,2023-12-04,,
none,22,2023-12-11,,
none,22,2023-12-18,,
none,22,2023-12-25,,
none,22,2024-01-01,,
none,22,2024-01-08,,
none,22,2024-01-15,,
none,22,2024-01-22,,
none,22,2024-01-29,,
none,22,2024-02-05,,
none,22,2024-02-12,,
none,22,2024-02-19,,
none,22,2024-02-26,,
none,22,2024-03-04,,
none,22,2024-03-11,,
none,22,2024-03-18,,
none,22,2024-03-25,,
none,22,2024-04-01,,
none,22,2024-04-08,,
none,22,2024-04-15,,
none,22,2024-04-22,,
none,22,2024-04-29,,
none,22,2024-05-06,,
none,22,2024-05-13,,
none,22,2024-05-20,,
none,22,2024-05-27,,
none,22,2024-06-03,,
none,22,2024-06-10,,
none,22,2024-06-17,,
none,22,2024-06-24,,
none,22,2024-07-01,,
none,22,2024-07-08,,
none,22,2024-07-15,,
none,22,2024-07-22,,
none,22,2024-07-29,,
none,22,2024-08-05,,
none,22,2024-08-12,,
none,22,2024-08-19,,
none,22,2024-08-26,,
none,22,2024-09-02,,
none,22,2024-09-09,,
none,22,2024-09-16,,
none,22,2024-09-23,,
none,22,2024-10-07,,
none,22,2024-10-14,,
none,22,2024-10-21,,
none,22,2024-10-28,,
none,22,2024-11-04,,
none,23,2023-01-30,,
none,23,2023-02-06,,
none,23,2023-02-13,,
none,23,2023-02-20,,
none,23,2023-02-27,,
none,23,2023-03-06,,
none,23,2023-03-13,,
none,23,2023-03-20,,
none,23,2023-03-27,,
none,23,2023-04-03,,
none,23,2023-04-10,8.0,8.0
none,23,2023-04-17,7.0,7.0
none,23,2023-04-24,6.0,6.0
none,23,2023-05-01,5.0,5.0
none,23,2023-05-08,4.0,4.0
none,23,2023-05-15,3.0,3.0
none,23,2023-05-22,2.0,2.0
none,23,2023-05-29,1.0,1.0
none,23,2023-06-05,,
none,23,2023-06-12,,
none,23,2023-06-19,,
none,23,2023-06-26,,
none,23,2023-07-03,,
none,23,2023-07-10,,
none,23,2023-07-17,,
none,23,2023-07-24,,
none,23,2023-07-31,,
none,23,2023-08-07,,
none,23,2023-08-14,,
none,23,2023-08-21,,
none,23,2023-08-28,,
none,23,2023-09-04,,
none,23,2023-09-11,,
none,23,2023-09-18,,
none,23,2023-09-25,,
none,23,2023-10-02,,
none,23,2023-10-09,,
none,23,2023-10-16,,
none,23,2023-10-23,,
none,23,2023-10-30,,
none,23,2023-11-06,,
none,23,2023-11-13,,
none,23,2023-11-20,,
none,23,2023-11-27,,
none,23,2023-12-04,,
none,23,2023-12-11,,
none,23,2023-12-18,,
none,23,2023-12-25,,
none,23,2024-01-01,,
none,23,2024-01-08,,
none,23,2024-01-15,,
none,23,2024-01-22,,
none,23,2024-01-29,,
none,23,2024-02-05,,
none,23,2024-02-12,,
none,23,2024-02-19,,
none,23,2024-02-26,,
none,23,2024-03-04,,
none,23,2024-03-11,,
none,23,2024-03-18,,
none,23,2024-03-25,,
none,23,2024-04-01,,
none,23,2024-04-08,,
none,23,2024-04-15,,
none,23,2024-04-22,,
none,23,2024-04-29,,
none,23,2024-05-06,,
none,23,2024-05-13,,
none,23,2024-05-20,,
none,23,2024-05-27,,
none,23,2024-06-03,,
none,23,2024-06-10,,
none,23,2024-06-17,,
none,23,2024-06-24,,
none,23,2024-07-01,,
none,23,2024-07-08,,
none,23,2024-07-15,,
none,23,2024-07-22,,
none,23,2024-07-29,,
none,23,2024-08-05,,
none,23,2024-08-12,,
none,23,2024-08-19,,
none,23,2024-08-26,,
none,23,2024-09-02,,
none,23,2024-09-09,,
none,23,2024-09-16,,
none,23,2024-09-23,,
none,23,2024-10-07,,
none,23,2024-10-14,,
none,23,2024-10-21,,
none,23,2024-10-28,,
none,23,2024-11-04,,
none,24,2023-01-30,,
none,24,2023-02-06,,
none,24,2023-02-13,,
none,24,2023-02-20,,
none,24,2023-02-27,,
none,24,2023-03-06,,
none,24,2023-03-13,,
none,24,2023-03-20,,
none,24,2023-03-27,,
none,24,2023-04-03,,
none,24,2023-04-10,,
none,24,2023-04-17,,
none,24,2023-04-24,,
none,24,2023-05-01,,
none,24,2023-05-08,,
none,24,2023-05-15,,
none,24,2023-05-22,,
none,24,2023-05-29,,
none,24,2023-06-05,,
none,24,2023-06-12,,
none,24,2023-06-19,,
none,24,2023-06-26,,
none,24,2023-07-03,,
none,24,2023-07-10,,
none,24,2023-07-17,,
none,24,2023-07-24,,
none,24,2023-07-31,,
none,24,2023-08-07,,
none,24,2023-08-14,,
none,24,2023-08-21,,
none,24,2023-08-28,,
none,24,2023-09-04,,
none,24,2023-09-11,,
none,24,2023-09-18,,
none,24,2023-09-25,,
none,24,2023-10-02,,
none,24,2023-10-09,,
none,24,2023-10-16,,
none,24,2023-10-23,,8.0
none,24,2023-10-30,,7.0
none,24,2023-11-06,,6.0
none,24,2023-11-13,,5.0
none,24,2023-11-20,,4.0
none,24,2023-11-27,,3.0
none,24,2023-12-04,,2.0
none,24,2023-12-11,,1.0
none,24,2023-12-18,,
none,24,2023-12-25,,
none,24,2024-01-01,,
none,24,2024-01-08,,
none,24,2024-01-15,,
none,24,2024-01-22,,
none,24,2024-01-29,,
none,24,2024-02-05,,
none,24,2024-02-12,,
none,24,2024-02-19,,
none,24,2024-02-26,,8.0
none,24,2024-03-04,8.0,7.0
none,24,2024-03-11,7.0,6.0
none,24,2024-03-18,6.0,5.0
none,24,2024-03-25,5.0,4.0
none,24,2024-04-01,4.0,3.0
none,24,2024-04-08,3.0,2.0
none,24,2024-04-15,2.0,1.0
none,24,2024-04-22,,
none,24,2024-04-29,,
none,24,2024-05-06,,
none,24,2024-05-13,,
none,24,2024-05-20,,
none,24,2024-05-27,,
none,24,2024-06-03,,
none,24,2024-06-10,,
none,24,2024-06-17,,
none,24,2024-06-24,,
none,24,2024-07-01,,
none,24,2024-07-08,,
none,24,2024-07-15,,
none,24,2024-07-22,,
none,24,2024-07-29,,
none,24,2024-08-05,,
none,24,2024-08-12,,
none,24,2024-08-19,,
none,24,2024-08-26,,
none,24,2024-09-02,,
none,24,2024-09-09,,
none,24,2024-09-16,,
none,24,2024-09-23,,
none,24,2024-10-07,,
none,24,2024-10-14,,
none,24,2024-10-21,,
none,24,2024-10-28,,
none,24,2024-11-04,,
none,25,2023-01-30,,2.0
none,25,2023-02-06,,1.0
none,25,2023-02-13,,
none,25,2023-02-20,,
none,25,2023-02-27,,
none,25,2023-03-06,,
none,25,2023-03-13,,
none,25,2023-03-20,,
none,25,2023-03-27,,
none,25,2023-04-03,,
none,25,2023-04-10,,
none,25,2023-04-17,,
none,25,2023-04-24,,
none,25,2023-05-01,,
none,25,2023-05-08,,
none,25,2023-05-15,,
none,25,2023-05-22,,
none,25,2023-05-29,,
none,25,2023-06-05,,
none,25,2023-06-12,,
none,25,2023-06-19,,
none,25,2023-06-26,,
none,25,2023-07-03,,
none,25,2023-07-10,,
none,25,2023-07-17,,
none,25,2023-07-24,,
none,25,2023-07-31,,
none,25,2023-08-07,,
none,25,2023-08-14,,
none,25,2023-08-21,,
none,25,2023-08-28,,
none,25,2023-09-04,,
none,25,2023-09-11,,
none,25,2023-09-18,,
none,25,2023-09-25,,
none,25,2023-10-02,,
none,25,2023-10-09,,
none,25,2023-10-16,,
none,25,2023-10-23,,
none,25,2023-10-30,,
none,25,2023-11-06,,
none,25,2023-11-13,,
none,25,2023-11-20,,
none,25,2023-11-27,,
none,25,2023-12-04,,
none,25,2023-12-11,,
none,25,2023-12-18,,
none,25,2023-12-25,,
none,25,2024-01-01,,
none,25,2024-01-08,,
none,25,2024-01-15,,
none,25,2024-01-22,,
none,25,2024-01-29,,
none,25,2024-02-05,,
none,25,2024-02-12,,
none,25,2024-02-19,,
none,25,2024-02-26,,
none,25,2024-03-04,,
none,25,2024-03-11,,
none,25,2024-03-18,,
none,25,2024-03-25,,
none,25,2024-04-01,8.0,
none,25,2024-04-08,7.0,
none,25,2024-04-15,6.0,
none,25,2024-04-22,5.0,
none,25,2024-04-29,4.0,
none,25,2024-05-06,3.0,
none,25,2024-05-13,7.0,
none,25,2024-05-20,,
none,25,2024-05-27,,
none,25,2024-06-03,,
none,25,2024-06-10,,
none,25,2024-06-17,,
none,25,2024-06-24,,
none,25,2024-07-01,,
none,25,2024-07-08,,
none,25,2024-07-15,,
none,25,2024-07-22,,
none,25,2024-07-29,,
none,25,2024-08-05,,
none,25,2024-08-12,,
none,25,2024-08-19,,
none,25,2024-08-26,,
none,25,2024-09-02,,
none,25,2024-09-09,,
none,25,2024-09-16,,
none,25,2024-09-23,,
none,25,2024-10-07,,
none,25,2024-10-14,,
none,25,2024-10-21,,
none,25,2024-10-28,,
none,25,2024-11-04,,
none,26,2023-01-30,,
none,26,2023-02-06,,
none,26,2023-02-13,,
none,26,2023-02-20,,
none,26,2023-02-27,,
none,26,2023-03-06,,
none,26,2023-03-13,,
none,26,2023-03-20,,
none,26,2023-03-27,,
none,26,2023-04-03,,
none,26,2023-04-10,,
none,26,2023-04-17,,
none,26,2023-04-24,,
none,26,2023-05-01,,
none,26,2023-05-08,,
none,26,2023-05-15,,
none,26,2023-05-22,,
none,26,2023-05-29,,
none,26,2023-06-05,,
none,26,2023-06-12,,
none,26,2023-06-19,,
none,26,2023-06-26,,
none,26,2023-07-03,,
none,26,2023-07-10,,
none,26,2023-07-17,,
none,26,2023-07-24,,
none,26,2023-07-31,,
none,26,2023-08-07,,
none,26,2023-08-14,,
none,26,2023-08-21,,
none,26,2023-08-28,,
none,26,2023-09-04,,
none,26,2023-09-11,,
none,26,2023-09-18,,
none,26,2023-09-25,,
none,26,2023-10-02,,
none,26,2023-10-09,,
none,26,2023-10-16,,
none,26,2023-10-23,,
none,26,2023-10-30,8.0,
none,26,2023-11-06,7.0,
none,26,2023-11-13,6.0,
none,26,2023-11-20,5.0,
none,26,2023-11-27,4.0,
none,26,2023-12-04,3.0,
none,26,2023-12-11,,
none,26,2023-12-18,,
none,26,2023-12-25,,
none,26,2024-01-01,,
none,26,2024-01-08,,
none,26,2024-01-15,,
none,26,2024-01-22,,
none,26,2024-01-29,,
none,26,2024-02-05,,
none,26,2024-02-12,,
none,26,2024-02-19,,
none,26,2024-02-26,,
none,26,2024-03-04,,
none,26,2024-03-11,,
none,26,2024-03-18,,
none,26,2024-03-25,,
none,26,2024-04-01,,
none,26,2024-04-08,,
none,26,2024-04-15,,
none,26,2024-04-22,,
none,26,2024-04-29,,
none,26,2024-05-06,,
none,26,2024-05-13,,
none,26,2024-05-20,,
none,26,2024-05-27,,
none,26,2024-06-03,,
none,26,2024-06-10,,
none,26,2024-06-17,,
none,26,2024-06-24,,
none,26,2024-07-01,,
none,26,2024-07-08,,
none,26,2024-07-15,,
none,26,2024-07-22,,
none,26,2024-07-29,,
none,26,2024-08-05,,
none,26,2024-08-12,,
none,26,2024-08-19,,
none,26,2024-08-26,,
none,26,2024-09-02,,
none,26,2024-09-09,,
none,26,2024-09-16,,
none,26,2024-09-23,,
none,26,2024-10-07,,
none,26,2024-10-14,,
none,26,2024-10-21,,
none,26,2024-10-28,,
none,26,2024-11-04,,
none,27,2023-01-30,2.0,1.0
none,27,2023-02-06,,
none,27,2023-02-13,,
none,27,2023-02-20,,
none,27,2023-02-27,,
none,27,2023-03-06,,
none,27,2023-03-13,,
none,27,2023-03-20,,
none,27,2023-03-27,,
none,27,2023-04-03,,
none,27,2023-04-10,,
none,27,2023-04-17,,
none,27,2023-04-24,,
none,27,2023-05-01,,
none,27,2023-05-08,,
none,27,2023-05-15,,
none,27,2023-05-22,,
none,27,2023-05-29,,
none,27,2023-06-05,,
none,27,2023-06-12,,
none,27,2023-06-19,,
none,27,2023-06-26,,
none,27,2023-07-03,,
none,27,2023-07-10,,
none,27,2023-07-17,,
none,27,2023-07-24,,
none,27,2023-07-31,,
none,27,2023-08-07,,
none,27,2023-08-14,,
none,27,2023-08-21,,
none,27,2023-08-28,,
none,27,2023-09-04,,
none,27,2023-09-11,,
none,27,2023-09-18,,
none,27,2023-09-25,,
none,27,2023-10-02,,
none,27,2023-10-09,,
none,27,2023-10-16,,
none,27,2023-10-23,,
none,27,2023-10-30,,
none,27,2023-11-06,,
none,27,2023-11-13,,
none,27,2023-11-20,,
none,27,2023-11-27,,
none,27,2023-12-04,,
none,27,2023-12-11,,
none,27,2023-12-18,,
none,27,2023-12-25,,
none,27,2024-01-01,,
none,27,2024-01-08,,
none,27,2024-01-15,,
none,27,2024-01-22,,
none,27,2024-01-29,,
none,27,2024-02-05,,
none,27,2024-02-12,,
none,27,2024-02-19,,
none,27,2024-02-26,,
none,27,2024-03-04,,
none,27,2024-03-11,,
none,27,2024-03-18,,
none,27,2024-03-25,,
none,27,2024-04-01,,
none,27,2024-04-08,,
none,27,2024-04-15,,
none,27,2024-04-22,,
none,27,2024-04-29,,
none,27,2024-05-06,,
none,27,2024-05-13,,
none,27,2024-05-20,,
none,27,2024-05-27,,
none,27,2024-06-03,,
none,27,2024-06-10,,
none,27,2024-06-17,,
none,27,2024-06-24,,
none,27,2024-07-01,,
none,27,2024-07-08,,
none,27,2024-07-15,,
none,27,2024-07-22,,
none,27,2024-07-29,,
none,27,2024-08-05,,
none,27,2024-08-12,,
none,27,2024-08-19,,
none,27,2024-08-26,,
none,27,2024-09-02,,
none,27,2024-09-09,,
none,27,2024-09-16,,
none,27,2024-09-23,,
none,27,2024-10-07,,
none,27,2024-10-14,,
none,27,2024-10-21,,
none,27,2024-10-28,,
none,27,2024-11-04,,
none,28,2023-01-30,,
none,28,2023-02-06,,
none,28,2023-02-13,,
none,28,2023-02-20,,
none,28,2023-02-27,,
none,28,2023-03-06,,
none,28,2023-03-13,,
none,28,2023-03-20,,
none,28,2023-03-27,,
none,28,2023-04-03,,
none,28,2023-04-10,,
none,28,2023-04-17,,
none,28,2023-04-24,,
none,28,2023-05-01,,
none,28,2023-05-08,,
none,28,2023-05-15,,
none,28,2023-05-22,,
none,28,2023-05-29,,
none,28,2023-06-05,,
none,28,2023-06-12,,
none,28,2023-06-19,,
none,28,2023-06-26,,
none,28,2023-07-03,,
none,28,2023-07-10,,
none,28,2023-07-17,,
none,28,2023-07-24,,
none,28,2023-07-31,,
none,28,2023-08-07,,
none,28,2023-08-14,,
none,28,2023-08-21,,
none,28,2023-08-28,,
none,28,2023-09-04,,
none,28,2023-09-11,,
none,28,2023-09-18,,8.0
none,28,2023-09-25,,7.0
none,28,2023-10-02,,6.0
none,28,2023-10-09,,5.0
none,28,2023-10-16,,4.0
none,28,2023-10-23,,3.0
none,28,2023-10-30,,2.0
none,28,2023-11-06,,1.0
none,28,2023-11-13,,
none,28,2023-11-20,,
none,28,2023-11-27,,
none,28,2023-12-04,,
none,28,2023-12-11,,
none,28,2023-12-18,,
none,28,2023-12-25,,
none,28,2024-01-01,,
none,28,2024-01-08,,
none,28,2024-01-15,,
none,28,2024-01-22,,
none,28,2024-01-29,,
none,28,2024-02-05,,
none,28,2024-02-12,,
none,28,2024-02-19,,
none,28,2024-02-26,,
none,28,2024-03-04,,
none,28,2024-03-11,,
none,28,2024-03-18,,
none,28,2024-03-25,,
none,28,2024-04-01,,
none,28,2024-04-08,,
none,28,2024-04-15,,
none,28,2024-04-22,,
none,28,2024-04-29,,
none,28,2024-05-06,,
none,28,2024-05-13,,
none,28,2024-05-20,,
none,28,2024-05-27,,
none,28,2024-06-03,,
none,28,2024-06-10,,
none,28,2024-06-17,,
none,28,2024-06-24,,
none,28,2024-07-01,,
none,28,2024-07-08,,
none,28,2024-07-15,,
none,28,2024-07-22,,
none,28,2024-07-29,,
none,28,2024-08-05,,
none,28,2024-08-12,,
none,28,2024-08-19,,
none,28,2024-08-26,,
none,28,2024-09-02,,
none,28,2024-09-09,,
none,28,2024-09-16,,
none,28,2024-09-23,,
none,28,2024-10-07,,
none,28,2024-10-14,,
none,28,2024-10-21,,
none,28,2024-10-28,,
none,28,2024-11-04,,
none,29,2023-01-30,,
none,29,2023-02-06,,
none,29,2023-02-13,,
none,29,2023-02-20,,8.0
none,29,2023-02-27,,7.0
none,29,2023-03-06,,6.0
none,29,2023-03-13,,5.0
none,29,2023-03-20,,4.0
none,29,2023-03-27,,3.0
none,29,2023-04-03,,2.0
none,29,2023-04-10,,1.0
none,29,2023-04-17,,
none,29,2023-04-24,,
none,29,2023-05-01,,
none,29,2023-05-08,,
none,29,2023-05-15,,
none,29,2023-05-22,,
none,29,2023-05-29,,
none,29,2023-06-05,,
none,29,2023-06-12,8.0,
none,29,2023-06-19,7.0,
none,29,2023-06-26,6.0,
none,29,2023-07-03,5.0,
none,29,2023-07-10,4.0,
none,29,2023-07-17,3.0,
none,29,2023-07-24,,
none,29,2023-07-31,,
none,29,2023-08-07,,
none,29,2023-08-14,,
none,29,2023-08-21,,
none,29,2023-08-28,,
none,29,2023-09-04,,
none,29,2023-09-11,,
none,29,2023-09-18,,
none,29,2023-09-25,,
none,29,2023-10-02,,
none,29,2023-10-09,,
none,29,2023-10-16,,
none,29,2023-10-23,,
none,29,2023-10-30,,
none,29,2023-11-06,,
none,29,2023-11-13,,
none,29,2023-11-20,,
none,29,2023-11-27,,
none,29,2023-12-04,,
none,29,2023-12-11,,
none,29,2023-12-18,,
none,29,2023-12-25,,
none,29,2024-01-01,,
none,29,2024-01-08,,
none,29,2024-01-15,,
none,29,2024-01-22,,
none,29,2024-01-29,,
none,29,2024-02-05,,
none,29,2024-02-12,,
none,29,2024-02-19,,
none,29,2024-02-26,,
none,29,2024-03-04,,
none,29,2024-03-11,,
none,29,2024-03-18,,
none,29,2024-03-25,,
none,29,2024-04-01,,
none,29,2024-04-08,,
none,29,2024-04-15,,
none,29,2024-04-22,,
none,29,2024-04-29,,
none,29,2024-05-06,,
none,29,2024-05-13,,
none,29,2024-05-20,,
none,29,2024-05-27,,
none,29,2024-06-03,,
none,29,2024-06-10,,
none,29,2024-06-17,,
none,29,2024-06-24,,
none,29,2024-07-01,,
none,29,2024-07-08,,
none,29,2024-07-15,,
none,29,2024-07-22,,
none,29,2024-07-29,,
none,29,2024-08-05,,
none,29,2024-08-12,,
none,29,2024-08-19,,
none,29,2024-08-26,,
none,29,2024-09-02,,
none,29,2024-09-09,,
none,29,2024-09-16,,
none,29,2024-09-23,,8.0
none,29,2024-10-07,,7.0
none,29,2024-10-14,,6.0
none,29,2024-10-21,8.0,5.0
none,29,2024-10-28,7.0,4.0
none,29,2024-11-04,6.0,3.0
none,30,2023-01-30,,
none,30,2023-02-06,,
none,30,2023-02-13,,
none,30,2023-02-20,,
none,30,2023-02-27,,
none,30,2023-03-06,,
none,30,2023-03-13,,
none,30,2023-03-20,,
none,30,2023-03-27,,
none,30,2023-04-03,,
none,30,2023-04-10,8.0,
none,30,2023-04-17,7.0,
none,30,2023-04-24,6.0,
none,30,2023-05-01,,
none,30,2023-05-08,,
none,30,2023-05-15,,
none,30,2023-05-22,,
none,30,2023-05-29,,
none,30,2023-06-05,,
none,30,2023-06-12,,
none,30,2023-06-19,,
none,30,2023-06-26,,
none,30,2023-07-03,,
none,30,2023-07-10,,
none,30,2023-07-17,,
none,30,2023-07-24,,
none,30,2023-07-31,,
none,30,2023-08-07,,
none,30,2023-08-14,,
none,30,2023-08-21,,
none,30,2023-08-28,,
none,30,2023-09-04,,
none,30,2023-09-11,,
none,30,2023-09-18,,
none,30,2023-09-25,,
none,30,2023-10-02,,
none,30,2023-10-09,,
none,30,2023-10-16,,
none,30,2023-10-23,,
none,30,2023-10-30,,
none,30,2023-11-06,,
none,30,2023-11-13,,
none,30,2023-11-20,,8.0
none,30,2023-11-27,,7.0
none,30,2023-12-04,8.0,6.0
none,30,2023-12-11,7.0,5.0
none,30,2023-12-18,6.0,4.0
none,30,2023-12-25,,3.0
none,30,2024-01-01,,2.0
none,30,2024-01-08,,1.0
none,30,2024-01-15,,
none,30,2024-01-22,,
none,30,2024-01-29,,
none,30,2024-02-05,,
none,30,2024-02-12,,
none,30,2024-02-19,,
none,30,2024-02-26,,
none,30,2024-03-04,,
none,30,2024-03-11,,
none,30,2024-03-18,,
none,30,2024-03-25,,
none,30,2024-04-01,,
none,30,2024-04-08,,
none,30,2024-04-15,,
none,30,2024-04-22,,8.0
none,30,2024-04-29,8.0,7.0
none,30,2024-05-06,7.0,6.0
none,30,2024-05-13,6.0,5.0
none,30,2024-05-20,5.0,4.0
none,30,2024-05-27,4.0,3.0
none,30,2024-06-03,3.0,2.0
none,30,2024-06-10,3.0,1.0
none,30,2024-06-17,,
none,30,2024-06-24,,
none,30,2024-07-01,,
none,30,2024-07-08,,
none,30,2024-07-15,,
none,30,2024-07-22,,
none,30,2024-07-29,,
none,30,2024-08-05,,
none,30,2024-08-12,,
none,30,2024-08-19,,
none,30,2024-08-26,,
none,30,2024-09-02,,
none,30,2024-09-09,,
none,30,2024-09-16,,
none,30,2024-09-23,,
none,30,2024-10-07,,
none,30,2024-10-14,,
none,30,2024-10-21,,
none,30,2024-10-28,,
none,30,2024-11-04,,
none,31,2023-01-30,,
none,31,2023-02-06,8.0,8.0
none,31,2023-02-13,7.0,7.0
none,31,2023-02-20,6.0,6.0
none,31,2023-02-27,5.0,5.0
none,31,2023-03-06,4.0,4.0
none,31,2023-03-13,3.0,3.0
none,31,2023-03-20,2.0,2.0
none,31,2023-03-27,1.0,1.0
none,31,2023-04-03,,
none,31,2023-04-10,,
none,31,2023-04-17,,
none,31,2023-04-24,,
none,31,2023-05-01,,
none,31,2023-05-08,,
none,31,2023-05-15,,
none,31,2023-05-22,,
none,31,2023-05-29,,
none,31,2023-06-05,,
none,31,2023-06-12,,
none,31,2023-06-19,,
none,31,2023-06-26,,
none,31,2023-07-03,,
none,31,2023-07-10,,
none,31,2023-07-17,,
none,31,2023-07-24,,
none,31,2023-07-31,,8.0
none,31,2023-08-07,,7.0
none,31,2023-08-14,,6.0
none,31,2023-08-21,,5.0
none,31,2023-08-28,,4.0
none,31,2023-09-04,,3.0
none,31,2023-09-11,,2.0
none,31,2023-09-18,,1.0
none,31,2023-09-25,,
none,31,2023-10-02,,
none,31,2023-10-09,,
none,31,2023-10-16,,
none,31,2023-10-23,,
none,31,2023-10-30,,
none,31,2023-11-06,,
none,31,2023-11-13,,
none,31,2023-11-20,,
none,31,2023-11-27,,
none,31,2023-12-04,,
none,31,2023-12-11,,
none,31,2023-12-18,,8.0
none,31,2023-12-25,,7.0
none,31,2024-01-01,,6.0
none,31,2024-01-08,,5.0
none,31,2024-01-15,8.0,4.0
none,31,2024-01-22,7.0,3.0
none,31,2024-01-29,6.0,2.0
none,31,2024-02-05,5.0,1.0
none,31,2024-02-12,,
none,31,2024-02-19,,
none,31,2024-02-26,,
none,31,2024-03-04,,
none,31,2024-03-11,,
none,31,2024-03-18,,
none,31,2024-03-25,,
none,31,2024-04-01,,
none,31,2024-04-08,,
none,31,2024-04-15,,
none,31,2024-04-22,,
none,31,2024-04-29,,
none,31,2024-05-06,,
none,31,2024-05-13,,
none,31,2024-05-20,,
none,31,2024-05-27,,
none,31,2024-06-03,,
none,31,2024-06-10,,
none,31,2024-06-17,,
none,31,2024-06-24,,
none,31,2024-07-01,,
none,31,2024-07-08,,
none,31,2024-07-15,,
none,31,2024-07-22,,
none,31,2024-07-29,,
none,31,2024-08-05,,
none,31,2024-08-12,,
none,31,2024-08-19,,
none,31,2024-08-26,,
none,31,2024-09-02,,
none,31,2024-09-09,,
none,31,2024-09-16,,
none,31,2024-09-23,,
none,31,2024-10-07,,
none,31,2024-10-14,,
none,31,2024-10-21,,
none,31,2024-10-28,,
none,31,2024-11-04,,
none,32,2023-01-30,,
none,32,2023-02-06,,
none,32,2023-02-13,,
none,32,2023-02-20,,
none,32,2023-02-27,,
none,32,2023-03-06,,
none,32,2023-03-13,,
none,32,2023-03-20,,
none,32,2023-03-27,,
none,32,2023-04-03,,
none,32,2023-04-10,,
none,32,2023-04-17,8.0,8.0
none,32,2023-04-24,7.0,7.0
none,32,2023-05-01,6.0,6.0
none,32,2023-05-08,5.0,5.0
none,32,2023-05-15,4.0,4.0
none,32,2023-05-22,3.0,3.0
none,32,2023-05-29,2.0,2.0
none,32,2023-06-05,,1.0
none,32,2023-06-12,,
none,32,2023-06-19,,
none,32,2023-06-26,,
none,32,2023-07-03,,
none,32,2023-07-10,,
none,32,2023-07-17,,
none,32,2023-07-24,,
none,32,2023-07-31,,
none,32,2023-08-07,,
none,32,2023-08-14,,
none,32,2023-08-21,,
none,32,2023-08-28,,
none,32,2023-09-04,,
none,32,2023-09-11,,
none,32,2023-09-18,,
none,32,2023-09-25,,
none,32,2023-10-02,,
none,32,2023-10-09,,
none,32,2023-10-16,,
none,32,2023-10-23,,
none,32,2023-10-30,,
none,32,2023-11-06,,
none,32,2023-11-13,,
none,32,2023-11-20,,
none,32,2023-11-27,,
none,32,2023-12-04,,
none,32,2023-12-11,,
none,32,2023-12-18,,
none,32,2023-12-25,,
none,32,2024-01-01,,
none,32,2024-01-08,,
none,32,2024-01-15,,
none,32,2024-01-22,,
none,32,2024-01-29,8.0,
none,32,2024-02-05,7.0,
none,32,2024-02-12,6.0,
none,32,2024-02-19,5.0,
none,32,2024-02-26,4.0,
none,32,2024-03-04,,
none,32,2024-03-11,,
none,32,2024-03-18,,
none,32,2024-03-25,,
none,32,2024-04-01,,
none,32,2024-04-08,,
none,32,2024-04-15,,
none,32,2024-04-22,,
none,32,2024-04-29,,
none,32,2024-05-06,,
none,32,2024-05-13,,
none,32,2024-05-20,,
none,32,2024-05-27,,
none,32,2024-06-03,,
none,32,2024-06-10,,
none,32,2024-06-17,,
none,32,2024-06-24,,
none,32,2024-07-01,,
none,32,2024-07-08,,
none,32,2024-07-15,,
none,32,2024-07-22,,
none,32,2024-07-29,,
none,32,2024-08-05,,
none,32,2024-08-12,,
none,32,2024-08-19,,
none,32,2024-08-26,,
none,32,2024-09-02,,
none,32,2024-09-09,,
none,32,2024-09-16,,
none,32,2024-09-23,,
none,32,2024-10-07,,
none,32,2024-10-14,,
none,32,2024-10-21,,
none,32,2024-10-28,,
none,32,2024-11-04,8.0,
none,33,2023-01-30,,
none,33,2023-02-06,,
none,33,2023-02-13,,
none,33,2023-02-20,,
none,33,2023-02-27,,
none,33,2023-03-06,,
none,33,2023-03-13,,
none,33,2023-03-20,,
none,33,2023-03-27,,
none,33,2023-04-03,,
none,33,2023-04-10,,
none,33,2023-04-17,8.0,
none,33,2023-04-24,7.0,
none,33,2023-05-01,6.0,
none,33,2023-05-08,5.0,
none,33,2023-05-15,,
none,33,2023-05-22,,
none,33,2023-05-29,,
none,33,2023-06-05,,
none,33,2023-06-12,,
none,33,2023-06-19,,
none,33,2023-06-26,,
none,33,2023-07-03,,
none,33,2023-07-10,,
none,33,2023-07-17,,
none,33,2023-07-24,,
none,33,2023-07-31,,
none,33,2023-08-07,,
none,33,2023-08-14,,
none,33,2023-08-21,,
none,33,2023-08-28,,
none,33,2023-09-04,,
none,33,2023-09-11,,
none,33,2023-09-18,,
none,33,2023-09-25,,
none,33,2023-10-02,,
none,33,2023-10-09,,
none,33,2023-10-16,,
none,33,2023-10-23,,
none,33,2023-10-30,,
none,33,2023-11-06,,
none,33,2023-11-13,,
none,33,2023-11-20,,
none,33,2023-11-27,,
none,33,2023-12-04,,
none,33,2023-12-11,,
none,33,2023-12-18,,
none,33,2023-12-25,,
none,33,2024-01-01,,
none,33,2024-01-08,,
none,33,2024-01-15,,8.0
none,33,2024-01-22,8.0,7.0
none,33,2024-01-29,7.0,6.0
none,33,2024-02-05,6.0,5.0
none,33,2024-02-12,5.0,4.0
none,33,2024-02-19,4.0,3.0
none,33,2024-02-26,3.0,2.0
none,33,2024-03-04,2.0,1.0
none,33,2024-03-11,,
none,33,2024-03-18,,
none,33,2024-03-25,,
none,33,2024-04-01,,
none,33,2024-04-08,,
none,33,2024-04-15,,
none,33,2024-04-22,,
none,33,2024-04-29,,
none,33,2024-05-06,,
none,33,2024-05-13,,
none,33,2024-05-20,,
none,33,2024-05-27,,
none,33,2024-06-03,,
none,33,2024-06-10,,
none,33,2024-06-17,,
none,33,2024-06-24,,
none,33,2024-07-01,,
none,33,2024-07-08,,
none,33,2024-07-15,,
none,33,2024-07-22,,
none,33,2024-07-29,,
none,33,2024-08-05,,
none,33,2024-08-12,,
none,33,2024-08-19,,
none,33,2024-08-26,,
none,33,2024-09-02,,
none,33,2024-09-09,,
none,33,2024-09-16,,
none,33,2024-09-23,,
none,33,2024-10-07,,
none,33,2024-10-14,,
none,33,2024-10-21,,
none,33,2024-10-28,,
none,33,2024-11-04,,
none,34,2023-01-30,,
none,34,2023-02-06,,
none,34,2023-02-13,,
none,34,2023-02-20,,
none,34,2023-02-27,,8.0
none,34,2023-03-06,,7.0
none,34,2023-03-13,,6.0
none,34,2023-03-20,,5.0
none,34,2023-03-27,,4.0
none,34,2023-04-03,,3.0
none,34,2023-04-10,,2.0
none,34,2023-04-17,,1.0
none,34,2023-04-24,,3.0
none,34,2023-05-01,,2.0
none,34,2023-05-08,,1.0
none,34,2023-05-15,,
none,34,2023-05-22,,
none,34,2023-05-29,,
none,34,2023-06-05,,
none,34,2023-06-12,,
none,34,2023-06-19,,
none,34,2023-06-26,,
none,34,2023-07-03,,
none,34,2023-07-10,,
none,34,2023-07-17,,
none,34,2023-07-24,,
none,34,2023-07-31,,
none,34,2023-08-07,,
none,34,2023-08-14,,
none,34,2023-08-21,,
none,34,2023-08-28,,
none,34,2023-09-04,,
none,34,2023-09-11,,
none,34,2023-09-18,,
none,34,2023-09-25,,
none,34,2023-10-02,,
none,34,2023-10-09,,
none,34,2023-10-16,,
none,34,2023-10-23,,
none,34,2023-10-30,,
none,34,2023-11-06,,
none,34,2023-11-13,,
none,34,2023-11-20,,
none,34,2023-11-27,,
none,34,2023-12-04,,
none,34,2023-12-11,,
none,34,2023-12-18,,
none,34,2023-12-25,,
none,34,2024-01-01,,
none,34,2024-01-08,,
none,34,2024-01-15,,
none,34,2024-01-22,,
none,34,2024-01-29,,
none,34,2024-02-05,,
none,34,2024-02-12,,
none,34,2024-02-19,,
none,34,2024-02-26,,
none,34,2024-03-04,,
none,34,2024-03-11,,
none,34,2024-03-18,,
none,34,2024-03-25,,
none,34,2024-04-01,,
none,34,2024-04-08,,
none,34,2024-04-15,,
none,34,2024-04-22,,
none,34,2024-04-29,,
none,34,2024-05-06,,
none,34,2024-05-13,,
none,34,2024-05-20,,
none,34,2024-05-27,,
none,34,2024-06-03,,
none,34,2024-06-10,,
none,34,2024-06-17,,
none,34,2024-06-24,,
none,34,2024-07-01,,
none,34,2024-07-08,,
none,34,2024-07-15,,
none,34,2024-07-22,,
none,34,2024-07-29,,
none,34,2024-08-05,,
none,34,2024-08-12,,
none,34,2024-08-19,,
none,34,2024-08-26,,
none,34,2024-09-02,,
none,34,2024-09-09,,
none,34,2024-09-16,,
none,34,2024-09-23,,
none,34,2024-10-07,,
none,34,2024-10-14,,
none,34,2024-10-21,,
none,34,2024-10-28,,
none,34,2024-11-04,,
none,35,2023-01-30,3.0,3.0
none,35,2023-02-06,2.0,2.0
none,35,2023-02-13,,1.0
none,35,2023-02-20,,
none,35,2023-02-27,,
none,35,2023-03-06,,8.0
none,35,2023-03-13,,7.0
none,35,2023-03-20,,6.0
none,35,2023-03-27,,5.0
none,35,2023-04-03,,4.0
none,35,2023-04-10,,3.0
none,35,2023-04-17,,2.0
none,35,2023-04-24,,1.0
none,35,2023-05-01,,
none,35,2023-05-08,8.0,
none,35,2023-05-15,7.0,
none,35,2023-05-22,6.0,
none,35,2023-05-29,5.0,
none,35,2023-06-05,4.0,
none,35,2023-06-12,3.0,8.0
none,35,2023-06-19,7.0,7.0
none,35,2023-06-26,6.0,6.0
none,35,2023-07-03,5.0,5.0
none,35,2023-07-10,4.0,4.0
none,35,2023-07-17,,3.0
none,35,2023-07-24,,2.0
none,35,2023-07-31,,1.0
none,35,2023-08-07,,
none,35,2023-08-14,,
none,35,2023-08-21,,
none,35,2023-08-28,,
none,35,2023-09-04,,
none,35,2023-09-11,,
none,35,2023-09-18,,
none,35,2023-09-25,,
none,35,2023-10-02,,
none,35,2023-10-09,,
none,35,2023-10-16,,
none,35,2023-10-23,,
none,35,2023-10-30,,
none,35,2023-11-06,,
none,35,2023-11-13,,
none,35,2023-11-20,,
none,35,2023-11-27,,
none,35,2023-12-04,,
none,35,2023-12-11,,
none,35,2023-12-18,,
none,35,2023-12-25,,
none,35,2024-01-01,,
none,35,2024-01-08,,
none,35,2024-01-15,,
none,35,2024-01-22,,
none,35,2024-01-29,,
none,35,2024-02-05,,
none,35,2024-02-12,,
none,35,2024-02-19,,
none,35,2024-02-26,,
none,35,2024-03-04,,
none,35,2024-03-11,,
none,35,2024-03-18,,
none,35,2024-03-25,,
none,35,2024-04-01,,
none,35,2024-04-08,,
none,35,2024-04-15,,
none,35,2024-04-22,,
none,35,2024-04-29,,
none,35,2024-05-06,,
none,35,2024-05-13,,
none,35,2024-05-20,,
none,35,2024-05-27,,
none,35,2024-06-03,,
none,35,2024-06-10,,
none,35,2024-06-17,,
none,35,2024-06-24,,
none,35,2024-07-01,,
none,35,2024-07-08,,
none,35,2024-07-15,,
none,35,2024-07-22,,
none,35,2024-07-29,,
none,35,2024-08-05,,
none,35,2024-08-12,,
none,35,2024-08-19,,
none,35,2024-08-26,,
none,35,2024-09-02,,
none,35,2024-09-09,,
none,35,2024-09-16,,
none,35,2024-09-23,,
none,35,2024-10-07,,
none,35,2024-10-14,,
none,35,2024-10-21,,
none,35,2024-10-28,,
none,35,2024-11-04,,
none,36,2023-01-30,,1.0
none,36,2023-02-06,,
none,36,2023-02-13,,
none,36,2023-02-20,,
none,36,2023-02-27,,
none,36,2023-03-06,,
none,36,2023-03-13,,
none,36,2023-03-20,,
none,36,2023-03-27,,
none,36,2023-04-03,,
none,36,2023-04-10,,
none,36,2023-04-17,,
none,36,2023-04-24,,
none,36,2023-05-01,,
none,36,2023-05-08,,
none,36,2023-05-15,,8.0
none,36,2023-05-22,,7.0
none,36,2023-05-29,,6.0
none,36,2023-06-05,,5.0
none,36,2023-06-12,,4.0
none,36,2023-06-19,,3.0
none,36,2023-06-26,,2.0
none,36,2023-07-03,,1.0
none,36,2023-07-10,,
none,36,2023-07-17,,
none,36,2023-07-24,,
none,36,2023-07-31,,
none,36,2023-08-07,,
none,36,2023-08-14,,
none,36,2023-08-21,,
none,36,2023-08-28,,
none,36,2023-09-04,,
none,36,2023-09-11,,
none,36,2023-09-18,,
none,36,2023-09-25,,
none,36,2023-10-02,,
none,36,2023-10-09,,
none,36,2023-10-16,,
none,36,2023-10-23,,8.0
none,36,2023-10-30,8.0,7.0
none,36,2023-11-06,7.0,6.0
none,36,2023-11-13,6.0,5.0
none,36,2023-11-20,5.0,4.0
none,36,2023-11-27,4.0,3.0
none,36,2023-12-04,3.0,2.0
none,36,2023-12-11,2.0,1.0
none,36,2023-12-18,,
none,36,2023-12-25,,
none,36,2024-01-01,,
none,36,2024-01-08,,
none,36,2024-01-15,,
none,36,2024-01-22,,
none,36,2024-01-29,,
none,36,2024-02-05,,
none,36,2024-02-12,,
none,36,2024-02-19,,
none,36,2024-02-26,,
none,36,2024-03-04,,
none,36,2024-03-11,,
none,36,2024-03-18,,
none,36,2024-03-25,,
none,36,2024-04-01,,
none,36,2024-04-08,,
none,36,2024-04-15,,
none,36,2024-04-22,,
none,36,2024-04-29,,
none,36,2024-05-06,,
none,36,2024-05-13,,
none,36,2024-05-20,,
none,36,2024-05-27,,
none,36,2024-06-03,,
none,36,2024-06-10,,
none,36,2024-06-17,,
none,36,2024-06-24,,
none,36,2024-07-01,,
none,36,2024-07-08,,
none,36,2024-07-15,,
none,36,2024-07-22,,
none,36,2024-07-29,,
none,36,2024-08-05,,
none,36,2024-08-12,,
none,36,2024-08-19,,
none,36,2024-08-26,,
none,36,2024-09-02,,
none,36,2024-09-09,,
none,36,2024-09-16,,
none,36,2024-09-23,,
none,36,2024-10-07,,
none,36,2024-10-14,,
none,36,2024-10-21,,
none,36,2024-10-28,,
none,36,2024-11-04,,
none,37,2023-01-30,,
none,37,2023-02-06,,
none,37,2023-02-13,,
none,37,2023-02-20,,
none,37,2023-02-27,,
none,37,2023-03-06,,
none,37,2023-03-13,,8.0
none,37,2023-03-20,,7.0
none,37,2023-03-27,,6.0
none,37,2023-04-03,,5.0
none,37,2023-04-10,,4.0
none,37,2023-04-17,,3.0
none,37,2023-04-24,,2.0
none,37,2023-05-01,,1.0
none,37,2023-05-08,,
none,37,2023-05-15,,
none,37,2023-05-22,,
none,37,2023-05-29,,
none,37,2023-06-05,,
none,37,2023-06-12,,
none,37,2023-06-19,,
none,37,2023-06-26,,
none,37,2023-07-03,,
none,37,2023-07-10,,
none,37,2023-07-17,,
none,37,2023-07-24,,
none,37,2023-07-31,,
none,37,2023-08-07,,
none,37,2023-08-14,,
none,37,2023-08-21,,
none,37,2023-08-28,,
none,37,2023-09-04,,
none,37,2023-09-11,,
none,37,2023-09-18,,
none,37,2023-09-25,,
none,37,2023-10-02,,
none,37,2023-10-09,,
none,37,2023-10-16,,
none,37,2023-10-23,,
none,37,2023-10-30,,
none,37,2023-11-06,,
none,37,2023-11-13,,
none,37,2023-11-20,8.0,8.0
none,37,2023-11-27,7.0,7.0
none,37,2023-12-04,6.0,6.0
none,37,2023-12-11,5.0,5.0
none,37,2023-12-18,,4.0
none,37,2023-12-25,,3.0
none,37,2024-01-01,,2.0
none,37,2024-01-08,,1.0
none,37,2024-01-15,,
none,37,2024-01-22,,
none,37,2024-01-29,,
none,37,2024-02-05,,
none,37,2024-02-12,,
none,37,2024-02-19,,
none,37,2024-02-26,,
none,37,2024-03-04,,
none,37,2024-03-11,,
none,37,2024-03-18,,
none,37,2024-03-25,,
none,37,2024-04-01,,
none,37,2024-04-08,,
none,37,2024-04-15,,
none,37,2024-04-22,,
none,37,2024-04-29,,
none,37,2024-05-06,,
none,37,2024-05-13,,
none,37,2024-05-20,,
none,37,2024-05-27,,
none,37,2024-06-03,,
none,37,2024-06-10,,
none,37,2024-06-17,,
none,37,2024-06-24,,
none,37,2024-07-01,,
none,37,2024-07-08,,
none,37,2024-07-15,,
none,37,2024-07-22,,
none,37,2024-07-29,,
none,37,2024-08-05,,
none,37,2024-08-12,,
none,37,2024-08-19,,
none,37,2024-08-26,,
none,37,2024-09-02,,
none,37,2024-09-09,,
none,37,2024-09-16,,
none,37,2024-09-23,,
none,37,2024-10-07,,
none,37,2024-10-14,,
none,37,2024-10-21,,
none,37,2024-10-28,,
none,37,2024-11-04,,
none,38,2023-01-30,,1.0
none,38,2023-02-06,,2.0
none,38,2023-02-13,,1.0
none,38,2023-02-20,,
none,38,2023-02-27,,
none,38,2023-03-06,,
none,38,2023-03-13,,
none,38,2023-03-20,,
none,38,2023-03-27,,
none,38,2023-04-03,,
none,38,2023-04-10,,
none,38,2023-04-17,,
none,38,2023-04-24,,
none,38,2023-05-01,,
none,38,2023-05-08,,
none,38,2023-05-15,,
none,38,2023-05-22,,
none,38,2023-05-29,,
none,38,2023-06-05,,
none,38,2023-06-12,,
none,38,2023-06-19,,
none,38,2023-06-26,,
none,38,2023-07-03,,
none,38,2023-07-10,,
none,38,2023-07-17,,
none,38,2023-07-24,,
none,38,2023-07-31,,
none,38,2023-08-07,,
none,38,2023-08-14,,
none,38,2023-08-21,,
none,38,2023-08-28,,
none,38,2023-09-04,,
none,38,2023-09-11,,
none,38,2023-09-18,,
none,38,2023-09-25,,
none,38,2023-10-02,,
none,38,2023-10-09,,
none,38,2023-10-16,,
none,38,2023-10-23,,
none,38,2023-10-30,,
none,38,2023-11-06,,
none,38,2023-11-13,,
none,38,2023-11-20,,
none,38,2023-11-27,,
none,38,2023-12-04,,
none,38,2023-12-11,,
none,38,2023-12-18,,
none,38,2023-12-25,,
none,38,2024-01-01,,
none,38,2024-01-08,,
none,38,2024-01-15,,
none,38,2024-01-22,,
none,38,2024-01-29,,
none,38,2024-02-05,,
none,38,2024-02-12,,
none,38,2024-02-19,,
none,38,2024-02-26,,
none,38,2024-03-04,,
none,38,2024-03-11,,
none,38,2024-03-18,,
none,38,2024-03-25,,
none,38,2024-04-01,,
none,38,2024-04-08,,
none,38,2024-04-15,,
none,38,2024-04-22,,
none,38,2024-04-29,,
none,38,2024-05-06,,
none,38,2024-05-13,,
none,38,2024-05-20,,
none,38,2024-05-27,,
none,38,2024-06-03,,
none,38,2024-06-10,,
none,38,2024-06-17,,
none,38,2024-06-24,,
none,38,2024-07-01,,
none,38,2024-07-08,,
none,38,2024-07-15,,
none,38,2024-07-22,,
none,38,2024-07-29,,
none,38,2024-08-05,,
none,38,2024-08-12,,
none,38,2024-08-19,,
none,38,2024-08-26,,
none,38,2024-09-02,,
none,38,2024-09-09,,
none,38,2024-09-16,,
none,38,2024-09-23,,
none,38,2024-10-07,,
none,38,2024-10-14,,
none,38,2024-10-21,,
none,38,2024-10-28,,
none,38,2024-11-04,,
none,39,2023-01-30,,
none,39,2023-02-06,,
none,39,2023-02-13,,
none,39,2023-02-20,,
none,39,2023-02-27,,
none,39,2023-03-06,,
none,39,2023-03-13,,
none,39,2023-03-20,,8.0
none,39,2023-03-27,,7.0
none,39,2023-04-03,,6.0
none,39,2023-04-10,,5.0
none,39,2023-04-17,,4.0
none,39,2023-04-24,,3.0
none,39,2023-05-01,,2.0
none,39,2023-05-08,,1.0
none,39,2023-05-15,8.0,7.0
none,39,2023-05-22,7.0,6.0
none,39,2023-05-29,6.0,5.0
none,39,2023-06-05,5.0,4.0
none,39,2023-06-12,4.0,3.0
none,39,2023-06-19,3.0,2.0
none,39,2023-06-26,2.0,1.0
none,39,2023-07-03,,5.0
none,39,2023-07-10,,4.0
none,39,2023-07-17,,3.0
none,39,2023-07-24,,2.0
none,39,2023-07-31,,1.0
none,39,2023-08-07,,
none,39,2023-08-14,,
none,39,2023-08-21,,
none,39,2023-08-28,,
none,39,2023-09-04,,
none,39,2023-09-11,,
none,39,2023-09-18,,
none,39,2023-09-25,,
none,39,2023-10-02,,
none,39,2023-10-09,,
none,39,2023-10-16,,
none,39,2023-10-23,,
none,39,2023-10-30,,
none,39,2023-11-06,,
none,39,2023-11-13,,
none,39,2023-11-20,,
none,39,2023-11-27,,
none,39,2023-12-04,,
none,39,2023-12-11,,
none,39,2023-12-18,,
none,39,2023-12-25,,
none,39,2024-01-01,,
none,39,2024-01-08,,
none,39,2024-01-15,,
none,39,2024-01-22,,
none,39,2024-01-29,,
none,39,2024-02-05,,
none,39,2024-02-12,,
none,39,2024-02-19,,
none,39,2024-02-26,,
none,39,2024-03-04,,
none,39,2024-03-11,8.0,
none,39,2024-03-18,7.0,
none,39,2024-03-25,,
none,39,2024-04-01,,
none,39,2024-04-08,,
none,39,2024-04-15,,
none,39,2024-04-22,,
none,39,2024-04-29,,
none,39,2024-05-06,,
none,39,2024-05-13,,
none,39,2024-05-20,,
none,39,2024-05-27,,
none,39,2024-06-03,,
none,39,2024-06-10,,
none,39,2024-06-17,,
none,39,2024-06-24,,
none,39,2024-07-01,,
none,39,2024-07-08,,
none,39,2024-07-15,,
none,39,2024-07-22,,
none,39,2024-07-29,,
none,39,2024-08-05,,
none,39,2024-08-12,,
none,39,2024-08-19,,
none,39,2024-08-26,,
none,39,2024-09-02,,
none,39,2024-09-09,,
none,39,2024-09-16,,
none,39,2024-09-23,,
none,39,2024-10-07,,
none,39,2024-10-14,,
none,39,2024-10-21,,
none,39,2024-10-28,,
none,39,2024-11-04,,
